scenario,window_id,start_sec,stop_sec,time_min,day0_6,true_risk,true_low_quality,q,coverage,missing_ratio,artifact_ratio,continuity_score,n_beats,meanNN_ms,SDNN_ms,RMSSD_ms,pNN50,CV_RRI,SD1_ms,SD2_ms,risk_proxy,feature_status,x_hat,U,observer_gain,observer_residual,fixed_threshold,adaptive_threshold,fixed_alert,adaptive_alert,request_more_data,request_confirmation,policy
normal,1,0.814868885785436,49.350410204177,0.0135811480964239,0,0,0,1,1,0,0,1,60,822.506836736284,28.3656860754688,27.4482218030021,0.0508474576271186,0.0344868696630221,19.4088237684152,35.1072905959815,0.153215779361278,ok,0.164465152029541,0.294214106476647,0.58,0.026784220638722,0.62,0.602379949813461,0,0,0,0,observe
normal,2,25.9041523176706,74.3614751534929,0.431735871961176,0.010492855789328,0,0,1,1,0,0,1,60,821.399990878713,26.6202683782228,22.5900937309589,0.0338983050847458,0.0324084108519956,15.9736084648007,34.0898989389887,0.132277084694397,ok,0.146187551144013,0.18280857564879,0.58,0.0331201582133723,0.62,0.571186401181661,0,0,0,0,observe
normal,3,50.1736279381875,99.2523754173972,0.836227132303124,0.0206428510436787,0,0,1,1,0,0,1,60,831.699420220336,20.9437393370377,19.7943754321871,0.0338983050847458,0.0251818611722601,13.9967370974519,26.1030991543221,0.113754507375288,ok,0.128228459469323,0.102757589351139,0.58,0.0344617907000846,0.62,0.548772125018319,0,0,0,0,observe
normal,4,75.2235588507841,123.724071040049,1.2537259808464,0.0311192487978077,0,0,1,1,0,0,1,60,822.709931442601,21.8006245440297,21.7924674211922,0.0508474576271186,0.0264985552147193,15.4096014923119,26.7035324043026,0.12428714245753,ok,0.127247138423856,0.0418311774660562,0.58,0.00704760944363378,0.62,0.531712729690496,0,0,0,0,observe
normal,5,100.065570310168,149.058941580505,1.66775950516947,0.0415086903483336,0,0,1,1,0,0,1,60,830.109436051796,26.0622647969685,26.5863848455141,0.0847457627118644,0.0313961794253624,18.7994130114982,31.7027658591127,0.155164135453859,ok,0.144768368812977,0.03,0.58,0.0247518253354347,0.62,0.5284,0,0,0,0,observe
normal,6,124.561980899573,173.20373167185,2.07603301499288,0.0517535944871313,0,0,1,1,0,0,1,60,824.661010530024,28.7179575913776,26.0971765906046,0.0508474576271186,0.0348239546003516,18.4534905370393,36.1788731643169,0.150207946450764,ok,0.148811160948807,0.03,0.58,0.00332567976656631,0.62,0.5284,0,0,0,0,observe
normal,7,149.89078671348,198.534050878995,2.498179778558,0.0623466234766903,0,0,1,1,0,0,1,60,824.585154974834,28.1719949064254,22.3357634489041,0.0169491525423729,0.0341650522525902,15.7937697976987,36.5770341825663,0.131518637214249,ok,0.139567455926853,0.03,0.58,0.0191638540776293,0.62,0.5284,0,0,0,0,observe
normal,8,174.025697636493,223.13671864372,2.90042829394155,0.0724403409991928,0,0,1,1,0,0,1,60,832.216449531154,26.4286978909116,25.9655125058645,0.0677966101694915,0.031757000123947,18.3603899698809,32.5553102361511,0.148802030893598,ok,0.145942409518209,0.03,0.58,0.00680862232235641,0.62,0.5284,0,0,0,0,observe
normal,9,199.393542960452,247.775432183649,3.32322571600753,0.0830496971170323,0,0,1,1,0,0,1,60,820.689688410898,23.9732499310385,27.7984097434708,0.0677966101694915,0.0292111016740784,19.6564440358104,27.6234978302735,0.149056829268842,ok,0.148607024253717,0.03,0.58,0.00107096432172621,0.62,0.5284,0,0,0,0,observe
normal,10,223.938894505758,273.149550476171,3.7323149084293,0.093315069372979,0,0,1,1,0,0,1,60,833.547197207521,25.2227915520262,25.9991973444519,0.0338983050847458,0.0302595841441558,18.3842087476692,30.567945565184,0.137187866112971,ok,0.142775015520891,0.03,0.58,0.0133027366855231,0.62,0.5284,0,0,0,0,observe
normal,11,248.613526801363,297.522255784773,4.14355878002272,0.103634509505073,0,0,1,1,0,0,1,60,829.113726685409,27.2639874812336,27.4816469296121,0.0508474576271186,0.0328832904386088,19.4324589021032,33.3020955462535,0.150308125925153,ok,0.148082289164237,0.03,0.58,0.00529961133551582,0.62,0.5284,0,0,0,0,observe
normal,12,273.960733428533,323.068967770254,4.56601222380888,0.114235234094249,0,0,1,1,0,0,1,60,831.990288234723,26.9764361167472,26.9073894926392,0.0508474576271186,0.03242397958032,19.0263975742729,33.0673918909186,0.147873509473011,ok,0.148765523256387,0.03,0.58,0.00212384234137164,0.62,0.5284,0,0,0,0,observe
normal,13,298.371037043183,347.700312425996,4.97285061738638,0.124444126520277,0,0,1,1,0,0,1,60,836.300944020377,25.1112882353163,26.350985851169,0.0508474576271186,0.0300266171105798,18.6329607863123,30.2318766537907,0.141978067493675,ok,0.145615907727953,0.03,0.58,0.0086615243673287,0.62,0.5284,0,0,0,0,observe
normal,14,323.927224551372,372.906525470856,5.39878707585619,0.135132251224056,0,0,1,1,0,0,1,60,830.625961676692,24.6207016138645,24.4904965938031,0.0677966101694915,0.0296411414400838,17.3173962161042,30.2070469296877,0.141035113572218,ok,0.143825526242882,0.03,0.58,0.00664383969205828,0.62,0.5284,0,0,0,0,observe
normal,15,348.525003586481,398.177913774606,5.80875005977468,0.145419549737538,0,0,1,1,0,0,1,60,841.293355810161,24.1394496602578,24.4014281806671,0.0847457627118644,0.0286932607913106,17.2544153371862,29.4569382518299,0.144750373898384,ok,0.145273534621752,0.03,0.58,0.0012456207699254,0.62,0.5284,0,0,0,0,observe
normal,16,373.771182462451,422.650856278736,6.22951970770751,0.155978022437498,0,0,1,1,0,0,1,60,829.072180131336,28.8684887664593,28.8798167070286,0.0677966101694915,0.0348202357506269,20.4211142329645,35.3519077392238,0.163020384416159,ok,0.15644181443004,0.03,0.58,0.0156632618717114,0.62,0.5284,0,0,0,0,observe
normal,17,398.986120935534,448.364648879908,6.6497686822589,0.166523429756649,0,0,1,1,0,0,1,60,836.445585088363,30.8513343738287,29.3846532744665,0.0847457627118644,0.0368838510523904,20.7780875931908,38.3650979571441,0.174504023336682,ok,0.167511561872255,0.03,0.58,0.0166487177724442,0.62,0.5284,0,0,0,0,observe
normal,18,423.502225834761,472.956805292326,7.05837043057934,0.176776570462003,0,0,1,1,0,0,1,60,838.432483559826,25.9517287235336,25.7332677875646,0.0677966101694915,0.0309526756565388,18.1961681546763,31.8729338462354,0.146817822199012,ok,0.155823901502593,0.03,0.58,0.0214430459609074,0.62,0.5284,0,0,0,0,observe
normal,19,449.223909025196,498.620694162914,7.48706515041994,0.187533908873391,0,0,1,1,0,0,1,60,837.600754716771,24.3872344988303,23.1184652459243,0,0.0291155832435665,16.3472235460186,30.3684490110768,0.121009817846468,ok,0.136240970664175,0.03,0.58,0.0362646495659702,0.62,0.5284,0,0,0,0,observe
normal,20,473.811160228561,523.762114296242,7.89685267047602,0.197816804430504,0,0,1,1,0,0,1,60,846.755150065282,24.4952891912515,23.8312776252414,0,0.0289284206767009,16.8512580131474,30.2667059406937,0.12260806553598,ok,0.129436613229085,0.03,0.58,0.0162584468883449,0.62,0.5284,0,0,0,0,observe
normal,21,499.495915091901,548.78488784135,8.32493191819834,0.208558698653866,0,0,1,1,0,0,1,60,836.069894640605,25.1641228796569,22.9337552489919,0.0338983050847458,0.0300981090707422,16.2166138546347,31.6778723353481,0.129142696805484,ok,0.130540339050023,0.03,0.58,0.0033277196298554,0.62,0.5284,0,0,0,0,observe
normal,22,524.57485222994,574.284680117412,8.74291420383234,0.219047227409719,0,0,1,1,0,0,1,60,842.042763686161,23.4312988774275,26.3903855858752,0.0677966101694915,0.027826732664804,18.6608206059001,27.3829382733316,0.143130771854731,ok,0.139089173532693,0.03,0.58,0.00962285314770883,0.62,0.5284,0,0,0,0,observe
normal,23,549.635374752956,599.099530882945,9.16058957921594,0.229528054793774,0,0,1,1,0,0,1,60,838.577384026595,22.9132843268794,28.8210902527106,0.0677966101694915,0.0273239950937584,20.3795883588812,25.1934431075109,0.149176760320676,ok,0.145970926696699,0.03,0.58,0.00763293719994465,0.62,0.5284,0,0,0,0,observe
normal,24,575.116788854711,625.14229461056,9.58527981424519,0.240184907716806,0,0,1,1,0,0,1,60,847.626908219129,27.8381666067033,24.1376661600922,0.0338983050847458,0.0328424762554925,17.0679074238182,35.4769442908646,0.137531008490168,ok,0.141933306784154,0.03,0.58,0.0104816626047293,0.62,0.5284,0,0,0,0,observe
normal,25,599.951747611714,650.110414055666,9.99919579352857,0.250571399681737,0,0,1,1,0,0,1,60,850.181386212,27.3560274916932,24.6827944021263,0.0508474576271186,0.0321766953915311,17.4533713003769,34.5265739757615,0.14187894099695,ok,0.142861055296615,0.03,0.58,0.00233836738015478,0.62,0.5284,0,0,0,0,observe
normal,26,626.002504859381,675.599886325285,10.4333750809897,0.261466363650901,0,0,1,1,0,0,1,60,840.959861912084,23.9512357439639,26.1880936128259,0.0508474576271186,0.0284808310464499,18.5177785799773,28.3622154245539,0.138903550225574,ok,0.141501603761937,0.03,0.58,0.00618584175324413,0.62,0.5284,0,0,0,0,observe
normal,27,650.906042733428,701.107944043287,10.8484340455571,0.271881536817001,0,0,1,1,0,0,1,60,849.958833127028,22.3643371170212,24.3040954038815,0.0169491525423729,0.026312259188768,17.1855906706894,26.5515088585763,0.122620030980576,ok,0.131520451133947,0.03,0.58,0.0211914765556445,0.62,0.5284,0,0,0,0,observe
normal,28,676.492335719409,726.107822702594,11.2748722619901,0.282582252252509,0,0,1,1,0,0,1,60,841.798939621827,22.4550323558593,24.4248402499327,0.0169491525423729,0.026675054218941,17.2709701701255,26.6490252277266,0.123381928825104,ok,0.128021792826243,0.03,0.58,0.0110472952408057,0.62,0.5284,0,0,0,0,observe
normal,29,701.922161621907,752.180528560199,11.6987026936985,0.293217529926622,0,0,1,1,0,0,1,60,851.209741948538,27.1606569615326,26.3084729304391,0.0677966101694915,0.0319083013539742,18.6028996117762,33.605575418348,0.150464418661482,ok,0.14234836663146,0.03,0.58,0.0193239334048136,0.62,0.5284,0,0,0,0,observe
normal,30,726.959675591683,777.017954492463,12.1159945931947,0.303688734659168,0,0,1,1,0,0,1,60,848.502196497818,28.3256263653279,25.3179238200244,0.0677966101694915,0.0333830913841373,17.9024756187037,35.8355073174364,0.150629984411249,ok,0.148100526104625,0.03,0.58,0.00602251977767621,0.62,0.5284,0,0,0,0,observe
normal,31,753.016546399362,803.018799504435,12.5502757733227,0.314586255445221,0,0,1,1,0,0,1,60,847.304515737261,27.3821443545682,24.1543086077782,0.0338983050847458,0.0323167690552697,17.0796754114325,34.7541126594958,0.136539775159473,ok,0.1421991572986,0.03,0.58,0.0134747193788743,0.62,0.5284,0,0,0,0,observe
normal,32,777.875546839964,828.11068857403,12.9645924473327,0.324982802138084,0,0,1,1,0,0,1,60,851.545568026109,28.1277225669836,27.3555521047408,0.0847457627118644,0.0330313768553619,19.3432963963642,34.7588037500257,0.160968601532775,ok,0.154038016190497,0.03,0.58,0.0165013936720905,0.62,0.5284,0,0,0,0,observe
normal,33,803.880706921914,853.510380775596,13.3980117820319,0.33585869643212,0,0,1,1,0,0,1,60,841.526354519351,23.622501954818,22.2261292527072,0.0508474576271186,0.028071018605603,15.7162467141179,29.4795655739995,0.128219539238602,ok,0.139717541550397,0.03,0.58,0.0273761959804649,0.62,0.5284,0,0,0,0,observe
normal,34,828.926185707301,879.443692116424,13.815436428455,0.346333232214826,0,0,1,1,0,0,1,60,855.5500590399,23.9051278219384,23.1983529504546,0.0508474576271186,0.0279412380016252,16.4037126836254,29.5605900238728,0.130569076499223,ok,0.135426549773646,0.03,0.58,0.0115654125581505,0.62,0.5284,0,0,0,0,observe
normal,35,854.370694617138,904.258349390325,14.2395115769523,0.356974650625441,0,0,1,1,0,0,1,60,845.799476912146,30.9741136201018,29.4489036215659,0.101694915254237,0.0366211075622587,20.8235194493183,38.5379354253159,0.180469237067592,ok,0.162674559349839,0.03,0.58,0.042368280280365,0.62,0.5284,0,0,0,0,observe
normal,36,880.277342716285,930.412842830577,14.6712890452714,0.367809345176491,0,0,1,1,0,0,1,60,849.485845235891,31.763939195896,27.4944506502027,0.0677966101694915,0.0373919581756839,19.4415124997572,40.4959659497454,0.165073842279868,ok,0.16450274455364,0.03,0.58,0.00135975649101933,0.62,0.5284,0,0,0,0,observe
normal,37,905.102212826874,955.366880990098,15.0850368804479,0.378191617861417,0,0,1,1,0,0,1,60,851.808859996212,28.5835536199451,25.473007251002,0.0508474576271186,0.0335562999662532,18.0121361643976,36.1884239209688,0.146698466094026,ok,0.154566793884312,0.03,0.58,0.0187341137863958,0.62,0.5284,0,0,0,0,observe
normal,38,931.253681757319,981.162048395056,15.5208946959553,0.389128701533465,0,0,1,1,0,0,1,60,845.820092741299,27.687105591094,23.9769653570332,0.0508474576271186,0.0327340362669327,16.9542747962331,35.2945349616424,0.141067969813397,ok,0.147378392717297,0.03,0.58,0.0150248164378562,0.62,0.5284,0,0,0,0,observe
normal,39,956.182324057387,1007.07469443748,15.9363720676231,0.399554373888297,0,0,1,1,0,0,1,60,861.796890789657,24.1466726602934,23.1652603450378,0.0338983050847458,0.0280189832643374,16.3803126779281,29.9634603759317,0.12654218827647,ok,0.136115458645141,0.03,0.58,0.0227935008777889,0.62,0.5284,0,0,0,0,observe
normal,40,982.023161454272,1032.20928844641,16.3670526909045,0.410361545046338,0,0,1,1,0,0,1,60,850.787334189293,25.7554362675,30.9247227616612,0.0677966101694915,0.0302724726056743,21.8670811710846,29.1292937730339,0.161070976565978,ok,0.151695549481369,0.03,0.58,0.0223224454395455,0.62,0.5284,0,0,0,0,observe
normal,41,1007.90392882277,1058.40078266657,16.7983988137129,0.421185415742051,0,0,1,1,0,0,1,60,855.434803818144,26.6054729750754,29.5584518882801,0.0677966101694915,0.0311016957181595,20.9009817715792,31.2866000939547,0.158434426773452,ok,0.156317370463847,0.03,0.58,0.00504061026096531,0.62,0.5284,0,0,0,0,observe
normal,42,1033.09402849344,1083.32477881474,17.218233808224,0.431720434961739,0,0,1,1,0,0,1,60,851.924839472193,29.1197976818149,23.7751836429237,0.0338983050847458,0.0341811816402207,16.8115935778669,37.5938233681052,0.139422110507437,ok,0.14711492195344,0.03,0.58,0.0183162177285787,0.62,0.5284,0,0,0,0,observe
normal,43,1059.26200042969,1109.41287526799,17.6543666738282,0.442664420531184,0,0,1,1,0,0,1,60,850.201543357144,30.3356137817461,27.5096432876639,0.0677966101694915,0.0356804971935966,19.4522553167301,38.2375298643005,0.161416031792613,ok,0.156238269626934,0.03,0.58,0.0123280051563789,0.62,0.5284,0,0,0,0,observe
normal,44,1084.15879973696,1134.8294608591,18.0693133289493,0.453076775489677,0,0,1,1,0,0,1,60,858.411367405931,29.5137946730966,31.3771542913261,0.152542372881356,0.0343818777263931,22.1869985737333,35.3534333028713,0.204414665557034,ok,0.184779374871793,0.03,0.58,0.0467506921077161,0.62,0.5284,0,0,0,0,observe
normal,45,1110.32760706129,1160.30228929519,18.5054601176882,0.464021110435646,0,0,1,1,0,0,1,60,848.156900453297,27.3308493679274,29.2587307992138,0.101694915254237,0.032223813015399,20.6890469570358,32.6483382479759,0.170934738794125,ok,0.176629045699976,0.03,0.58,0.0135578735853608,0.62,0.5284,0,0,0,0,observe
normal,46,1135.67071592777,1186.44332620687,18.9278452654628,0.474620121256785,0,0,1,1,0,0,1,60,860.231089129423,25.8450346885974,22.4782671765053,0.0169491525423729,0.0300442927664394,15.8945351498299,32.9134530014769,0.124803848284601,ok,0.146655379247419,0.03,0.58,0.052027454673377,0.62,0.5284,0,0,0,0,observe
normal,47,1161.17854745516,1211.35303497775,19.3529757909194,0.485288022492071,0,0,1,1,0,0,1,60,850.8457613759,29.6709204672264,22.6811027460813,0.0508474576271186,0.0348722668833017,16.0379615565429,38.775131616228,0.142360920304952,ok,0.145004877503753,0.03,0.58,0.00629513618762217,0.62,0.5284,0,0,0,0,observe
normal,48,1187.27383061455,1237.63613065367,19.7878971769092,0.49620160811585,0,0,1,1,0,0,1,60,853.213407446767,30.6332821627879,26.1664373375842,0.0847457627118644,0.0359034233351509,18.5024652808987,39.1721167497889,0.163639088990179,ok,0.156694597252785,0.03,0.58,0.0165345041366512,0.62,0.5284,0,0,0,0,observe
normal,49,1212.2067338424,1262.86288601465,20.2034455640401,0.506629062478562,0,0,1,1,0,0,1,60,858.49751728174,27.0925854550097,24.3663023816731,0.0338983050847458,0.0315581407163446,17.229577646523,34.2221861866895,0.135883508915092,ok,0.145211462166153,0.03,0.58,0.0222094125025266,0.62,0.5284,0,0,0,0,observe
normal,50,1238.51694801026,1288.71587499533,20.6419491335044,0.517632536682964,0,0,1,1,0,0,1,60,851.329072361035,25.0623118726595,24.9498582736296,0.0338983050847458,0.029439041477995,17.6422139749267,30.7407097977226,0.133305962958201,ok,0.139182943778954,0.03,0.58,0.0139928114779825,0.62,0.5284,0,0,0,0,observe
normal,51,1263.71149337876,1314.47657571443,21.0618582229793,0.528169415185174,0,0,1,1,0,0,1,60,860.228161663042,23.1511083314704,26.6622736434998,0.0677966101694915,0.0269127533405944,18.85307449517,26.767689777613,0.142665754543802,ok,0.142231563839336,0.03,0.58,0.00103378739158494,0.62,0.5284,0,0,0,0,observe
normal,52,1289.6097224839,1339.62013179499,21.4934953747317,0.539000588739295,0,0,1,1,0,0,1,60,848.404279994204,24.4844356846005,24.7251008890641,0.0508474576271186,0.0288593967073902,17.4832865041788,29.8882899243078,0.135838022570664,ok,0.139475074494755,0.03,0.58,0.00865964743831196,0.62,0.5284,0,0,0,0,observe
normal,53,1315.30479956309,1365.77617217248,21.9217466593849,0.549746799926218,0,0,1,1,0,0,1,60,854.993274300747,26.8915525156312,22.9550687872018,0.0338983050847458,0.0314523556195508,16.231684802034,34.3924933944796,0.132117150689894,ok,0.136228706810668,0.03,0.58,0.00978941933517519,0.62,0.5284,0,0,0,0,observe
normal,54,1340.50099508612,1390.75808488587,22.3416832514354,0.560284368557088,0,0,1,1,0,0,1,60,852.299218181342,27.834834671403,23.187774791807,0.0677966101694915,0.0326585242337752,16.3962327959132,35.7871428374898,0.143912965390967,ok,0.141788613375613,0.03,0.58,0.00505798098893942,0.62,0.5284,0,0,0,0,observe
normal,55,1366.63274098584,1416.92607910219,22.7772123497641,0.571213203650907,0,0,1,1,0,0,1,60,852.498448828551,29.3307614680728,23.4001740526764,0.0508474576271186,0.0344056479027936,16.546421753593,38.0368645362127,0.143172897333425,ok,0.143554425014079,0.03,0.58,0.000908399239650748,0.62,0.5284,0,0,0,0,observe
normal,56,1391.59948314,1442.56329164921,23.1933247189999,0.581654810150514,0,0,1,1,0,0,1,60,863.420112722346,26.0869034014008,20.4998041505317,0,0.0302134534706972,14.4955505278371,33.9253897994254,0.117512067657344,ok,0.129368286236818,0.03,0.58,0.0282290918558894,0.62,0.5284,0,0,0,0,observe
normal,57,1417.83441515999,1467.99035331469,23.6305735859998,0.592626799808008,0,0,1,1,0,0,1,60,851.071236874958,26.391704743861,24.24540228678,0.0677966101694915,0.0310099831839794,17.144088369578,33.1530449966572,0.143341740101489,ok,0.138748808665159,0.03,0.58,0.0109355510388801,0.62,0.5284,0,0,0,0,observe
normal,58,1443.39331486695,1494.05831145998,24.0565552477825,0.603316058809252,0,0,1,1,0,0,1,60,858.250330179506,27.1967766162276,30.3862335019751,0.11864406779661,0.0316886293659093,21.4863117639644,31.9009047427764,0.180358798293286,ok,0.163922132671111,0.03,0.58,0.0391349181480365,0.62,0.5284,0,0,0,0,observe
normal,59,1468.88526686587,1519.28975030674,24.4814211144311,0.613977318898218,0,0,1,1,0,0,1,60,854.989949867585,25.3726414137259,25.4509746343447,0.0508474576271186,0.0296759528198612,17.9965567517519,31.0429671536085,0.139316233649791,ok,0.150055873495434,0.03,0.58,0.025570571061053,0.62,0.5284,0,0,0,0,observe
normal,60,1494.88609939942,1545.49141384851,24.9147683233236,0.62485140332226,0,0,1,1,0,0,1,60,857.218373142165,24.6643389113844,18.857316705576,0,0.0287725271461184,13.3341365174952,32.2313516813065,0.111336005302606,ok,0.128352941931509,0.03,0.58,0.0405165157831015,0.62,0.5284,0,0,0,0,observe
normal,61,1520.14753598041,1570.62867668284,25.3357922663401,0.635416257109144,0,0,1,1,0,0,1,60,855.648772934911,26.8746581854941,22.6914327671179,0.0169491525423729,0.0314085160121399,16.0452659844677,34.4535040984508,0.127749877161015,ok,0.129304670227948,0.03,0.58,0.00370188825460363,0.62,0.5284,0,0,0,0,observe
normal,62,1546.35480209867,1596.4120337458,25.7725800349778,0.646376676315936,0,0,1,1,0,0,1,60,848.676998288156,24.5601568778242,22.7390640487403,0.0169491525423729,0.0289393455076123,16.0789463866995,30.78749900236,0.123201108659103,ok,0.127042126828273,0.03,0.58,0.00914528135516846,0.62,0.5284,0,0,0,0,observe
normal,63,1571.45750350884,1622.21788172802,26.190958391814,0.656875143780526,0,0,1,1,0,0,1,60,859.820084086415,24.489038020407,25.0964525449638,0.0338983050847458,0.028481584082125,17.7458717782703,29.7407128555969,0.132162882955409,ok,0.13134670378594,0.03,0.58,0.00194328373683236,0.62,0.5284,0,0,0,0,observe
normal,64,1597.3029655433,1647.3963432848,26.6217160923883,0.667684249057381,0,0,1,1,0,0,1,60,849.738492316661,25.7838215461043,29.835540279004,0.0847457627118644,0.0303432429850379,21.0969128516481,29.7410688303677,0.163145688054586,ok,0.151016177726349,0.03,0.58,0.0288797864958025,0.62,0.5284,0,0,0,0,observe
normal,65,1623.06144457805,1673.5842032345,27.0510240763008,0.678456976249764,0,0,1,1,0,0,1,60,856.105358441292,27.125109308455,26.6767844839782,0.0677966101694915,0.031684312031222,18.863335208873,33.4023606170127,0.151162837263793,ok,0.151831632579362,0.03,0.58,0.00159236979897506,0.62,0.5284,0,0,0,0,observe
normal,66,1648.27621982894,1698.55010704957,27.4712703304823,0.689002315306025,0,0,1,1,0,0,1,60,852.562729412883,29.2095844803966,23.9392968799565,0.0338983050847458,0.0342609211881826,16.9276391606552,37.680959163502,0.140010948485117,ok,0.1456854786637,0.03,0.58,0.0135107861394835,0.62,0.5284,0,0,0,0,observe
normal,67,1674.4783323188,1724.58165891335,27.9079722053134,0.69996057915913,0,0,1,1,0,0,1,60,849.957594647407,26.932712585182,26.2404655775863,0.0508474576271186,0.0316871250457555,18.5548111514035,33.2635084969669,0.145053040740713,ok,0.146183390606042,0.03,0.58,0.00269130920316524,0.62,0.5284,0,0,0,0,observe
normal,68,1699.39456895175,1749.85118388226,28.3232428158625,0.710381063208109,0,0,1,1,0,0,1,60,855.017947211401,27.207808858842,31.6549654556299,0.11864406779661,0.0318213307072429,22.3834407319018,31.2971453458617,0.1846122760787,ok,0.169324322736912,0.03,0.58,0.0363998889090204,0.62,0.5284,0,0,0,0,observe
normal,69,1725.44406348867,1775.31044808311,28.7574010581445,0.721275499085597,0,0,1,1,0,0,1,60,845.479819496049,26.6999116439949,32.1589622740359,0.135593220338983,0.0315795966128553,22.7398202998932,30.1441725101692,0.193013778031436,ok,0.183333233874766,0.03,0.58,0.023048914658739,0.62,0.5284,0,0,0,0,observe
normal,70,1750.69516111298,1801.26375680697,29.1782526852163,0.731836028907561,0,0,1,1,0,0,1,60,856.876215411983,22.9004577728784,26.4101437490295,0.0677966101694915,0.026725514562063,18.6747917370502,26.459669045409,0.141602790096085,ok,0.159045578989487,0.03,0.58,0.0415304497461947,0.62,0.5284,0,0,0,0,observe
normal,71,1776.19416437132,1826.29947486119,29.6032360728552,0.742500237978645,0,0,1,1,0,0,1,60,849.817112967995,23.235522778607,23.785255278418,0.0338983050847458,0.027341792044475,16.8187152996225,28.229591801168,0.126689233989611,ok,0.140806950299023,0.03,0.58,0.0336136102605068,0.62,0.5284,0,0,0,0,observe
normal,72,1802.12063276031,1852.1560213073,30.0353438793385,0.753343221783698,0,0,1,1,0,0,1,60,848.204408338845,21.6384346931119,23.7294563753149,0.0508474576271186,0.0255108727099043,16.7792595168555,25.591017213119,0.127733110014165,ok,0.13421178778627,0.03,0.58,0.0154254232669169,0.62,0.5284,0,0,0,0,observe
normal,73,1827.15374905284,1877.19916737615,30.452562484214,0.763812587316917,0,0,1,1,0,0,1,60,848.328208582667,24.4973873323549,26.129101480268,0.0677966101694915,0.0288772518519496,18.4760648430089,29.3066374758308,0.14434898537167,ok,0.141245225333588,0.03,0.58,0.00738990485257554,0.62,0.5284,0,0,0,0,observe
normal,74,1853.03959147107,1902.89394002702,30.8839931911845,0.774638580503099,0,0,1,1,0,0,1,60,845.631978661951,25.4395369527635,25.8466260294278,0.0338983050847458,0.0300834613575241,18.2763245362011,30.9889664588784,0.136713610662277,ok,0.139593509145821,0.03,0.58,0.00685690115129556,0.62,0.5284,0,0,0,0,observe
normal,75,1878.03165532118,1928.47931082537,31.3005275886863,0.785090777058206,0,0,1,1,0,0,1,60,854.66905748701,22.3668132827305,20.3987868866421,0,0.0261701451419054,14.4241205355239,28.1512596454535,0.110116844557085,ok,0.12351528725388,0.03,0.58,0.0319010540399868,0.62,0.5284,0,0,0,0,observe
normal,76,1903.78742817544,1953.5102452414,31.7297904695907,0.795862372470096,0,0,1,1,0,0,1,60,843.605086906213,23.4329250527445,20.0052547351401,0,0.0277771263076199,14.1458512825818,29.9682973247758,0.11174678052546,ok,0.118112968112598,0.03,0.58,0.015157589493187,0.62,0.5284,0,0,0,0,observe
normal,77,1929.30874269366,1979.51735475329,32.155145711561,0.806535912570224,0,0,1,1,0,0,1,60,850.634065465373,24.8693641732115,22.426137056554,0.0169491525423729,0.0292362664309778,15.8576735885083,31.3927497540428,0.12302463729153,ok,0.122521289439941,0.03,0.58,0.00119844726568716,0.62,0.5284,0,0,0,0,observe
normal,78,1954.3872625321,2004.2614206887,32.5731210422017,0.81702426680278,0,0,1,1,0,0,1,60,845.852924121814,27.8648663186616,23.9078263573472,0.0338983050847458,0.032942921309389,16.9053861407107,35.5964811371465,0.137108720186713,ok,0.132430462779182,0.03,0.58,0.0111387081131688,0.62,0.5284,0,0,0,0,observe
normal,79,1980.36197359431,2030.0585413829,33.0060328932385,0.827887426688759,0,0,1,1,0,0,1,60,842.353110493517,26.3653099363096,24.2389821261215,0.0338983050847458,0.0312995934933542,17.13954863044,33.113366014649,0.134699748055156,ok,0.134945400577212,0.03,0.58,0.000584886957275238,0.62,0.5284,0,0,0,0,observe
normal,80,2005.09449042172,2055.1626134539,33.4182415070287,0.838231075325903,0,0,1,1,0,0,1,60,848.353212753238,23.8741876767393,22.3024124091342,0.0169491525423729,0.0281418014546774,15.7701870513178,29.8538921217116,0.120778738833158,ok,0.127864112671115,0.03,0.58,0.0168699377094211,0.62,0.5284,0,0,0,0,observe
normal,81,2030.93236720725,2080.25558053928,33.8488727867875,0.849037008295214,0,0,1,1,0,0,1,60,836.617319272962,24.8387922473248,19.9625216233204,0,0.029689550616655,14.115634409433,32.1664431641231,0.114843223218849,ok,0.121625821149489,0.03,0.58,0.0161490426919989,0.62,0.5284,0,0,0,0,observe
normal,82,2055.9540232056,2105.81348120448,34.26590038676,0.859501580897045,0,0,1,1,0,0,1,60,844.181129176307,28.3408295743253,23.4864192198043,0.0169491525423729,0.0335719771442632,16.6074062961137,36.4773806356447,0.133602536311062,ok,0.130043345250234,0.03,0.58,0.00847426443054305,0.62,0.5284,0,0,0,0,observe
normal,83,2081.14804105099,2130.48560909677,34.6858006841832,0.870038238778214,0,0,1,1,0,0,1,60,837.167142624886,27.6508843189302,25.0294130771312,0.0338983050847458,0.0330291084194162,17.6984677159587,34.8698587284906,0.139916059824821,ok,0.137028427403189,0.03,0.58,0.00687531528960081,0.62,0.5284,0,0,0,0,observe
normal,84,2106.64498489726,2156.09801679139,35.1107497482877,0.880701586560697,0,0,1,1,0,0,1,60,838.07559311514,24.7635727871382,22.4235860995602,0.0338983050847458,0.0295481374121535,15.8558697895194,31.2259582332647,0.126988685673812,ok,0.13228826082959,0.03,0.58,0.0126180360851854,0.62,0.5284,0,0,0,0,observe
normal,85,2131.32739181306,2180.88777020788,35.5221231968843,0.891024278199305,0,0,1,1,0,0,1,60,840.036018518437,25.780329508971,22.4997117977422,0.0169491525423729,0.0306895525199497,15.9096987869265,32.8044549366624,0.125602118967914,ok,0.129612634376912,0.03,0.58,0.00954884621190064,0.62,0.5284,0,0,0,0,observe
normal,86,2156.95153675814,2206.16950151862,35.9491922793024,0.901740824104793,0,0,1,1,0,0,1,60,834.5247454539,29.1911690372504,24.7284622812562,0.0338983050847458,0.0349793929973559,17.4856633673921,37.3965275944825,0.14298939212289,ok,0.138640915483281,0.03,0.58,0.0103535158085924,0.62,0.5284,0,0,0,0,observe
normal,87,2181.71230497122,2231.46003426635,36.3618717495203,0.912096288054096,0,0,1,1,0,0,1,60,842.871067641186,30.62044168181,27.3727058472676,0.101694915254237,0.0363287374040525,19.3554259240275,38.7374545482501,0.173638274558512,ok,0.159981632676737,0.03,0.58,0.0325158140042282,0.62,0.5284,0,0,0,0,observe
normal,88,2207.0219770026,2256.0711256306,36.78369961671,0.922681314901177,0,0,1,1,0,0,1,60,831.693735199667,28.8048640645186,27.4515230578518,0.101694915254237,0.0346339798478863,19.4111581081059,35.8140660698126,0.169989563678039,ok,0.166290695514038,0.03,0.58,0.0088068289619069,0.62,0.5284,0,0,0,0,observe
normal,89,2232.26070740089,2281.6857567907,37.2043451233482,0.93323667249415,0,0,1,1,0,0,1,60,837.095375405808,26.3694217353917,26.1665279705745,0.101694915254237,0.0315010959445431,18.5025293681007,32.3782212652343,0.160420634871701,ok,0.163231534814529,0.03,0.58,0.00669261891149475,0.62,0.5284,0,0,0,0,observe
normal,90,2256.92053503824,2306.17080087941,37.6153422506374,0.94354992101282,0,0,1,1,0,0,1,60,834.994587480091,25.8176227067458,24.6529199597472,0.0677966101694915,0.030919509052939,17.4322468795865,32.0813973072386,0.143852952936706,ok,0.152414522648066,0.03,0.58,0.020384689788951,0.62,0.5284,0,0,0,0,observe
normal,91,2282.51204395605,2331.63242943763,38.0418673992674,0.954252817858593,0,0,1,1,0,0,1,60,832.444544115369,25.8231021823653,25.0434270883879,0.0847457627118644,0.0310208077702129,17.7083771183499,31.9386692345825,0.150386371162583,ok,0.151933348815755,0.03,0.58,0.0036832801265988,0.62,0.5284,0,0,0,0,observe
normal,92,2306.9833200332,2356.65839443412,38.4497220005534,0.964487210225978,0,0,1,1,0,0,1,60,841.459892578523,24.6701911084836,28.0200540950815,0.152542372881356,0.0293183208446045,19.813170259846,28.7171541576208,0.183990644159843,ok,0.171233859725169,0.03,0.58,0.0303732962730335,0.62,0.5284,0,0,0,0,observe
normal,93,2332.4861749597,2381.56442609868,38.8747695826616,0.975153030144126,0,0,1,1,0,0,1,60,832.199944350948,22.9784978227806,24.7304766576682,0.0677966101694915,0.0276117512128676,17.4870877466128,27.3902261130743,0.138186763956647,ok,0.152287450914352,0.03,0.58,0.0335730641850117,0.62,0.5284,0,0,0,0,observe
normal,94,2357.47757879024,2406.84603355826,39.2912929798373,0.985604950665438,0,0,1,1,0,0,1,60,836.460652069046,20.3088097935984,22.2788458900614,0,0.0242794562342689,15.7535230058724,24.015037442581,0.11109994665052,ok,0.129097054678288,0.03,0.58,0.0428502572089708,0.62,0.5284,0,0,0,0,observe
normal,95,2382.40898226673,2431.15190940599,39.7068163711122,0.996031777801198,0,0,1,1,0,0,1,60,826.458055121799,24.2663744236209,25.5290681291623,0.0338983050847458,0.0293618947425525,18.0517771915041,29.1864214244059,0.134188507466438,ok,0.133332851517522,0.03,0.58,0.00203727606884729,0.62,0.5284,0,0,0,0,observe
normal,96,2407.64455477505,2456.71091010222,40.1274092462509,1.00658581469946,0,0,1,1,0,0,1,60,831.081275732709,27.6802740001812,26.6489507869623,0.0508474576271186,0.0333063381505946,18.8436538129676,34.3119782062656,0.14884757970815,ok,0.143507406009844,0.03,0.58,0.0127146992816792,0.62,0.5284,0,0,0,0,observe
normal,97,2431.97763844538,2481.08175053609,40.5329606407564,1.01676241215213,0,0,1,1,0,0,1,60,832.164018834959,27.3621686517568,25.7450071650712,0.0508474576271186,0.0328807398931573,18.2044691481181,34.1463592450143,0.145586305412974,ok,0.145632781032212,0.03,0.58,0.000110656236279427,0.62,0.5284,0,0,0,0,observe
normal,98,2457.55873314976,2506.07789787048,40.9593122191627,1.02746095355906,0,0,1,1,0,0,1,60,822.783129470921,25.4435538110109,26.3935679938957,0.0847457627118644,0.0309237670288305,18.6630709081918,30.7642429671756,0.153601030188663,ok,0.151120419460941,0.03,0.58,0.00590621601838362,0.62,0.5284,0,0,0,0,observe
normal,99,2481.9045327811,2531.08072887021,41.3650755463517,1.0376428690889,0,0,1,1,0,0,1,60,833.3163055688,27.5028264346306,26.5153260024146,0.0677966101694915,0.0330040661041162,18.7491668216793,34.0775537161878,0.152716798334506,ok,0.152774084637193,0.03,0.58,0.000136395958779151,0.62,0.5284,0,0,0,0,observe
normal,100,2506.94905261829,2555.27495820454,41.7824842103048,1.04811700381969,0,0,1,1,0,0,1,60,819.951005567735,28.8723723327157,25.9261255207731,0.0508474576271186,0.0352123140732348,18.3325391656323,36.4848705079037,0.150410924920189,ok,0.152089545068473,0.03,0.58,0.00399671463877291,0.62,0.5284,0,0,0,0,observe
normal,101,2531.86426040243,2580.34966313973,42.1977376733738,1.05853705758288,0,0,1,1,0,0,1,60,821.148904491853,24.1550470761691,22.5275444894462,0.0169491525423729,0.0294161594127886,15.929379471969,30.2189918452271,0.122992802628944,ok,0.135916777917821,0.03,0.58,0.0307713697354212,0.62,0.5284,0,0,0,0,observe
normal,102,2556.09301541565,2604.39542754358,42.6015502569275,1.06867002263941,0,0,1,1,0,0,1,60,818.674488983986,24.424366478981,21.86423431494,0,0.0298340388122913,15.4603483495457,30.888136633825,0.118940374586244,ok,0.127181361181977,0.03,0.58,0.0196213966565073,0.62,0.5284,0,0,0,0,observe
normal,103,2581.1838151529,2629.51182708874,43.0197302525484,1.07916351257891,0,0,1,1,0,0,1,60,819.369399150121,28.0118662439163,23.0002857348528,0.0169491525423729,0.0341871032442403,16.2636580123426,36.122330060389,0.133002846735734,ok,0.13188885250137,0.03,0.58,0.00265236722467541,0.62,0.5284,0,0,0,0,observe
normal,104,2605.19437269509,2653.83902949731,43.4199062115849,1.08920522295281,0,0,1,1,0,0,1,60,824.06003256216,26.9835127235226,23.2891800322689,0.0338983050847458,0.0327445958513795,16.4679371290917,34.4242206086542,0.134661587895335,ok,0.134709439946835,0.03,0.58,0.000113933455953369,0.62,0.5284,0,0,0,0,observe
normal,105,2630.37340135113,2678.14062975976,43.8395566891854,1.09973561204584,0,0,1,1,0,0,1,60,810.480044517066,23.7448017663781,24.2392759570266,0.0169491525423729,0.0292972071638441,17.1397564002655,28.8766336748026,0.126756652675898,ok,0.131238145443031,0.03,0.58,0.0106702208741269,0.62,0.5284,0,0,0,0,observe
normal,106,2654.63815629147,2703.12040346081,44.2439692715245,1.10988363301438,0,0,1,1,0,0,1,60,821.356232724902,28.2042014439476,25.7540030361805,0.0338983050847458,0.0343385735935531,18.2108301895821,35.486893664954,0.144016599258289,ok,0.139878447390716,0.03,0.58,0.0098527425418396,0.62,0.5284,0,0,0,0,observe
normal,107,2678.99812980442,2727.0484952519,44.6499688300736,1.12007147635383,0,0,1,1,0,0,1,60,815.131091535681,29.2374475203549,25.1833126272316,0.0338983050847458,0.0358683993580377,17.8072911314562,37.3169808206744,0.145462765557995,ok,0.144128415053492,0.03,0.58,0.00317702501072153,0.62,0.5284,0,0,0,0,observe
normal,108,2703.9398513103,2752.08702110051,45.065664188505,1.13050261870229,0,0,1,1,0,0,1,60,816.110293995075,25.3769352316759,22.8621387495055,0.0169491525423729,0.0310949824042154,16.1659733422031,32.0412076770606,0.126684381937622,ok,0.134914839786939,0.03,0.58,0.0195963282126603,0.62,0.5284,0,0,0,0,observe
normal,109,2727.87460189258,2775.98423572036,45.4645766982097,1.14051262504206,0,0,1,1,0,0,1,60,815.595674474384,27.2035041018455,23.8294903770968,0.0508474576271186,0.0333541544581842,16.8499942378647,34.585242011907,0.141158906530415,ok,0.139672544535524,0.03,0.58,0.00353895713069149,0.62,0.5284,0,0,0,0,observe
normal,110,2752.92463301645,2800.65784193311,45.8820772169408,1.15098906470661,0,0,1,1,0,0,1,60,809.513680543341,27.308139824694,28.4760527795445,0.101694915254237,0.033734006578326,20.135610021842,32.9549117798602,0.170576816794125,ok,0.158613274323217,0.03,0.58,0.0284846249307319,0.62,0.5284,0,0,0,0,observe
normal,111,2776.79021626375,2825.02653274045,46.2798369377292,1.16097014384034,0,0,1,1,0,0,1,60,817.371617001442,23.6820716087961,26.0368801424597,0.0677966101694915,0.0289734450232988,18.4108545096746,27.9771597484785,0.143667064602986,ok,0.150483418172538,0.03,0.58,0.0162294132608384,0.62,0.5284,0,0,0,0,observe
normal,112,2801.50130990639,2849.05337098593,46.6916884984399,1.17130483285976,0,0,1,1,0,0,1,60,806.592150880289,23.157070206927,26.7763278015532,0.0847457627118644,0.0287097638895371,18.9337229637522,26.7210391988967,0.150432223410904,ok,0.151197543072842,0.03,0.58,0.00182218967128156,0.62,0.5284,0,0,0,0,observe
normal,113,2825.85347062266,2873.92129835576,47.097557843711,1.18148940872651,0,0,1,1,0,0,1,60,814.91276025515,25.520077063355,27.5373075679731,0.0677966101694915,0.0313163301742443,19.4718169169334,30.3874482737953,0.151950792146793,ok,0.152360249450298,0.03,0.58,0.000974898341679103,0.62,0.5284,0,0,0,0,observe
normal,114,2849.87538104552,2897.60230403381,47.4979230174253,1.19153586710925,0,0,1,1,0,0,1,60,809.148884131385,26.94346389311,24.8405210532468,0.0338983050847458,0.0332985244390884,17.564900884958,33.8138248357126,0.139255327671653,ok,0.145455916532537,0.03,0.58,0.0147633068116265,0.62,0.5284,0,0,0,0,observe
normal,115,2874.71957711858,2922.38303405162,47.9119929519763,1.20192622231027,0,0,1,1,0,0,1,60,807.695594931019,30.793696416298,31.5890832406457,0.11864406779661,0.038125373729354,22.3368549709269,37.3840659635363,0.196048039162964,ok,0.175669858561565,0.03,0.58,0.0485194776223798,0.62,0.5284,0,0,0,0,observe
normal,116,2898.38692902691,2946.32641724739,48.3064488171152,1.21182439700959,0,0,1,1,0,0,1,60,812.068553559615,31.5612056074068,30.7774032939165,0.101694915254237,0.0388651985956871,21.7629105764416,38.9691560343283,0.188480466093096,ok,0.183209130494102,0.03,0.58,0.0125507990452256,0.62,0.5284,0,0,0,0,observe
normal,117,2923.22003104076,2970.47358847622,48.7203338506793,1.22221011244623,0,0,1,1,0,0,1,60,801.509240409986,25.004400638545,21.5095527740875,0.0338983050847458,0.0311966467482706,15.2095506268472,31.92349718178,0.127073418594314,ok,0.150569547503773,0.03,0.58,0.0559431640701417,0.62,0.5284,0,0,0,0,observe
normal,118,2947.09649194982,2995.08940978595,49.1182748658303,1.23219574084246,0,0,1,1,0,0,1,60,812.716542309396,23.1923972811191,21.9584659482946,0.0338983050847458,0.0285368834934947,15.526980176493,28.8909582722574,0.123660208204193,ok,0.135703778112921,0.03,0.58,0.0286751664493544,0.62,0.5284,0,0,0,0,observe
normal,119,2971.27790464334,3018.81898360132,49.5212984107223,1.24230890636447,0,0,1,1,0,0,1,60,805.7565854184,23.9791585347091,22.0212257841724,0.0169491525423729,0.0297598045968903,15.5713580820284,30.1252866467139,0.122105556753139,ok,0.128933074515802,0.03,0.58,0.0162559946730068,0.62,0.5284,0,0,0,0,observe
normal,120,2995.89725964102,3043.51362408753,49.931620994017,1.2526052283905,0,0,1,1,0,0,1,60,807.070238359671,25.3390672864103,21.9877913316165,0,0.031396359427044,15.5477163539008,32.2863001607354,0.12179038794422,ok,0.126077202826486,0.03,0.58,0.010206702100634,0.62,0.5284,0,0,0,0,observe
normal,121,3019.6080165438,3067.11430147511,50.3268002757299,1.2625215559537,0,0,1,1,0,0,1,60,804.921964563217,29.0120823736759,23.9181192261831,0.0169491525423729,0.0360433478659251,16.9126642980624,37.3813273393944,0.138632705500833,ok,0.13471824886638,0.03,0.58,0.00932013484393582,0.62,0.5284,0,0,0,0,observe
normal,122,3044.32174731024,3091.34788840247,50.7386957885039,1.27285734787269,0,0,1,1,0,0,1,60,797.237738582326,26.6680749570349,28.0162606987591,0.0677966101694915,0.0334505927986512,19.8104879235827,32.0923201413929,0.156932072072506,ok,0.1487433664545,0.03,0.58,0.0194969181381093,0.62,0.5284,0,0,0,0,observe
normal,123,3067.92517717114,3115.53889147587,51.1320862861857,1.2827287890534,0,0,1,1,0,0,1,60,807.076500012591,26.363932660963,25.2812239016939,0.0508474576271186,0.0326659649494833,17.8765248575831,32.7191648689234,0.14333888430619,ok,0.146396433973827,0.03,0.58,0.00727988016104028,0.62,0.5284,0,0,0,0,observe
normal,124,3092.18466513205,3139.16076878931,51.5364110855342,1.29287460726251,0,0,1,1,0,0,1,60,796.88133978061,25.5892642546372,23.116962169482,0.0338983050847458,0.0321117624133126,16.3461607104736,32.2865904086305,0.132411147781533,ok,0.139131777846156,0.03,0.58,0.0160015001538643,0.62,0.5284,0,0,0,0,observe
normal,125,3116.28870408272,3163.73109759168,51.9381450680453,1.30295541348945,0,0,1,1,0,0,1,60,803.203435263564,27.2002763499781,27.5536366982294,0.0847457627118644,0.0338647410553624,19.4833633556685,33.1678853619182,0.161946274368919,ok,0.153394065027635,0.03,0.58,0.0203624031935321,0.62,0.5284,0,0,0,0,observe
normal,126,3139.98866324035,3187.21525329071,52.3331443873392,1.31286722521294,0,0,1,1,0,0,1,60,800.90807502332,27.4028190964658,25.745297030703,0.0847457627118644,0.0342146869922218,18.204674114072,34.2113844979665,0.157578142333143,ok,0.156491299426133,0.03,0.58,0.00258772120716541,0.62,0.5284,0,0,0,0,observe
normal,127,3164.52844722616,3211.92057661335,52.7421407871026,1.32313026900067,0,0,1,1,0,0,1,60,803.157983694455,27.6779974715345,20.7190865755306,0.0169491525423729,0.0344614609248086,14.6506066175488,36.2974215862005,0.12788215792485,ok,0.140490416609851,0.03,0.58,0.0300196635357149,0.62,0.5284,0,0,0,0,observe
normal,128,3188.00501199641,3235.61032436018,53.1334168666068,1.33294865258392,0,0,1,1,0,0,1,60,806.584517824547,29.4954326169152,24.0649868295354,0.0338983050847458,0.0365683099106189,17.0165153763294,38.0841081681731,0.143815171448789,ok,0.143414415917866,0.03,0.58,0.000954179835529118,0.62,0.5284,0,0,0,0,observe
normal,129,3212.76699311003,3259.51704482117,53.5461165518338,1.34330462379325,0,0,1,1,0,0,1,60,793.274470130272,26.7981141877802,26.9923964692881,0.0847457627118644,0.0337816420379435,19.0865065839095,32.7411532244206,0.159949738339598,ok,0.15392685964134,0.03,0.58,0.0143401873768031,0.62,0.5284,0,0,0,0,observe
normal,130,3236.38896957599,3283.89089005415,53.9398161595999,1.35318382154671,0,0,1,1,0,0,1,60,804.676094899424,24.3885313720711,26.9320373990334,0.0847457627118644,0.0303085073940458,19.0438262760262,28.7564532886364,0.153599937216923,ok,0.154394287772217,0.03,0.58,0.00189131084593641,0.62,0.5284,0,0,0,0,observe
normal,131,3260.35865410578,3307.43600718956,54.339310901763,1.36320843798383,0,0,1,1,0,0,1,60,798.649372806598,23.7395071086792,26.5124604060302,0.0677966101694915,0.0297245673971473,18.7471405390438,27.8509087308726,0.145898400887713,ok,0.150111937327344,0.03,0.58,0.0100322296181712,0.62,0.5284,0,0,0,0,observe
normal,132,3284.71931296194,3332.05531110217,54.745321882699,1.37339656794795,0,0,1,1,0,0,1,60,802.740350800454,28.0041722690647,26.8421608817954,0.0508474576271186,0.0348857164600488,18.9802739812178,34.7594092088576,0.151784913401969,ok,0.151835442629978,0.03,0.58,0.000120307685734428,0.62,0.5284,0,0,0,0,observe
normal,133,3308.25822141406,3355.45945979762,55.1376370235677,1.38324102494477,0,0,1,1,0,0,1,60,800.390876800884,31.7952394105955,28.6408615987742,0.0677966101694915,0.0397246399630131,20.2521474555186,40.1462952436971,0.172006735751019,ok,0.164244539485906,0.03,0.58,0.0184814196788399,0.62,0.5284,0,0,0,0,observe
normal,134,3332.87722739652,3379.39970205932,55.547953789942,1.39353720100544,0,0,1,1,0,0,1,60,789.073182619102,26.5375860186276,27.4817625989416,0.0677966101694915,0.0336313368685826,19.4325406926704,32.1070600588068,0.155543219013462,ok,0.159594811216844,0.03,0.58,0.00964664810328952,0.62,0.5284,0,0,0,0,observe
normal,135,3356.23724413447,3403.25198628239,55.9372874022412,1.40330684179781,0,0,1,1,0,0,1,60,796.542108079628,26.0719562105928,24.1183857717257,0.0508474576271186,0.0327314224146283,17.0542741304604,32.6901443125791,0.140226969256187,ok,0.148875673636998,0.03,0.58,0.0205921532876465,0.62,0.5284,0,0,0,0,observe
normal,136,3380.21941073466,3426.59444031444,56.3369901789111,1.41333667849421,0,0,1,1,0,0,1,60,786.578970918736,27.9273470073593,28.6677422349077,0.0847457627118644,0.0355048228339231,20.2711549356112,33.8962195431196,0.168012233475424,ok,0.160759211367633,0.03,0.58,0.017269100256646,0.62,0.5284,0,0,0,0,observe
normal,137,3404.00115154555,3450.87522022433,56.7333525257592,1.4232826929918,0,0,1,1,0,0,1,60,793.720565698934,28.5599354843308,33.1391979819607,0.11864406779661,0.035982355401339,23.432951616128,32.8973647621582,0.196272731871924,ok,0.181841921133657,0.03,0.58,0.0343590731863489,0.62,0.5284,0,0,0,0,observe
normal,138,3427.41589554852,3474.02207864861,57.123598259142,1.43307522185514,0,0,1,1,0,0,1,60,790.460638902802,27.8486745318113,28.3336820115299,0.0677966101694915,0.0352309440359568,20.0349386863361,33.9072054022779,0.161185764625339,ok,0.169814933946265,0.03,0.58,0.0205456412402991,0.62,0.5284,0,0,0,0,observe
normal,139,3451.63370989995,3498.06351322177,57.5272284983325,1.44320361130126,0,0,1,1,0,0,1,60,786.471549957252,25.7903200677462,22.6194134879122,0,0.032792438670093,15.9943406637652,32.7789915208661,0.125389069674323,ok,0.144304596333093,0.03,0.58,0.0450369682351656,0.62,0.5284,0,0,0,0,observe
normal,140,3474.81911916465,3521.61017673235,57.9136519860775,1.4529002276471,0,0,1,1,0,0,1,60,793.134968062281,25.8597002862143,25.0736719148013,0.0169491525423729,0.0326044132808726,17.7297634402027,31.9859920299515,0.134485905007234,ok,0.139509279536501,0.03,0.58,0.011960415545873,0.62,0.5284,0,0,0,0,observe
normal,141,3498.87281117487,3545.17625844348,58.3145468529145,1.46295997774516,0,0,1,1,0,0,1,60,785.212420361949,27.1842503689059,26.0826969774757,0.0338983050847458,0.034620250092803,18.443251904407,33.7314896710671,0.144515075152545,ok,0.143433007149487,0.03,0.58,0.00257635238823453,0.62,0.5284,0,0,0,0,observe
normal,142,3522.35732173421,3569.22633169457,58.7059553622369,1.47278168442129,0,0,1,1,0,0,1,60,793.602582703684,26.7031879807219,23.2254337504615,0.0169491525423729,0.0336480608338598,16.4228617009502,34.0060304978249,0.131833285494861,ok,0.137626656809637,0.03,0.58,0.0137937412256564,0.62,0.5284,0,0,0,0,observe
normal,143,3545.97838038621,3592.25293016121,59.0996396731035,1.48266049832602,0,0,1,1,0,0,1,60,784.611195295371,28.5861714189358,24.8134462653961,0.0338983050847458,0.0364335502607433,17.5457561188696,36.4209395129054,0.144801234595298,ok,0.142855720173717,0.03,0.58,0.00463217719423914,0.62,0.5284,0,0,0,0,observe
normal,144,3569.99961984139,3616.42963283485,59.4999936640231,1.49270667609624,0,0,1,1,0,0,1,60,786.721685671302,29.613026417476,29.3973961153113,0.0677966101694915,0.0376410450567502,20.7870981423637,36.3560066292215,0.169249224652315,ok,0.159099988622926,0.03,0.58,0.0241648476890204,0.62,0.5284,0,0,0,0,observe
normal,145,3593.0176076883,3639.61161495154,59.8836267948051,1.50233327335215,0,0,1,1,0,0,1,60,789.311413172269,26.4847922586012,23.4493541246462,0.0338983050847458,0.0335543003897004,16.581197315982,33.5850016753163,0.135762836678714,ok,0.146091120781985,0.03,0.58,0.0245911526268368,0.62,0.5284,0,0,0,0,observe
normal,146,3617.23036607108,3663.49299766136,60.2871727678514,1.5124595482879,0,0,1,1,0,0,1,60,784.389413775256,23.4578362837945,22.7131858446167,0.0508474576271186,0.0299058552701423,16.0606477330788,29.027500075421,0.131427744217915,ok,0.138440866131118,0.03,0.58,0.016697909317151,0.62,0.5284,0,0,0,0,observe
normal,147,3640.40835350132,3687.27883475091,60.6734725583554,1.5221530606695,0,0,1,1,0,0,1,60,794.45366332293,22.1112118076319,24.5747422172444,0.0508474576271186,0.0278319716157494,17.3769668677248,25.9971613389216,0.132715187484051,ok,0.136167262689315,0.03,0.58,0.00821922667920019,0.62,0.5284,0,0,0,0,observe
normal,148,3664.31413576896,3710.43108720213,61.071902262816,1.53215095186262,0,0,1,1,0,0,1,60,782.301492346119,27.3002571337354,29.4009336321924,0.0677966101694915,0.0348973604177362,20.7895995445389,32.5330697892752,0.163494589476152,ok,0.15312169720591,0.03,0.58,0.0246973625481953,0.62,0.5284,0,0,0,0,observe
normal,149,3688.04442130495,3734.52361128275,61.4674070217491,1.54207544670301,0,0,1,1,0,0,1,60,787.412942197222,29.7247661389975,33.962932613551,0.135593220338983,0.0377499080165644,24.0154199600236,34.5019281806087,0.210077109441368,ok,0.186833169532887,0.03,0.58,0.0553427140678133,0.62,0.5284,0,0,0,0,observe
normal,150,3711.21796731233,3757.42324834916,61.8536327885388,1.55176710158996,0,0,1,1,0,0,1,60,783.202685783945,28.5778519515085,27.3989160289256,0.0677966101694915,0.0364884498868943,19.3739593212141,35.4688165089366,0.160848439859441,ok,0.171589830450059,0.03,0.58,0.0255747395014727,0.62,0.5284,0,0,0,0,observe
normal,151,3735.31868858202,3781.44960030434,62.255311476367,1.5618465202943,0,0,1,1,0,0,1,60,782.099817026501,27.7597081328368,23.2186506702434,0.0169491525423729,0.0354938174495138,16.4180653389307,35.6602008094062,0.135156319734122,ok,0.150670330507474,0.03,0.58,0.0369381208889341,0.62,0.5284,0,0,0,0,observe
normal,152,3758.18538460947,3804.72619273994,62.6364230768244,1.57140984419096,0,0,1,1,0,0,1,60,788.382406512902,28.4477915030729,23.745799174964,0.0338983050847458,0.0360837472628296,16.7908156213109,36.559844003712,0.141489049779083,ok,0.146084295356219,0.03,0.58,0.0109410608979428,0.62,0.5284,0,0,0,0,observe
normal,153,3782.25363017548,3828.34155857302,63.0375605029246,1.58147568088622,0,0,1,1,0,0,1,60,781.532637811388,27.7775959074611,22.8984120688275,0.0169491525423729,0.0355424643368058,16.1916224522718,35.7913541397847,0.134466961828768,ok,0.14020091766732,0.03,0.58,0.0136522758060779,0.62,0.5284,0,0,0,0,observe
normal,154,3805.46242777021,3852.4160479111,63.4243737961701,1.59118207871405,0,0,1,1,0,0,1,60,794.830919519324,26.1400507786637,27.1793932010271,0.0338983050847458,0.0328875615388389,19.2187332409818,31.5791830488727,0.144436181021113,ok,0.143660307287304,0.03,0.58,0.00184731841383159,0.62,0.5284,0,0,0,0,observe
normal,155,3829.13130665858,3875.43435468063,63.8188551109763,1.60108089202791,0,0,1,1,0,0,1,60,784.87993512681,26.3932679089007,25.2378337176826,0.0338983050847458,0.0336271405697693,17.8458433642318,32.7831520211421,0.140326857437942,ok,0.142642666631034,0.03,0.58,0.00551383141212292,0.62,0.5284,0,0,0,0,observe
normal,156,3853.19861020445,3899.55258483707,64.2199768367409,1.61114633475092,0,0,1,1,0,0,1,60,785.608948766123,25.7683984256598,24.4875205771574,0.0338983050847458,0.0328005408621321,17.3152918545531,32.0655794090601,0.13683781085499,ok,0.140217255081826,0.03,0.58,0.00804629577818247,0.62,0.5284,0,0,0,0,observe
normal,157,3876.21453493002,3922.50165826534,64.6035755821671,1.62077206916693,0,0,1,1,0,0,1,60,784.455059745064,27.201390945942,26.4120076071429,0.0508474576271186,0.0346755248857494,18.6761096837614,33.6308528864205,0.149698242755943,ok,0.146718753104752,0.03,0.58,0.00709402297902659,0.62,0.5284,0,0,0,0,observe
normal,158,3900.3371011889,3946.29679536196,65.0056183531484,1.63086062389629,0,0,1,1,0,0,1,60,779.070175414881,28.1530738367771,29.6738317400456,0.0847457627118644,0.0361367624191039,20.9825676471749,33.8367106535163,0.172126920385014,ok,0.162294177549064,0.03,0.58,0.0234112924665467,0.62,0.5284,0,0,0,0,observe
normal,159,3923.26714498239,3969.91524715196,65.3877857497064,1.64045044113524,0,0,1,1,0,0,1,60,790.226481443765,27.7471697562854,32.9760994008222,0.11864406779661,0.0351129333271527,23.317623503403,31.5610407483939,0.193855234975542,ok,0.181045777582185,0.03,0.58,0.0304987080794221,0.62,0.5284,0,0,0,0,observe
normal,160,3947.09276719811,3992.98883872235,65.7848794533019,1.65041480774138,0,0,1,1,0,0,1,60,778.200722673225,26.7419423714014,30.5779232383841,0.101694915254237,0.0343638107653502,21.6218568764631,31.028346214461,0.177441258606833,ok,0.17892880298141,0.03,0.58,0.00354177232042052,0.62,0.5284,0,0,0,0,observe
normal,161,3970.69656341977,4017.0855676331,66.1782760569962,1.66028640214171,0,0,1,1,0,0,1,60,786.17200801899,27.8854867580178,24.9159555143352,0.0508474576271186,0.035469956286391,17.6182411039288,35.281699560353,0.147341235620654,ok,0.16063500807704,0.03,0.58,0.0316518391818717,0.62,0.5284,0,0,0,0,observe
normal,162,3993.77280560538,4039.90829898797,66.562880093423,1.66993736256354,0,0,1,1,0,0,1,60,781.991004426854,28.7433010193704,20.443439178444,0.0169491525423729,0.0367565622323716,14.4556944738525,37.9919413067944,0.131363296474984,ok,0.144145413144306,0.03,0.58,0.0304336111174333,0.62,0.5284,0,0,0,0,observe
normal,163,4017.87039703054,4063.83693421205,66.9645066171757,1.68001547230234,0,0,1,1,0,0,1,60,779.189442982555,28.3966106246241,22.9429203824017,0.0677966101694915,0.0364437825491174,16.2230945826193,36.7361700793158,0.148983251784565,ok,0.14785489514442,0.03,0.58,0.00268656342891713,0.62,0.5284,0,0,0,0,observe
normal,164,4040.64319090262,4087.03886649497,67.3440531817104,1.68953952438093,0,0,1,1,0,0,1,60,785.509458450044,28.2784286852605,23.1018305647359,0.0338983050847458,0.0360001122597036,16.3354610501474,36.5033117688498,0.139662835035333,ok,0.14391355692351,0.03,0.58,0.0101207664004218,0.62,0.5284,0,0,0,0,observe
normal,165,4064.61232218208,4110.39615236572,67.7435387030347,1.69956390943735,0,0,1,1,0,0,1,60,775.986969227704,25.9808850453244,25.4972018751848,0.0338983050847458,0.0334810841877689,18.0292443472255,32.0149828009443,0.140516724435027,ok,0.142852772445717,0.03,0.58,0.00556201907307269,0.62,0.5284,0,0,0,0,observe
normal,166,4087.81982581921,4134.52251865595,68.1303304303201,1.70926976610542,0,0,1,1,0,0,1,60,791.394202682974,28.0510795177631,28.0873241681893,0.0677966101694915,0.0354451415270225,19.8607373847115,34.3406062083834,0.160922942617392,ok,0.154269581279656,0.03,0.58,0.0158413365184175,0.62,0.5284,0,0,0,0,observe
normal,167,4111.21284134586,4157.55826332583,68.520214022431,1.71905320767183,0,0,1,1,0,0,1,60,786.035182668633,29.5274839213723,27.0269890742315,0.0677966101694915,0.0375650919608011,19.1109672494438,37.1283657631801,0.162140194566381,ok,0.159482943537709,0.03,0.58,0.00632678816350432,0.62,0.5284,0,0,0,0,observe
normal,168,4135.32104773705,4181.76699343999,68.9220174622842,1.72913575680835,0,0,1,1,0,0,1,60,787.407913067443,27.5636885018556,24.8865548407021,0.0338983050847458,0.0350056026164099,17.5974516882314,34.7828052597115,0.142170307475773,ok,0.149958644444636,0.03,0.58,0.0185436594496734,0.62,0.5284,0,0,0,0,observe
normal,169,4158.34535371167,4204.98749737021,69.3057558951944,1.73876499643557,0,0,1,1,0,0,1,60,790.487234072955,26.8280735575923,30.1829710375836,0.0847457627118644,0.0339386550486865,21.3425834970326,31.3685382396975,0.169630959927192,ok,0.162125629584514,0.03,0.58,0.0178698341492341,0.62,0.5284,0,0,0,0,observe
normal,170,4182.5384465877,4228.8407305725,69.7089741097949,1.74888304685081,0,0,1,1,0,0,1,60,784.562285541819,24.0637520942365,27.0003002962989,0.0677966101694915,0.0306715636702038,19.0920954335861,28.1712658867255,0.148626480447922,ok,0.154746557219761,0.03,0.58,0.0145716113615213,0.62,0.5284,0,0,0,0,observe
normal,171,4205.79407052011,4252.6304202374,70.0965678420018,1.75860902841884,0,0,1,1,0,0,1,60,794.048714453148,20.9719300120122,23.115179058126,0,0.0264113896670122,16.3448998603422,24.7484938008935,0.115741507110101,ok,0.13276001491422,0.03,0.58,0.0405202566764744,0.62,0.5284,0,0,0,0,observe
normal,172,4229.64603517614,4276.07825006758,70.494100586269,1.76858441197682,0,0,1,1,0,0,1,60,787.291991584574,21.9561241835611,23.4551789346609,0,0.0278881589273762,16.5853160786426,26.2501441691171,0.118822239355869,ok,0.125866552714538,0.03,0.58,0.0167721746634975,0.62,0.5284,0,0,0,0,observe
normal,173,4253.38820650539,4300.3403595533,70.8898034417564,1.77851387770109,0,0,1,1,0,0,1,60,795.165655265058,25.625293503227,26.8198379531811,0.0338983050847458,0.0322263585374361,18.9644892870187,30.8813775653809,0.142198127624953,ok,0.136703029034173,0.03,0.58,0.0130835680732876,0.62,0.5284,0,0,0,0,observe
normal,174,4276.87032232447,4323.42321957072,71.2811720387412,1.78833458284745,0,0,1,1,0,0,1,60,789.082825052479,28.7478673682399,29.6099771786606,0.101694915254237,0.0364320023900253,20.9374156538098,34.8497400590509,0.178870965093725,ok,0.162251515617052,0.03,0.58,0.0395701178016027,0.62,0.5284,0,0,0,0,observe
normal,175,4301.13872000515,4347.61625037976,71.6856453334192,1.79848412728513,0,0,1,1,0,0,1,60,787.931513774338,28.7611292408094,26.5552730895772,0.0847457627118644,0.036502067423396,18.7774136779007,36.0806575048469,0.164047021779994,ok,0.163740170998008,0.03,0.58,0.000730597099965036,0.62,0.5284,0,0,0,0,observe
normal,176,4324.19267330827,4371.0698797204,72.0698778884712,1.8081257660366,0,0,1,1,0,0,1,60,794.111002494645,28.0115698650656,26.8048905100911,0.0677966101694915,0.0352741238656424,18.9539198486484,34.7857013007056,0.157004572086651,ok,0.160243271320271,0.03,0.58,0.0077111886514773,0.62,0.5284,0,0,0,0,observe
normal,177,4348.40801358284,4394.61016658602,72.4734668930473,1.81825312077275,0,0,1,1,0,0,1,60,783.23193677113,25.2926801723405,25.1857694693107,0.0508474576271186,0.0322927079258406,17.8090283811507,31.0206036163061,0.141839091512727,ok,0.150066716594625,0.03,0.58,0.0195895835283278,0.62,0.5284,0,0,0,0,observe
normal,178,4371.83516989939,4418.7229927088,72.8639194983232,1.82805084072162,0,0,1,1,0,0,1,60,794.218549806773,25.296745376507,21.164247802966,0.0169491525423729,0.0318511137553529,14.9653831401897,32.4944296881016,0.123662001994312,ok,0.135506300868259,0.03,0.58,0.0282007116046356,0.62,0.5284,0,0,0,0,observe
normal,179,4395.43648956864,4441.96607456967,73.2572748261439,1.83792139937666,0,0,1,1,0,0,1,60,789.265133060735,25.5746559491285,23.5185296197318,0.0338983050847458,0.0324031239666588,16.630111777649,32.1179924044994,0.133756676114125,ok,0.135612759728981,0.03,0.58,0.00441924670203828,0.62,0.5284,0,0,0,0,observe
normal,180,4419.52032497123,4466.21711318631,73.6586720828538,1.84799375606311,0,0,1,1,0,0,1,60,791.568674625073,25.3356991649026,26.1879928262918,0.0508474576271186,0.0320069502205893,18.5177073131356,30.6739273685965,0.144171908407029,ok,0.141695624417079,0.03,0.58,0.00589591426178712,0.62,0.5284,0,0,0,0,observe
normal,181,4442.73071591451,4489.60401711379,74.0455119319084,1.85770082026217,0,0,1,1,0,0,1,60,793.965709068638,24.6794388631125,23.6774945206696,0.0338983050847458,0.0310837591362261,16.7425169370728,30.6241331601083,0.131838994117924,ok,0.136944049108259,0.03,0.58,0.0121548928341297,0.62,0.5284,0,0,0,0,observe
normal,182,4467.05590211143,4513.53511859742,74.4509317018572,1.86787411482859,0,0,1,1,0,0,1,60,788.633423518457,25.1792574989736,25.2385260496442,0.0508474576271186,0.0319277077893013,17.8463329168567,30.813932203144,0.141426621735684,ok,0.140628951194637,0.03,0.58,0.0018992155739205,0.62,0.5284,0,0,0,0,observe
normal,183,4490.3758747678,4537.62045246342,74.8395979127967,1.87762700836015,0,0,1,1,0,0,1,60,800.27392249375,23.1658458554976,24.5881715676543,0.0338983050847458,0.0289473956408701,17.3864628524666,27.7673141999933,0.130518637646834,ok,0.135757119766806,0.03,0.58,0.0124725764761251,0.62,0.5284,0,0,0,0,observe
normal,184,4514.35903793272,4561.05942075321,75.2393172988787,1.88765726184047,0,0,1,1,0,0,1,60,792.071702596386,24.4888753486162,24.2254781041186,0.0169491525423729,0.0309174980855173,17.1299998449085,30.0993876514715,0.129199044991541,ok,0.133068356979029,0.03,0.58,0.00921264758925722,0.62,0.5284,0,0,0,0,observe
normal,185,4538.39128751487,4585.48728498972,75.6398547919145,1.89770804427286,0,0,1,1,0,0,1,60,797.780542104983,25.4670160899793,24.2966652769861,0.0338983050847458,0.0319223329548542,17.1803367775766,31.6539704502228,0.134997749674808,ok,0.135370082146709,0.03,0.58,0.000886505885478672,0.62,0.5284,0,0,0,0,observe
normal,186,4561.8622999857,4608.76719199126,76.0310383330949,1.90752410576998,0,0,1,1,0,0,1,60,795.129520634164,26.6405214901427,22.8926217048478,0.0169491525423729,0.0335046313824385,16.1875280466362,34.0205629917096,0.13079222284025,ok,0.133839597678866,0.03,0.58,0.00725565437765713,0.62,0.5284,0,0,0,0,observe
normal,187,4586.3160573525,4633.38648482499,76.438600955875,1.91775117145138,0,0,1,1,0,0,1,60,798.319997254487,30.4037919260175,22.2274772948923,0,0.0380847179459109,15.7171999238883,40.0218784355964,0.135502949985727,ok,0.135967584155338,0.03,0.58,0.00110627183240661,0.62,0.5284,0,0,0,0,observe
normal,188,4609.55643660244,4657.20338985725,76.8259406100406,1.92747077737878,0,0,1,1,0,0,1,60,807.269964433297,26.3204984107583,26.669452969193,0.0508474576271186,0.0326043325905669,18.8581510450521,32.0921705770031,0.14696825313688,ok,0.143457589043918,0.03,0.58,0.00835872403086235,0.62,0.5284,0,0,0,0,observe
normal,189,4634.19105623762,4681.06455604568,77.2365176039603,1.93777348339104,0,0,1,1,0,0,1,60,794.634520344773,25.9099111195415,28.1758151171012,0.0847457627118644,0.0326060729255757,19.9233099347607,30.7523773014143,0.161122905140311,ok,0.154624341135919,0.03,0.58,0.015472771439028,0.62,0.5284,0,0,0,0,observe
normal,190,4657.97057245869,4705.43971611778,77.6328428743114,1.94771856751929,0,0,1,1,0,0,1,60,803.938771008777,26.9849545654605,22.6428185078449,0.0338983050847458,0.0335659325542914,16.0108905120734,34.6414048619616,0.134202586985144,ok,0.143419190331844,0.03,0.58,0.0219442936826198,0.62,0.5284,0,0,0,0,observe
normal,191,4681.93089261263,4728.84341974248,78.0321815435438,1.95773926758129,0,0,1,1,0,0,1,60,796.314394946788,28.3741103153178,24.9325558953747,0.0169491525423729,0.0356317937932214,17.6299793459321,36.046693338414,0.140122932511153,ok,0.142429197199481,0.03,0.58,0.00549110640078065,0.62,0.5284,0,0,0,0,observe
normal,192,4706.17688749143,4753.4237873873,78.4362814581905,1.96787944270517,0,0,1,1,0,0,1,60,799.734521158682,29.6208487963789,30.66056170433,0.0847457627118644,0.0370383521189797,21.6802910961203,35.8434700443939,0.177681782763696,ok,0.163822481057299,0.03,0.58,0.0329983373961841,0.62,0.5284,0,0,0,0,observe
normal,193,4729.65942994874,4777.00442132619,78.8276571658123,1.97770032628043,0,0,1,1,0,0,1,60,802.683359728504,27.4428672312309,28.1642189074065,0.0508474576271186,0.0341889076167133,19.9151101762495,33.3108137158157,0.154163826736388,ok,0.158628135028527,0.03,0.58,0.0106293054574725,0.62,0.5284,0,0,0,0,observe
normal,194,4754.2479371531,4801.35787227975,79.2374656192184,1.98798374712307,0,0,1,1,0,0,1,60,798.901414874186,25.52712276935,24.8988361134701,0.0169491525423729,0.0319527820255146,17.6061358594872,31.516534927879,0.132950420726747,ok,0.144273631730776,0.03,0.58,0.0269600262000682,0.62,0.5284,0,0,0,0,observe
normal,195,4777.77480865171,4825.51122627625,79.6295801441952,1.99782317001768,0,0,1,1,0,0,1,60,808.446749167591,23.5520694440306,23.3123161352525,0.0169491525423729,0.0291324932264009,16.4842968244016,28.9424931268525,0.124135571647337,ok,0.133493861362766,0.03,0.58,0.0222816421795916,0.62,0.5284,0,0,0,0,observe
normal,196,4802.17026905801,4849.22649723985,80.0361711509668,2.00802585470784,0,0,1,1,0,0,1,60,797.810416001569,25.4656146457628,22.5632395734906,0.0338983050847458,0.0319193810145902,15.9546197079518,32.2869194651273,0.130752958160174,ok,0.133076092198921,0.03,0.58,0.00553127152082597,0.62,0.5284,0,0,0,0,observe
normal,197,4826.26512195921,4874.05985748091,80.4377520326534,2.01810281913943,0,0,1,1,0,0,1,60,809.143853411025,29.2583208421877,22.3188862848199,0.0338983050847458,0.0361596034114903,15.7818358405276,38.2496056778554,0.138801506385019,ok,0.137579314903445,0.03,0.58,0.00290997971803292,0.62,0.5284,0,0,0,0,observe
normal,198,4850.03758168958,4897.87356031893,80.8339596948263,2.02804495209774,0,0,1,1,0,0,1,60,810.784384651309,27.181190198364,28.0415284335914,0.0677966101694915,0.033524560552623,19.8283549102279,32.9313003501732,0.157483885410826,ok,0.150192967062159,0.03,0.58,0.0173593294015881,0.62,0.5284,0,0,0,0,observe
normal,199,4874.89675236451,4922.47658982125,81.2482792060751,2.03844156998611,0,0,1,1,0,0,1,60,806.945539005721,26.0156233499608,28.7643781009511,0.0677966101694915,0.0322396272021232,20.3394868117963,30.6582875061021,0.157062247142035,ok,0.154928286738521,0.03,0.58,0.00508085810360542,0.62,0.5284,0,0,0,0,observe
normal,200,4898.71005231737,4946.39690438523,81.6451675386229,2.04840078316778,0,0,1,1,0,0,1,60,808.722401104938,23.9602377225886,23.0511596589159,0.0338983050847458,0.0296272709768547,16.2996313090332,29.7070362479245,0.128034395520022,ok,0.139961637005981,0.03,0.58,0.0283981940141873,0.62,0.5284,0,0,0,0,observe
normal,201,4923.29654387618,4970.42793687254,82.0549423979364,2.05868336102587,0,0,1,1,0,0,1,60,799.189117521302,24.2488650271769,23.0229511160601,0.0338983050847458,0.030341835862812,16.2796848570925,30.1825573993696,0.129029267755741,ok,0.134629829588291,0.03,0.58,0.0133346710298812,0.62,0.5284,0,0,0,0,observe
normal,202,4947.18138424977,4995.15884402886,82.4530230708296,2.06867249388698,0,0,1,1,0,0,1,60,812.698994060471,29.7387520982486,30.5611885980338,0.0677966101694915,0.0365925789444693,21.6100236987907,36.0803773325595,0.171415149349146,ok,0.157108643343962,0.03,0.58,0.0340631095361527,0.62,0.5284,0,0,0,0,observe
normal,203,4971.29581156075,5018.91744688624,82.8549301926791,2.07875764474046,0,0,1,1,0,0,1,60,808.158500228389,28.8398506964775,28.0058894847206,0.0677966101694915,0.0356858842520709,19.8031543678069,35.655421095186,0.161641655286121,ok,0.160314652458146,0.03,0.58,0.00315953054279686,0.62,0.5284,0,0,0,0,observe
normal,204,4995.97254386948,5043.95812492735,83.2662090644914,2.08907796314136,0,0,1,1,0,0,1,60,813.321348308225,30.2966902271943,22.4629842737252,0.0169491525423729,0.0372505778807034,15.8837285056379,39.7930401729288,0.137908955568902,ok,0.147815419020439,0.03,0.58,0.0235868177417562,0.62,0.5284,0,0,0,0,observe
normal,205,5019.70836812877,5067.89367661932,83.6618061354795,2.09900477439006,0,0,1,1,0,0,1,60,816.270495551377,28.1487815298651,23.756655580513,0.0338983050847458,0.034484624500425,16.798492259294,36.0904206271773,0.139032484645988,ok,0.143532368523942,0.03,0.58,0.0107140092332248,0.62,0.5284,0,0,0,0,observe
normal,206,5044.78911002089,5092.48587454897,84.0798185003482,2.10949405793129,0,0,1,1,0,0,1,60,808.79582702705,25.0465359771831,25.6214906100709,0.11864406779661,0.0309676869491878,18.1171297544886,30.437272190058,0.164077290543197,ok,0.156367407608307,0.03,0.58,0.0183568641306917,0.62,0.5284,0,0,0,0,observe
normal,207,5068.69993210491,5117.04601014623,84.4783322017486,2.11949405687957,0,0,1,1,0,0,1,60,819.205558781905,25.1875751278638,25.0626861900571,0.0847457627118644,0.0307463430366803,17.7219953597398,30.899170896853,0.149646685857309,ok,0.153064930320999,0.03,0.58,0.00813867729449966,0.62,0.5284,0,0,0,0,observe
normal,208,5093.31473459687,5141.26670929084,84.8885789099479,2.12978847495381,0,0,1,1,0,0,1,60,813.013912364523,25.4927573913138,26.0360940862514,0.0508474576271186,0.0313558685818452,18.4102986839993,30.9971331124461,0.143039395671503,ok,0.147928883980202,0.03,0.58,0.0116416388302353,0.62,0.5284,0,0,0,0,observe
normal,209,5117.84679036085,5166.40548746071,85.2974465060141,2.14004828663978,0,0,1,1,0,0,1,60,822.657955241235,25.4312683717399,24.4439948570337,0.0338983050847458,0.0309135385000714,17.2845145226976,31.5395684768446,0.134067941262283,ok,0.140697729327508,0.03,0.58,0.0157852096791076,0.62,0.5284,0,0,0,0,observe
normal,210,5142.10622298905,5190.28449385045,85.7017703831509,2.15019408170762,0,0,1,1,0,0,1,60,816.963075993439,28.3085510857239,25.3735945379074,0.0338983050847458,0.0346509553706577,17.9418407608322,35.7888038254846,0.143518372935364,ok,0.143324119841011,0.03,0.58,0.000462507367507192,0.62,0.5284,0,0,0,0,observe
normal,211,5167.18749526201,5215.55412045267,86.1197915877002,2.16068358706506,0,0,1,1,0,0,1,60,819.143883199279,30.9948999242904,28.1512337190286,0.0338983050847458,0.0378381631847577,19.9059282614925,39.0528060794851,0.158004360686013,ok,0.152762891711119,0.03,0.58,0.0124796880354619,0.62,0.5284,0,0,0,0,observe
normal,212,5191.11825344777,5240.00989034718,86.5186375574628,2.17069192370225,0,0,1,1,0,0,1,60,828.75660827874,25.1023660801732,24.1318632833334,0,0.0302891896479822,17.0638041703117,31.13011649325,0.125413965332629,ok,0.137586889540475,0.03,0.58,0.0289831528758224,0.62,0.5284,0,0,0,0,observe
normal,213,5216.38558929929,5264.72952948309,86.9397598216549,2.18125924468575,0,0,1,1,0,0,1,60,819.590150506894,22.985394609037,25.1164902589844,0.0338983050847458,0.0280449863810847,17.7600405817337,27.2256806930785,0.130715469098428,ok,0.134670276067668,0.03,0.58,0.00941620706961768,0.62,0.5284,0,0,0,0,observe
normal,214,5240.80061168185,5289.96067093672,87.3466768613641,2.19147011059784,0,0,1,1,0,0,1,60,832.513009825625,22.7804305996313,23.222067927414,0.0508474576271186,0.0273634529800355,16.4204817046491,27.7175723539512,0.129236367330247,ok,0.132660918043059,0.03,0.58,0.00815369217336026,0.62,0.5284,0,0,0,0,observe
normal,215,5265.6009217284,5314.09329606231,87.7600153621401,2.20184211175744,0,0,1,1,0,0,1,60,822.72944298708,27.6914714621976,21.4369620276165,0.0338983050847458,0.0336580533226795,15.1582212177661,36.1090502920898,0.132065055175661,ok,0.133508262445283,0.03,0.58,0.0034362077848146,0.62,0.5284,0,0,0,0,observe
normal,216,5290.74364435451,5339.47729581038,88.1790607392419,2.21235731691996,0,0,1,1,0,0,1,60,825.277081227789,28.0253140128308,23.3701197147069,0.0169491525423729,0.0339586723662999,16.5251701274107,36.0243695752705,0.133597617207393,ok,0.134731679993686,0.03,0.58,0.00270014949117237,0.62,0.5284,0,0,0,0,observe
normal,217,5314.94302291574,5363.82162795058,88.5823837152624,2.22247799613839,0,0,1,1,0,0,1,60,828.805531471148,25.5585725190079,24.1891100963982,0.0169491525423729,0.0308378401790356,17.1042837800312,31.842184830676,0.129748135881068,ok,0.132981986072526,0.03,0.58,0.00769964331299691,0.62,0.5284,0,0,0,0,observe
normal,218,5340.31269511543,5388.9436430588,89.0052115852572,2.23308811629333,0,0,1,1,0,0,1,60,824.439120806955,24.2146813581271,23.6001529332524,0.0169491525423729,0.0293710969639892,16.6878281761424,29.9034776792734,0.125564965545812,ok,0.129864968118005,0.03,0.58,0.0102381013623625,0.62,0.5284,0,0,0,0,observe
normal,219,5364.61386521162,5413.73296549332,89.4102310868604,2.2432513668311,0,0,1,1,0,0,1,60,831.85562571238,22.1820882680398,20.8603202661679,0,0.0266657910127657,14.7504739179305,27.6859819955636,0.111552744530337,ok,0.120507281240584,0.03,0.58,0.0213203255005875,0.62,0.5284,0,0,0,0,observe
normal,220,5389.80348260456,5438.21373481522,89.8300580434093,2.25378618435229,0,0,1,1,0,0,1,60,821.16819594027,24.8461323491977,25.8938949362493,0.0338983050847458,0.0302570563156649,18.3097487007539,29.9902265403738,0.136640541602469,ok,0.131363788763215,0.03,0.58,0.0125636972363207,0.62,0.5284,0,0,0,0,observe
normal,221,5414.5624171983,5463.66989270968,90.242706953305,2.26414088144418,0,0,1,1,0,0,1,60,832.282120272681,27.492711187125,24.9224435877956,0.0508474576271186,0.0330329229926477,17.6228288646694,34.6573836237519,0.143721267617712,ok,0.13975675902199,0.03,0.58,0.00943930618028982,0.62,0.5284,0,0,0,0,observe
normal,222,5439.06500868679,5488.00771054883,90.6510834781131,2.27438837056245,0,0,1,1,0,0,1,60,829.899595560156,27.5631768019271,26.2073109945762,0.0677966101694915,0.0332126644589131,18.5313673209296,34.2935249871659,0.152197313368742,ok,0.147986410215752,0.03,0.58,0.010025959888072,0.62,0.5284,0,0,0,0,observe
normal,223,5464.4802465432,5513.30071944951,91.07467077572,2.28501754721482,0,0,1,1,0,0,1,60,827.180445663701,28.2630951914536,32.4706855483952,0.11864406779661,0.0341679924127997,22.9602419410463,32.7174630680767,0.191229769763108,ok,0.173874301215782,0.03,0.58,0.0413225441603009,0.62,0.5284,0,0,0,0,observe
normal,224,5488.85903660077,5538.15784953091,91.4809839433462,2.29521326002132,0,0,1,1,0,0,1,60,835.835649701346,27.5132482087882,30.4314698016305,0.11864406779661,0.0329170551873672,21.5182986582066,32.4179036467967,0.182334266323094,ok,0.178935448587385,0.03,0.58,0.00809242318025954,0.62,0.5284,0,0,0,0,observe
normal,225,5514.17354063741,5563.08179049347,91.9028923439569,2.30580030771265,0,0,1,1,0,0,1,60,829.684517399462,26.5779930814573,25.9063190215099,0.0677966101694915,0.032033854464059,18.3185338556917,32.8208889254064,0.149107045646286,ok,0.161661801577145,0.03,0.58,0.0298922760258564,0.62,0.5284,0,0,0,0,observe
normal,226,5538.95300184071,5588.51864357746,92.3158833640118,2.316163589456,0,0,1,1,0,0,1,60,839.346567442539,23.7395191896483,24.1712749954108,0.0169491525423729,0.0282833338581247,17.0916724591798,28.8964405292325,0.12538993136297,ok,0.14108623945318,0.03,0.58,0.0373721621195466,0.62,0.5284,0,0,0,0,observe
normal,227,5563.92959196838,5613.00038727962,92.7321598661397,2.32660931458125,0,0,1,1,0,0,1,60,831.976613102489,24.7668980606088,23.4553493179498,0.0169491525423729,0.0297687430999431,16.5854365578215,30.8499882216453,0.126062566666107,ok,0.133353136002457,0.03,0.58,0.0173584984198819,0.62,0.5284,0,0,0,0,observe
normal,228,5589.33239194829,5638.6216215748,93.1555398658049,2.33723328945714,0,0,1,1,0,0,1,60,835.049633289006,26.9513738434384,25.0085770211906,0.0338983050847458,0.0322751759524583,17.68373439951,33.7644582628708,0.138349410625735,ok,0.137426476256697,0.03,0.58,0.00219746278342525,0.62,0.5284,0,0,0,0,observe
normal,229,5613.82970535739,5663.22930892565,93.5638284226232,2.34747857117375,0,0,1,1,0,0,1,60,837.148694100554,26.2184311262609,26.005907746487,0.0169491525423729,0.0313187266623289,18.3889537184527,32.1971837679256,0.135560842639315,ok,0.137417261556947,0.03,0.58,0.0044200450419796,0.62,0.5284,0,0,0,0,observe
normal,230,5639.47145338814,5688.68644795884,93.9911908898023,2.35820247905272,0,0,1,1,0,0,1,60,834.413773067376,27.181038371152,24.4179096149539,0.0169491525423729,0.0325750116410857,17.2660694711341,34.3438573675999,0.133722959567426,ok,0.136347651411789,0.03,0.58,0.0062492662961042,0.62,0.5284,0,0,0,0,observe
normal,231,5664.04659434988,5714.00291989642,94.4007765724981,2.36848030985702,0,0,1,1,0,0,1,60,846.226849512681,23.4960639451624,26.7167081179908,0.0508474576271186,0.0277656800403971,18.891565481213,27.335668923576,0.139228285990215,ok,0.139118458651699,0.03,0.58,0.000261493663133022,0.62,0.5284,0,0,0,0,observe
normal,232,5689.54133172313,5738.97134247064,94.8256888620522,2.37914273484698,0,0,1,1,0,0,1,60,838.08157519656,22.231802464744,26.3737809770856,0.0338983050847458,0.0265270149382891,18.649079374426,25.3124064472177,0.131889440909709,ok,0.135955843203322,0.03,0.58,0.00968191022288825,0.62,0.5284,0,0,0,0,observe
normal,233,5714.80811178197,5764.74252870435,95.2468018630329,2.38970982338651,0,0,1,1,0,0,1,60,845.660146798908,24.0693833446054,24.7649476954598,0.0338983050847458,0.0284622415230464,17.5114624511898,29.1893664199774,0.130998380960599,ok,0.134190427853819,0.03,0.58,0.00760011165052393,0.62,0.5284,0,0,0,0,observe
normal,234,5739.83351201572,5789.56325485507,95.6638918669287,2.4001759619048,0,0,1,1,0,0,1,60,843.198539740546,24.9972999149355,28.8246703738798,0.0508474576271186,0.0296458055093729,20.3821198868374,28.8842378295335,0.14850810546918,ok,0.143649082088812,0.03,0.58,0.0115691032865906,0.62,0.5284,0,0,0,0,observe
normal,235,5765.5705686706,5815.19141382286,96.0928428111767,2.4109397298161,0,0,1,1,0,0,1,60,840.814751975143,23.3663020072163,27.934435560703,0.0338983050847458,0.0277900714186174,19.7526288135917,26.491541932046,0.138421720027187,ok,0.141533255224431,0.03,0.58,0.00740841713629697,0.62,0.5284,0,0,0,0,observe
normal,236,5790.40368121572,5840.27083852302,96.506728020262,2.42132544965714,0,0,1,1,0,0,1,60,845.126394465772,22.4421856901278,25.2544554924977,0.0338983050847458,0.0265548275821087,17.857596733919,26.237561548076,0.129053526409488,ok,0.135264374480109,0.03,0.58,0.0147877335014772,0.62,0.5284,0,0,0,0,observe
normal,237,5816.0623978794,5865.47750351653,96.93437329799,2.43205645416837,0,0,1,1,0,0,1,60,838.101494894494,24.5232617060887,25.6331558209684,0.0508474576271186,0.0292604915460458,18.1253783042182,29.5677424018069,0.138715137339001,ok,0.138393154701367,0.03,0.58,0.000766625327698861,0.62,0.5284,0,0,0,0,observe
normal,238,5841.0823809793,5891.19936464524,97.3513730163217,2.44252032712957,0,0,1,1,0,0,1,60,848.808768703614,25.3304585129769,23.5772483967195,0.0338983050847458,0.0298423619629473,16.67163222304,31.7067963688384,0.13051078202837,ok,0.134869871052554,0.03,0.58,0.0103787833909155,0.62,0.5284,0,0,0,0,observe
normal,239,5866.35442504874,5916.08992981084,97.7725737508123,2.4530896171869,0,0,1,1,0,0,1,60,843.54043823839,25.4609683244187,23.1320718931406,0.0338983050847458,0.0301834591090739,16.3568448985345,32.0776470614569,0.129932026826988,ok,0.133143200651201,0.03,0.58,0.00764565196241326,0.62,0.5284,0,0,0,0,observe
normal,240,5892.00410079144,5941.90094217053,98.2000683465239,2.46381684059851,0,0,1,1,0,0,1,60,845.026292088185,24.8651033875748,24.949003313666,0.0508474576271186,0.0294252422917273,17.6416094269389,30.4190787134803,0.137348392449734,ok,0.13676300323794,0.03,0.58,0.00139378383760472,0.62,0.5284,0,0,0,0,observe
normal,241,5916.93086347978,5966.96556418515,98.6155143913297,2.47424172686096,0,0,1,1,0,0,1,60,847.927239571865,24.3933177359212,23.9225524113202,0.0169491525423729,0.0287681732553349,16.9157990333351,30.0653229384791,0.125769757429149,ok,0.131476492987245,0.03,0.58,0.0135874656145144,0.62,0.5284,0,0,0,0,observe
normal,242,5942.7736447945,5992.57439449032,99.0462274132417,2.48504971100553,0,0,1,1,0,0,1,60,844.557538663185,27.1978370746095,27.7852482753431,0.0508474576271186,0.0322036520065404,19.6471374724469,33.0671237366176,0.150239104475462,ok,0.143581600027133,0.03,0.58,0.0158512010674519,0.62,0.5284,0,0,0,0,observe
normal,243,5967.81287536728,6018.13434567276,99.4635479227879,2.49552163365686,0,0,1,1,0,0,1,60,852.813024793677,26.3714143750475,30.9467446264921,0.0847457627118644,0.0309228560169183,21.8826529810409,30.2002068004883,0.167782693646468,ok,0.158535978005664,0.03,0.58,0.0220159896209637,0.62,0.5284,0,0,0,0,observe
normal,244,5993.45310902747,6043.077939413,99.8908851504578,2.50624490819483,0,0,1,1,0,0,1,60,841.725748711433,26.6306437086358,26.226964801867,0.0338983050847458,0.0316381478758416,18.545264661341,32.7788884392595,0.140534326759961,ok,0.148635913637414,0.03,0.58,0.0192894925653625,0.62,0.5284,0,0,0,0,observe
normal,245,6018.9447685705,6069.29969677967,100.315746142842,2.51690604597271,0,0,1,1,0,0,1,60,852.755851781756,30.1131232014772,24.9049538361482,0.0508474576271186,0.0353127136431354,17.6104617426783,38.7746310763152,0.148856512062752,ok,0.149554235700447,0.03,0.58,0.00166124675641718,0.62,0.5284,0,0,0,0,observe
normal,246,6043.94887035877,6094.2970179601,100.732481172646,2.52736327704183,0,0,1,1,0,0,1,60,853.651309118293,27.511546303471,28.4433545065515,0.0847457627118644,0.0322280842418982,20.1124888512755,33.3055273524286,0.162589808241538,ok,0.157882101034629,0.03,0.58,0.0112088266831185,0.62,0.5284,0,0,0,0,observe
normal,247,6070.13262666708,6120.11321207081,101.168877111118,2.53831386396122,0,0,1,1,0,0,1,60,846.891921518882,25.2206043831961,26.1255394216556,0.0169491525423729,0.0297801924216771,18.4735460872092,30.5104222499647,0.133274399812301,ok,0.144167005379606,0.03,0.58,0.0259347751602504,0.62,0.5284,0,0,0,0,observe
normal,248,6095.1209135407,6145.32945147605,101.585348559012,2.54876448090686,0,0,1,1,0,0,1,60,850.540558599058,26.798069684227,26.9744177326033,0.0169491525423729,0.0315071038215586,19.0737936972824,32.7484880810532,0.138882150462088,ok,0.14200478099188,0.03,0.58,0.00743483459474126,0.62,0.5284,0,0,0,0,observe
normal,249,6120.99076903336,6170.69032306487,102.016512817223,2.55958378803105,0,0,1,1,0,0,1,60,842.951849901143,23.6091422996269,25.7937941031935,0.0338983050847458,0.0280076997308869,18.2389667228977,27.9664672979819,0.132868991590481,ok,0.137663502658073,0.03,0.58,0.0114155025418856,0.62,0.5284,0,0,0,0,observe
normal,250,6146.16492584606,6196.61336269862,102.436082097434,2.57011213961871,0,0,1,1,0,0,1,60,854.731853709574,23.3630701045774,21.6152952987235,0.0338983050847458,0.0273338006571074,15.2843218830771,29.2925859902687,0.121605705991078,ok,0.129416860324232,0.03,0.58,0.018597986507511,0.62,0.5284,0,0,0,0,observe
normal,251,6171.54502010585,6221.63490668558,102.859083668431,2.58072661849415,0,0,1,1,0,0,1,60,849.076393678353,26.5880649920753,24.6483597541761,0.0677966101694915,0.0313141022292364,17.4290223273035,33.3178567852135,0.144892519031305,ok,0.139667437494164,0.03,0.58,0.012440670326527,0.62,0.5284,0,0,0,0,observe
normal,252,6197.4390330097,6247.6238537007,103.290650550162,2.59155602874593,0,0,1,1,0,0,1,60,850.174850034722,25.3349646390801,24.1936419600651,0.0508474576271186,0.0297997107748428,17.1074882915614,31.4810214396065,0.136194221859823,ok,0.138669353001393,0.03,0.58,0.0058931693846915,0.62,0.5284,0,0,0,0,observe
normal,253,6222.47449634938,6272.70027764873,103.70790827249,2.60202637586268,0,0,1,1,0,0,1,60,851.089516052483,26.2059625115247,22.2602274561841,0.0169491525423729,0.0307910766344215,15.7403577850227,33.5521397098658,0.12547106583316,ok,0.132055878748183,0.03,0.58,0.0156781259881499,0.62,0.5284,0,0,0,0,observe
normal,254,6248.50818407914,6298.39214228366,104.141803067986,2.6129142010074,0,0,1,1,0,0,1,60,846.138143049209,27.9167304122112,25.0200991363605,0.0677966101694915,0.0329931118713173,17.6918817652802,35.2942628966735,0.149017394243494,ok,0.143101749591009,0.03,0.58,0.0140848682202021,0.62,0.5284,0,0,0,0,observe
normal,255,6273.51302268214,6324.15618662273,104.558550378036,2.62337174022764,0,0,1,1,0,0,1,60,857.598482899997,27.1035450914498,22.885926353771,0.0677966101694915,0.0316040030758897,16.1827937184874,34.7465322084577,0.141272175918609,ok,0.142970432771324,0.03,0.58,0.00404346869693906,0.62,0.5284,0,0,0,0,observe
normal,256,6299.2884216141,6349.37818008799,104.988140360235,2.63415154367001,0,0,1,1,0,0,1,60,849.767296738849,25.7047725288329,21.7000400385254,0.0169491525423729,0.0302491901341462,15.3442454632609,32.9548902695986,0.123149862082419,ok,0.132407646865922,0.03,0.58,0.0220423447226249,0.62,0.5284,0,0,0,0,observe
normal,257,6325.0002137165,6375.38946980167,105.416670228608,2.64490474542438,0,0,1,1,0,0,1,60,853.888052982362,23.3839923707904,21.0924902025787,0,0.0273853139051629,14.9146428543542,29.5156844223784,0.113638486397848,ok,0.122720861093417,0.03,0.58,0.0216247016561188,0.62,0.5284,0,0,0,0,observe
normal,258,6350.2354413579,6400.29447304716,105.837257355965,2.65545863809217,0,0,1,1,0,0,1,60,848.604882652902,24.1207693205662,17.2062853589516,0,0.0284240284420236,12.1666810563455,31.8683996665208,0.107325931805037,ok,0.115235236406603,0.03,0.58,0.0188316776227757,0.62,0.5284,0,0,0,0,observe
normal,259,6376.22698872544,6426.53525790242,106.270449812091,2.66632883926829,0,0,1,1,0,0,1,60,852.429801679129,27.667288178555,19.9664313980747,0.0338983050847458,0.0324569696226664,14.1183990376746,36.4914850194317,0.127230276775192,ok,0.123824431862938,0.03,0.58,0.00810915455298544,0.62,0.5284,0,0,0,0,observe
normal,260,6401.14840056621,6452.03612323311,106.685806676104,2.67675148769592,0,0,1,1,0,0,1,60,862.360836432423,26.7570927343287,31.1429768629188,0.11864406779661,0.0310277225076947,22.0214101261056,30.7724149075886,0.181607855458203,ok,0.158754441865246,0.03,0.58,0.0544128895070413,0.62,0.5284,0,0,0,0,observe
normal,261,6427.41047731636,6477.41798357624,107.123507955273,2.68773482983941,0,0,1,1,0,0,1,60,848.045427897119,26.8597412053928,32.4008341796084,0.0847457627118644,0.0316725264022664,22.910849564502,30.2982568388697,0.173856201536592,ok,0.168048850539622,0.03,0.58,0.0138270261832613,0.62,0.5284,0,0,0,0,observe
normal,262,6452.84771101482,6503.37865894094,107.547461850247,2.69837320560658,0,0,1,1,0,0,1,60,855.708928463877,26.6182324547338,24.7295985251087,0.0169491525423729,0.0311066433565411,17.4864668131252,33.335927712034,0.132221195198389,ok,0.147569979408109,0.03,0.58,0.0365447243088561,0.62,0.5284,0,0,0,0,observe
normal,263,6478.28974375356,6528.64121448886,107.971495729226,2.70901358843137,0,0,1,1,0,0,1,60,853.720515210212,23.3789999615479,21.2412770732834,0.0169491525423729,0.0273848402902573,15.019851059581,29.4543605014964,0.117159442285712,ok,0.130749104396034,0.03,0.58,0.0323563383579099,0.62,0.5284,0,0,0,0,observe
normal,264,6504.22755565379,6554.80737653577,108.40379259423,2.71986131632678,0,0,1,1,0,0,1,60,857.145293247196,23.3860042944738,20.759394919117,0,0.0272835941335904,14.6791089206372,29.6367028364892,0.112788381232867,ok,0.121573007530617,0.03,0.58,0.0209157768994052,0.62,0.5284,0,0,0,0,observe
normal,265,6529.48320749937,6580.03314227722,108.824720124989,2.73042375081801,0,0,1,1,0,0,1,60,856.532129806097,25.7911568782071,24.8321183487901,0.0338983050847458,0.0301111376686427,17.5589592756564,31.9695244786096,0.134325652698386,ok,0.130441901938151,0.03,0.58,0.00924702561960536,0.62,0.5284,0,0,0,0,observe
normal,266,6555.69741092308,6605.98311048926,109.261623515385,2.74138707134902,0,0,1,1,0,0,1,60,852.928899224868,23.3624102118578,22.9766108453297,0.0338983050847458,0.0273908062361227,16.246917337417,28.7687695052355,0.124853060285283,ok,0.128449237850646,0.03,0.58,0.00856232753657928,0.62,0.5284,0,0,0,0,observe
normal,267,6580.87375846043,6631.73208351378,109.681229307674,2.75191633914292,0,0,1,1,0,0,1,60,861.649020609234,22.2340976786421,22.8300378961334,0.0169491525423729,0.0258041234271019,16.1432746111018,26.983418686248,0.118362477450922,ok,0.12389799602497,0.03,0.58,0.0131798061286856,0.62,0.5284,0,0,0,0,observe
normal,268,6606.83764589656,6656.79647618273,110.113960764943,2.76277497236524,0,0,1,1,0,0,1,60,846.889428224363,26.2671181635481,26.7977475904578,0.0508474576271186,0.0310159948726969,18.9488690417382,31.9509523375227,0.145250039543007,ok,0.137695951765602,0.03,0.58,0.0179859232795353,0.62,0.5284,0,0,0,0,observe
normal,269,6632.5644142826,6683.07184319252,110.542740238043,2.77353443751031,0,0,1,1,0,0,1,60,855.662661312339,29.5572770879353,26.5837881388084,0.0508474576271186,0.0345431423203661,18.7975768625779,37.3351893232302,0.151816370664064,ok,0.146951856742217,0.03,0.58,0.0115821760043978,0.62,0.5284,0,0,0,0,observe
normal,270,6657.69839747589,6707.99004415401,110.961639957931,2.78404598766177,0,0,1,1,0,0,1,60,853.226132854793,29.9749931747312,25.4869074792492,0.0508474576271186,0.0351313585232539,18.0219651100512,38.3693784836615,0.150011609593069,ok,0.149559326605807,0.03,0.58,0.00107686425538539,0.62,0.5284,0,0,0,0,observe
normal,271,6683.87634799847,6734.01017271545,111.397939133308,2.79499414648183,0,0,1,1,0,0,1,60,848.972158715501,26.2819611808881,23.9469192164628,0.0677966101694915,0.0309573887801607,16.9330289664873,33.0870895826078,0.142447220920974,ok,0.146201410278138,0.03,0.58,0.00893854608848471,0.62,0.5284,0,0,0,0,observe
normal,272,6708.82410510695,6759.37196340679,111.813735085116,2.80542781304377,0,0,1,1,0,0,1,60,856.365320879621,25.3102451098213,28.0077124798985,0.101694915254237,0.0295554297829619,19.8044434200593,29.816120402563,0.162430629851731,ok,0.156466082091813,0.03,0.58,0.0142013041902816,0.62,0.5284,0,0,0,0,observe
normal,273,6734.87498564745,6785.03371960861,112.247916427458,2.81632282857654,0,0,1,1,0,0,1,60,850.392448219527,25.6355331380594,29.0454907430011,0.101694915254237,0.030145532444147,20.5382634672672,29.8754222111454,0.166440247594051,ok,0.162844152814397,0.03,0.58,0.00856213042774731,0.62,0.5284,0,0,0,0,observe
normal,274,6760.20011401355,6810.85731566554,112.670001900226,2.82691431958158,0,0,1,1,0,0,1,60,858.089204312639,24.0265035496202,26.1000346703892,0.0169491525423729,0.0280000067928443,18.4555115046362,28.5296309254443,0.130291749618628,ok,0.144396086309929,0.03,0.58,0.0335817540269051,0.62,0.5284,0,0,0,0,observe
normal,275,6785.89439514735,6835.94457836812,113.098239919122,2.83766019788773,0,0,1,1,0,0,1,60,848.514312658425,24.0484757785133,25.1710138300793,0.0169491525423729,0.0283418622641363,17.7985945685894,28.9804831899412,0.128228659310949,ok,0.13591619727551,0.03,0.58,0.0183036618203843,0.62,0.5284,0,0,0,0,observe
normal,276,6811.68083835508,6862.08588369343,113.528013972585,2.848444620274,0,0,1,1,0,0,1,60,853.80946713141,26.0953867703879,23.4299763871797,0.0338983050847458,0.0305634778893492,16.5674951864154,32.9766057173926,0.131574644748064,ok,0.134509008638249,0.03,0.58,0.00698658069091534,0.62,0.5284,0,0,0,0,observe
normal,277,6836.77748312967,6887.18152888874,113.946291385495,2.85894055472868,0,0,1,1,0,0,1,60,853.94917534382,26.3813493129406,23.1357421916301,0.0338983050847458,0.0308933483100078,16.3594401914854,33.5308797940643,0.131475524990014,ok,0.133895961104588,0.03,0.58,0.00576294312993986,0.62,0.5284,0,0,0,0,observe
normal,278,6862.9428077785,6912.74942654544,114.382380129642,2.86988343314792,0,0,1,1,0,0,1,60,844.392380866883,23.2244440942171,22.2935636648892,0.0338983050847458,0.0275043269224837,15.7639300442572,28.8140263852624,0.123272521568504,ok,0.128896187953824,0.03,0.58,0.0133896818698092,0.62,0.5284,0,0,0,0,observe
normal,279,6887.99112655615,6938.40063932413,114.799852109269,2.88035915667396,0,0,1,1,0,0,1,60,853.651840589765,24.6390562542968,23.919669717337,0.0169491525423729,0.0288631208681919,16.9137606608715,30.4645841348862,0.126041292963949,ok,0.12852816492326,0.03,0.58,0.00592112371264591,0.62,0.5284,0,0,0,0,observe
normal,280,6913.63765575355,6963.54995068781,115.227294262559,2.89108506413544,0,0,1,1,0,0,1,60,846.675402372812,24.9626023457992,23.6857008086041,0,0.0294830843979184,16.7483196589196,31.076628201136,0.123227363155448,ok,0.126750790141863,0.03,0.58,0.00838911187241607,0.62,0.5284,0,0,0,0,observe
normal,281,6939.24070987286,6989.58792583532,115.654011831214,2.9017927894226,0,0,1,1,0,0,1,60,853.12144185316,26.7169523262576,27.2224950683412,0.0677966101694915,0.0313167047685763,19.2492108636414,32.5124432230817,0.151918562869882,ok,0.142689978412539,0.03,0.58,0.0219728201365313,0.62,0.5284,0,0,0,0,observe
normal,282,6964.42434641007,7014.40424710316,116.073739106835,2.91232510562658,0,0,1,1,0,0,1,60,847.571606922602,29.340549852902,30.2331908424317,0.0847457627118644,0.034617192946603,21.3780942615904,35.5628010297813,0.172649914458768,ok,0.161006953863356,0.03,0.58,0.0277213347509807,0.62,0.5284,0,0,0,0,observe
normal,283,6990.44769518197,7040.21119781621,116.507461586366,2.92320860680588,0,0,1,1,0,0,1,60,843.721199681471,24.3988077014179,25.6739187223234,0.0338983050847458,0.0289180925057106,18.1542020281872,29.3432885549882,0.134135921627408,ok,0.145900379929149,0.03,0.58,0.0280106150041465,0.62,0.5284,0,0,0,0,observe
normal,284,7015.25849275354,7065.35895460665,116.920974879226,2.93358499406475,0,0,1,1,0,0,1,60,849.245125058039,23.12631130155,23.8623230506571,0.0508474576271186,0.0272316091304846,16.8732104439837,28.01691128846,0.130883272427591,ok,0.138049768004031,0.03,0.58,0.0170630847058098,0.62,0.5284,0,0,0,0,observe
normal,285,7041.06551828754,7090.51928854279,117.351091971459,2.94437802440437,0,0,1,1,0,0,1,60,838.468178776228,24.4209684860009,27.5584735246482,0.0677966101694915,0.0291256950521892,19.4867835084287,28.5137277830193,0.148568285032467,ok,0.145207653726822,0.03,0.58,0.00800150310867842,0.62,0.5284,0,0,0,0,observe
normal,286,7066.18208776156,7116.63586541942,117.769701462693,2.95488229177929,0,0,1,1,0,0,1,60,854.615180212912,28.0482842480481,25.2862377463096,0.0508474576271186,0.0328197823973363,17.8800701811108,35.407846430377,0.144811180093036,ok,0.145854466145311,0.03,0.58,0.00248401441017662,0.62,0.5284,0,0,0,0,observe
normal,287,7091.38598229553,7141.48930773501,118.189766371592,2.96542308029532,0,0,1,1,0,0,1,60,849.500319870451,28.2614409296107,22.9686580995299,0.0508474576271186,0.0332683111101366,16.2412938969329,36.519015038596,0.139744979308387,ok,0.143171431233033,0.03,0.58,0.00815821886820484,0.62,0.5284,0,0,0,0,observe
normal,288,7117.48235756258,7167.34394465961,118.624705959376,2.97633712266105,0,0,1,1,0,0,1,60,845.134654003121,24.8099198964855,22.9907632524951,0.0338983050847458,0.0293561739291711,16.2569246004938,31.0930322270749,0.128138698148986,ok,0.135380525977214,0.03,0.58,0.0172424472100648,0.62,0.5284,0,0,0,0,observe
normal,289,7142.31925995653,7192.2333691023,119.038654332609,2.98672442749504,0,0,1,1,0,0,1,60,845.734356121401,25.4522311769084,25.293030783066,0.0169491525423729,0.0300948294138531,17.8848735834661,31.2372124343549,0.131597086564479,ok,0.134310541863202,0.03,0.58,0.00646060785410124,0.62,0.5284,0,0,0,0,observe
normal,290,7168.20441514009,7217.78226777688,119.470073585668,2.99755013326551,0,0,1,1,0,0,1,60,840.638718621152,24.8581161244408,24.9994045924291,0.0169491525423729,0.02957051058178,17.6772485129327,30.3869504808295,0.129781719946526,ok,0.132835199496577,0.03,0.58,0.00727018940488344,0.62,0.5284,0,0,0,0,observe
normal,291,7193.04930488466,7243.34436823163,119.884155081411,3.00794077857426,0,0,1,1,0,0,1,60,851.849985488876,24.1975901960559,24.0669330639843,0,0.0284059289878005,17.017891571906,29.6890233763148,0.122383079316965,ok,0.127961522765088,0.03,0.58,0.0132820082098178,0.62,0.5284,0,0,0,0,observe
normal,292,7218.6175231173,7268.37326231268,120.310292051955,3.01863393477514,0,0,1,1,0,0,1,60,843.183242263425,27.5309238928327,27.6128471988252,0.0338983050847458,0.0326511753470446,19.5252315021572,33.6848463789441,0.146380286666733,ok,0.139955775454362,0.03,0.58,0.0152964552675497,0.62,0.5284,0,0,0,0,observe
normal,293,7244.15292719788,7294.35075373258,120.735882119965,3.02931336742084,0,0,1,1,0,0,1,60,850.106425015881,30.0446202772428,31.0398870089908,0.101694915254237,0.0353421870405008,21.9485145913216,36.3816041763136,0.182843111205821,ok,0.165839544648758,0.03,0.58,0.0404846822787206,0.62,0.5284,0,0,0,0,observe
normal,294,7269.21382525709,7319.0262040451,121.153563754285,3.03979435186187,0,0,1,1,0,0,1,60,844.215695540292,31.2404959632527,30.1550483942944,0.101694915254237,0.0370053484296558,21.3228392066141,38.6946211278635,0.183437545186461,ok,0.176403228435477,0.03,0.58,0.0167483732166284,0.62,0.5284,0,0,0,0,observe
normal,295,7295.16464020569,7344.80354141825,121.586077336762,3.05064751790029,0,0,1,1,0,0,1,60,840.879794761196,29.6431672858815,26.7861460930179,0.0508474576271186,0.0352525622218096,18.9406655442265,37.3990096422254,0.153434447093905,ok,0.163171973900792,0.03,0.58,0.0231845876354431,0.62,0.5284,0,0,0,0,observe
normal,296,7319.84024880932,7369.73644417755,121.997337480155,3.06096736634454,0,0,1,1,0,0,1,60,845.170668874067,28.1108499798435,26.5124351437345,0.0338983050847458,0.033260560281029,18.7471226759032,35.0568846954941,0.144541805452279,ok,0.152790542458354,0.03,0.58,0.0196398500144651,0.62,0.5284,0,0,0,0,observe
normal,297,7345.67126514,7394.75605776664,122.427854419,3.07177043013014,0,0,1,1,0,0,1,60,832.541939139692,23.8072925163124,26.2730190748742,0.0508474576271186,0.0285959077820316,18.577829950087,28.0791486384502,0.139173229260968,ok,0.14557817913392,0.03,0.58,0.0152498806498848,0.62,0.5284,0,0,0,0,observe
normal,298,7370.52137672412,7420.29929138443,122.842022945402,3.08216325931989,0,0,1,1,0,0,1,60,842.714120114764,23.9418877068164,23.6174789913005,0.0338983050847458,0.028410450395154,16.7000795492794,29.4539524848423,0.127962163067252,ok,0.136228319701078,0.03,0.58,0.0196813253186326,0.62,0.5284,0,0,0,0,observe
normal,299,7395.60568676247,7444.63823834142,123.260094779375,3.09265403513347,0,0,1,1,0,0,1,60,831.36967624642,28.8607718830295,26.4761497151069,0.0508474576271186,0.0347147276447873,18.7214650032624,36.26837541854,0.15120183126524,ok,0.146016002751824,0.03,0.58,0.0123472107462264,0.62,0.5284,0,0,0,0,observe
normal,300,7421.1325427815,7470.20876486292,123.685542379692,3.10332989280353,0,0,1,1,0,0,1,60,831.824557974768,27.2472740769699,25.2405492887739,0.0677966101694915,0.0327560346899452,17.8477635629653,34.1509183632229,0.148774239906475,ok,0.148472177032176,0.03,0.58,0.000719197319760334,0.62,0.5284,0,0,0,0,observe
normal,301,7445.47542908259,7494.9384062951,124.091257151377,3.11351058991857,0,0,1,1,0,0,1,60,838.336132561257,24.088357053574,23.8135533446272,0.0508474576271186,0.0287335307616768,16.8387250541335,29.6134298863241,0.133119618590127,ok,0.140362194274577,0.03,0.58,0.0172442278201181,0.62,0.5284,0,0,0,0,observe
normal,302,7471.07075435866,7520.0428656927,124.517845905978,3.12421508284407,0,0,1,1,0,0,1,60,830.568347162992,23.3436898483154,24.3556532205042,0.0338983050847458,0.0281056820044388,17.2220475524465,28.1648147441086,0.129060238667478,ok,0.13480593272674,0.03,0.58,0.0136802239506246,0.62,0.5284,0,0,0,0,observe
normal,303,7495.77688759257,7545.082102701,124.929614793209,3.13454769731826,0,0,1,1,0,0,1,60,835.728273431791,23.4175827924187,20.3856968194286,0,0.0280205702461853,14.414864460231,29.8157349443668,0.112832147610324,ok,0.123200027854505,0.03,0.58,0.024685429152812,0.62,0.5284,0,0,0,0,observe
normal,304,7520.93280740249,7569.66321843229,125.348880123375,3.14506842181524,0,0,1,1,0,0,1,60,827.005878993151,25.7075275234773,22.7181481601467,0.0169491525423729,0.0310850601869665,16.0641566200404,32.6143651605776,0.126561448432537,ok,0.12658101108783,0.03,0.58,4.65777506978571e-05,0.62,0.5284,0,0,0,0,observe
normal,305,7545.90595841217,7595.14067895118,125.765099306869,3.15551270863041,0,0,1,1,0,0,1,60,834.309604169502,25.8541040236717,23.0613191771873,0.0338983050847458,0.0309886208842192,16.3068151732965,32.7254819466058,0.131035999085999,ok,0.130511062647355,0.03,0.58,0.00124984866343952,0.62,0.5284,0,0,0,0,observe
normal,306,7570.5066355203,7619.2656840664,126.175110592005,3.1658012191778,0,0,1,1,0,0,1,60,826.707760568561,28.1820625852375,22.2350883058709,0.0169491525423729,0.0340895101382084,15.722581721363,36.6231856496885,0.131187935546246,ok,0.132150770149998,0.03,0.58,0.00229246334226751,0.62,0.5284,0,0,0,0,observe
normal,307,7595.9541888026,7644.61314615455,126.599236480043,3.17644391080777,0,0,1,1,0,0,1,60,824.541120056143,27.566901346634,23.9615437152603,0.0169491525423729,0.0334330219271017,16.9433700487585,35.1111137832586,0.133999171201826,ok,0.134428643352279,0.03,0.58,0.00102255273917218,0.62,0.5284,0,0,0,0,observe
normal,308,7620.07358737091,7669.34494474657,127.001226456182,3.1865311407436,0,0,1,1,0,0,1,60,834.654344669443,24.7894101631014,22.6890628065884,0.0169491525423729,0.0297002110171954,16.0435901693062,31.171027043527,0.124147165703146,ok,0.129613784503304,0.03,0.58,0.013015759047996,0.62,0.5284,0,0,0,0,observe
normal,309,7645.47086104716,7693.98472765685,127.424514350786,3.19715280440532,0,0,1,1,0,0,1,60,822.859691705091,24.4929637487975,23.2824569578296,0.0338983050847458,0.0297656623549567,16.4631831975652,30.4757960585646,0.129119705884873,ok,0.130596951535131,0.03,0.58,0.00351725154823326,0.62,0.5284,0,0,0,0,observe
normal,310,7670.15144632539,7719.04383591153,127.835857438757,3.20747473419752,0,0,1,1,0,0,1,60,828.314852749219,25.1027345316248,22.7542282812575,0.0508474576271186,0.0303057882498515,16.0896691183439,31.6451751392319,0.133122599511208,ok,0.13330678418257,0.03,0.58,0.000438534931814644,0.62,0.5284,0,0,0,0,observe
normal,311,7694.84120000462,7743.27909494095,128.24735333341,3.21780049840412,0,0,1,1,0,0,1,60,821.572788068279,23.8999423484247,19.7570230101349,0.0169491525423729,0.0290904746305186,13.970324946525,30.7773375944793,0.116249170069957,ok,0.124590037035854,0.03,0.58,0.0198592070616587,0.62,0.5284,0,0,0,0,observe
normal,312,7719.88065779749,7768.54113169076,128.664677629958,3.22827251608357,0,0,1,1,0,0,1,60,824.954929654021,24.5753667305544,21.6052506698991,0.0169491525423729,0.0297899507562929,15.2772192579209,31.2170445690794,0.121589829795046,ok,0.124246247902882,0.03,0.58,0.00632480501865641,0.62,0.5284,0,0,0,0,observe
normal,313,7744.08908533641,7792.71719431398,129.068151422274,3.23839697977111,0,0,1,1,0,0,1,60,823.968322883873,28.6293923150371,22.7910372078403,0.0338983050847458,0.0347457438834964,16.1156969599388,37.1425432644566,0.137419593178622,ok,0.133291782715659,0.03,0.58,0.00982812014991316,0.62,0.5284,0,0,0,0,observe
normal,314,7769.38271088594,7817.42632706397,129.489711848099,3.24897529564852,0,0,1,1,0,0,1,60,814.753256220166,27.3715815049458,25.2972167065538,0.0508474576271186,0.0335949335531705,17.8878334783498,34.3283026322976,0.145358662094468,ok,0.141467619830934,0.03,0.58,0.00926438634174917,0.62,0.5284,0,0,0,0,observe
normal,315,7793.50379670528,7842.12315573622,129.891729945088,3.25906323122753,0,0,1,1,0,0,1,60,823.432690370679,25.9309637243292,25.3008219808283,0.0508474576271186,0.0314912973793353,17.8903827922374,32.011934694613,0.141562443589373,ok,0.142493633591089,0.03,0.58,0.00221711905170432,0.62,0.5284,0,0,0,0,observe
normal,316,7818.26842185567,7866.49239674117,130.304473697594,3.26942030822757,0,0,1,1,0,0,1,60,817.767827953241,24.9893696229309,22.2838121923524,0.0508474576271186,0.0305580248681044,15.7570347118999,31.6331004707237,0.132245076027294,ok,0.137494630637593,0.03,0.58,0.0124989395483298,0.62,0.5284,0,0,0,0,observe
normal,317,7842.9140394086,7891.58944895254,130.715233990143,3.27972761379586,0,0,1,1,0,0,1,60,824.438220272124,25.8185254583931,28.25913948637,0.0847457627118644,0.031316507196708,19.9822291613087,30.5598270845293,0.159642001328365,ok,0.151411240946173,0.03,0.58,0.0195970485290281,0.62,0.5284,0,0,0,0,observe
normal,318,7867.34544706479,7915.56205778483,131.122424117747,3.28994533236732,0,0,1,1,0,0,1,60,817.827684061114,25.5405642026451,27.0655950732613,0.0508474576271186,0.031229762333084,19.1382658131522,30.632786703857,0.145747956970726,ok,0.14884697296857,0.03,0.58,0.00737860951867675,0.62,0.5284,0,0,0,0,observe
normal,319,7892.38128048974,7940.58844520704,131.539688008162,3.30041583426136,0,0,1,1,0,0,1,60,816.64993757498,25.424012619055,25.0003882319844,0.0508474576271186,0.0311320817516388,17.6779440511326,31.308962445804,0.139964607975305,ok,0.144480257553669,0.03,0.58,0.0107515466151511,0.62,0.5284,0,0,0,0,observe
normal,320,7916.35147257032,7964.81349834524,131.939191209505,3.31044066296668,0,0,1,1,0,0,1,60,820.857342673544,25.0308239327366,25.5642877814183,0.0508474576271186,0.0304935128571926,18.0766812464453,30.4354708952849,0.140375995220341,ok,0.142994882909986,0.03,0.58,0.00623544688010749,0.62,0.5284,0,0,0,0,observe
normal,321,7941.41355828133,7989.07448767661,132.356892638022,3.3209221441082,0,0,1,1,0,0,1,60,808.100707826082,21.2424064823866,25.322183305164,0.0508474576271186,0.0262868306841756,17.9054875295303,24.122047646411,0.132393916827707,ok,0.137778851532933,0.03,0.58,0.0128212731076794,0.62,0.5284,0,0,0,0,observe
normal,322,7965.60705543343,8014.02287119007,132.760117590557,3.33104036360002,0,0,1,1,0,0,1,60,820.156214080498,26.4351402855655,25.8659431211729,0.0508474576271186,0.032231835632926,18.2899837827669,32.6053642375174,0.144376869967878,ok,0.142669675166571,0.03,0.58,0.0040647495269214,0.62,0.5284,0,0,0,0,observe
normal,323,7989.9129258873,8037.6685060044,133.165215431455,3.34120557992431,0,0,1,1,0,0,1,60,809.900305463232,31.1033688399615,21.5242730868254,0,0.0384039475354582,15.2199594598053,41.2697460669587,0.134958543767231,ok,0.139137943140756,0.03,0.58,0.00995095088934639,0.62,0.5284,0,0,0,0,observe
normal,324,8014.81798451986,8062.57643942329,133.580299741998,3.35162138910299,0,0,1,1,0,0,1,60,809.226137220303,29.7285384028315,28.3061407886686,0.101694915254237,0.0367369972810681,20.0154641008887,36.9723300315694,0.176189158336717,ok,0.161657371787266,0.03,0.58,0.0345994917844061,0.62,0.5284,0,0,0,0,observe
normal,325,8038.49633320547,8086.3469358718,133.974938886758,3.36152416288137,0,0,1,1,0,0,1,60,811.307164456678,29.4098867382206,33.2520515260546,0.169491525423729,0.0362500024980256,23.5127511224377,34.3079205222968,0.221981050062261,ok,0.197107339417724,0.03,0.58,0.0592231205822311,0.62,0.5284,0,0,0,0,observe
normal,326,8063.37275988626,8110.76520076746,134.389545998104,3.37192799758729,0,0,1,1,0,0,1,60,803.146022402907,24.6337272454759,29.4382104899799,0.101694915254237,0.030671542357609,20.8159582634618,27.9345112286366,0.167581249317311,ok,0.179551102206158,0.03,0.58,0.0284996497353497,0.62,0.5284,0,0,0,0,observe
normal,327,8087.12989824364,8135.23129679391,134.785498304061,3.38186372283141,0,0,1,1,0,0,1,60,814.739348701933,24.8851204616401,26.5582326101259,0.0677966101694915,0.0305436585348281,18.7795063749498,29.7635444981591,0.147798387100428,ok,0.161145839669239,0.03,0.58,0.031779648973361,0.62,0.5284,0,0,0,0,observe
normal,328,8111.61211805285,8159.11145386283,135.193535300881,3.39210269209325,0,0,1,1,0,0,1,60,805.770884922804,25.7489787316042,23.4590210071171,0.0338983050847458,0.0319557075260557,16.5880328341301,32.4169242547011,0.13315494544448,ok,0.145386245859214,0.03,0.58,0.0291221438446049,0.62,0.5284,0,0,0,0,observe
normal,329,8136.03556303062,8183.91703753703,135.600592717177,3.40231708050837,0,0,1,1,0,0,1,60,811.429012385309,25.7745365100416,23.8348492617454,0.0338983050847458,0.0317643763245213,16.8537835415393,32.3203255699858,0.133854635090144,ok,0.139570178217501,0.03,0.58,0.0136084360175168,0.62,0.5284,0,0,0,0,observe
normal,330,8159.92725463404,8207.46035483833,135.998787577234,3.4123090786951,0,0,1,1,0,0,1,60,805.815016258321,28.7571379063633,23.1666541166897,0.0338983050847458,0.0356870216192951,16.3812982233145,37.2236353631672,0.139745492507133,ok,0.140690692014407,0.03,0.58,0.00225047501731815,0.62,0.5284,0,0,0,0,observe
normal,331,8184.70681308973,8231.87914554059,136.411780218162,3.42267240111141,0,0,1,1,0,0,1,60,799.368466726108,23.7051677024923,23.8878563115114,0.0508474576271186,0.0296548696742807,16.8912651858796,28.9578160783382,0.134145366233858,ok,0.137884997622926,0.03,0.58,0.00890388425968403,0.62,0.5284,0,0,0,0,observe
normal,332,8208.23840366137,8255.76045992479,136.803973394356,3.43251379761969,0,0,1,1,0,0,1,60,805.001751441049,27.9076717226337,27.3468776982157,0.0847457627118644,0.0346678397564671,19.3371626646875,34.4056742709105,0.162993024901812,ok,0.153508951504582,0.03,0.58,0.0225811271362623,0.62,0.5284,0,0,0,0,observe
normal,333,8232.69550704637,8279.73385859113,137.211591784106,3.44274226267491,0,0,1,1,0,0,1,60,797.578550842222,29.6334768553599,30.4559451661603,0.101694915254237,0.0371543051453274,21.5356053544376,35.9514061351183,0.18326607483936,ok,0.171435657460838,0.03,0.58,0.0281676604250527,0.62,0.5284,0,0,0,0,observe
normal,334,8256.49045654057,8304.48764071461,137.608174275676,3.45269380131629,0,0,1,1,0,0,1,60,812.119679830323,28.0239930551668,25.3914672927289,0.0508474576271186,0.0345072207350299,17.9544787069651,35.3316440018464,0.147344841101285,ok,0.157678805404284,0.03,0.58,0.0246046769119025,0.62,0.5284,0,0,0,0,observe
normal,335,8280.55651592651,8327.88611340688,138.009275265442,3.46275872370594,0,0,1,1,0,0,1,60,802.537580262442,30.8989040928031,21.9991425228805,0.0338983050847458,0.0385015042942895,15.5557428582181,40.8350757609373,0.142883392116681,ok,0.149659959801286,0.03,0.58,0.0161346849633461,0.62,0.5284,0,0,0,0,observe
normal,336,8305.27143743094,8352.67251768501,138.421190623849,3.47309501361612,0,0,1,1,0,0,1,60,803.081282839927,31.1720760210646,29.342423802977,0.0847457627118644,0.0388155927514972,20.7482268475346,38.8961145824271,0.177553989154877,ok,0.166603065839377,0.03,0.58,0.026073626941668,0.62,0.5284,0,0,0,0,observe
normal,337,8328.67329052892,8376.07456182909,138.811221508815,3.48288215123712,0,0,1,1,0,0,1,60,803.14080703677,31.6102023326531,27.9738999214412,0.0508474576271186,0.0393582321502012,19.7805343306849,40.0891537029049,0.16454272068966,ok,0.165745668393388,0.03,0.58,0.00286416119935426,0.62,0.5284,0,0,0,0,observe
normal,338,8353.49721466429,8400.0778149084,139.224953577738,3.4932640282957,0,0,1,1,0,0,1,60,790.088287056534,25.2891557272811,22.3789035622542,0,0.0320080124481982,15.8242744643897,32.0729657573635,0.123447300407767,ok,0.141571824118214,0.03,0.58,0.0431536278820185,0.62,0.5284,0,0,0,0,observe
normal,339,8376.84036941469,8424.19892129031,139.614006156911,3.50302661705711,0,0,1,1,0,0,1,60,802.072657687146,26.7776266346892,24.6684101234276,0.0338983050847458,0.0333855373051926,17.4432000793665,33.6127557240525,0.138806291000537,ok,0.140936204942182,0.03,0.58,0.00507122367058493,0.62,0.5284,0,0,0,0,observe
normal,340,8400.94008410251,8447.78450906136,140.015668068375,3.51310561478814,0,0,1,1,0,0,1,60,795.111569215871,27.5576177637202,24.7170938602185,0.0508474576271186,0.0346588061734496,17.4776246797849,34.8335646923365,0.145443507816457,ok,0.144534848244719,0.03,0.58,0.0021634751708057,0.62,0.5284,0,0,0,0,observe
normal,341,8424.97798036155,8472.11607359447,140.416299672693,3.52315875877728,0,0,1,1,0,0,1,60,798.619205069215,26.1845107683168,28.7506690744304,0.101694915254237,0.0327872290099102,20.3297930661801,30.950875952685,0.16930247409612,ok,0.159793793062765,0.03,0.58,0.0226397167460845,0.62,0.5284,0,0,0,0,observe
normal,342,8448.56142162123,8495.51803110966,140.809357027021,3.5330218403127,0,0,1,1,0,0,1,60,795.558700805096,26.1719894188975,31.9886164298238,0.11864406779661,0.0328976220012574,22.6193675983038,29.2969327701479,0.186352718868847,ok,0.175707166445111,0.03,0.58,0.0253465533898486,0.62,0.5284,0,0,0,0,observe
normal,343,8472.88395990838,8519.89682421337,141.21473266514,3.54319402746863,0,0,1,1,0,0,1,60,796.345843648306,25.9487883742336,28.6930535153846,0.0508474576271186,0.0325848230152796,20.289052713677,30.5783187268881,0.152478396431788,ok,0.162342659242967,0.03,0.58,0.0234863400266161,0.62,0.5284,0,0,0,0,observe
normal,344,8496.29095251599,8543.43778007159,141.6048492086,3.55298331453856,0,0,1,1,0,0,1,60,798.662482698805,24.8838911393757,21.6402581816873,0.0169491525423729,0.0311569551323973,15.3019733068987,31.6901512995372,0.123567542754235,ok,0.140298056666579,0.03,0.58,0.0398345569341541,0.62,0.5284,0,0,0,0,observe
normal,345,8520.72499135542,8567.19314708401,142.012083189257,3.56320213352512,0,0,1,1,0,0,1,60,788.272047844109,25.2001702448323,23.284624295828,0.0338983050847458,0.0319688745957106,16.464715736961,31.6071241405816,0.132360545925322,ok,0.136694789408652,0.03,0.58,0.0103196273412623,0.62,0.5284,0,0,0,0,observe
normal,346,8544.19313546323,8591.22311449013,142.403218924387,3.57301699541367,0,0,1,1,0,0,1,60,796.422240309004,25.8890632183461,26.1943064285164,0.0508474576271186,0.0325067054987081,18.5221717040823,31.5818989931184,0.145228236909366,ok,0.142735480265968,0.03,0.58,0.00593513486523292,0.62,0.5284,0,0,0,0,observe
normal,347,8567.9994945231,8614.42228790928,142.799991575385,3.58297330577073,0,0,1,1,0,0,1,60,787.152347087656,25.8139320330873,26.546914053229,0.0508474576271186,0.0327940736359295,18.7715029466147,31.3105230097317,0.146515907949675,ok,0.145867194219816,0.03,0.58,0.0015445564996642,0.62,0.5284,0,0,0,0,observe
normal,348,8591.9663047553,8638.88673500715,143.199438412588,3.59299672011731,0,0,1,1,0,0,1,60,794.393675283605,29.7784925940248,27.3540014255225,0.0508474576271186,0.0374858127909863,19.3421999005734,37.4085089966311,0.158372944938837,ok,0.153980676342509,0.03,0.58,0.0104577823722106,0.62,0.5284,0,0,0,0,observe
normal,349,8615.18796126916,8662.26689526189,143.586466021153,3.60270849581034,0,0,1,1,0,0,1,60,797.410122543474,27.611192609306,25.6606291632932,0.0338983050847458,0.0346260874156393,18.1448048908779,34.5763209449525,0.143710634771176,ok,0.148679739187305,0.03,0.58,0.0118312009907819,0.62,0.5284,0,0,0,0,observe
normal,350,8639.70744710323,8686.22825809137,143.995124118387,3.61296305049237,0,0,1,1,0,0,1,60,789.02538473696,23.1460149852461,22.9650530853285,0.0169491525423729,0.0293349433782315,16.2387447669448,28.4214564684587,0.123272153491318,ok,0.134732610056112,0.03,0.58,0.0272868013447484,0.62,0.5284,0,0,0,0,observe
normal,351,8663.03109461971,8709.79049436502,144.383851576995,3.62271748092623,0,0,1,1,0,0,1,60,792.059985052082,25.8929360891549,22.268916830378,0,0.0326906251771478,15.7465021004396,33.0595818218406,0.124503784837742,ok,0.129940629656044,0.03,0.58,0.0129448686150036,0.62,0.5284,0,0,0,0,observe
normal,352,8687.06049623795,8733.13907458754,144.784341603966,3.63276707228138,0,0,1,1,0,0,1,60,781.846941602728,26.1289401001951,23.3683689379126,0.0169491525423729,0.0334195079750938,16.5239321412671,33.0515156703889,0.131456933438076,ok,0.13208158198229,0.03,0.58,0.00148725843860495,0.62,0.5284,0,0,0,0,observe
normal,353,8710.53571279313,8757.26991300962,145.175595213219,3.64258489201328,0,0,1,1,0,0,1,60,791.323644076663,24.385487307386,23.2848777725251,0.0338983050847458,0.0308160731578286,16.4648949720524,30.3020001979514,0.130342101305179,ok,0.132280227323612,0.03,0.58,0.00461458575817342,0.62,0.5284,0,0,0,0,observe
normal,354,8733.94174159265,8780.45164375871,145.565695693211,3.65237377599878,0,0,1,1,0,0,1,60,788.542819519549,24.7375829953679,22.698240687339,0.0338983050847458,0.0313712615003459,16.0500799110218,31.0852209217699,0.129868698707053,ok,0.132084078997453,0.03,0.58,0.00527471497714277,0.62,0.5284,0,0,0,0,observe
normal,355,8758.04815252386,8804.60834246869,145.967469208731,3.66245557423691,0,0,1,1,0,0,1,60,788.973824317882,26.3013296442938,23.965510154223,0.0338983050847458,0.0333361245121573,16.9461747446462,33.1111317178911,0.136613446988469,ok,0.135918593641506,0.03,0.58,0.00165441273086309,0.62,0.5284,0,0,0,0,observe
normal,356,8781.21522579549,8828.07484866198,146.353587096592,3.67214452209228,0,0,1,1,0,0,1,60,793.72008172108,26.2489735898876,28.6846306744875,0.0677966101694915,0.0330708195425395,20.2830968657617,31.0904038342919,0.158083115150339,ok,0.149884867556863,0.03,0.58,0.0195196371273233,0.62,0.5284,0,0,0,0,observe
normal,357,8805.43912534962,8851.31127057059,146.757318755827,3.68227545649567,0,0,1,1,0,0,1,60,778.382135031699,25.1102624162915,29.0595998610722,0.0847457627118644,0.0322595564391632,20.5482401203318,28.9623960539736,0.162727452259523,ok,0.158092468021973,0.03,0.58,0.0110356767560713,0.62,0.5284,0,0,0,0,observe
normal,358,8828.79944630585,8875.39530389423,147.146657438431,3.69204522451841,0,0,1,1,0,0,1,60,788.674253870849,27.7739560733633,26.2850790910203,0.0677966101694915,0.0352160045000169,18.5863576692852,34.6024938482709,0.155310656600979,ok,0.157031087203643,0.03,0.58,0.00409626333967544,0.62,0.5284,0,0,0,0,observe
normal,359,8852.1192229774,8898.53554937686,147.535320382957,3.70179803608508,0,0,1,1,0,0,1,60,787.071313437764,25.3107412455082,24.7302926916723,0.0338983050847458,0.0321581295282586,17.4869576630096,31.2325720440416,0.136298319408821,ok,0.145584898485114,0.03,0.58,0.0221109025626028,0.62,0.5284,0,0,0,0,observe
normal,360,8876.16681724688,8922.71816856813,147.936113620781,3.71185523598219,0,0,1,1,0,0,1,60,788.714411231717,23.0256042334291,21.9731193679002,0,0.0291938424168902,15.5373417088637,28.6172659988864,0.117498120584504,ok,0.130161827860935,0.03,0.58,0.0301516839915039,0.62,0.5284,0,0,0,0,observe
normal,361,8899.34167677472,8945.76399297608,148.322361279579,3.72154744021049,0,0,1,1,0,0,1,60,787.140726653653,29.0421182363198,23.8436098443703,0,0.0368957128667267,16.8599782089205,37.4517075458447,0.136516834554532,ok,0.135103653681126,0.03,0.58,0.00336471636525235,0.62,0.5284,0,0,0,0,observe
normal,362,8923.53407333448,8969.50482353934,148.725567888908,3.7316651994119,0,0,1,1,0,0,1,60,779.777582853402,27.9838512514746,26.7619051163307,0.0338983050847458,0.0358869655486564,18.9235245852284,34.757619006508,0.148762815711535,ok,0.144157355585999,0.03,0.58,0.0109653812512773,0.62,0.5284,0,0,0,0,observe
normal,363,8946.53948855265,8993.23031043289,149.108991475877,3.74128653853517,0,0,1,1,0,0,1,60,791.105290946631,23.0683550015462,24.843427744812,0.0508474576271186,0.0291596520280414,17.5669562262746,27.4899991614929,0.135560468984581,ok,0.14007439599641,0.03,0.58,0.0107474452662575,0.62,0.5284,0,0,0,0,observe
normal,364,8970.30605129838,9016.2762568499,149.505100854973,3.75122620525287,0,0,1,1,0,0,1,60,779.523888509135,27.5764848495655,25.5643134474037,0.0847457627118644,0.0353760612805676,18.0766993950376,34.5565908662599,0.158841378645061,ok,0.151965371153518,0.03,0.58,0.0163714464084356,0.62,0.5284,0,0,0,0,observe
normal,365,8993.99818729366,9040.21585732477,149.899969788228,3.76113474516851,0,0,1,1,0,0,1,60,783.092448197993,27.3497285266884,26.5182280298379,0.101694915254237,0.0349252870329985,18.7512188649496,33.8290864796239,0.166665780342064,ok,0.161198081129806,0.03,0.58,0.0130183314577578,0.62,0.5284,0,0,0,0,observe
normal,366,9017.06172634591,9063.21482588852,150.284362105765,3.77078039287798,0,0,1,1,0,0,1,60,782.309483976995,24.0153319404151,22.8580636336824,0.0338983050847458,0.0306979941216222,16.1630918001704,29.870165715575,0.128917117446046,ok,0.142948930548754,0.03,0.58,0.0334090788159722,0.62,0.5284,0,0,0,0,observe
normal,367,9041.03590219175,9087.16912841384,150.683931703196,3.7808068876761,0,0,1,1,0,0,1,60,782.554518151115,24.9589003794355,23.7467735029557,0.0338983050847458,0.0318941361918197,16.791504575241,31.0473636626498,0.133231322137429,ok,0.138246404620357,0.03,0.58,0.0119406725784,0.62,0.5284,0,0,0,0,observe
normal,368,9064.01562238391,9110.55030000126,151.066927039732,3.79041748060953,0,0,1,1,0,0,1,60,788.92456854549,24.966906355448,27.7955827549482,0.0508474576271186,0.0316467598435659,19.6544450530557,29.3325010113327,0.147951174756808,ok,0.144927361903066,0.03,0.58,0.0071995544136729,0.62,0.5284,0,0,0,0,observe
normal,369,9087.96949028379,9134.16505875185,151.466158171396,3.80043548220581,0,0,1,1,0,0,1,60,783.265505633319,24.9157481351793,28.6101742426153,0.0338983050847458,0.0318100924347911,20.230448217882,28.849921580049,0.146306651564527,ok,0.146611180386756,0.03,0.58,0.000725068624354647,0.62,0.5284,0,0,0,0,observe
normal,370,9111.30931499458,9158.09225574636,151.85515524991,3.81019667827597,0,0,1,1,0,0,1,60,792.365929084974,22.7972898047751,23.8637267345196,0.0169491525423729,0.0287711636353439,16.8742029983615,27.4716966723188,0.124576677540357,ok,0.134672566990098,0.03,0.58,0.0240378320231935,0.62,0.5284,0,0,0,0,observe
normal,371,9134.99044291717,9181.1640099019,152.249840715286,3.82010061438858,0,0,1,1,0,0,1,60,783.315852500956,24.7583301286371,23.947384157363,0.0169491525423729,0.03160708422993,16.9333577293506,30.6465531100481,0.129555208357702,ok,0.132846750295158,0.03,0.58,0.00783700461299028,0.62,0.5284,0,0,0,0,observe
normal,372,9158.83972191089,9205.29691849356,152.647328698515,3.83007487474718,0,0,1,1,0,0,1,60,786.744379120069,26.0348768551376,24.7069794108097,0.0338983050847458,0.0330919133915595,17.47047268402,32.4100634050794,0.137974738446516,ok,0.137009245315508,0.03,0.58,0.00229879316906734,0.62,0.5284,0,0,0,0,observe
normal,373,9181.96562630154,9228.40418532004,153.032760438359,3.83974660492743,0,0,1,1,0,0,1,60,787.336256968964,26.2489558235919,25.220614384487,0.0508474576271186,0.0333389394826595,17.8336674569617,32.5572675249669,0.143987909025624,ok,0.142140237285424,0.03,0.58,0.00439921842904648,0.62,0.5284,0,0,0,0,observe
normal,374,9206.07124613339,9252.1249119847,153.43452076889,3.84982807231149,0,0,1,1,0,0,1,60,780.466558185637,27.0172220675647,24.6233212900968,0.0338983050847458,0.0346167581226953,17.4113174595626,34.010389601099,0.140543008736118,ok,0.142167910747234,0.03,0.58,0.00386881431218028,0.62,0.5284,0,0,0,0,observe
normal,375,9229.16972156001,9275.9105808078,153.819495359334,3.85948833113326,0,0,1,1,0,0,1,60,791.773258129224,24.6459851472191,23.4103256552333,0.0508474576271186,0.031127579637448,16.5536000206008,30.6729114058619,0.135412162904626,ok,0.139202945647691,0.03,0.58,0.00902567319777425,0.62,0.5284,0,0,0,0,observe
normal,376,9252.93593988974,9299.08047616872,154.215598998162,3.86942785380909,0,0,1,1,0,0,1,60,782.592736400312,25.4562049420044,24.1386408670275,0.0677966101694915,0.0325280363054418,17.0685966457019,31.6969990479381,0.144347682794177,ok,0.143214978962331,0.03,0.58,0.00269691388534701,0.62,0.5284,0,0,0,0,observe
normal,377,9276.64442459776,9323.31137000211,154.610740409963,3.87934323109359,0,0,1,1,0,0,1,60,790.01315323866,28.9807981541038,21.6972779877159,0,0.0366839438499182,15.3422923984035,38.0050968589702,0.131042450995539,ok,0.137081895271741,0.03,0.58,0.014379629229052,0.62,0.5284,0,0,0,0,observe
normal,378,9299.87670524211,9346.1762721699,154.997945087369,3.8890594500171,0,0,1,1,0,0,1,60,784.929933353119,28.9411187310757,24.9306042069904,0.0338983050847458,0.0368709581598488,17.6285992938408,36.9379099807994,0.146021675756625,ok,0.143348504192126,0.03,0.58,0.00636469420118868,0.62,0.5284,0,0,0,0,observe
normal,379,9324.07481744123,9370.25131956195,155.401246957354,3.89917959961678,0,0,1,1,0,0,1,60,782.332492663905,28.4892793612917,27.0601103103317,0.0508474576271186,0.036415820163986,19.1343875000916,35.4563575688166,0.154944312730509,ok,0.150997690838747,0.03,0.58,0.0093967187899108,0.62,0.5284,0,0,0,0,observe
normal,380,9346.99065544132,9393.65262809588,155.783177590689,3.90876347569994,0,0,1,1,0,0,1,60,791.272598766331,26.3750661508966,27.0678018408112,0.0508474576271186,0.0333324649330936,19.1398262334513,32.0149227811287,0.149080513898582,ok,0.150616586404315,0.03,0.58,0.00365731548983986,0.62,0.5284,0,0,0,0,observe
normal,381,9371.0605390512,9417.07674540218,156.18434231752,3.91882999745893,0,0,1,1,0,0,1,60,780.423764003909,24.5425183390529,27.6771121365502,0.0847457627118644,0.0314476819787487,19.5706736754151,28.664597411021,0.157234217154019,ok,0.155195274261755,0.03,0.58,0.00485462593396366,0.62,0.5284,0,0,0,0,observe
normal,382,9394.42641745434,9441.04672108617,156.573773624239,3.92860208972058,0,0,1,1,0,0,1,60,789.901549838092,27.4789147218551,26.7889941788371,0.0677966101694915,0.0347877716248151,18.9426794450226,33.9316431082417,0.155875324545786,ok,0.156214782515096,0.03,0.58,0.000808233260263608,0.62,0.5284,0,0,0,0,observe
normal,383,9417.89002461573,9464.04307906528,156.964833743596,3.93841505416455,0,0,1,1,0,0,1,60,782.772227718377,29.5562972724553,27.4273560923864,0.0847457627118644,0.0377584899231874,19.3940694829446,37.0272802917824,0.168976539717462,ok,0.164215989173088,0.03,0.58,0.0113346441532713,0.62,0.5284,0,0,0,0,observe
normal,384,9441.79435875899,9488.19466773896,157.36323931265,3.94841233972219,0,0,1,1,0,0,1,60,785.799110879797,26.7548868207359,22.2590901607143,0.0508474576271186,0.0340479983373621,15.7395535956838,34.4080570533905,0.137979861780066,ok,0.149396792357974,0.03,0.58,0.0271831680426362,0.62,0.5284,0,0,0,0,observe
normal,385,9464.83403165209,9511.2864233481,157.747233860868,3.95804800611166,0,0,1,1,0,0,1,60,787.38907138027,25.9940298178807,20.7783356724797,0.0169491525423729,0.0330129420926733,14.6925020557807,33.697322678317,0.12481437854381,ok,0.135910193178338,0.03,0.58,0.026418606272685,0.62,0.5284,0,0,0,0,observe
normal,386,9489.00012224445,9535.09590113284,158.150002037408,3.96815476361496,0,0,1,1,0,0,1,60,781.687223231308,28.0854643867946,25.2861514315653,0.0338983050847458,0.0359292867429712,17.8800091473697,35.4667716677708,0.144916642983445,ok,0.142244997197206,0.03,0.58,0.00636106139580722,0.62,0.5284,0,0,0,0,observe
normal,387,9512.04022691275,9559.05793092457,158.534003781879,3.97779061058173,0,0,1,1,0,0,1,60,796.191792941055,25.4298249509752,24.7267002410198,0.0508474576271186,0.03193932062153,17.4844174167921,31.4268538302812,0.140287601925336,ok,0.142061134010152,0.03,0.58,0.0042226954400375,0.62,0.5284,0,0,0,0,observe
normal,388,9535.92293820365,9582.33980784292,158.932048970061,3.98777885301655,0,0,1,1,0,0,1,60,787.398445168094,24.2059782884646,22.9533111438134,0.0677966101694915,0.0307417146134916,16.2304419604752,30.1401978024512,0.138298327442518,ok,0.140834765623868,0.03,0.58,0.00603913852702498,0.62,0.5284,0,0,0,0,observe
normal,389,9559.85013346489,9606.42023011387,159.330835557748,3.99778569956523,0,0,1,1,0,0,1,60,789.371653155117,25.0370277331518,24.944333868682,0.0677966101694915,0.0317176676323236,17.6383076307263,30.7017201365834,0.145065244054841,ok,0.144275407020111,0.03,0.58,0.00188056436840539,0.62,0.5284,0,0,0,0,observe
normal,390,9583.15987316689,9629.66123063103,159.719331219448,4.00753431346422,0,0,1,1,0,0,1,60,788.6903798018,26.5907438229798,30.8733721652915,0.11864406779661,0.0337150604393857,21.8307708161736,30.6194833348046,0.184118004138304,ok,0.168284373091756,0.03,0.58,0.037699121539399,0.62,0.5284,0,0,0,0,observe
normal,391,9607.21794589307,9653.84647991828,160.120299098218,4.01759589566805,0,0,1,1,0,0,1,60,790.437496740069,30.6882073541392,34.1238218511299,0.135593220338983,0.0388243314375949,24.1291858309356,36.073737432618,0.213073508583252,ok,0.194557305474911,0.03,0.58,0.0440861978770014,0.62,0.5284,0,0,0,0,observe
normal,392,9630.45239803631,9677.3843223213,160.507539967272,4.02731302275719,0,0,1,1,0,0,1,60,795.384861504573,28.4211719419678,32.4551142947431,0.101694915254237,0.0357326035703087,22.9492314019973,32.9978606453112,0.186752718443976,ok,0.189663800899001,0.03,0.58,0.00693114870244058,0.62,0.5284,0,0,0,0,observe
normal,393,9654.68404194781,9701.07823720849,160.91140069913,4.03744719601056,0,0,1,1,0,0,1,60,787.19595483697,26.8227518276104,31.8057540501033,0.135593220338983,0.0340737927612515,22.4900643695795,30.5469644296012,0.19522148389002,ok,0.192643729251137,0.03,0.58,0.00613751104495849,0.62,0.5284,0,0,0,0,observe
normal,394,9678.1227552968,9725.36707833395,161.302045921613,4.04724974934877,0,0,1,1,0,0,1,60,799.712600210908,27.4411428448352,27.6827363315423,0.101694915254237,0.0343137557637558,19.5746505818328,33.5091882304011,0.169158865606474,ok,0.178703886360104,0.03,0.58,0.0227262398895945,0.62,0.5284,0,0,0,0,observe
normal,395,9701.907328985,9748.64955784621,161.698455483083,4.05719694861408,0,0,1,1,0,0,1,60,792.855343961842,25.8935601275539,19.1909428139217,0,0.0326586184034097,13.5700458010873,34.0118621824047,0.117705280286423,ok,0.143357356901094,0.03,0.58,0.0610763728920752,0.62,0.5284,0,0,0,0,observe
normal,396,9726.15740892635,9773.09878248713,162.102623482106,4.06733883219537,0,0,1,1,0,0,1,60,795.528402552865,27.3197674576974,23.587188382801,0.0338983050847458,0.0343416619319031,16.6786608546031,34.8505618316614,0.137787584077333,ok,0.141050283269405,0.03,0.58,0.00776833140969541,0.62,0.5284,0,0,0,0,observe
normal,397,9749.45174008066,9796.58064265245,162.490862334678,4.07708100192192,0,0,1,1,0,0,1,60,798.851413437396,26.0780310593977,25.8562025689942,0.0338983050847458,0.0326444074839725,18.2830961722689,32.0289837838385,0.140433390169238,ok,0.141674018132919,0.03,0.58,0.00295387610400308,0.62,0.5284,0,0,0,0,observe
normal,398,9773.896484227,9820.89057799451,162.898274737117,4.08730429808863,0,0,1,1,0,0,1,60,796.529925123021,25.2209223910798,24.4123920307403,0.0338983050847458,0.0316634963679293,17.2621679499209,31.212295817233,0.134787454989229,ok,0.13864562625263,0.03,0.58,0.00918612205571442,0.62,0.5284,0,0,0,0,observe
normal,399,9797.34434795432,9845.16266942395,163.289072465905,4.09711067830378,0,0,1,1,0,0,1,60,809.700446191711,25.4568774318476,23.5420286615585,0.0677966101694915,0.0314398708208446,16.6467281094761,31.9216487733545,0.141464378828211,ok,0.1413226329649,0.03,0.58,0.000337490150739139,0.62,0.5284,0,0,0,0,observe
normal,400,9821.74392502656,9868.7463343467,163.695732083776,4.10731508466853,0,0,1,1,0,0,1,60,797.595939203252,27.6291913293058,20.5608771622036,0.0338983050847458,0.0346405867573819,14.5387356685378,36.2680243766208,0.13141632311573,ok,0.136551642901666,0.03,0.58,0.0122269518712768,0.62,0.5284,0,0,0,0,observe
normal,401,9845.9458318578,9893.41634785017,164.09909719763,4.11743682126163,0,0,1,1,0,0,1,60,804.227973770348,26.9818742551755,23.2292017322132,0.0338983050847458,0.0335500319998572,16.4255260663983,34.4419100818505,0.135585512487688,ok,0.137086185860436,0.03,0.58,0.00357303183987828,0.62,0.5284,0,0,0,0,observe
normal,402,9869.54134188054,9916.74448685658,164.492355698009,4.12730495020267,0,0,1,1,0,0,1,60,799.969208497932,30.235985567235,25.9251629682086,0.0677966101694915,0.037796436720368,18.3318585381867,38.6312387709739,0.160040008897909,ok,0.151480831338488,0.03,0.58,0.020378994189099,0.62,0.5284,0,0,0,0,observe
normal,403,9894.21646579228,9941.3699477239,164.903607763205,4.13762459593877,0,0,1,1,0,0,1,60,799.226664562129,31.366812405936,29.0438381598249,0.101694915254237,0.0392464538493857,20.5370949144968,39.3189721825395,0.183535747356532,ok,0.170791365679224,0.03,0.58,0.0303437658983538,0.62,0.5284,0,0,0,0,observe
normal,404,9917.50686273824,9965.38497914838,165.291781045637,4.14736512029825,0,0,1,1,0,0,1,60,810.674871530059,26.2895664037611,26.8088932039319,0.0508474576271186,0.0324292355998928,18.9567501806062,31.9831866139949,0.14710359358261,ok,0.157284515448071,0.03,0.58,0.0242402901558599,0.62,0.5284,0,0,0,0,observe
normal,405,9942.17658976053,9989.35649038823,165.702943162676,4.15768250894388,0,0,1,1,0,0,1,60,799.775711072193,26.1701950655497,23.2918540851802,0.0169491525423729,0.0327219177867573,16.4698279700385,33.1436718873328,0.130374687450371,ok,0.142249245420114,0.03,0.58,0.0282727570708162,0.62,0.5284,0,0,0,0,observe
normal,406,9966.14477885006,10013.9176558411,166.102412980834,4.16770649995703,0,0,1,1,0,0,1,60,808.877944878156,26.5085840161842,24.0902410086715,0.0338983050847458,0.0327720445143022,17.0343727776498,33.3952121891485,0.136328106356203,ok,0.139766303778459,0.03,0.58,0.00818618433870405,0.62,0.5284,0,0,0,0,observe
normal,407,9990.19088885531,10037.6596864843,166.503181480922,4.17776307910424,0,0,1,1,0,0,1,60,805.053268267591,24.6905141252028,22.8340981736953,0.0338983050847458,0.0306694166689551,16.1461456608993,30.9603771913506,0.129280658172739,ok,0.134698518471924,0.03,0.58,0.0128996673790123,0.62,0.5284,0,0,0,0,observe
normal,408,10014.7066555298,10062.516561535,166.911777592164,4.18801607835705,0,0,1,1,0,0,1,60,809.981761566036,27.8262556343896,26.4679411183143,0.0508474576271186,0.0343541755564838,18.7156606488063,34.6168319136734,0.149879393306647,ok,0.144645023210571,0.03,0.58,0.0124627859430387,0.62,0.5284,0,0,0,0,observe
normal,409,10038.4825279801,10086.3529962292,167.308042133002,4.1979596385852,0,0,1,1,0,0,1,60,811.555162414756,26.9091200689542,26.1732059646943,0.0508474576271186,0.0331574750740135,18.5072514230275,33.2518139435375,0.146769074233117,ok,0.146767918218741,0.03,0.58,2.75241518013503e-06,0.62,0.5284,0,0,0,0,observe
normal,410,10063.3113990551,10110.6910511262,167.721856650919,4.20834358455596,0,0,1,1,0,0,1,60,802.908159851814,23.5603627009782,22.8226020000818,0.0338983050847458,0.0293437828621976,16.1380166385795,29.1503996572298,0.126881486817607,ok,0.136071236466971,0.03,0.58,0.0218803563080096,0.62,0.5284,0,0,0,0,observe
normal,411,10087.1198753756,10135.0593938179,168.118664589594,4.2183007803951,0,0,1,1,0,0,1,60,811.773293145311,24.0915962200494,21.3198545834188,0.0169491525423729,0.0296777393682215,15.0754137498465,30.553918196047,0.120482246146182,ok,0.128136626921946,0.03,0.58,0.0182247161327714,0.62,0.5284,0,0,0,0,observe
normal,412,10111.526158166,10158.955324682,168.525435969433,4.22850799122946,0,0,1,1,0,0,1,60,804.404559264967,24.5173727459897,24.0466187684416,0.0677966101694915,0.0304789082354191,17.0035271957728,30.2172665149284,0.140864748325927,ok,0.136825894337822,0.03,0.58,0.00961631901929857,0.62,0.5284,0,0,0,0,observe
normal,413,10135.857006918,10183.9115568753,168.930950115301,4.23868365399324,0,0,1,1,0,0,1,60,814.202717622974,27.6900244873405,27.6761371049746,0.0847457627118644,0.0340087595975854,19.5699842239761,33.9188830843876,0.162860759323718,ok,0.153014103492329,0.03,0.58,0.0234444186461655,0.62,0.5284,0,0,0,0,observe
normal,414,10159.7878473554,10207.8553813388,169.329797455924,4.24869202502977,0,0,1,1,0,0,1,60,815.000944279985,25.2126192200355,24.5942780300101,0.0338983050847458,0.0309356932614472,17.3907807734075,31.1273686642524,0.134326152538304,ok,0.142855136530988,0.03,0.58,0.0203071047444847,0.62,0.5284,0,0,0,0,observe
normal,415,10184.7255202886,10232.8465900293,169.745425338144,4.25912147418163,0,0,1,1,0,0,1,60,815.583885900743,24.5816106027763,22.23182122152,0.0169491525423729,0.0301398924472717,15.7202715438638,31.0061965136041,0.123462798332387,ok,0.132543630935219,0.03,0.58,0.0216210300067412,0.62,0.5284,0,0,0,0,observe
normal,416,10208.6691298075,10257.1375396671,170.144485496792,4.2691351855114,0,0,1,1,0,0,1,60,821.369305471623,25.3378319229764,25.2865386066527,0.0338983050847458,0.0308482819533019,17.8802829214996,31.0532918667431,0.136099114832164,ok,0.135801712095879,0.03,0.58,0.000708101753058105,0.62,0.5284,0,0,0,0,observe
normal,417,10233.7072901744,10281.5992009879,170.561788169573,4.27960666058055,0,0,1,1,0,0,1,60,812.543515975744,25.9927536368298,27.1727441358162,0.0508474576271186,0.0319893681086315,19.2140316418826,31.3379557615775,0.147337998799557,ok,0.143606555239196,0.03,0.58,0.00888438942943082,0.62,0.5284,0,0,0,0,observe
normal,418,10257.94029803,10306.6954570942,170.965671633833,4.28974140426347,0,0,1,1,0,0,1,60,825.965290450708,27.6684153301418,27.5038120093029,0.0677966101694915,0.0334982784991412,19.4481319802581,33.9536828082157,0.156267928813956,ok,0.151867266720529,0.03,0.58,0.0104777668891115,0.62,0.5284,0,0,0,0,observe
normal,419,10282.4583619483,10330.7227115199,171.374306032472,4.29999536427101,0,0,1,1,0,0,1,60,818.725175534484,27.7162564150585,24.6286953642117,0.0508474576271186,0.0338529426519279,17.4151175038118,35.115458442956,0.14423263612109,ok,0.148148125851497,0.03,0.58,0.00932259459620707,0.62,0.5284,0,0,0,0,observe
normal,420,10307.5120418145,10355.9034439755,171.791867363576,4.31047332991487,0,0,1,1,0,0,1,60,820.133114688011,26.8795487279969,26.2072395237069,0.0847457627118644,0.0327746170061944,18.5313167833933,33.1905193980908,0.15650072023617,ok,0.15379529782315,0.03,0.58,0.00644148193576255,0.62,0.5284,0,0,0,0,observe
normal,421,10331.5528558643,10379.9504734824,172.192547597738,4.32052769418425,0,0,1,1,0,0,1,60,820.4626993738,27.7197781435003,27.7402167736789,0.101694915254237,0.0337855434069785,19.6152953922532,33.9413079789864,0.168814729232397,ok,0.16316692653537,0.03,0.58,0.0134471492786357,0.62,0.5284,0,0,0,0,observe
normal,422,10356.7452587146,10404.6964314497,172.612420978577,4.33106367664118,0,0,1,1,0,0,1,60,813.216457904515,24.8645919861573,24.3165904965779,0.0338983050847458,0.0305756133492773,17.1944260354666,30.6732388669182,0.132930640531748,ok,0.146054074104578,0.03,0.58,0.0312462704114991,0.62,0.5284,0,0,0,0,observe
normal,423,10380.7389853191,10429.6983743317,173.012316421985,4.34109834796981,0,0,1,1,0,0,1,60,829.13168082286,24.1924503000788,26.7461454484761,0.0508474576271186,0.0291780556208748,18.9123808172192,28.5108953712093,0.141417034388552,ok,0.144220028401848,0.03,0.58,0.00667379526975079,0.62,0.5284,0,0,0,0,observe
normal,424,10405.5550329003,10454.0593581415,173.425917215005,4.35147693089096,0,0,1,1,0,0,1,60,822.715444861947,25.5621807909625,27.7481117388956,0.0508474576271186,0.0310705006823493,19.6208779756951,30.3623339195554,0.147500933191768,ok,0.147024608464275,0.03,0.58,0.00113410649403139,0.62,0.5284,0,0,0,0,observe
normal,425,10430.5062901195,10479.3025029794,173.841771501992,4.36191206127141,0,0,1,1,0,0,1,60,826.735477461999,25.1297722892935,27.3019781688734,0.0508474576271186,0.030396387931046,19.3054139030175,29.8380948563521,0.145088216379256,ok,0.146732480921665,0.03,0.58,0.00391491557716223,0.62,0.5284,0,0,0,0,observe
normal,426,10454.9102576205,10503.3653808479,174.248504293675,4.37211830380403,0,0,1,1,0,0,1,60,821.767045106914,26.6684445442683,26.5366821839174,0.0508474576271186,0.0324525602517909,18.7642679224402,32.7156555513764,0.146657042734313,ok,0.147527068253775,0.03,0.58,0.00207148933205153,0.62,0.5284,0,0,0,0,observe
normal,427,10480.1409294756,10528.4911488031,174.669015491259,4.38267029114802,0,0,1,1,0,0,1,60,819.810763727406,28.2312349931247,30.9682836128954,0.0508474576271186,0.0344362824229908,21.8978833443865,33.3839476921124,0.163688922879174,ok,0.157719261816511,0.03,0.58,0.0142134787206254,0.62,0.5284,0,0,0,0,observe
normal,428,10504.1898086964,10553.1832381386,175.06983014494,4.3927280284383,0,0,1,1,0,0,1,60,830.297621512071,23.7696351164374,28.3941374674019,0.0338983050847458,0.0286278492200786,20.0776871491429,26.9606673856248,0.140995941306654,ok,0.148581210523018,0.03,0.58,0.0180601648008658,0.62,0.5284,0,0,0,0,observe
normal,429,10529.3430395477,10577.8185484339,175.489050659129,4.40324762835732,0,0,1,1,0,0,1,60,822.123327180415,23.7259789378729,19.5949998727292,0,0.0288593914726205,13.8557572873564,30.5591580891006,0.112328058275101,ok,0.128346135714046,0.03,0.58,0.0381382796165361,0.62,0.5284,0,0,0,0,observe
normal,430,10553.975525847,10602.8374265826,175.89959209745,4.41354944216452,0,0,1,1,0,0,1,60,827.569807400448,23.3574853036257,19.2071865486628,0,0.0282241873673424,13.5815318560745,30.1112309921168,0.110539549824869,ok,0.119319993278329,0.03,0.58,0.0209058177463347,0.62,0.5284,0,0,0,0,observe
normal,431,10578.6399249484,10627.1331780346,176.310665415806,4.42386460256372,0,0,1,1,0,0,1,60,821.910493345377,21.0538296685437,18.028105874641,0.0169491525423729,0.0256157207372416,12.7477959159077,26.9076417902139,0.107018951574776,ok,0.113714525259654,0.03,0.58,0.0159418421068536,0.62,0.5284,0,0,0,0,observe
normal,432,10603.647948585,10652.6795285417,176.727465809751,4.43432347383073,0,0,1,1,0,0,1,60,830.701699317705,28.5487467595662,26.8733293541712,0.101694915254237,0.0343670258325157,19.002313419394,35.622660874713,0.167793111979539,ok,0.146750499520644,0.03,0.58,0.0501014582354639,0.62,0.5284,0,0,0,0,observe
normal,433,10627.966476373,10677.2487533376,177.132774606217,4.4444939837132,0,0,1,1,0,0,1,60,835.259588382129,26.8290233239011,27.9302285950347,0.101694915254237,0.0321205810709315,19.7496540396395,32.3966688155342,0.166494445613915,ok,0.159039875666821,0.03,0.58,0.0177489760645098,0.62,0.5284,0,0,0,0,observe
normal,434,10653.519328356,10702.4974179408,177.5586554726,4.45518071343154,0,0,1,1,0,0,1,60,830.298156652029,26.7204549079811,26.3830632052957,0.0677966101694915,0.0321817586777799,18.6556429009378,32.8623250688626,0.150695397566795,ok,0.154728273502002,0.03,0.58,0.00960208556001665,0.62,0.5284,0,0,0,0,observe
normal,435,10678.0096784249,10727.6714087038,177.966827973749,4.46542308293568,0,0,1,1,0,0,1,60,840.377589437626,26.0834503741893,27.8853464243993,0.0508474576271186,0.031037774807446,19.7179175524288,31.1752545176654,0.148226180044353,ok,0.151593906804315,0.03,0.58,0.0080183970475296,0.62,0.5284,0,0,0,0,observe
normal,436,10703.3637804444,10752.1402292415,178.38939634074,4.47602669132014,0,0,1,1,0,0,1,60,827.38018834557,27.3834784087267,26.782120786218,0.0169491525423729,0.0330966087833003,18.937819222492,33.7797096289861,0.140846220759593,ok,0.146076082446908,0.03,0.58,0.0124520516364628,0.62,0.5284,0,0,0,0,observe
normal,437,10728.4505000536,10777.7982974102,178.807508334227,4.48651847486595,0,0,1,1,0,0,1,60,835.448145106069,30.123879670442,26.2907414262812,0.0169491525423729,0.0360571507003794,18.5903615449455,38.3313802311728,0.145740722011533,ok,0.146736456116728,0.03,0.58,0.00237079548856056,0.62,0.5284,0,0,0,0,observe
normal,438,10753.0102207628,10802.3121609425,179.216837012714,4.4967898566026,0,0,1,1,0,0,1,60,836.198861682396,27.1212718590585,25.4116318750083,0.0338983050847458,0.0324339975834117,17.9687372198346,33.8858563006816,0.139737683121543,ok,0.143515409085379,0.03,0.58,0.00899458562818176,0.62,0.5284,0,0,0,0,observe
normal,439,10778.6394523134,10828.0274493013,179.64399087189,4.50750852983141,0,0,1,1,0,0,1,60,837.152531519082,26.4881221430776,22.0834576081246,0.0169491525423729,0.0316407358823997,15.6153626267506,34.0499879496054,0.126334832452186,ok,0.134470086329175,0.03,0.58,0.0193696520880706,0.62,0.5284,0,0,0,0,observe
normal,440,10803.1641317994,10853.0779351133,180.052735529989,4.51776525660577,0,0,1,1,0,0,1,60,846.096236180955,27.176451560855,24.7808898256435,0.0508474576271186,0.032119811433652,17.5227352395493,34.2063267335687,0.141923404585628,ok,0.139940364742422,0.03,0.58,0.00472152343620297,0.62,0.5284,0,0,0,0,observe
normal,441,10828.8825311196,10878.2135025839,180.48137551866,4.52852122163491,0,0,1,1,0,0,1,60,836.434221376141,28.2068662511004,24.5623809621204,0.0508474576271186,0.0337227549163318,17.3682261404027,35.9109917455752,0.144262397185945,ok,0.143456646368157,0.03,0.58,0.0019184543280682,0.62,0.5284,0,0,0,0,observe
normal,442,10853.8894255164,10903.7123662982,180.898157091941,4.53897962063054,0,0,1,1,0,0,1,60,843.907186414278,24.9264836812602,21.4233343884489,0.0169491525423729,0.0295369965827304,15.1485850216992,31.8304814488347,0.121113306076716,ok,0.131418401510643,0.03,0.58,0.0245359415093515,0.62,0.5284,0,0,0,0,observe
normal,443,10879.073692506,10928.4192780903,181.3178948751,4.5495122005027,0,0,1,1,0,0,1,60,836.762925107496,23.7726237374813,22.0337178415409,0.0338983050847458,0.0284102259124677,15.5801913005046,29.7914906939448,0.124066751628941,ok,0.128378700861188,0.03,0.58,0.0102665457910634,0.62,0.5284,0,0,0,0,observe
normal,444,10904.5264973532,10954.2073509012,181.74210828922,4.56015708844543,0,0,1,1,0,0,1,60,841.583076717493,26.3295067592262,24.7618291389984,0.0508474576271186,0.0312856894198986,17.5092572987684,32.8620109125081,0.140186523538768,ok,0.136528094752482,0.03,0.58,0.0087105447292509,0.62,0.5284,0,0,0,0,observe
normal,445,10929.2389719478,10979.1631027583,182.153982865796,4.57049235500742,0,0,1,1,0,0,1,60,845.730411132865,28.0740353924263,27.378878121663,0.0508474576271186,0.0331950170206377,19.3597903811079,34.6626808373209,0.151043295408543,ok,0.146042403145235,0.03,0.58,0.0119068863412096,0.62,0.5284,0,0,0,0,observe
normal,446,10955.0565050876,11004.6304968629,182.584275084793,4.58128977984451,0,0,1,1,0,0,1,60,840.38576602855,27.7172550750457,26.51852852476,0.0508474576271186,0.032981585594947,18.7514313469467,34.4220319015459,0.148084442698815,ok,0.148082517527051,0.03,0.58,4.58374229386771e-06,0.62,0.5284,0,0,0,0,observe
normal,447,10979.9881000703,11030.2742630147,182.999801667838,4.59171668707212,0,0,1,1,0,0,1,60,851.852670939031,29.0197668184944,31.493706107907,0.11864406779661,0.0340666500305796,22.2694131535972,34.4726989107899,0.188448137816957,ok,0.172298897853515,0.03,0.58,0.0384505713415287,0.62,0.5284,0,0,0,0,observe
normal,448,11005.5481500964,11055.1098398768,183.425802501606,4.60240642716056,0,0,1,1,0,0,1,60,841.322383564408,29.718296879448,29.7345339119288,0.101694915254237,0.0353233165549944,21.0254905645462,36.3907005339304,0.178442969684674,ok,0.176056527289679,0.03,0.58,0.0056820057023701,0.62,0.5284,0,0,0,0,observe
normal,449,11031.1026829215,11081.0282601759,183.851711382025,4.61309385984173,0,0,1,1,0,0,1,60,845.899952687893,26.3744359073783,24.9108220609211,0.0508474576271186,0.0311791433769113,17.6146112042087,32.8777616481015,0.140469499244957,ok,0.15551542653604,0.03,0.58,0.0358236364073405,0.62,0.5284,0,0,0,0,observe
normal,450,11055.9693991339,11106.0109924641,184.266156652232,4.62349363342953,0,0,1,1,0,0,1,60,848.352543121427,23.6000755490219,25.5149469736666,0.0508474576271186,0.0278187125628077,18.0417920266948,28.0788331720635,0.136101236202121,ok,0.144872207393659,0.03,0.58,0.0208832647417566,0.62,0.5284,0,0,0,0,observe
normal,451,11081.8508059879,11131.6742560626,184.697513433132,4.63431777157126,0,0,1,1,0,0,1,60,844.099931444713,23.5745281987922,23.2279350233706,0.0338983050847458,0.0279285986416838,16.4246303679859,29.0128984568301,0.126210366040924,ok,0.134933559782752,0.03,0.58,0.020769508909116,0.62,0.5284,0,0,0,0,observe
normal,452,11106.8174690042,11157.0052135885,185.113624483403,4.64475934497377,0,0,1,1,0,0,1,60,849.903685407227,22.2353911270733,23.6814424507512,0.0338983050847458,0.026162248156883,16.7453085452052,26.6161582290484,0.124488552734737,ok,0.130011129988378,0.03,0.58,0.01314899346105,0.62,0.5284,0,0,0,0,observe
normal,453,11132.5283254953,11182.3059254172,185.542138758255,4.6555121554362,0,0,1,1,0,0,1,60,843.861155909181,25.0471441843733,26.9855805902065,0.0508474576271186,0.0296815939553319,19.0816870295911,29.8430575459403,0.143269847610765,ok,0.138960905733656,0.03,0.58,0.0102593854216898,0.62,0.5284,0,0,0,0,observe
normal,454,11157.8067518765,11208.0013559138,185.963445864608,4.66608411470795,0,0,1,1,0,0,1,60,849.935705420811,25.9382738816113,27.1037744658883,0.0677966101694915,0.0305179247279287,19.1652627205804,31.2774808570973,0.150022515256007,ok,0.146410824432131,0.03,0.58,0.00859926386637067,0.62,0.5284,0,0,0,0,observe
normal,455,11183.1448743337,11233.0378471735,186.385747905562,4.67668104010989,0,0,1,1,0,0,1,60,845.53202927281,21.3719732917676,23.6534410688702,0.0169491525423729,0.0252763615710079,16.7255085781945,25.174984559455,0.119266513980708,ok,0.131513571594616,0.03,0.58,0.0291596609854952,0.62,0.5284,0,0,0,0,observe
normal,456,11208.8477652285,11259.0600028703,186.814129420476,4.68743051919567,0,0,1,1,0,0,1,60,850.977449275461,25.0655645742382,25.7550994231656,0.0508474576271186,0.029455027974689,18.2116054522541,30.4122094182919,0.139645078912388,ok,0.137451703834739,0.03,0.58,0.00522232161344871,0.62,0.5284,0,0,0,0,observe
normal,457,11233.9020627008,11284.1645503872,187.231701045014,4.69790874313512,0,0,1,1,0,0,1,60,852.111720227398,29.3143216179231,28.4661393035917,0.0847457627118644,0.0344019697441788,20.1286001357706,36.2422179289888,0.166961913546822,ok,0.155639842531112,0.03,0.58,0.0269573119421671,0.62,0.5284,0,0,0,0,observe
normal,458,11259.905706677,11309.8351529658,187.665095111283,4.70878400336243,0,0,1,1,0,0,1,60,846.252501592143,28.343115293991,27.0212214133953,0.0508474576271186,0.0334925039992983,19.106888897355,35.2362195163027,0.150640576035214,ok,0.153354143931707,0.03,0.58,0.00646087594403141,0.62,0.5284,0,0,0,0,observe
normal,459,11285.0026980711,11335.4199692087,188.083378301185,4.71928008278056,0,0,1,1,0,0,1,60,854.256980358365,26.2790042994946,25.4392267663686,0.0338983050847458,0.0307624109649891,17.9882497546416,32.5206857970485,0.137063682061422,ok,0.144577151619862,0.03,0.58,0.0178892132343829,0.62,0.5284,0,0,0,0,observe
normal,460,11310.7149005398,11360.5680427105,188.511915008997,4.73003345615858,0,0,1,1,0,0,1,60,845.548162411087,25.5735660783148,25.5544763847455,0.0338983050847458,0.0302449549477957,18.0697435413251,31.3288833550545,0.136226060917099,ok,0.140626174791439,0.03,0.58,0.0104764616055717,0.62,0.5284,0,0,0,0,observe
normal,461,11336.2519253241,11386.7014897523,188.937532088735,4.74071356661599,0,0,1,1,0,0,1,60,854.692009060591,25.6932013651641,24.8640176509191,0.0508474576271186,0.0300613567142203,17.5815154885069,31.7989230306488,0.138475155961849,ok,0.140370804265532,0.03,0.58,0.0045134483421041,0.62,0.5284,0,0,0,0,observe
normal,462,11361.427241678,11411.7465485251,189.357120694634,4.75124240314772,0,0,1,1,0,0,1,60,852.975096909007,26.2913991579604,24.4361530440257,0.0338983050847458,0.0308231732124826,17.2789695235429,32.9228272110838,0.134548041510737,ok,0.137992257600259,0.03,0.58,0.0082005144988638,0.62,0.5284,0,0,0,0,observe
normal,463,11387.5430970521,11437.8154985722,189.792384950869,4.76216459249598,0,0,1,1,0,0,1,60,851.900146998144,28.5656228428352,26.6453945911587,0.0169491525423729,0.0335316561964361,18.8411392027997,35.7351520262463,0.141954009432618,ok,0.141348668771501,0.03,0.58,0.00144128728837395,0.62,0.5284,0,0,0,0,observe
normal,464,11412.5573934842,11463.1714295345,190.209289891403,4.77262608717541,0,0,1,1,0,0,1,60,857.081350157344,26.6476255302237,24.4779239303914,0.0169491525423729,0.0310911274937107,17.3085060005482,33.4754762897714,0.131579062409905,ok,0.136656310628733,0.03,0.58,0.0120886862353061,0.62,0.5284,0,0,0,0,observe
normal,465,11438.6682495297,11488.6873058276,190.644470825495,4.78354618570135,0,0,1,1,0,0,1,60,847.86345425612,21.1550014634148,19.0751655096745,0,0.024950953313556,13.4881788841466,26.7046288913257,0.105280847679804,ok,0.11955080309051,0.03,0.58,0.0339760843112052,0.62,0.5284,0,0,0,0,observe
normal,466,11464.0146217837,11514.76396491,191.066910363062,4.79414656133847,0,0,1,1,0,0,1,60,859.875589591425,24.7621006094183,24.8860548068932,0.0677966101694915,0.028797306155864,17.5970981109342,30.2764824782547,0.141143143443257,ok,0.133597680257222,0.03,0.58,0.0179653885381773,0.62,0.5284,0,0,0,0,observe
normal,467,11489.5896493703,11539.8256244108,191.493160822839,4.80484256535162,0,0,1,1,0,0,1,60,852.305309720122,29.7149891516935,33.1322484939129,0.135593220338983,0.0348642544083778,23.4280375860036,34.8867914179469,0.203008889145054,ok,0.175025519869683,0.03,0.58,0.0666270697032651,0.62,0.5284,0,0,0,0,observe
normal,468,11515.5919172847,11566.1235343856,191.926531954746,4.81571725008153,0,0,1,1,0,0,1,60,855.99282459398,29.3541924769065,29.7465839774339,0.0847457627118644,0.03429256838786,21.0340112475786,35.7897695267695,0.170702673122311,ok,0.172643625655491,0.03,0.58,0.00462131555519055,0.62,0.5284,0,0,0,0,observe
normal,469,11540.684306604,11591.1146235279,192.3447384434,4.82621140481701,0,0,1,1,0,0,1,60,854.816651952529,29.7344980916113,22.1254547200602,0.0338983050847458,0.0347846500459405,15.6450590693905,39.0322031178789,0.136788321102576,ok,0.152032929648282,0.03,0.58,0.0362966870135854,0.62,0.5284,0,0,0,0,observe
normal,470,11566.9651998453,11617.0042593074,192.782753330754,4.83720261640518,0,0,1,1,0,0,1,60,848.012082030213,29.1980134400892,27.6666350067891,0.0847457627118644,0.0344311290591363,19.5632652259137,36.3638093630991,0.164584993348758,ok,0.160017896767422,0.03,0.58,0.0108740394793728,0.62,0.5284,0,0,0,0,observe
normal,471,11591.9514402313,11642.7969296723,193.199190670522,4.84765237746753,0,0,1,1,0,0,1,60,861.371769071623,24.6729539301483,28.2651102334985,0.0847457627118644,0.0286437921650724,19.9864511170921,28.6015923162074,0.155608554733113,ok,0.157964027388984,0.03,0.58,0.00560826822826335,0.62,0.5284,0,0,0,0,observe
normal,472,11617.850600564,11667.8704227149,193.630843342733,4.8584839404802,0,0,1,1,0,0,1,60,847.769390123932,26.2491485221472,22.1505353949012,0.0169491525423729,0.030962604722388,15.6627937846472,33.6557942579744,0.125460728790633,ok,0.139667420711738,0.03,0.58,0.0338254569550115,0.62,0.5284,0,0,0,0,observe
normal,473,11643.6330510511,11693.8806874092,194.060550850852,4.86926669302837,0,0,1,1,0,0,1,60,851.395962282416,26.1467519466375,20.9232871688534,0.0169491525423729,0.0307104486102371,14.7949982418097,33.8882472509693,0.122289055352247,ok,0.130604349801297,0.03,0.58,0.0197983201167865,0.62,0.5284,0,0,0,0,observe
normal,474,11668.7416997345,11718.8135038063,194.479028328909,4.87976764776528,0,0,1,1,0,0,1,60,849.051351522969,24.7834307146271,22.6882111018772,0.0338983050847458,0.0291895545189019,16.0429879231292,31.1618262377508,0.127198919432659,ok,0.129873970572495,0.03,0.58,0.00636916938056015,0.62,0.5284,0,0,0,0,observe
normal,475,11694.7210525583,11744.8460822336,194.912017542638,4.89063274893168,0,0,1,1,0,0,1,60,849.423247073906,27.2541988648189,25.1368097317317,0.0338983050847458,0.0320855344596515,17.7744086187035,34.2001916629359,0.138663183081701,ok,0.136234889769407,0.03,0.58,0.00578165074355588,0.62,0.5284,0,0,0,0,observe
normal,476,11719.6351241382,11770.2214447654,195.327252068971,4.90105232751084,0,0,1,1,0,0,1,60,856.799015986024,26.9635926199614,28.3284024561832,0.0508474576271186,0.0314701489110969,20.0312054769488,32.4472103745567,0.150702900518638,ok,0.145729216781772,0.03,0.58,0.0118421041353953,0.62,0.5284,0,0,0,0,observe
normal,477,11745.6888936008,11795.5519324224,195.761481560013,4.91194855125039,0,0,1,1,0,0,1,60,845.097503146788,28.0717790220521,28.7810323582331,0.0677966101694915,0.0332172073843842,20.3512631500561,34.0862969992784,0.159922645962136,ok,0.154825029443483,0.03,0.58,0.0121371821872702,0.62,0.5284,0,0,0,0,observe
normal,478,11771.028423473,11821.5784953915,196.183807057883,4.92254606526232,0,0,1,1,0,0,1,60,855.950843767633,28.0452055833477,26.1222828881811,0.0508474576271186,0.032764972179829,18.4712433703061,35.0981520992116,0.146967338318863,ok,0.150901977849228,0.03,0.58,0.00936818935801059,0.62,0.5284,0,0,0,0,observe
normal,479,11796.4391007153,11846.7272416085,196.607318345256,4.93317333457181,0,0,1,1,0,0,1,60,852.921819767037,25.6814885820383,25.275492539013,0.0508474576271186,0.0301100147596797,17.8724721721661,31.6172808766642,0.139598229273235,ok,0.145079073833351,0.03,0.58,0.0130496299050389,0.62,0.5284,0,0,0,0,observe
normal,480,11822.3975314805,11873.0373854611,197.039958858009,4.9440296857018,0,0,1,1,0,0,1,60,857.648167827487,26.7440367761755,22.6219510987642,0.0338983050847458,0.0311829929560987,15.9961350256066,34.2725935758211,0.130873734180702,ok,0.137719984174214,0.03,0.58,0.0163005952226481,0.62,0.5284,0,0,0,0,observe
normal,481,11847.5738274792,11898.1482540411,197.45956379132,4.95455893194116,0,0,1,1,0,0,1,60,857.016873877727,27.5467664904125,22.3349360459331,0.0169491525423729,0.0321426185761923,15.7931847354472,35.6121328210858,0.128350227568568,ok,0.133350981741749,0.03,0.58,0.0119065575551931,0.62,0.5284,0,0,0,0,observe
normal,482,11873.902118551,11923.9940001671,197.898368642517,4.96556996627964,0,0,1,1,0,0,1,60,849.276911767036,25.1953896102031,24.9194384649883,0.0338983050847458,0.0296668722075355,17.6207039219541,30.9697611956355,0.133593334662644,ok,0.134667101695976,0.03,0.58,0.00255658817460053,0.62,0.5284,0,0,0,0,observe
normal,483,11898.9585063108,11949.6988742637,198.315975105179,4.97604906442041,0,0,1,1,0,0,1,60,859.177003710263,21.5776001136644,20.8606408247371,0.0169491525423729,0.025114266350803,14.7507005870685,26.7133390934394,0.112698258147508,ok,0.123067561475126,0.03,0.58,0.0246888174467097,0.62,0.5284,0,0,0,0,observe
normal,484,11924.8660798233,11974.7830041017,198.747767997054,4.98688414599841,0,0,1,1,0,0,1,60,846.483398909773,22.7990644245984,20.0288538552987,0.0338983050847458,0.026933858896657,14.1625383804761,28.9657933413798,0.117298782631974,ok,0.121156367196925,0.03,0.58,0.00918472515464437,0.62,0.5284,0,0,0,0,observe
normal,485,11950.5216679337,12001.0383959611,199.175361132229,4.99761384208418,0,0,1,1,0,0,1,60,855.658694955429,27.3226112739764,23.0809328389371,0.0508474576271186,0.0319316702267598,16.3206841265237,35.0240694851395,0.137550039996962,ok,0.132147556967584,0.03,0.58,0.0128630548318529,0.62,0.5284,0,0,0,0,observe
normal,486,11975.6453643125,12025.8901097982,199.594089405209,5.00812109007766,0,0,1,1,0,0,1,60,851.785094941509,30.5899160180619,24.0888101403401,0.0338983050847458,0.0359127157774021,17.0333610009497,39.7661984227243,0.143826153303509,ok,0.140127024406838,0.03,0.58,0.00880744975398054,0.62,0.5284,0,0,0,0,observe
normal,487,12001.8797875077,12052.04072322,200.031329791795,5.01909286693412,0,0,1,1,0,0,1,60,850.038787648501,32.0420062102481,28.8273709643514,0.11864406779661,0.0376947577873326,20.3840294926731,40.4706271954981,0.187831255785952,ok,0.168800277591671,0.03,0.58,0.0453118528435243,0.62,0.5284,0,0,0,0,observe
normal,488,12026.7324965839,12077.5201009214,200.445541609732,5.02948678244864,0,0,1,1,0,0,1,60,860.499852052154,26.4223896279673,28.7540921622532,0.101694915254237,0.0307058619068372,20.3322135547922,31.3510197484317,0.166822531717035,ok,0.167935417989072,0.03,0.58,0.00264972921913634,0.62,0.5284,0,0,0,0,observe
normal,489,12052.8984606355,12102.7350833269,200.881641010591,5.04042992827929,0,0,1,1,0,0,1,60,844.906001781546,24.1910360040099,26.7461672629692,0.0508474576271186,0.0286316299718564,18.9123962423952,28.5084849521199,0.140771677000471,ok,0.152484475682359,0.03,0.58,0.0278876159092566,0.62,0.5284,0,0,0,0,observe
normal,490,12078.3390720225,12128.7330737973,201.305651200376,5.0510697166655,0,0,1,1,0,0,1,60,853.549547932845,30.4656359720844,28.9816798050102,0.0677966101694915,0.0356928734200225,20.4931423202999,37.8990905986814,0.165847734922328,ok,0.160928557254345,0.03,0.58,0.0117123277809104,0.62,0.5284,0,0,0,0,observe
normal,491,12103.6135435336,12153.6151466693,201.726892392227,5.061640021929,0,0,1,1,0,0,1,60,848.001055708098,30.5044829254883,24.8807763293475,0.0169491525423729,0.035972222817596,17.5933656636673,39.3893442662772,0.142188339744499,ok,0.150539831455825,0.03,0.58,0.0198845040745856,0.62,0.5284,0,0,0,0,observe
normal,492,12129.5649836742,12179.7640358297,202.159416394569,5.07249344943557,0,0,1,1,0,0,1,60,850.516033873288,26.6698011839439,22.1273969437605,0.0169491525423729,0.0313571997725763,15.6464324289395,34.3183004041404,0.126209346437634,ok,0.137170546392587,0.03,0.58,0.0260980951308414,0.62,0.5284,0,0,0,0,observe
normal,493,12154.488837774,12204.7388235233,202.5748139629,5.08291711926631,0,0,1,1,0,0,1,60,852.061280899545,30.0538553893226,25.8111576028222,0.0508474576271186,0.0352719411890116,18.2512445712303,38.3843785819931,0.151137132617997,ok,0.146350468634232,0.03,0.58,0.0113968190089647,0.62,0.5284,0,0,0,0,observe
normal,494,12180.6300757284,12230.3781048357,203.01050126214,5.09384992413317,0,0,1,1,0,0,1,60,843.567816765742,28.5287536121975,26.8918720035825,0.0508474576271186,0.033819158395086,19.0154250525339,35.5836082403459,0.150863943290126,ok,0.149816252125068,0.03,0.58,0.00249450277394839,0.62,0.5284,0,0,0,0,observe
normal,495,12205.5700332402,12255.8402156672,203.426167220669,5.1042803287429,0,0,1,1,0,0,1,60,851.689869064947,23.7827898864396,28.7070696076796,0.0677966101694915,0.0279242371551869,20.2989635875845,26.8177975761431,0.150086032000788,ok,0.150733354899434,0.03,0.58,0.00154124499677546,0.62,0.5284,0,0,0,0,observe
normal,496,12231.2303673421,12280.6012097454,203.853839455701,5.11501200970016,0,0,1,1,0,0,1,60,837.051748495294,26.6101417938955,34.0116956460533,0.152542372881356,0.0317903186293208,24.0499006309772,28.9448021624362,0.207664166140259,ok,0.184490744875647,0.03,0.58,0.0551748125347911,0.62,0.5284,0,0,0,0,observe
normal,497,12256.6594669901,12306.6155924504,204.277657783169,5.12564698363969,0,0,1,1,0,0,1,60,846.256279720293,30.9705068384415,29.4317635152751,0.101694915254237,0.0365970777182036,20.8113995639298,38.5386849263225,0.180378908150981,ok,0.181992712804474,0.03,0.58,0.00384239203212741,0.62,0.5284,0,0,0,0,observe
normal,498,12281.4419649155,12331.4884086825,204.690699415258,5.13601153540285,0,0,1,1,0,0,1,60,848.119982284996,27.3813255889506,21.8727938172184,0.0338983050847458,0.0322847311239857,15.4664008316503,35.500203201263,0.131007096170263,ok,0.152370838793959,0.03,0.58,0.0508660538659423,0.62,0.5284,0,0,0,0,observe
normal,499,12307.4674594659,12357.2737968387,205.124457657765,5.14689593399099,0,0,1,1,0,0,1,60,844.303406471427,25.6005041015819,26.0541787508497,0.0677966101694915,0.0303214506839115,18.4230864729722,31.1666729908665,0.146648138006891,ok,0.149747927199852,0.03,0.58,0.00738045045943089,0.62,0.5284,0,0,0,0,observe
normal,500,12332.3049724356,12382.5323691452,205.53841620726,5.15728349418035,0,0,1,1,0,0,1,60,850.732674378279,23.200811638673,24.7906212473521,0.0338983050847458,0.0272715652488936,17.52961639383,27.7356786553266,0.129129956531838,ok,0.138551856446967,0.03,0.58,0.022433095036023,0.62,0.5284,0,0,0,0,observe
normal,501,12358.1503648937,12407.6490017926,205.969172748228,5.16809257035892,0,0,1,1,0,0,1,60,839.586749232218,22.1532736552842,18.3667706321857,0,0.0263859257849684,12.9872680625164,28.5108038393195,0.106001633286937,ok,0.120717220231686,0.03,0.58,0.0350371117732127,0.62,0.5284,0,0,0,0,observe
normal,502,12383.3499850046,12433.3651387944,206.389166416743,5.17863157122307,0,0,1,1,0,0,1,60,847.212827487668,25.0570363312076,24.5276923928903,0.0677966101694915,0.0295758462551989,17.3436976178704,30.9015580893066,0.141351341752176,ok,0.134178936763732,0.03,0.58,0.0170771547343915,0.62,0.5284,0,0,0,0,observe
normal,503,12408.5226853082,12458.017016534,206.808711421804,5.18915931366861,0,0,1,1,0,0,1,60,839.466912355104,26.9109045628086,27.1754034602182,0.0847457627118644,0.0320571355067596,19.2159120682006,32.850301249218,0.158267969818484,ok,0.149305266729042,0.03,0.58,0.0213397692605758,0.62,0.5284,0,0,0,0,observe
normal,504,12434.1996358555,12483.8394731558,207.236660597591,5.19989794396602,0,0,1,1,0,0,1,60,841.238906022876,26.9527280249285,24.658107656486,0.0338983050847458,0.0320393265598626,17.4359151351291,33.8952498054241,0.137140389101971,ok,0.143023144983769,0.03,0.58,0.0140065616233279,0.62,0.5284,0,0,0,0,observe
normal,505,12458.8216352556,12508.5933218912,207.647027254259,5.21019537193568,0,0,1,1,0,0,1,60,842.938422620086,30.7534644317247,25.5685280365048,0.0508474576271186,0.0364836429405299,18.0796795595709,39.5559898893954,0.15280404498798,ok,0.149627883732621,0.03,0.58,0.00756228870323736,0.62,0.5284,0,0,0,0,observe
normal,506,12484.7322127632,12534.024028813,208.07887021272,5.22103170984639,0,0,1,1,0,0,1,60,836.409260953673,31.3712473197073,25.531020224805,0.0677966101694915,0.037507054003608,18.0531575315705,40.5264582702311,0.159508877508062,ok,0.156124237452314,0.03,0.58,0.00805866679939804,0.62,0.5284,0,0,0,0,observe
normal,507,12509.4086346957,12559.275487199,208.490143911596,5.23135189844157,0,0,1,1,0,0,1,60,844.702755131059,26.2181352450853,22.2719901415665,0.0338983050847458,0.0310382973014188,15.7486752596216,33.5672527774638,0.129485854323228,ok,0.141275644453646,0.03,0.58,0.0280709288819474,0.62,0.5284,0,0,0,0,observe
normal,508,12534.8626812559,12583.9825478973,208.914378020931,5.24199730569426,0,0,1,1,0,0,1,60,832.641984737547,24.4066261714372,23.6069593963086,0.0508474576271186,0.0293122694012725,16.6926410723253,30.2112981544171,0.133507979962955,ok,0.137746252808813,0.03,0.58,0.0100911258234725,0.62,0.5284,0,0,0,0,observe
normal,509,12560.0898914234,12609.6886156978,209.334831523723,5.25254784528911,0,0,1,1,0,0,1,60,840.218808313389,27.6826818473881,28.4954316450359,0.0847457627118644,0.032946991394964,20.1493129490426,33.5658596822571,0.163813957841818,ok,0.153930316157174,0.03,0.58,0.0235324802015341,0.62,0.5284,0,0,0,0,observe
normal,510,12584.8052017624,12634.2806373118,209.746753362706,5.26288429781792,0,0,1,1,0,0,1,60,838.301490241311,28.2469170495302,27.3106835007821,0.0847457627118644,0.0336954155257426,19.3115695022426,34.9691282271396,0.161821559001874,ok,0.159164193039939,0.03,0.58,0.0063270618141302,0.62,0.5284,0,0,0,0,observe
normal,511,12610.5367266736,12659.9372188948,210.175612111227,5.27364575223992,0,0,1,1,0,0,1,60,837.47671994933,27.4043827189894,25.2975206720057,0.0677966101694915,0.0327225605992337,17.8880484143821,34.3804902283608,0.148997481339393,ok,0.153792562589016,0.03,0.58,0.0114168601181494,0.62,0.5284,0,0,0,0,observe
normal,512,12635.063809409,12684.8357940531,210.584396823483,5.28390348410278,0,0,1,1,0,0,1,60,842.585945688645,23.8302202346899,22.7799276256784,0.0169491525423729,0.0282822427274329,16.107841299056,29.6023012881105,0.122039493035854,ok,0.136036209670939,0.03,0.58,0.0333255157978213,0.62,0.5284,0,0,0,0,observe
normal,513,12660.8047724089,12709.6147690497,211.013412873481,5.29466888572811,0,0,1,1,0,0,1,60,827.959169248765,23.2035657879419,24.6038163275735,0.0169491525423729,0.0280250121621279,17.3975253682955,27.8233183069564,0.125838767704368,ok,0.13122958084662,0.03,0.58,0.0128352693863144,0.62,0.5284,0,0,0,0,observe
normal,514,12685.6317405675,12734.6943158698,211.427195676125,5.30505203586001,0,0,1,1,0,0,1,60,830.975363612164,25.1518652142357,26.8673495217046,0.0338983050847458,0.0302678831594996,18.9980850393064,30.0716712596663,0.13952837317675,ok,0.13727189496076,0.03,0.58,0.00537256718092674,0.62,0.5284,0,0,0,0,observe
normal,515,12710.4336657883,12759.0312755916,211.840561096471,5.31542471251878,0,0,1,1,0,0,1,60,823.608442364468,24.6182921784981,26.6278684191419,0.0677966101694915,0.0298907720127568,18.8287463277183,29.2847901016591,0.147007793687776,ok,0.143995464469418,0.03,0.58,0.00717221242466123,0.62,0.5284,0,0,0,0,observe
normal,516,12735.5436791399,12784.5286472323,212.259061318998,5.32592623798807,0,0,1,1,0,0,1,60,830.57218937503,25.7623028426369,23.398247444802,0.0508474576271186,0.0310175360699495,16.5450594361003,32.4600293248079,0.136021890501957,ok,0.140278105863661,0.03,0.58,0.0101338460992966,0.62,0.5284,0,0,0,0,observe
normal,517,12759.8842039715,12809.0047680886,212.664736732859,5.33610594748789,0,0,1,1,0,0,1,60,832.891541616643,24.3677809306761,20.5865660881591,0.0169491525423729,0.029256847636342,14.5569004822823,31.2357830591739,0.118539535221299,ok,0.128670726623327,0.03,0.58,0.0241218842905421,0.62,0.5284,0,0,0,0,observe
normal,518,12785.367286346,12834.2416239908,213.089454772434,5.34676349811699,0,0,1,1,0,0,1,60,828.549612641866,25.8038002001576,24.4048327816858,0.0508474576271186,0.031143337473638,17.2568227536538,32.1539154379103,0.138716941171743,ok,0.135791028750501,0.03,0.58,0.0069664581458159,0.62,0.5284,0,0,0,0,observe
normal,519,12809.8334729758,12859.3063681497,213.497224549596,5.35699576197249,0,0,1,1,0,0,1,60,838.360001018347,21.8624531269947,23.6818317709005,0.0338983050847458,0.0260776433756841,16.7455838361228,25.9907509596676,0.124165527736987,ok,0.13016230423815,0.03,0.58,0.0142780392884841,0.62,0.5284,0,0,0,0,observe
normal,520,12835.1210082359,12883.8122123235,213.918683470598,5.36757153076526,0,0,1,1,0,0,1,60,826.176472211132,22.3699009770077,25.3755779088361,0.0169491525423729,0.0270764197837033,17.9432432158656,26.0550371778386,0.126235245740996,ok,0.129140520242999,0.03,0.58,0.00691732024286457,0.62,0.5284,0,0,0,0,observe
normal,521,12860.0918928255,12909.1068000055,214.334864880424,5.37801486971681,0,0,1,1,0,0,1,60,830.007197596409,24.3748051413035,27.2025766238401,0.0677966101694915,0.0293669804453379,19.235126396464,28.6054568896406,0.147814813115768,ok,0.141253268999081,0.03,0.58,0.0156227240873482,0.62,0.5284,0,0,0,0,observe
normal,522,12884.6616551979,12933.3591244304,214.744360919966,5.38829045108414,0,0,1,1,0,0,1,60,825.781868448449,28.5398799183852,27.4534471804914,0.0847457627118644,0.0345610396750517,19.4125186682722,35.3864890949311,0.163636079474813,ok,0.155211716696229,0.03,0.58,0.0200580066156766,0.62,0.5284,0,0,0,0,observe
normal,523,12909.9447598033,12958.5410432035,215.165745996722,5.39886436688572,0,0,1,1,0,0,1,60,823.90405330037,28.2404751539638,26.8136813055356,0.0677966101694915,0.0342764124546286,18.9601358797192,35.1505635981256,0.155819064866189,ok,0.156188643374061,0.03,0.58,0.000879948828265836,0.62,0.5284,0,0,0,0,observe
normal,524,12934.1661314594,12983.0512901361,215.569435524323,5.40899424407002,0,0,1,1,0,0,1,60,828.202761761643,26.2468335684764,28.0778166396013,0.0677966101694915,0.0316913137462227,19.8540145467746,31.3625676742046,0.154502201540075,ok,0.155810553297323,0.03,0.58,0.00311512323154259,0.62,0.5284,0,0,0,0,observe
normal,525,12959.3900864008,13007.4608260612,215.989834773346,5.41954342226216,0,0,1,1,0,0,1,60,815.329714295156,25.5319422680201,29.6521817217956,0.0508474576271186,0.0313148678631101,20.9672587724575,29.3961598091286,0.153446333568656,ok,0.155048879911603,0.03,0.58,0.00381558653082772,0.62,0.5284,0,0,0,0,observe
normal,526,12983.8204016422,13032.5144647411,216.397006694036,5.42976068396324,0,0,1,1,0,0,1,60,824.386243415672,28.2157036475743,29.7827415446563,0.0847457627118644,0.0342263154837087,21.0595785085528,33.8931559123309,0.169827359761194,ok,0.164249166450594,0.03,0.58,0.0132814126442873,0.62,0.5284,0,0,0,0,observe
normal,527,13008.2731893317,13056.4506231803,216.804553155528,5.43998734410559,0,0,1,1,0,0,1,60,816.496618651519,29.8222550301996,26.9495333179624,0.0847457627118644,0.0365246522140562,19.056197758944,37.6243952395856,0.166022491515313,ok,0.165674615993576,0.03,0.58,0.000828275051755312,0.62,0.5284,0,0,0,0,observe
normal,528,13033.2998889713,13081.7077110304,217.221664816188,5.45045402606221,0,0,1,1,0,0,1,60,819.887438156042,32.9492601512012,25.7544005336447,0.0508474576271186,0.0401875411401659,18.2111112627346,42.8912918387797,0.16085123215432,ok,0.16323805304377,0.03,0.58,0.00568290687964121,0.62,0.5284,0,0,0,0,observe
normal,529,13057.2261756786,13105.7199801355,217.620436261311,5.46046049263493,0,0,1,1,0,0,1,60,821.155949253767,34.3194745247181,31.1856442765192,0.11864406779661,0.0417941008110655,22.0515805435982,43.2363326247122,0.203689149553989,ok,0.187122090082994,0.03,0.58,0.0394453796928454,0.62,0.5284,0,0,0,0,observe
normal,530,13082.55322366,13130.5312655597,218.042553727667,5.47105278646266,0,0,1,1,0,0,1,60,813.725908821311,28.3898558686354,29.9134724645234,0.0677966101694915,0.0348887205886788,21.1520192285015,34.1256489321578,0.165887283162019,ok,0.174626425398737,0.03,0.58,0.0208074815159949,0.62,0.5284,0,0,0,0,observe
normal,531,13106.5088223145,13155.24560867,218.441813705242,5.48107151189623,0,0,1,1,0,0,1,60,825.427142241679,23.4452434893415,25.9914770789314,0.0169491525423729,0.0284037709562946,18.3787496955671,27.5967469854095,0.130080615392842,ok,0.14892526967527,0.03,0.58,0.0448682244819709,0.62,0.5284,0,0,0,0,observe
normal,532,13131.3781751413,13179.1379548755,218.856302919022,5.4914723881705,0,0,1,1,0,0,1,60,810.111488596583,29.7131912150232,27.9425214080529,0.0677966101694915,0.0366779037617373,19.7583463710845,37.0857818178519,0.163586919871115,ok,0.158212109993043,0.03,0.58,0.0127971663763614,0.62,0.5284,0,0,0,0,observe
normal,533,13156.0219699879,13204.122960835,219.267032833131,5.50177893144539,0,0,1,1,0,0,1,60,814.622536082634,30.9977491208777,29.1015604262585,0.101694915254237,0.0380516714771237,20.5779107205175,38.7074991636009,0.18156115004108,ok,0.17230360804908,0.03,0.58,0.0220417666476191,0.62,0.5284,0,0,0,0,observe
normal,534,13179.9536153528,13227.7894300282,219.665893589214,5.51178763911924,0,0,1,1,0,0,1,60,810.857919211136,29.8961236979929,26.639508708982,0.0847457627118644,0.0368697437487915,18.8369772555992,37.8513502031753,0.165725865826888,ok,0.168682466637372,0.03,0.58,0.00703952573924704,0.62,0.5284,0,0,0,0,observe
normal,535,13204.944681829,13252.5310083821,220.082411363816,5.52223941855197,0,0,1,1,0,0,1,60,806.800792452197,28.5029949113509,26.4590581780356,0.0847457627118644,0.035328417098747,18.7093794614984,35.7043492868677,0.161900063365963,ok,0.165033874580693,0.03,0.58,0.00746145527316647,0.62,0.5284,0,0,0,0,observe
normal,536,13228.5638569212,13276.8138249998,220.47606428202,5.53211744471318,0,0,1,1,0,0,1,60,817.073249526541,27.7685632711642,24.316570477094,0.0508474576271186,0.033985402517161,17.1944118795538,35.3063508792053,0.143657354775249,ok,0.153012639454102,0.03,0.58,0.0222744873306021,0.62,0.5284,0,0,0,0,observe
normal,537,13253.3676843653,13300.8616111785,220.889461406089,5.54249091692099,0,0,1,1,0,0,1,60,805.510046605959,25.6025127195917,23.4410270044758,0.0169491525423729,0.031784225196779,16.5753091528418,32.1906266108852,0.129117486504816,ok,0.139833532229272,0.03,0.58,0.0255143945820402,0.62,0.5284,0,0,0,0,observe
normal,538,13277.6196045294,13325.4296824156,221.29366007549,5.55263357012136,0,0,1,1,0,0,1,60,810.264290264763,24.4331249502419,26.5128811219488,0.0677966101694915,0.0301545128469849,18.7474380301228,29.0256568741342,0.146886378116813,ok,0.144936377831868,0.03,0.58,0.00464285782129686,0.62,0.5284,0,0,0,0,observe
normal,539,13301.6846220051,13349.0434959066,221.694743700085,5.56269805676267,0,0,1,1,0,0,1,60,803.031412135399,27.68277415304,27.1835154374328,0.0677966101694915,0.0344728409557812,19.2216481022979,34.1057211307409,0.156696961947603,ok,0.152641119897631,0.03,0.58,0.00965676678564664,0.62,0.5284,0,0,0,0,observe
normal,540,13326.2327510901,13373.806112694,222.103879184835,5.57296459064302,0,0,1,1,0,0,1,60,806.273837971893,27.337135296571,27.7952919254468,0.0847457627118644,0.0339055219320213,19.6542394055431,33.2918729697753,0.162796708026185,ok,0.159220804790772,0.03,0.58,0.00851405532241195,0.62,0.5284,0,0,0,0,observe
normal,541,13349.8520604108,13397.3459166318,222.49753434018,5.58284267294132,0,0,1,1,0,0,1,60,805.040345419246,31.3885825784714,30.2052495132177,0.11864406779661,0.0389900739224753,21.3583367582279,38.9141064845792,0.193449929177316,ok,0.17959733265424,0.03,0.58,0.0329823726739901,0.62,0.5284,0,0,0,0,observe
normal,542,13374.6389265026,13421.6972998122,222.910648775044,5.59320905156177,0,0,1,1,0,0,1,60,798.186451970479,30.5838549600773,27.5206703347786,0.0677966101694915,0.0383166801247692,19.4600526165214,38.6270723793599,0.165535881968136,ok,0.171451838473413,0.03,0.58,0.0140856107268499,0.62,0.5284,0,0,0,0,observe
normal,543,13398.1113601826,13445.9962669381,223.301856003043,5.60302570743786,0,0,1,1,0,0,1,60,810.839171771525,24.6221555792535,24.6884141671329,0.0508474576271186,0.0303662630475276,17.4573450743217,30.1287602415697,0.137651571804265,ok,0.152063097475777,0.03,0.58,0.0343131563607432,0.62,0.5284,0,0,0,0,observe
normal,544,13422.5573163285,13469.5830822595,223.709288605475,5.61324951048777,0,0,1,1,0,0,1,60,798.09637412132,24.4693392104326,24.7663665914755,0.0508474576271186,0.0306596295934468,17.5124657621843,29.8464514761596,0.138110435853577,ok,0.144674563678512,0.03,0.58,0.0156288757736529,0.62,0.5284,0,0,0,0,observe
normal,545,13446.7585365172,13494.2284380634,224.112642275287,5.6233709599128,0,0,1,1,0,0,1,60,803.869518755909,28.5899859681006,26.0595069053983,0.0847457627118644,0.035565455961494,18.4268540471848,35.9892434657375,0.161215002288625,ok,0.155158219067679,0.03,0.58,0.0144209124308236,0.62,0.5284,0,0,0,0,observe
normal,546,13470.4075097414,13517.4312747269,224.506791829023,5.63326144826736,0,0,1,1,0,0,1,60,797.469874457065,32.0056498263939,26.4396671774263,0.0677966101694915,0.0401339923319161,18.6956679534735,41.2212959693526,0.16655772333711,ok,0.162395944423443,0.03,0.58,0.00990899741349224,0.62,0.5284,0,0,0,0,observe
normal,547,13495.0143130362,13541.7592172622,224.91690521727,5.64355252091235,0,0,1,1,0,0,1,60,792.179653312971,27.3002290526008,23.2373058079992,0.0169491525423729,0.0344621689517379,16.4312565133418,34.937355681873,0.133413902421678,ok,0.146029982262949,0.03,0.58,0.0300382853363589,0.62,0.5284,0,0,0,0,observe
normal,548,13518.2210090705,13565.6748637139,225.303683484509,5.6532580398243,0,0,1,1,0,0,1,60,804.059816450166,27.0862291821152,28.3120566712395,0.0847457627118644,0.0336868335265128,20.0196472615713,32.6579446097637,0.163815023179889,ok,0.157201350441748,0.03,0.58,0.0157468398527172,0.62,0.5284,0,0,0,0,observe
normal,549,13542.6099243479,13589.4648222381,225.710165405799,5.66345798720657,0,0,1,1,0,0,1,60,795.093416265193,29.2931445796491,29.1134836557935,0.101694915254237,0.0368423935859617,20.5863417169753,35.9496755679433,0.178392726572922,ok,0.170066874566697,0.03,0.58,0.0198234571576788,0.62,0.5284,0,0,0,0,observe
normal,550,13566.4395292573,13613.8058818691,226.107325487621,5.67342401945731,0,0,1,1,0,0,1,60,802.183635919724,26.7037306423247,23.3248372310209,0.0338983050847458,0.0332888000285722,16.4931505761273,33.9728486369461,0.135263137804184,ok,0.150131022005358,0.03,0.58,0.0353997242885111,0.62,0.5284,0,0,0,0,observe
normal,551,13590.2644236739,13637.0980427693,226.504407061231,5.68338808168285,0,0,1,1,0,0,1,60,793.887008853966,26.5453294657443,22.6546867914897,0.0169491525423729,0.0334371631853057,16.0192826559197,33.9513124353032,0.130065091753626,ok,0.139245480704819,0.03,0.58,0.0218580689314108,0.62,0.5284,0,0,0,0,observe
normal,552,13614.5556774515,13661.5240736801,226.909261290858,5.69354718501166,0,0,1,1,0,0,1,60,795.30319685111,27.3166140491528,24.8290057210509,0.0508474576271186,0.034347421407721,17.5567583154747,34.4115539270279,0.145121079788384,ok,0.143680342059525,0.03,0.58,0.00343032792585471,0.62,0.5284,0,0,0,0,observe
normal,553,13637.875703275,13685.1161623006,227.297928387917,5.70330010077883,0,0,1,1,0,0,1,60,800.30199218822,27.0078572723804,29.2351371135667,0.0847457627118644,0.0337470823964019,20.6723637019215,32.1170062095772,0.166588556118804,ok,0.157882361594007,0.03,0.58,0.0207290345828503,0.62,0.5284,0,0,0,0,observe
normal,554,13662.3460385409,13709.0518592032,227.705767309016,5.71353409967955,0,0,1,1,0,0,1,60,792.129758717287,24.1337575556115,26.9049629473887,0.0508474576271186,0.0304669245032428,19.0246817476713,28.3361605004257,0.143380253373008,ok,0.150028503313658,0.03,0.58,0.0158291665253588,0.62,0.5284,0,0,0,0,observe
normal,555,13685.8988717009,13732.8440158647,228.098314528349,5.72338438027639,0,0,1,1,0,0,1,60,795.464226068455,24.3828732852627,24.6175401440074,0.0338983050847458,0.0306523819503158,17.4072295719597,29.7663799935337,0.133463320455792,ok,0.141175978972591,0.03,0.58,0.0183634726590473,0.62,0.5284,0,0,0,0,observe
normal,556,13709.8672708823,13756.1563957168,228.497787848038,5.73340845915427,0,0,1,1,0,0,1,60,785.07560856012,26.870273304834,33.4898543774563,0.101694915254237,0.0342263509550575,23.6809031312494,29.7193203462215,0.187007401064114,ok,0.168736569115565,0.03,0.58,0.0435019808298782,0.62,0.5284,0,0,0,0,observe
normal,557,13733.6433233766,13780.2454354278,228.89405538961,5.74335209468056,0,0,1,1,0,0,1,60,790.023659385041,27.253726894866,31.0331253929144,0.101694915254237,0.0344973553274094,21.9437334067422,31.686019369648,0.179456302758114,ok,0.175237853086531,0.03,0.58,0.0100439277894825,0.62,0.5284,0,0,0,0,observe
normal,558,13756.9640191794,13803.3973008299,229.282733652991,5.7531052906469,0,0,1,1,0,0,1,60,787.348418552294,27.1105833128086,27.845784265178,0.101694915254237,0.0344327653094892,19.6899428813651,32.8979270539962,0.169544124953835,ok,0.172055496871787,0.03,0.58,0.00597945694750415,0.62,0.5284,0,0,0,0,observe
normal,559,13781.0442504237,13827.5400583167,229.684070840395,5.76317614,0,0,1,1,0,0,1,60,788.243714814796,28.1651195022845,29.8431063767039,0.0847457627118644,0.0357314863067472,21.1022628906388,33.7822795863496,0.172077232683648,ok,0.172268305121497,0.03,0.58,0.000454934375832022,0.62,0.5284,0,0,0,0,observe
normal,560,13804.159987935,13851.0817847487,230.06933313225,5.7728436181816,0,0,1,1,0,0,1,60,794.741398646249,26.0388538809769,28.5192179271813,0.0677966101694915,0.0327639329287881,20.1661323904469,30.8118634178574,0.157036574429203,ok,0.163628740030905,0.03,0.58,0.015695632385004,0.62,0.5284,0,0,0,0,observe
normal,561,13828.3397238019,13874.677735852,230.472328730032,5.78295608242016,0,0,1,1,0,0,1,60,785.627958922188,23.6535124880782,24.8787927039465,0.0338983050847458,0.0301077783949145,17.591963028695,28.4517159912082,0.132978388777187,ok,0.14626409205497,0.03,0.58,0.031632626851864,0.62,0.5284,0,0,0,0,observe
normal,562,13851.8513471451,13898.6899255585,230.864189119084,5.79278912822166,0,0,1,1,0,0,1,60,793.469013496182,22.9576129174745,22.63467973783,0.0169491525423729,0.0289332192271991,16.0051355326053,28.2478250192845,0.121885409437295,ok,0.132974601016933,0.03,0.58,0.0264028370943765,0.62,0.5284,0,0,0,0,observe
normal,563,13875.4992321563,13921.7115088968,231.258320535939,5.80267916146312,0,0,1,1,0,0,1,60,783.896217412929,25.7590993317007,23.2765475046652,0.0338983050847458,0.0328603439581743,16.4590045831596,32.4986702019079,0.133895439813208,ok,0.134693727573146,0.03,0.58,0.00190068514270866,0.62,0.5284,0,0,0,0,observe
normal,564,13899.4742798229,13946.0012673871,231.657904663715,5.81270602087465,0,0,1,1,0,0,1,60,788.522363810532,29.1482712780535,25.9937230015132,0.0508474576271186,0.0369656874881703,18.3803378026547,36.8972440604755,0.153333655788327,ok,0.146646604003108,0.03,0.58,0.0159215518695701,0.62,0.5284,0,0,0,0,observe
normal,565,13922.4795802563,13969.0124895555,232.041326337605,5.82232731199256,0,0,1,1,0,0,1,60,788.349677644244,30.8626602099413,29.0548557031419,0.0847457627118644,0.0391484401974584,20.5448854940882,38.5086389074373,0.176937783471102,ok,0.165055993673666,0.03,0.58,0.0282899757081805,0.62,0.5284,0,0,0,0,observe
normal,566,13946.7847256831,13992.793953162,232.446412094719,5.83249222509558,0,0,1,1,0,0,1,60,779.87809624819,26.461843711453,29.1636198734474,0.0847457627118644,0.0339307435851253,20.6217933764614,31.228192121179,0.166220253003263,ok,0.166107853044256,0.03,0.58,0.000267618950016979,0.62,0.5284,0,0,0,0,observe
normal,567,13969.800649348,14016.5987521086,232.830010822466,5.84211795906798,0,0,1,1,0,0,1,60,793.104375885913,24.3178356861733,24.9921662462328,0.0338983050847458,0.0306615830470104,17.6721302292527,29.502713063035,0.134397011081162,ok,0.148065646808946,0.03,0.58,0.032544370780439,0.62,0.5284,0,0,0,0,observe
normal,568,13993.6133887357,14039.8253510357,233.226889812262,5.85207693780975,0,0,1,1,0,0,1,60,783.856631228189,25.262172569288,25.3155857533367,0.0508474576271186,0.0322280523795606,17.900822355894,30.9178796948255,0.142074429082584,ok,0.145395486228071,0.03,0.58,0.00790727891782497,0.62,0.5284,0,0,0,0,observe
normal,569,14017.358143233,14063.8584989445,233.622635720551,5.86200748386819,0,0,1,1,0,0,1,60,787.662447264746,24.080023127616,24.6823307105778,0.0508474576271186,0.0305715007884873,17.4530434209386,29.2418587473484,0.137522802871123,ok,0.141701363628094,0.03,0.58,0.00994895418326316,0.62,0.5284,0,0,0,0,observe
normal,570,14040.6393608501,14086.7880376804,234.010656014168,5.87174416924298,0,0,1,1,0,0,1,60,782.71144407885,26.2848595633631,23.0100038128203,0.0338983050847458,0.0335818004990293,16.2705297311735,33.4224108465927,0.134588622755553,ok,0.138541099558592,0.03,0.58,0.00941065905485583,0.62,0.5284,0,0,0,0,observe
normal,571,14064.6331547263,14110.9034139723,234.410552578772,5.88177886870605,0,0,1,1,0,0,1,60,784.081917130372,28.9937482407358,26.5396847103488,0.0847457627118644,0.0369779580516902,18.7663910292406,36.4567886933555,0.164883845757057,ok,0.154864656644825,0.03,0.58,0.0238552121719807,0.62,0.5284,0,0,0,0,observe
normal,572,14087.5690150426,14134.2359025103,234.792816917377,5.8913711185348,0,0,1,1,0,0,1,60,790.797747164447,27.5465591389533,27.7805333135506,0.0847457627118644,0.0348338867146835,19.6438034909904,33.6414450521831,0.164187623459905,ok,0.160905388050122,0.03,0.58,0.00781484621376907,0.62,0.5284,0,0,0,0,observe
normal,573,14111.719196962,14157.6780641451,235.195319949366,5.90147122270294,0,0,1,1,0,0,1,60,779.577502879603,24.0555824224486,21.863123539699,0.0169491525423729,0.0308572044903709,15.4595629128404,30.3041912267984,0.123139821800724,ok,0.139482543846608,0.03,0.58,0.0389112429663907,0.62,0.5284,0,0,0,0,observe
normal,574,14134.9917693016,14181.7706262873,235.583196155027,5.91120429244442,0,0,1,1,0,0,1,60,792.245396283732,25.2869013737841,20.1273705288396,0,0.0319180161757961,14.2322001883967,32.8069998624131,0.118281120753737,ok,0.128206758347808,0.03,0.58,0.0236324704620747,0.62,0.5284,0,0,0,0,observe
normal,575,14158.4920087084,14204.8377772528,235.974866811806,5.92103257724894,0,0,1,1,0,0,1,60,785.995218461821,26.2971369701082,20.5787829937737,0,0.033457120797212,14.5513970034638,34.2247815317622,0.121995099256867,ok,0.125909185764698,0.03,0.58,0.00931925359007216,0.62,0.5284,0,0,0,0,observe
normal,576,14182.5557854029,14228.8776735038,236.375929756715,5.93109654496998,0,0,1,1,0,0,1,60,785.117453608346,26.1979565404574,24.632525946506,0.0169491525423729,0.0333682004139042,17.417826134528,32.6999263995922,0.134599416777386,ok,0.132312608270787,0.03,0.58,0.00544478215857053,0.62,0.5284,0,0,0,0,observe
normal,577,14205.5947459544,14251.8646502374,236.759912432574,5.9407319134435,0,0,1,1,0,0,1,60,783.78121640922,28.819372359632,26.8774495707206,0.0508474576271186,0.0367696644883425,19.005226852456,36.0543173377742,0.155208017592907,ok,0.146793667949193,0.03,0.58,0.0200341658183679,0.62,0.5284,0,0,0,0,observe
normal,578,14229.6606514245,14275.770186955,237.161010857076,5.95079677146239,0,0,1,1,0,0,1,60,781.541890853865,29.4948823205731,26.9981078918614,0.0677966101694915,0.037739349183636,19.0905451695412,37.0870226809678,0.162293963802151,ok,0.156620639111589,0.03,0.58,0.0135079159299099,0.62,0.5284,0,0,0,0,observe
normal,579,14252.6096957451,14299.5196508116,237.543494929086,5.96039453511366,0,0,1,1,0,0,1,60,794.250009570898,28.9047210493278,25.8997592502001,0.0508474576271186,0.0363924717671,18.3138953969155,36.5454105637048,0.152050315822962,ok,0.154559011498574,0.03,0.58,0.0059730849419313,0.62,0.5284,0,0,0,0,observe
normal,580,14276.6252229794,14322.4250249402,237.943753716324,5.97043832391529,0,0,1,1,0,0,1,60,777.580633086497,28.8088828652187,20.4995035463483,0.0338983050847458,0.0370493832271335,14.4953379685806,38.0760901493367,0.135636391933796,ok,0.144225005061239,0.03,0.58,0.0204490788748628,0.62,0.5284,0,0,0,0,observe
normal,581,14300.2684214409,14346.5254367133,238.337807024015,5.98032639714497,0,0,1,1,0,0,1,60,783.42976502744,27.2717303438237,21.3090286830752,0.0338983050847458,0.0348106895617739,15.0677586823011,35.5029181925149,0.133039050194624,ok,0.138638681111059,0.03,0.58,0.0133324545629409,0.62,0.5284,0,0,0,0,observe
normal,582,14323.2010771855,14369.46739079,238.720017953091,5.98991730675574,0,0,1,1,0,0,1,60,784.039430829961,25.1740180255064,22.2079817930732,0.0169491525423729,0.0321081020107087,15.7034145223494,31.9509802578309,0.126288886409873,ok,0.132518105420372,0.03,0.58,0.014831473834522,0.62,0.5284,0,0,0,0,observe
normal,583,14347.3096281502,14393.5399725724,239.121827135836,6,0,0,1,1,0,0,1,60,783.575597651445,27.6010631141876,23.7646099435193,0.0338983050847458,0.0352245057106351,16.8041168433157,35.2315061725003,0.139664229102027,ok,0.137859400899139,0.03,0.58,0.00429721000687722,0.62,0.5284,0,0,0,0,observe
low_quality_artifact,1,0.802328584171772,49.4378746258211,0.0133721430695295,0,0,0,1,1,0,0,1,60,823.964577097019,30.0243705612778,25.1246120602165,0.0508474576271186,0.0364389093849875,17.7657835624604,38.5655622234872,0.1509655126555,ok,0.16315999734019,0.29448413848134,0.58,0.0290344873445002,0.62,0.602455558774775,0,0,0,0,observe
low_quality_artifact,2,26.1869001522219,74.2767349996031,0.436448335870364,0.0106209339264972,0,0,1,1,0,0,1,60,815.666823907312,26.9304917301104,25.4034480447302,0.0169491525423729,0.0330165343750337,17.9629503779488,33.5832574859919,0.1366705294386,ok,0.148220474024295,0.182328563873906,0.58,0.0274998680611783,0.62,0.571051997884694,0,0,0,0,observe
low_quality_artifact,3,50.2175895420772,99.2489438359619,0.836959825701286,0.0206754019931976,0,0,1,1,0,0,1,60,830.184486835679,25.9122041492135,26.9840394807075,0.0677966101694915,0.0312125853471198,19.0805973006138,31.2860265037419,0.150535031152733,ok,0.150363761213377,0.0983255002576,0.58,0.000407785569895874,0.62,0.547531140072128,0,0,0,0,observe
low_quality_artifact,4,75.1617081328215,123.51602022598,1.25269513554703,0.0311120498876397,0,0,1,1,0,0,1,60,820.65475377295,25.6284340895883,26.4147075916099,0.0677966101694915,0.0312292519744288,18.6780188610872,31.060664500194,0.148778664958235,ok,0.150191238602818,0.0381979526553527,0.58,0.00336327058233885,0.62,0.530695426743499,0,0,0,0,observe
low_quality_artifact,5,100.035890727617,148.767015142653,1.66726484546029,0.0415194364809777,0,0,1,1,0,0,1,60,825.301188444853,25.2505607528357,26.4933178901683,0.0508474576271186,0.0305955705703228,18.7336047362689,30.40121198654,0.14316372222473,ok,0.146866459890736,0.03,0.58,0.00881604206191841,0.62,0.5284,0,0,0,0,observe
low_quality_artifact,6,124.367155913611,172.953934614301,2.07278593189352,0.0516996658063282,0,0,1,1,0,0,1,60,823.965239805342,26.9618550713817,27.8722944525575,0.0847457627118644,0.0327220782732913,19.7086884146316,32.6412447488656,0.161158617269519,ok,0.155990876381184,0.03,0.58,0.0123041449722271,0.62,0.5284,0,0,0,0,observe
low_quality_artifact,7,149.585902827707,198.284936162347,2.49309838046179,0.0622512185069768,0,0,1,1,0,0,1,60,825.298683661564,29.7275788423668,28.202031380384,0.0847457627118644,0.0360203880496645,19.9418476323053,37.0105471544016,0.168794916457395,ok,0.16402224954058,0.03,0.58,0.0113634926590824,0.62,0.5284,0,0,0,0,observe
low_quality_artifact,8,173.771431787902,222.877860391785,2.89619052979837,0.0723704716279128,0,0,1,1,0,0,1,60,832.065429624729,29.0009667344578,27.3297159714738,0.0508474576271186,0.0348541901897517,19.3250274913314,36.1753431984485,0.153886634897884,ok,0.158546232359394,0.03,0.58,0.0110942796702619,0.62,0.5284,0,0,0,0,observe
low_quality_artifact,9,199.146272367594,247.625056089836,3.31910453945991,0.0829873340976942,0,0,1,1,0,0,1,60,822.33533212482,27.1484178084195,23.0198394113741,0.0169491525423729,0.0330138044029691,16.277484549608,34.7723550502161,0.130818016810227,ok,0.14300450228542,0.03,0.58,0.0290154416076032,0.62,0.5284,0,0,0,0,observe
low_quality_artifact,10,223.685635792734,272.920145636249,3.7280939298789,0.0932546319655355,0,0,1,1,0,0,1,60,834.038087407744,24.8447198880007,26.1227195576004,0.0677966101694915,0.0297884716095161,18.4715521422137,29.8884923354109,0.145657207976494,ok,0.14547535812865,0.03,0.58,0.000432975828199234,0.62,0.5284,0,0,0,0,observe
low_quality_artifact,11,248.484977354776,297.120676320368,4.14141628924626,0.103630704984731,0,0,1,1,0,0,1,60,824.927003842186,26.0809032692224,24.6755421109464,0.0677966101694915,0.031616013474826,17.4482431561044,32.4959357680699,0.144978072209426,ok,0.146056953270658,0.03,0.58,0.00256876443150544,0.62,0.5284,0,0,0,0,observe
low_quality_artifact,12,273.737011943247,322.916451887612,4.56228353238746,0.114196185286606,0,0,1,1,0,0,1,60,833.271770856036,32.5163746774229,24.0478049939318,0.0338983050847458,0.0390225324014256,17.0043659838609,42.725645481514,0.150017669960282,ok,0.14920953372822,0.03,0.58,0.0019241338858634,0.62,0.5284,0,0,0,0,observe
low_quality_artifact,13,297.954353640712,347.500446117166,4.96590589401186,0.124328748893388,0,0,1,1,0,0,1,60,839.662829946644,29.352095967493,29.0728277648738,0.101694915254237,0.0349570028833575,20.5575936608108,36.0621188818242,0.175619059370686,ok,0.165302978350899,0.03,0.58,0.02456209766616,0.62,0.5284,0,0,0,0,observe
low_quality_artifact,14,323.759857298354,372.653263223075,5.39599762163923,0.13512580129008,0,0,1,1,0,0,1,60,828.946855591048,25.1889052520811,28.9673401231313,0.0847457627118644,0.0303866346584077,20.4830026340033,29.1446135450798,0.16013763995874,ok,0.162677447029004,0.03,0.58,0.00604715969110556,0.62,0.5284,0,0,0,0,observe
low_quality_artifact,15,348.304306425336,397.805018773388,5.8050717737556,0.145395227021419,0,0,1,1,0,0,1,60,838.409544270373,26.7948441067618,29.4613560834605,0.0677966101694915,0.0319591353532122,20.8323246695664,31.6534609525264,0.159366675256837,ok,0.161193727736017,0.03,0.58,0.00435012495042628,0.62,0.5284,0,0,0,0,observe
low_quality_artifact,16,373.542639706559,422.718452116285,6.22571066177598,0.15595497468059,0,0,1,1,0,0,1,60,834.419814886842,26.6683633640471,29.9490714875081,0.101694915254237,0.0319603668180671,21.1771915390577,31.2078478519709,0.172219746373898,ok,0.16806273660704,0.03,0.58,0.0098976423020424,0.62,0.5284,0,0,0,0,observe
low_quality_artifact,17,398.645320691635,448.417533906204,6.64408867819392,0.166457965263106,0,0,1,1,0,0,1,60,843.541918880264,24.4009837416959,26.5605563868917,0.0677966101694915,0.0289268182120531,18.7811495332588,28.9496880351824,0.14552087849671,ok,0.155289277940551,0.03,0.58,0.0232580939139076,0.62,0.5284,0,0,0,0,observe
low_quality_artifact,18,423.575791561648,472.960378590531,7.05959652602747,0.176888902935504,0,0,1,1,0,0,1,60,837.365441237434,26.0773771406635,23.3001028862784,0.0508474576271186,0.0311421702597699,16.4756607532317,32.9941176547763,0.13616398138834,ok,0.144819316136167,0.03,0.58,0.0206079398757787,0.62,0.5284,0,0,0,0,observe
low_quality_artifact,19,449.241501667478,498.418955549927,7.48735836112463,0.187627465549409,0,0,1,1,0,0,1,60,833.357027395379,25.3782367673397,24.4075592625419,0.0677966101694915,0.0304530182539629,17.2587506667559,31.4681637255983,0.14233745987362,ok,0.144266392737258,0.03,0.58,0.004592697294377,0.62,0.5284,0,0,0,0,observe
low_quality_artifact,20,473.762148208798,523.428352859946,7.89603580347997,0.197886932251543,0,0,1,1,0,0,1,60,841.132904490256,23.5768712837996,24.4147066086205,0.0508474576271186,0.0280299001001365,17.2638046036356,28.525405688144,0.133472915238916,ok,0.138906662691241,0.03,0.58,0.0129374939341066,0.62,0.5284,0,0,0,0,observe
low_quality_artifact,21,499.297886689047,548.407987483126,8.32163144481745,0.208571114587888,0,0,1,1,0,0,1,60,833.150532219989,26.2750675352147,25.9013550165497,0.0338983050847458,0.0315369990405009,18.3150237741225,32.3313818466441,0.139266518680139,ok,0.140150931264982,0.03,0.58,0.00210574424962737,0.62,0.5284,0,0,0,0,observe
low_quality_artifact,22,524.263595507612,574.133120223621,8.73772659179354,0.219016795858471,0,0,1,1,0,0,1,60,845.079456061247,28.5091178300843,26.4284480520633,0.0338983050847458,0.0337354288115816,18.6877348338504,35.7254554299725,0.145257175916941,ok,0.144116749695241,0.03,0.58,0.00271530052785773,0.62,0.5284,0,0,0,0,observe
low_quality_artifact,23,549.250701001441,598.758869380409,9.15417835002402,0.229471429522582,0,0,1,1,0,0,1,60,839.181364954715,28.3465544114684,25.6653887364989,0.0847457627118644,0.0337788177803473,18.1481704173672,35.7449045950171,0.157492235356594,ok,0.152778789286505,0.03,0.58,0.0112224906430674,0.62,0.5284,0,0,0,0,observe
low_quality_artifact,24,574.948759388426,624.726777756758,9.58247932314043,0.240223526694509,0,0,1,1,0,0,1,60,843.227625552295,31.9829707278805,26.3426172008745,0.0847457627118644,0.0379292254649892,18.6270432569398,41.2171577460773,0.168249262711233,ok,0.162437638382828,0.03,0.58,0.0138372007819183,0.62,0.5284,0,0,0,0,observe
low_quality_artifact,25,599.600510578835,649.593908306052,9.99334184298058,0.250537847732542,0,0,1,1,0,0,1,60,847.250648760723,28.362094387386,23.9108725160703,0.0338983050847458,0.0334754472349727,16.9075401002004,36.3724055272414,0.138208107276686,ok,0.148827081854018,0.03,0.58,0.0252832728031726,0.62,0.5284,0,0,0,0,observe
low_quality_artifact,26,625.571092788228,675.21586260883,10.4261848798038,0.261403969185062,0,0,1,1,0,0,1,60,841.484747534522,28.2934594934492,23.1280966528847,0.0169491525423729,0.033623258860421,16.3540339791927,36.5182868275925,0.13276267724707,ok,0.140295284719267,0.03,0.58,0.017934779695707,0.62,0.5284,0,0,0,0,observe
low_quality_artifact,27,650.41067522917,700.688166304376,10.8401779204862,0.271796879034251,0,0,1,1,0,0,1,60,851.570966638726,30.4618891639789,26.7557142903532,0.0677966101694915,0.0357714040959104,18.9191470101986,38.7029618929039,0.159530506557884,ok,0.152452272210739,0.03,0.58,0.0168529389217729,0.62,0.5284,0,0,0,0,observe
low_quality_artifact,28,676.096579512237,725.542175729831,11.2682763252039,0.282543890915127,0,0,1,1,0,0,1,60,838.771885350026,29.1068535296464,28.870454296391,0.11864406779661,0.0347017514988594,20.4144940089144,35.7444580201264,0.181192157577385,ok,0.169815608463683,0.03,0.58,0.0270870216992907,0.62,0.5284,0,0,0,0,observe
low_quality_artifact,29,701.501957405947,751.611862641649,11.6916992900991,0.293173530232199,0,0,1,1,0,0,1,60,848.728272287884,29.5751489112613,27.7150393301922,0.0847457627118644,0.0348464283292186,19.5974922512308,36.9501984258476,0.165601496433249,ok,0.167628070152747,0.03,0.58,0.0048251755226133,0.62,0.5284,0,0,0,0,observe
low_quality_artifact,30,726.383436964092,776.241014186756,12.1063906160682,0.303583969883392,0,0,1,1,0,0,1,60,844.980640948746,30.4037463480121,27.1912747619202,0.0338983050847458,0.0359815892514114,19.2271347732604,38.4589764866332,0.152029522225135,ok,0.158892684986883,0.03,0.58,0.0163408637184469,0.62,0.5284,0,0,0,0,observe
low_quality_artifact,31,752.440022377425,802.235206819766,12.5406670396238,0.314486075175311,0,0,1,1,0,0,1,60,843.722402968629,30.0241474396304,26.2671232305515,0.0508474576271186,0.0355853386540297,18.5736609585856,38.1826921202374,0.152787584197579,ok,0.155883630867417,0.03,0.58,0.00737153969009044,0.62,0.5284,0,0,0,0,observe
low_quality_artifact,32,777.054797732604,827.539322357807,12.9509132955434,0.324784925481375,0,0,1,1,0,0,1,60,854.971802850854,24.1036759281553,23.2944873060133,0.0677966101694915,0.0281923635934927,16.471689938346,29.8438907831076,0.135997671452966,ok,0.144957506909177,0.03,0.58,0.0213329415624058,0.62,0.5284,0,0,0,0,observe
low_quality_artifact,33,803.096721452957,852.895815989891,13.3849453575493,0.335680896304096,0,0,1,1,0,0,1,60,844.34348616875,22.5025296000434,20.3285618950155,0.0169491525423729,0.0266509186944164,14.3744639677359,28.3919436186028,0.113769821938368,ok,0.127751720451997,0.03,0.58,0.0332902345562579,0.62,0.5284,0,0,0,0,observe
low_quality_artifact,34,828.370750969914,878.748505922586,13.8061791828319,0.346255579309336,0,0,1,1,0,0,1,60,853.486392746319,26.2747233716663,28.7536745524204,0.101694915254237,0.0307851696230568,20.3319182600475,31.1020140245278,0.166812913009492,ok,0.151723868779954,0.03,0.58,0.0359262957846149,0.62,0.5284,0,0,0,0,observe
low_quality_artifact,35,853.796097796788,903.839902710412,14.2299349632798,0.356893573651,0,0,1,1,0,0,1,60,849.068112008677,25.5768779925532,30.0622363118533,0.135593220338983,0.0301234702267229,21.2572111537439,29.2657538713263,0.183634999056492,ok,0.170944882847091,0.03,0.58,0.0302145624033354,0.62,0.5284,0,0,0,0,observe
low_quality_artifact,36,879.608726968067,929.736610527899,14.6601454494678,0.367693607370789,0,0,1,1,0,0,1,60,849.80174342188,22.3116753035949,23.6300017620422,0.0508474576271186,0.026255153600595,16.7089344853901,26.7662701560944,0.128708005393552,ok,0.146675682876292,0.03,0.58,0.0427801844827133,0.62,0.5284,0,0,0,0,observe
low_quality_artifact,37,904.694823046773,954.827904766179,15.0782470507796,0.378189658809414,0,0,1,1,0,0,1,60,849.80003426279,23.7192020940813,26.4247284684831,0.0508474576271186,0.027911509929107,18.6851046910776,27.8579963142222,0.138737486387027,ok,0.142911301704036,0.03,0.58,0.00993765551668713,0.62,0.5284,0,0,0,0,observe
low_quality_artifact,38,930.611124341823,980.65195979521,15.5101854056971,0.389033069064971,0,0,1,1,0,0,1,60,848.589154455193,25.525322793244,24.4432237014443,0.0338983050847458,0.0300797183881423,17.283969233351,31.691459653023,0.133102588444863,ok,0.138156883210774,0.03,0.58,0.012034035156931,0.62,0.5284,0,0,0,0,observe
low_quality_artifact,39,955.67923351014,1006.27154348592,15.927987225169,0.39952159475961,0,0,1,1,0,0,1,60,857.393978662288,22.1577674465535,19.4897334797404,0.0169491525423729,0.0258431572859005,13.7813227070429,28.1426448805978,0.110893119529176,ok,0.123398346818535,0.03,0.58,0.0297743506889512,0.62,0.5284,0,0,0,0,observe
low_quality_artifact,40,981.533384225228,1031.49494266834,16.3588897370871,0.410339001141062,0,0,1,1,0,0,1,60,847.38304788552,20.6654331689956,22.7072159908872,0.0338983050847458,0.0243873573120942,16.056426409024,24.4194886739269,0.119292227468989,ok,0.122443159255971,0.03,0.58,0.00750221854043423,0.62,0.5284,0,0,0,0,observe
low_quality_artifact,41,1007.12526810732,1057.59669334241,16.7854211351219,0.421046674778082,0,0,1,1,0,0,1,60,855.419164274929,24.3571001710188,26.304868981546,0.0338983050847458,0.0284738771215914,18.6003512350748,28.9924747376614,0.135288369788336,ok,0.131343813751492,0.03,0.58,0.00939180008772253,0.62,0.5284,0,0,0,0,observe
low_quality_artifact,42,1032.34925065613,1082.59973383183,17.2058208442688,0.431600418074314,0,0,1,1,0,0,1,60,851.746519391485,27.5919601458253,27.2457819924542,0.0169491525423729,0.0323945675358179,19.2656772055947,33.9332611339885,0.141378229579927,ok,0.138389910825447,0.03,0.58,0.00711504465352431,0.62,0.5284,0,0,0,0,observe
low_quality_artifact,43,1058.44718923632,1108.60336407426,17.640786487272,0.442519825578788,0,0,1,1,0,0,1,60,850.111178864055,27.692136038318,26.394394002388,0.0338983050847458,0.0325747228442768,18.6636549843981,34.4293011743308,0.142992009835325,ok,0.142107702498375,0.03,0.58,0.0021054936594046,0.62,0.5284,0,0,0,0,observe
low_quality_artifact,44,1083.4505003505,1134.00023087122,18.057508339175,0.452981239693083,0,0,1,1,0,0,1,60,856.674950656499,27.084392129741,27.6853993305957,0.0677966101694915,0.0316157162165011,19.5765336065217,32.9224532200727,0.153885985087081,ok,0.149893992296865,0.03,0.58,0.00950474473860924,0.62,0.5284,0,0,0,0,observe
low_quality_artifact,45,1109.46340710056,1159.53280627408,18.4910567850093,0.463865069782074,0,0,1,1,0,0,1,60,848.824036663667,25.0856323928068,25.0568034909126,0.0508474576271186,0.0295533954144451,17.7178356632831,30.735259955025,0.137934586268234,ok,0.143716208194378,0.03,0.58,0.01376576649082,0.62,0.5284,0,0,0,0,observe
low_quality_artifact,46,1134.81341825717,1185.62107949599,18.9135569709528,0.474471543592694,0,0,1,1,0,0,1,60,860.347477079531,25.0059157381643,25.8529850536138,0.0677966101694915,0.0290649027333089,18.2808210453248,30.2721526442563,0.144174651316189,ok,0.14489645675853,0.03,0.58,0.00171858438652636,0.62,0.5284,0,0,0,0,observe
low_quality_artifact,47,1160.41539504804,1210.58821487605,19.340256584134,0.485183440114353,0,0,1,1,0,0,1,60,850.923476699485,29.3954500368021,26.503049474366,0.0677966101694915,0.0345453508355646,18.7404860054467,37.107669692557,0.156240517381918,ok,0.15236062120978,0.03,0.58,0.00923784802889951,0.62,0.5284,0,0,0,0,observe
low_quality_artifact,48,1186.48145921109,1236.80708751854,19.7746909868516,0.496089511326052,0,0,1,1,0,0,1,60,853.100133709049,29.8331191048297,23.757854011025,0.0169491525423729,0.0349702431473353,16.7993396776358,38.7015784877222,0.137374321825359,ok,0.144365079912329,0.03,0.58,0.0166446621118339,0.62,0.5284,0,0,0,0,observe
low_quality_artifact,49,1211.44579100636,1262.0279986603,20.1907631834394,0.506534616448505,0,0,1,1,0,0,1,60,857.32972973756,26.5800283912683,22.3271842838739,0.0169491525423729,0.0310032738505462,15.7877034119289,34.1136957765972,0.126164055883122,ok,0.134706485961598,0.03,0.58,0.0203391192344678,0.62,0.5284,0,0,0,0,observe
low_quality_artifact,50,1237.68715831049,1287.84570507438,20.6281193051748,0.517514034695958,0,0,1,1,0,0,1,60,850.643625930637,25.2619514202353,24.7905918338378,0.0677966101694915,0.0296974557266537,17.5295955953346,31.1294981871003,0.142314609310274,ok,0.140260594057598,0.03,0.58,0.00489051250637146,0.62,0.5284,0,0,0,0,observe
low_quality_artifact,51,1262.87022198502,1313.55170877335,21.0478370330837,0.528050657488153,0,0,1,1,0,0,1,60,858.728501884209,24.3309807839865,25.3497088513318,0.0847457627118644,0.0283337291479202,17.9249510298814,29.3715743942641,0.146912461958101,ok,0.145120110469638,0.03,0.58,0.00426750354395924,0.62,0.5284,0,0,0,0,observe
low_quality_artifact,52,1288.70689610801,1338.66652955204,21.4784482684668,0.538860751643378,0,0,1,1,0,0,1,60,847.013741294498,25.2110513082547,24.4697154841368,0.101694915254237,0.0297646308190047,17.3027017525386,31.1738789405104,0.152982431117589,ok,0.150559229661615,0.03,0.58,0.00576952727612895,0.62,0.5284,0,0,0,0,observe
low_quality_artifact,53,1314.34606870366,1364.87985856854,21.9057678117277,0.549588210932517,0,0,1,1,0,0,1,60,855.46916325317,28.7862459173443,26.1102160765802,0.11864406779661,0.0336496593376624,18.4627108459958,36.2825607729773,0.171637884515562,ok,0.163526756889432,0.03,0.58,0.0193122086336445,0.62,0.5284,0,0,0,0,observe
low_quality_artifact,54,1339.52926174354,1389.98077641211,22.3254876957257,0.560124887851321,0,0,1,1,0,0,1,60,855.237447667732,27.6209715270972,26.9862569710765,0.0677966101694915,0.0322962606495082,19.082165303091,34.0838246613689,0.153183663018043,ok,0.157942888170412,0.03,0.58,0.0113314884580233,0.62,0.5284,0,0,0,0,observe
low_quality_artifact,55,1365.72633564685,1416.05315328938,22.7621055941142,0.571085773688954,0,0,1,1,0,0,1,60,852.888245347289,27.3466710947159,29.3842491588994,0.0847457627118644,0.0320636041637325,20.7778018403328,32.6184578208259,0.165070135357696,ok,0.162632530757143,0.03,0.58,0.00580382047750866,0.62,0.5284,0,0,0,0,observe
low_quality_artifact,56,1390.80234945076,1441.53996021523,23.1800391575127,0.581577606692213,0,0,1,1,0,0,1,60,859.319730052098,27.1102166925233,27.3005049411994,0.0677966101694915,0.0315484629811533,19.3043721737389,33.1250496333048,0.152723261047444,ok,0.157322814550437,0.03,0.58,0.0109513178642705,0.62,0.5284,0,0,0,0,observe
low_quality_artifact,57,1416.91156276541,1467.09297760036,23.6151927127568,0.592501731558541,0,0,1,1,0,0,1,60,850.66373851639,25.7332337484474,23.088474522244,0,0.030250770760874,16.3260169019316,32.524756884907,0.123239367914403,ok,0.138125880574866,0.03,0.58,0.0354440777630079,0.62,0.5284,0,0,0,0,observe
low_quality_artifact,58,1442.34987123217,1493.06908337021,24.0391645205362,0.603145149065239,0,0,1,1,0,0,1,60,858.818719249613,25.8043451249608,18.9148139746506,0,0.0300463235681532,13.3747932263575,33.9535471020092,0.113772012477121,ok,0.125055864887688,0.03,0.58,0.026866315263253,0.62,0.5284,0,0,0,0,observe
low_quality_artifact,59,1467.9555158743,1518.07630470867,24.4659252645717,0.613858580220078,0,0,1,1,0,0,1,60,849.722118471767,28.4422348943645,25.0431378754111,0.0677966101694915,0.033472395593889,17.7081726138928,36.115676295052,0.150121285854344,ok,0.140978401253179,0.03,0.58,0.0217687728599178,0.62,0.5284,0,0,0,0,observe
low_quality_artifact,60,1493.88905750876,1544.22671911847,24.8981509584793,0.624709203853464,0,0,1,1,0,0,1,60,852.627262470908,27.4468888315254,27.1223612313478,0.0677966101694915,0.0321909585109729,19.1784055484771,33.7468839106423,0.153297360056449,ok,0.149106741647495,0.03,0.58,0.00997766287846111,0.62,0.5284,0,0,0,0,observe
low_quality_artifact,61,1518.9277094561,1569.17569596683,25.3154618242684,0.635185404612984,0,0,1,1,0,0,1,60,851.656520969307,28.1726506839759,25.7726009637464,0.0508474576271186,0.0330798273603441,18.22398091028,35.4299733686664,0.146539948818918,ok,0.148396511917404,0.03,0.58,0.00442038832972774,0.62,0.5284,0,0,0,0,observe
low_quality_artifact,62,1545.06426185523,1595.04116938793,25.7510710309205,0.64612096818369,0,0,1,1,0,0,1,60,846.907504491034,26.650760209432,27.2524922262029,0.0847457627118644,0.0314683245432431,19.2704220573817,32.3909998797762,0.157540624126403,ok,0.154496504898305,0.03,0.58,0.0072479029240439,0.62,0.5284,0,0,0,0,observe
low_quality_artifact,63,1570.02008779791,1620.82496161955,26.1670014632984,0.656562514447639,0,0,1,1,0,0,1,60,860.821094212084,21.8533793027267,26.1950972926561,0.0508474576271186,0.0253866679727792,18.5227309294785,24.7396203045201,0.13413166806853,ok,0.143327587613598,0.03,0.58,0.0218950465358763,0.62,0.5284,0,0,0,0,observe
low_quality_artifact,64,1595.88860937365,1646.07784900036,26.5981434895608,0.66738593361371,0,0,1,1,0,0,1,60,850.611326873848,24.8904528637223,28.7945411426576,0.0677966101694915,0.0292618403697953,20.3608153031282,28.7142210013481,0.152657990434752,ok,0.149663366042005,0.03,0.58,0.00713005807797013,0.62,0.5284,0,0,0,0,observe
low_quality_artifact,65,1621.65388292354,1672.31417200188,27.0275647153923,0.678166153687069,0,0,1,1,0,0,1,60,858.153506372092,26.985985049902,28.7234754940864,0.0847457627118644,0.0314465708635129,20.3105643011141,32.3104898755401,0.16202413292395,ok,0.157597094009274,0.03,0.58,0.0105405688444651,0.62,0.5284,0,0,0,0,observe
low_quality_artifact,66,1646.94768518192,1697.2099838548,27.4491280863654,0.688749109630053,0,0,1,1,0,0,1,60,852.202247574078,27.8379459248155,22.7104181683548,0.0338983050847458,0.0326658912295296,16.0586906904259,35.9446925141269,0.133808408528552,ok,0.144364209661422,0.03,0.58,0.0251328598401655,0.62,0.5284,0,0,0,0,observe
low_quality_artifact,67,1673.15603366985,1723.13971163367,27.8859338944975,0.69971471276685,0,0,1,1,0,0,1,60,847.092327196531,27.8103464047941,19.0074087678361,0,0.0328303604128171,13.4402676325215,36.9620067133195,0.118968000884594,ok,0.130532430487394,0.03,0.58,0.0275343561971427,0.62,0.5284,0,0,0,0,observe
low_quality_artifact,68,1697.9955443134,1748.47497923326,28.2999257385567,0.710107592575928,0,0,1,1,0,0,1,60,854.416589640954,27.8071125855371,21.9058749595027,0.0169491525423729,0.0325451459190678,15.489792731689,36.14605568826,0.128074783192314,ok,0.130353577807965,0.03,0.58,0.00542570146583618,0.62,0.5284,0,0,0,0,observe
low_quality_artifact,69,1724.05478201924,1773.65227176308,28.7342463669873,0.72101080759008,0,0,1,1,0,0,1,60,841.876002156919,27.1454385264818,24.4013671165486,0.0338983050847458,0.0322439865929593,17.2543721583339,34.2933857618596,0.136892808357186,ok,0.135397421365753,0.03,0.58,0.00356044521769902,0.62,0.5284,0,0,0,0,observe
low_quality_artifact,70,1749.26274122328,1799.61270657763,29.154379020388,0.73155784670044,0,0,1,1,0,0,1,60,852.295455739462,27.7559343714817,22.3720600717812,0.0338983050847458,0.0325660945210606,15.8194353858693,35.9239370022316,0.132816205922627,ok,0.135024301390323,0.03,0.58,0.00525737016118086,0.62,0.5284,0,0,0,0,observe
low_quality_artifact,71,1774.5033227036,1824.38274728467,29.5750553783933,0.742118535008697,0,0,1,1,0,0,1,60,845.507925359775,28.9497414833439,23.031312660898,0.0338983050847458,0.0342394679163124,16.2855973621485,37.5626727278939,0.13754943962069,ok,0.1376222691689,0.03,0.58,0.000173403686213297,0.62,0.5284,0,0,0,0,observe
low_quality_artifact,72,1800.43290841136,1850.35761478994,30.0072151401893,0.752967503477804,0,0,1,1,0,0,1,60,845.748470205165,28.4106948345091,24.1005134604389,0.0169491525423729,0.0335923691681252,17.041636497954,36.3856810769127,0.135207628144131,ok,0.137289696191478,0.03,0.58,0.00495730487463464,0.62,0.5284,0,0,0,0,observe
low_quality_artifact,73,1825.2130983352,1875.19324066408,30.4202183055866,0.763335563429558,0,0,1,1,0,0,1,60,846.841556323569,27.6754527082778,22.3766012107432,0,0.0326807919399072,15.8226464560237,35.7981176089459,0.126054064185334,ok,0.131849329283889,0.03,0.58,0.013798250234655,0.62,0.5284,0,0,0,0,observe
low_quality_artifact,74,1851.2012157176,1900.939871544,30.8533535952934,0.774209021618627,0,0,1,1,0,0,1,60,843.037612567712,26.6667892219537,21.1770086085408,0,0.0316317905920382,14.9744063923451,34.612171963243,0.121197898907789,ok,0.126884896567797,0.03,0.58,0.0135404706190664,0.62,0.5284,0,0,0,0,observe
low_quality_artifact,75,1876.01105117017,1926.35315570298,31.2668508528362,0.784589485293683,0,0,1,1,0,0,1,60,852.665250648299,23.6909229111643,22.9806236691903,0.0169491525423729,0.0277845530742007,16.2497548323805,29.2995755029485,0.12185544374999,ok,0.12530631453996,0.03,0.58,0.00821635902373954,0.62,0.5284,0,0,0,0,observe
low_quality_artifact,76,1901.78412416078,1951.37756283692,31.6964020693463,0.795372968662004,0,0,1,1,0,0,1,60,840.628188215382,23.901180462881,25.7422030544323,0.0508474576271186,0.0284325231986596,18.2024863424701,28.4816141745969,0.137612705898722,ok,0.133822302401635,0.03,0.58,0.00902477023115883,0.62,0.5284,0,0,0,0,observe
low_quality_artifact,77,1927.18592415944,1977.35454362566,32.1197654026574,0.806001110983677,0,0,1,1,0,0,1,60,850.023132044535,25.2560171661336,25.2075261573556,0.0677966101694915,0.0297121527803438,17.8244126828034,30.9519485445616,0.143411518669943,ok,0.140547725816732,0.03,0.58,0.00681855441240617,0.62,0.5284,0,0,0,0,observe
low_quality_artifact,78,1952.21440156189,2002.12762917051,32.5369066926982,0.816473054701916,0,0,1,1,0,0,1,60,845.834438893151,28.6670869004909,27.4941277586897,0.101694915254237,0.033892078144754,19.4412841809788,35.5758374759473,0.168985887307929,ok,0.158036056791045,0.03,0.58,0.0260710250402009,0.62,0.5284,0,0,0,0,observe
low_quality_artifact,79,1978.23528597613,2027.97151239217,32.9705880996021,0.827360222654769,0,0,1,1,0,0,1,60,843.616146108615,28.1870124242713,26.8344457735974,0.0677966101694915,0.0334121300952937,18.9748185758934,35.0566912132903,0.154664423838287,ok,0.156634001047311,0.03,0.58,0.00468946954529506,0.62,0.5284,0,0,0,0,observe
low_quality_artifact,80,2002.9438327909,2052.98924804366,33.3823972131816,0.837698307047328,0,0,1,1,0,0,1,60,847.69364788581,26.2804454519173,22.0580536318325,0.0169491525423729,0.0310022913554466,15.5973993028453,33.7349190200599,0.125318414028373,ok,0.139059783749935,0.03,0.58,0.0327175469560994,0.62,0.5284,0,0,0,0,observe
low_quality_artifact,81,2028.85023483046,2078.21717468946,33.8141705805077,0.848537575443009,0,0,1,1,0,0,1,60,837.427704954725,23.901800979195,28.8899112245333,0.0847457627118644,0.028541927664654,20.4282521347448,26.9309987712559,0.15681854260872,ok,0.150391557337532,0.03,0.58,0.0153023458837814,0.62,0.5284,0,0,0,0,observe
low_quality_artifact,82,2053.83977603874,2104.04521118177,34.230662933979,0.858993228212845,0,0,1,1,0,0,1,60,850.932718968426,27.051557456881,32.4123119986408,0.11864406779661,0.0317904775005892,22.918965608173,30.6315937740309,0.186968976669782,ok,0.172352593305331,0.03,0.58,0.0348009127725022,0.62,0.5284,0,0,0,0,observe
low_quality_artifact,83,2079.07041385825,2128.79367167697,34.6511735643042,0.869549756081992,0,0,1,1,0,0,1,60,842.94161645863,29.6002862238421,27.1872530540477,0.0677966101694915,0.0351154642811432,19.2242909963518,37.1857570146735,0.159102668829791,ok,0.164860351758224,0.03,0.58,0.0137087688772203,0.62,0.5284,0,0,0,0,observe
low_quality_artifact,84,2104.88672755763,2154.59840860794,35.0814454592938,0.88035133141257,0,0,1,1,0,0,1,60,842.553290436281,25.9661978128795,22.1119240096463,0.0508474576271186,0.030818463481917,15.6354914123026,33.2267703216998,0.132854751198747,ok,0.14667862256942,0.03,0.58,0.0329139794539829,0.62,0.5284,0,0,0,0,observe
low_quality_artifact,85,2129.63042200589,2179.3628876455,35.4938403667648,0.890704121615387,0,0,1,1,0,0,1,60,842.820266142056,26.7127232234563,26.1045967473518,0.0677966101694915,0.0316944481481583,18.4587373801928,32.9607975988907,0.149305123125123,ok,0.149041691602978,0.03,0.58,0.000627217909867694,0.62,0.5284,0,0,0,0,observe
low_quality_artifact,86,2155.44262346216,2204.64384731493,35.9240437243693,0.901503976378724,0,0,1,1,0,0,1,60,834.090645116435,25.4394191996105,26.944238638082,0.0508474576271186,0.0304995858046811,19.0524538548963,30.5177341972511,0.144426166749634,ok,0.147144836559644,0.03,0.58,0.00647302335716526,0.62,0.5284,0,0,0,0,observe
low_quality_artifact,87,2180.15873663939,2229.82266320834,36.3359789439898,0.911845226546033,0,0,1,1,0,0,1,60,840.99625938077,24.1551882372826,21.6364874498387,0.0169491525423729,0.028722111386165,15.2993069968386,30.5430424642601,0.120104483100547,ok,0.132289381672065,0.03,0.58,0.0290116632655181,0.62,0.5284,0,0,0,0,observe
low_quality_artifact,88,2205.53663640177,2254.59662648695,36.7589439400295,0.922463368981371,0,0,1,1,0,0,1,60,832.546319533768,21.6361700208462,20.715167154464,0.0338983050847458,0.0259879474729558,14.6478351683343,26.864263087292,0.117016604248005,ok,0.124633478347974,0.03,0.58,0.018135414523736,0.62,0.5284,0,0,0,0,observe
low_quality_artifact,89,2230.63774991523,2280.09300735049,37.1772958319205,0.932965703731959,0,0,1,1,0,0,1,60,837.83906903575,23.1274710969666,26.6008339147818,0.0677966101694915,0.02760371526191,18.8096300463593,26.7573850777902,0.143257276480681,ok,0.136830517610575,0.03,0.58,0.0153018068335856,0.62,0.5284,0,0,0,0,observe
low_quality_artifact,90,2255.44983876892,2304.60096750142,37.5908306461487,0.943347110232637,0,0,1,1,0,0,1,60,833.405683574376,25.8415321340607,27.5035157679068,0.0677966101694915,0.0310071465114438,19.447922505958,30.9410387070899,0.151693030640656,ok,0.146538646124236,0.03,0.58,0.0122723440867158,0.62,0.5284,0,0,0,0,observe
low_quality_artifact,91,2280.92787236949,2329.93783259782,38.0154645394915,0.954007148780984,0,0,1,1,0,0,1,60,830.747087455594,25.98995085825,24.958285453699,0.0508474576271186,0.0312850339780929,17.6481728911002,32.2412326816816,0.140449031642987,ok,0.143849895842781,0.03,0.58,0.00809729571379414,0.62,0.5284,0,0,0,0,observe
low_quality_artifact,92,2305.40395829317,2354.96378091611,38.4233993048862,0.964247971269471,0,0,1,1,0,0,1,60,839.380223578247,25.8658073333676,25.8012498649633,0.0508474576271186,0.0308153642494728,18.2442387426041,31.705326535405,0.141993301178912,ok,0.143684053562499,0.03,0.58,0.00402560091330173,0.62,0.5284,0,0,0,0,observe
low_quality_artifact,93,2330.81997069062,2379.85485465899,38.8469995115104,0.974882060075134,0,0,1,1,0,0,1,60,831.950367686124,28.2976893577292,27.6676122754267,0.0677966101694915,0.034013674922018,19.5639562591944,34.9108874344582,0.157914789667217,ok,0.15285304235346,0.03,0.58,0.0120517793184678,0.62,0.5284,0,0,0,0,observe
low_quality_artifact,94,2355.74304494075,2405.20700643273,39.2623840823459,0.98530990299327,0,0,1,1,0,0,1,60,837.38709194369,27.1211041736022,25.868552175872,0.0338983050847458,0.0323877743453752,18.2918286630371,33.712276508015,0.140893533550409,ok,0.146600630580383,0.03,0.58,0.0135883262618439,0.62,0.5284,0,0,0,0,observe
low_quality_artifact,95,2380.72345772665,2429.54275992578,39.6787242954441,0.995761736420687,0,0,1,1,0,0,1,60,828.131754446559,26.7551947687081,26.4583736552414,0.0677966101694915,0.0323078962073959,18.7088954307887,32.8885713581911,0.151090824561155,ok,0.150046607198605,0.03,0.58,0.00248623181559493,0.62,0.5284,0,0,0,0,observe
low_quality_artifact,96,2406.04084133739,2455.11291433572,40.1006806889565,1.00635455882861,0,0,1,1,0,0,1,60,831.765131716439,27.5323980662205,26.1305538843288,0.0677966101694915,0.0331011688472735,18.4770918477694,34.2733564653761,0.151817446372368,ok,0.151828519417983,0.03,0.58,2.63643943211045e-05,0.62,0.5284,0,0,0,0,observe
low_quality_artifact,97,2430.37740073164,2479.47319808432,40.5062900121941,1.01653700325678,0,0,1,1,0,0,1,60,832.173969308937,27.2430851646873,22.7803072937056,0.0169491525423729,0.032737247461983,16.1081097648926,34.998573947848,0.129949914771173,ok,0.1398488500335,0.03,0.58,0.0235688934817307,0.62,0.5284,0,0,0,0,observe
low_quality_artifact,98,2455.94329825303,2504.53811983223,40.9323883042171,1.02723380417061,0,0,1,1,0,0,1,60,823.753424941875,24.3596684654982,25.155816226933,0.0508474576271186,0.0295715534866724,17.7878482403469,29.5021922994947,0.137717673395206,ok,0.139624576562446,0.03,0.58,0.00454024563628364,0.62,0.5284,0,0,0,0,observe
low_quality_artifact,99,2480.29627577825,2529.60335107307,41.3382712629709,1.03742311796365,0,0,1,1,0,0,1,60,835.502549812497,24.341705528165,25.3400616258046,0.0508474576271186,0.0291342085474518,17.9181294112914,29.3935008877815,0.137666221730583,ok,0.139506191430592,0.03,0.58,0.00438088023811609,0.62,0.5284,0,0,0,0,observe
low_quality_artifact,100,2505.38981217275,2553.75081502881,41.7564968695458,1.04792228243896,0,0,1,1,0,0,1,60,820.211586609561,28.4911790303623,21.611028393547,0.0338983050847458,0.0347363771684009,15.2813047254921,37.282385800361,0.134549624109396,ok,0.137651826360248,0.03,0.58,0.00738619583535952,0.62,0.5284,0,0,0,0,observe
low_quality_artifact,101,2530.3985011405,2579.00509644848,42.1733083523417,1.05838594665337,0,0,1,1,0,0,1,60,823.362422923446,25.9919362461834,20.1983103329242,0.0169491525423729,0.0315680379897542,14.282362204921,33.8699812444408,0.1216764034536,ok,0.129453255050114,0.03,0.58,0.0185163133250322,0.62,0.5284,0,0,0,0,observe
low_quality_artifact,102,2554.60006796486,2603.13395020206,42.5766677994143,1.06851191003511,0,0,1,1,0,0,1,60,823.052252887583,25.6859387484001,22.9698738383666,0.0169491525423729,0.0312081507076665,16.2421535541085,32.4919581850323,0.127302583021871,ok,0.12947964324647,0.03,0.58,0.0051834767252357,0.62,0.5284,0,0,0,0,observe
low_quality_artifact,103,2579.85019191189,2628.2364644008,42.9975031985314,1.07907659092241,0,0,1,1,0,0,1,60,820.522799205428,26.3678746519255,28.4052051131508,0.0508474576271186,0.0321354564156651,20.0855131565037,31.4181760858142,0.151344426079939,ok,0.143434330280071,0.03,0.58,0.0188335614282564,0.62,0.5284,0,0,0,0,observe
low_quality_artifact,104,2603.931828492,2652.65995200391,43.3988638082,1.08915237535208,0,0,1,1,0,0,1,60,825.43336336414,26.840021460147,28.8973410824017,0.0338983050847458,0.032516278904402,20.4335058376269,31.9882063133582,0.149447303986623,ok,0.147843309906813,0.03,0.58,0.00381903352335616,0.62,0.5284,0,0,0,0,observe
low_quality_artifact,105,2629.09699840967,2677.23504325584,43.8182833068279,1.09968151137583,0,0,1,1,0,0,1,60,816.642980917334,25.4672135071692,23.0852309830817,0,0.031185247534439,16.3237233733948,32.1044231044316,0.124204806125145,ok,0.134943326303794,0.03,0.58,0.0255679051872595,0.62,0.5284,0,0,0,0,observe
low_quality_artifact,106,2653.45702036048,2702.13625408169,44.2242836726747,1.10987377256464,0,0,1,1,0,0,1,60,824.605034629738,27.1978203586199,24.4119478353971,0.0338983050847458,0.0329828453822528,17.2618538563815,34.3725365075149,0.137926751384182,ok,0.137809141027564,0.03,0.58,0.000280024658616124,0.62,0.5284,0,0,0,0,observe
low_quality_artifact,107,2678.09053706645,2726.0331125418,44.6348422844409,1.12018046427342,0,0,1,1,0,0,1,60,813.301154766012,30.9109503509298,29.8220271565291,0.0847457627118644,0.0380067705176478,21.0873576311111,38.2922583733699,0.177567393397092,ok,0.161932137047995,0.03,0.58,0.0372268008311821,0.62,0.5284,0,0,0,0,observe
low_quality_artifact,108,2702.93666606963,2751.22234147614,45.0489444344938,1.13057611321178,0,0,1,1,0,0,1,60,818.101456574095,29.6771840140245,27.5218110309738,0.0677966101694915,0.0362756767825613,19.4608592105363,37.1852855413566,0.161764770830552,ok,0.162290374788269,0.03,0.58,0.00125143799456351,0.62,0.5284,0,0,0,0,observe
low_quality_artifact,109,2726.85428745556,2775.14800872962,45.4475714575926,1.14058327349565,0,0,1,1,0,0,1,60,818.58160313033,28.7909673067167,21.1147825230312,0.0338983050847458,0.0351717741965095,14.9304059053145,37.8803719149563,0.134274650794373,ok,0.146487537427145,0.03,0.58,0.0290783015065993,0.62,0.5284,0,0,0,0,observe
low_quality_artifact,110,2752.04614025803,2799.9274412575,45.8674356709671,1.15112357366908,0,0,1,1,0,0,1,60,811.751663022733,29.0019138168541,20.9956583245258,0.0169491525423729,0.0357275693268791,14.846172376748,38.2336654774343,0.131292799190499,ok,0.138519103306726,0.03,0.58,0.0172054859910179,0.62,0.5284,0,0,0,0,observe
low_quality_artifact,111,2775.92927527435,2824.4571354438,46.2654879212391,1.16111630481626,0,0,1,1,0,0,1,60,821.818778569697,26.6551390590127,23.7291400715505,0.0338983050847458,0.0324343270731823,16.7790358563188,33.7558414536355,0.135092957030146,ok,0.13757725706298,0.03,0.58,0.00591500007817677,0.62,0.5284,0,0,0,0,observe
low_quality_artifact,112,2800.74581427318,2848.36745419054,46.679096904553,1.17149957326278,0,0,1,1,0,0,1,60,807.333548883936,23.8017217241914,23.5595467187477,0.0169491525423729,0.0294818935210795,16.6591152465077,29.2492357724995,0.12532203620158,ok,0.131538282085381,0.03,0.58,0.0148005854376212,0.62,0.5284,0,0,0,0,observe
low_quality_artifact,113,2825.24413285251,2873.23961480597,47.0874022142086,1.18174969791995,0,0,1,1,0,0,1,60,813.041322702828,24.6964944575648,23.175376631178,0.0338983050847458,0.0303754480466813,16.3874659724582,30.8429025220808,0.12974238497627,ok,0.131717897053545,0.03,0.58,0.00470360018398835,0.62,0.5284,0,0,0,0,observe
low_quality_artifact,114,2849.21184990939,2896.88951425533,47.4868641651566,1.19177781829014,0,0,1,1,0,0,1,60,808.701001079845,27.708080204722,24.2777353740112,0.0677966101694915,0.0342624532030056,17.1669513148158,35.2245823228233,0.148665020145735,ok,0.142763937441266,0.03,0.58,0.0140501969154025,0.62,0.5284,0,0,0,0,observe
low_quality_artifact,115,2874.05317005071,2921.62060642516,47.9008861675119,1.20217145519516,0,0,1,1,0,0,1,60,806.349860319763,27.8026132052203,24.9237303659479,0.0508474576271186,0.0344795907748964,17.6237387542268,35.1478937406062,0.145914927018393,ok,0.14552986017248,0.03,0.58,0.000916825823603834,0.62,0.5284,0,0,0,0,observe
low_quality_artifact,116,2897.66565450546,2945.73805022793,48.294427575091,1.21205094583624,0,0,1,1,0,0,1,60,814.142266209985,25.2979116331441,24.7473794692105,0.0169491525423729,0.031073084745878,17.4990398392755,31.2050039368717,0.131280949625514,ok,0.138134139578893,0.03,0.58,0.0163171189366169,0.62,0.5284,0,0,0,0,observe
low_quality_artifact,117,2922.45686857789,2969.68356434335,48.7076144762982,1.22242361830444,0,0,1,1,0,0,1,60,801.04929863663,23.1124829354311,26.2901833104393,0.0169491525423729,0.0288527597174957,18.589966897449,26.8846957511693,0.13119945689069,ok,0.135167043302347,0.03,0.58,0.00944663431346968,0.62,0.5284,0,0,0,0,observe
low_quality_artifact,118,2946.52407212858,2994.27891822038,49.1087345354763,1.23249336393801,0,0,1,1,0,0,1,60,809.014466540873,23.7703690061857,24.4918524745287,0.0338983050847458,0.0293818837477918,17.3183549685598,28.8120715423836,0.131184947874106,ok,0.133987218462748,0.03,0.58,0.00667207283010007,0.62,0.5284,0,0,0,0,observe
low_quality_artifact,119,2970.50211067568,3017.90034743462,49.5083685112614,1.24252580283157,0,0,1,1,0,0,1,60,803.613051521107,25.3873676873872,23.7761647553789,0.0508474576271186,0.0315915323168695,16.812287329137,31.7235538827496,0.137412525531337,ok,0.137133418657268,0.03,0.58,0.000664540176353146,0.62,0.5284,0,0,0,0,observe
low_quality_artifact,120,2995.06446142586,3042.68411672661,49.9177410237643,1.25280271862264,0,0,1,1,0,0,1,60,806.753308437194,28.3666319203001,29.7795677627797,0.11864406779661,0.0351614695888271,21.0573343058658,34.1455748953592,0.18401236157281,ok,0.165403443398119,0.03,0.58,0.0443069480349776,0.62,0.5284,0,0,0,0,observe
low_quality_artifact,121,3018.68530769687,3066.44853620746,50.3114217949478,1.26268570785725,0,0,1,1,0,0,1,60,809.136479547419,28.4572296193739,27.0942241302757,0.0847457627118644,0.0351698759587396,19.1585096135061,35.391797702416,0.163404379554593,ok,0.164611819595241,0.03,0.58,0.00287485723963918,0.62,0.5284,0,0,0,0,observe
low_quality_artifact,122,3043.51764787915,3090.80129646957,50.7252941313191,1.27307558753709,0,0,1,1,0,0,1,60,801.95299571608,25.0533700251902,23.6131288163604,0.0338983050847458,0.0312404469576419,16.6970035110799,31.2498443674394,0.132134692084982,ok,0.146162867785491,0.03,0.58,0.0334004183345453,0.62,0.5284,0,0,0,0,observe
low_quality_artifact,123,3067.23949482411,3114.92595410191,51.1206582470684,1.2830008355698,0,0,1,1,0,0,1,60,807.956964907497,24.2343152959413,27.5409468710361,0.0677966101694915,0.0299945620231343,19.474390292808,28.2019892640496,0.149436629898061,ok,0.148914345542587,0.03,0.58,0.00124353417970011,0.62,0.5284,0,0,0,0,observe
low_quality_artifact,124,3091.67209282209,3138.57849345201,51.5278682137015,1.29322346266018,0,0,1,1,0,0,1,60,796.286616374079,24.6339598911355,22.7392970720907,0.0169491525423729,0.0309360466251551,16.0791111590907,30.9051151780697,0.125678379465303,ok,0.136220843710089,0.03,0.58,0.0251011053447293,0.62,0.5284,0,0,0,0,observe
low_quality_artifact,125,3115.6636308739,3163.1566560593,51.9277271812316,1.30326154976203,0,0,1,1,0,0,1,60,803.845032623203,24.2931693006408,21.1207287516861,0.0169491525423729,0.030221209704269,14.9346105239189,30.9398377151213,0.120832477455705,ok,0.128398826021052,0.03,0.58,0.0180151156317787,0.62,0.5284,0,0,0,0,observe
low_quality_artifact,126,3139.38685775487,3186.5909907935,52.3231142959144,1.31318737516155,0,0,1,1,0,0,1,60,800.208289024736,25.679527311135,26.4164793499851,0.0677966101694915,0.0320910538710268,18.6792716834488,31.1441977777974,0.149919242705665,ok,0.142181017282397,0.03,0.58,0.0184243462458762,0.62,0.5284,0,0,0,0,observe
low_quality_artifact,127,3163.96872332447,3210.85348821934,52.7328120554078,1.32347245597549,0,0,1,1,0,0,1,60,794.947202667259,23.9877798648578,27.8230605290621,0.0847457627118644,0.0301753120010642,19.6738747734636,27.6363133772908,0.155694894528622,ok,0.150972104449691,0.03,0.58,0.0112447382831692,0.62,0.5284,0,0,0,0,observe
low_quality_artifact,128,3187.3914781367,3234.69459952799,53.1231913022783,1.33327256351603,0,0,1,1,0,0,1,60,801.726812241493,23.7222277162432,23.926709155317,0.0508474576271186,0.0295889165162381,16.9187382952029,28.9697164318367,0.134174030650125,ok,0.141960724613811,0.03,0.58,0.0185397475325845,0.62,0.5284,0,0,0,0,observe
low_quality_artifact,129,3211.68985317898,3258.46952472247,53.5281642196497,1.34343903156744,0,0,1,1,0,0,1,60,793.600608385572,23.2432526022063,21.5419773783807,0.0169491525423729,0.0292883502817497,15.2324782844202,29.128494440575,0.119957280799999,ok,0.130157316941532,0.03,0.58,0.024285800336983,0.62,0.5284,0,0,0,0,observe
low_quality_artifact,130,3235.46085549462,3282.69707636909,53.9243475915771,1.35338484626375,0,0,1,1,0,0,1,60,800.041280684993,22.482411590848,23.0383533559228,0,0.0281015644237741,16.2905758853449,27.3044831338082,0.118384703246899,ok,0.124585236611718,0.03,0.58,0.0147631746781412,0.62,0.5284,0,0,0,0,observe
low_quality_artifact,131,3259.28176957813,3305.84695159422,54.3213628263022,1.36335154410111,0,0,1,1,0,0,1,60,789.623781195683,25.3301749570088,23.8089219226983,0,0.0320787893680871,16.835450144281,31.6196638999338,0.127019138191568,ok,0.127393351565416,0.03,0.58,0.0008909842234473,0.62,0.5284,0,0,0,0,observe
low_quality_artifact,132,3283.46212483289,3330.17054045122,54.7243687472148,1.37346863253774,0,0,1,1,0,0,1,60,791.224401368798,26.0211698514363,24.7499087572321,0.0508474576271186,0.0328872186024855,17.5008283159871,32.3716476122075,0.142001685499154,ok,0.137191872787535,0.03,0.58,0.0114519350276628,0.62,0.5284,0,0,0,0,observe
low_quality_artifact,133,3306.65472084482,3353.47093242334,55.1109120140804,1.38317244137164,0,0,1,1,0,0,1,60,793.733013818758,28.0311217887624,28.8409874271181,0.11864406779661,0.0353155548537673,20.3936577858311,33.993915625995,0.181121699412884,ok,0.163749937035992,0.03,0.58,0.0413613389926009,0.62,0.5284,0,0,0,0,observe
low_quality_artifact,134,3330.97729810977,3377.45224720096,55.5162883018295,1.39334903566084,0,0,1,1,0,0,1,60,788.02844582903,29.650517350924,28.0146028647166,0.0847457627118644,0.0376262018304819,19.8093156578892,36.9580488056526,0.170540777587507,ok,0.168098126142564,0.03,0.58,0.00581583677367509,0.62,0.5284,0,0,0,0,observe
low_quality_artifact,135,3354.1986079199,3401.42050956859,55.9033101319984,1.40306485838091,0,0,1,1,0,0,1,60,799.159619087436,26.6904321758941,22.8844092471254,0.0169491525423729,0.033398124152434,16.1817209620905,34.1014698536155,0.130666334759189,ok,0.146687614361414,0.03,0.58,0.0381459038148208,0.62,0.5284,0,0,0,0,observe
low_quality_artifact,136,3378.29137096803,3424.82843264531,56.3048561828004,1.41314529813759,0,0,1,1,0,0,1,60,789.603090739257,26.2384158133768,23.9724365389305,0.0169491525423729,0.0332298798233064,16.9510724382419,33.0086363242227,0.132773851172843,ok,0.139457103830135,0.03,0.58,0.0159125063268864,0.62,0.5284,0,0,0,0,observe
low_quality_artifact,137,3402.21312864716,3449.18887831351,56.7035521441193,1.42315418905129,0,0,1,1,0,0,1,60,796.139479082104,31.0060927993657,33.2482674536477,0.0847457627118644,0.0389455536548868,23.5100753791782,37.0139424680905,0.190271832803029,ok,0.169951327617894,0.03,0.58,0.0483821552027021,0.62,0.5284,0,0,0,0,observe
low_quality_artifact,138,3425.6017258114,3472.47838311841,57.0933620968567,1.43294000499264,0,0,1,1,0,0,1,60,794.165841218267,30.4968720659972,33.8596393670886,0.11864406779661,0.0384011380031334,23.9423806049994,35.8731211714976,0.203914095949788,ok,0.189902959794422,0.03,0.58,0.0333598479889679,0.62,0.5284,0,0,0,0,observe
low_quality_artifact,139,3449.97689868126,3496.42147788663,57.4996149780211,1.4431386053434,0,0,1,1,0,0,1,60,787.209992885186,24.5443673481618,29.4170459813585,0.11864406779661,0.0311789326482058,20.8009926958951,27.7879585415759,0.174821198603021,ok,0.18090598371659,0.03,0.58,0.0144875836037352,0.62,0.5284,0,0,0,0,observe
low_quality_artifact,140,3473.26918836958,3520.23634346663,57.8878198061596,1.4528841261261,0,0,1,1,0,0,1,60,795.966005803676,25.538926035563,28.7101067317691,0.11864406779661,0.0320854481841554,20.3011111586235,29.8720332723624,0.174538090284727,ok,0.177189774736451,0.03,0.58,0.00631353440886787,0.62,0.5284,0,0,0,0,observe
low_quality_artifact,141,3497.22381824587,3543.73869833455,58.2870636374311,1.46290677080489,0,0,1,1,0,0,1,60,788.620340798709,26.73573057775,26.5574265404555,0.0677966101694915,0.0339019033552599,18.7789363976197,32.8169183017879,0.153465660061648,ok,0.163500605901707,0.03,0.58,0.0238927281906157,0.62,0.5284,0,0,0,0,observe
low_quality_artifact,142,3520.98905865467,3567.69987998081,58.6831509775778,1.47285017471275,0,0,1,1,0,0,1,60,791.058941903035,26.1654439720938,26.7451395321074,0.0508474576271186,0.0330764783584244,18.9116695269336,31.8058119251437,0.147688335308949,ok,0.154745273689184,0.03,0.58,0.016802234238656,0.62,0.5284,0,0,0,0,observe
low_quality_artifact,143,3544.52399928496,3590.88200451195,59.0753999880827,1.48269722092853,0,0,1,1,0,0,1,60,785.721769623352,25.8600896732215,25.0258489983521,0.0508474576271186,0.0329125279112706,17.6959475316853,32.0053420036399,0.142633980202944,ok,0.148357142570198,0.03,0.58,0.0136265770648888,0.62,0.5284,0,0,0,0,observe
low_quality_artifact,144,3568.4690789142,3615.14678772867,59.47448464857,1.49271586977297,0,0,1,1,0,0,1,60,790.781795797629,26.7874711721064,25.8953585886564,0.0677966101694915,0.0338746684792952,18.3107836592963,33.1640230577551,0.151665713538037,ok,0.151073513738775,0.03,0.58,0.0014099995220512,0.62,0.5284,0,0,0,0,observe
low_quality_artifact,145,3591.67712964735,3638.17529451511,59.8612854941224,1.50242614487999,0,0,1,1,0,0,1,60,788.221500052757,32.5700474373125,31.2302416225373,0.11864406779661,0.0413209325489505,22.0831156293905,40.4221719386347,0.201454586912387,ok,0.181023483633253,0.03,0.58,0.0486454839979384,0.62,0.5284,0,0,0,0,observe
low_quality_artifact,146,3615.9605369723,3661.99964077156,60.2660089495384,1.51258635042126,0,0,1,1,0,0,1,60,780.880884048098,29.0220748717941,29.7596884191638,0.101694915254237,0.0371658155099703,21.0432774871895,35.2383616577898,0.180622641486311,ok,0.180765203400469,0.03,0.58,0.000339433128946964,0.62,0.5284,0,0,0,0,observe
low_quality_artifact,147,3638.9317512259,3685.74283670251,60.6488625204317,1.52219753287297,0,0,1,1,0,0,1,60,792.792369789904,22.5927088330877,25.8301978671667,0.0508474576271186,0.0284976365742205,18.2647080712639,26.2156713418685,0.137073781870965,ok,0.155404895787665,0.03,0.58,0.0436455093254753,0.62,0.5284,0,0,0,0,observe
low_quality_artifact,148,3662.81003798672,3709.04362187786,61.0468339664453,1.53218823550447,0,0,1,1,0,0,1,60,784.066351771794,22.888533105489,25.650212230181,0.0508474576271186,0.0291920869372428,18.1374390068351,26.8105054356584,0.137599300236643,ok,0.145697446994223,0.03,0.58,0.019281301803762,0.62,0.5284,0,0,0,0,observe
low_quality_artifact,149,3686.56909435082,3733.23308094677,61.4428182391803,1.54212905200093,0,0,1,1,0,0,1,60,791.504070737743,25.2751838771853,23.2276157415928,0.0508474576271186,0.0319331066151395,16.4244046016756,31.7475790184309,0.136425689011946,ok,0.141184251700248,0.03,0.58,0.0113299111626235,0.62,0.5284,0,0,0,0,observe
low_quality_artifact,150,3709.84591773312,3756.28870679571,61.830765295552,1.55186810166341,0,0,1,1,0,0,1,60,787.418081964193,28.4559863789757,26.3432956062133,0.0677966101694915,0.0361383450936167,18.6275229619552,35.6721419304019,0.157306719452374,ok,0.151513439853635,0.03,0.58,0.0137935228541405,0.62,0.5284,0,0,0,0,observe
low_quality_artifact,151,3734.05215124203,3780.34350677849,62.2342025207005,1.56199601759133,0,0,1,1,0,0,1,60,785.173763862015,26.8856628708162,24.3139913165139,0.0338983050847458,0.0342416724911622,17.1925881376178,33.9130159251078,0.139141751490486,ok,0.145055721918697,0.03,0.58,0.0140808819719306,0.62,0.5284,0,0,0,0,observe
low_quality_artifact,152,3757.05186997159,3803.52395819808,62.6175311661932,1.57161912634855,0,0,1,1,0,0,1,60,787.254190039513,27.9260206221014,26.0492804831672,0.0677966101694915,0.0354726859195246,18.4196228746779,34.9348357478134,0.155148622389008,ok,0.151790199999126,0.03,0.58,0.00799624378543273,0.62,0.5284,0,0,0,0,observe
low_quality_artifact,153,3781.1388732755,3826.94734484059,63.0189812212583,1.58169715622163,0,0,1,1,0,0,1,60,776.730634368442,23.5150503403892,27.134718146993,0.0677966101694915,0.0302743953951414,19.1871432073244,27.1618983240071,0.148150001027629,ok,0.150389771555679,0.03,0.58,0.00533278697154987,0.62,0.5284,0,0,0,0,observe
low_quality_artifact,154,3804.30166633686,3850.9203270246,63.405027772281,1.59138849546674,0,0,1,1,0,0,1,60,789.93948044196,23.1517160494894,25.2208309958174,0.0169491525423729,0.029308214898357,17.8338206243023,27.4583093800872,0.128906095403162,ok,0.138675417144016,0.03,0.58,0.0232602898591771,0.62,0.5284,0,0,0,0,observe
low_quality_artifact,155,3827.76472521888,3873.96900072193,63.796078753648,1.60120546627641,0,0,1,1,0,0,1,60,783.694264688824,25.8840024972202,26.9924446821548,0.0508474576271186,0.0330281892614051,19.0865406755544,31.2356708843049,0.148111392192436,ok,0.14518966216007,0.03,0.58,0.00695650007706108,0.62,0.5284,0,0,0,0,observe
low_quality_artifact,156,3851.69784417786,3898.14163156292,64.1949640696309,1.61121911076266,0,0,1,1,0,0,1,60,787.021742305239,25.8712266381396,24.1603493968207,0.0508474576271186,0.0328723150168139,17.0839468943282,32.3539718432797,0.140374472323047,ok,0.143274072568163,0.03,0.58,0.00690381010741936,0.62,0.5284,0,0,0,0,observe
low_quality_artifact,157,3874.76553866195,3921.22361234473,64.5794256443658,1.62087066065372,0,0,1,1,0,0,1,60,787.576860380011,29.440505714813,24.7526739033704,0.0677966101694915,0.0373811207462441,17.5027835695725,37.7774975455571,0.1556850740274,ok,0.151397946785803,0.03,0.58,0.010207445813327,0.62,0.5284,0,0,0,0,observe
low_quality_artifact,158,3898.95507211446,3945.1419536097,64.9825845352409,1.63099158925884,0,0,1,1,0,0,1,60,783.338700779657,29.6544028025353,27.6774661488759,0.0508474576271186,0.0378564250343055,19.5709239999312,37.091052087248,0.159749471673672,ok,0.156962602961765,0.03,0.58,0.00663540169501761,0.62,0.5284,0,0,0,0,observe
low_quality_artifact,159,3921.99933420143,3968.67466816885,65.3666555700238,1.64063333500801,0,0,1,1,0,0,1,60,790.850930402071,27.0762272688077,33.0104994079973,0.101694915254237,0.0342368279886098,23.3419479817494,30.3545322915963,0.185523504183899,ok,0.174108468075966,0.03,0.58,0.02717865739984,0.62,0.5284,0,0,0,0,observe
low_quality_artifact,160,3945.92938794945,3991.76336340981,65.7654897991575,1.65064569700647,0,0,1,1,0,0,1,60,777.023496668635,25.5116612536048,31.2433783023778,0.0847457627118644,0.0328325480027078,22.092404664788,28.5239439062101,0.170575181319449,ok,0.172207628361672,0.03,0.58,0.00388677867195922,0.62,0.5284,0,0,0,0,observe
low_quality_artifact,161,3969.41084691073,4015.80938036422,66.1568474485122,1.66047036643045,0,0,1,1,0,0,1,60,785.5785365894,25.8793645626249,25.3797169622093,0.0338983050847458,0.0329430647061471,17.9461699685735,31.8969905130495,0.139417287303628,ok,0.153385598313292,0.03,0.58,0.0332578833563434,0.62,0.5284,0,0,0,0,observe
low_quality_artifact,162,3992.57515767551,4038.83187484733,66.5429192945919,1.67016234068442,0,0,1,1,0,0,1,60,784.475190625217,25.8456119612966,25.0708840665349,0.0338983050847458,0.0329463726452559,17.7277921337886,31.9643035489438,0.138588288819912,ok,0.145473841729637,0.03,0.58,0.0163941735945827,0.62,0.5284,0,0,0,0,observe
low_quality_artifact,163,4016.58640710312,4062.90754055898,66.943106785052,1.68020867504857,0,0,1,1,0,0,1,60,784.969336579392,27.6601122387653,26.269713923781,0.0338983050847458,0.0352371881929783,18.5754928553362,34.4254946704263,0.146241186750803,ok,0.146788961030326,0.03,0.58,0.00130422447505604,0.62,0.5284,0,0,0,0,observe
low_quality_artifact,164,4039.6118375993,4086.08779414225,67.3268639599884,1.6898425416385,0,0,1,1,0,0,1,60,787.598654915386,29.3928392136835,29.7105278373858,0.0677966101694915,0.0373195650224177,21.0085157064472,35.8680953201429,0.169550738568675,ok,0.160827710184604,0.03,0.58,0.0207691152001684,0.62,0.5284,0,0,0,0,observe
low_quality_artifact,165,4063.73189448508,4109.54469501907,67.7288649080846,1.69993440116823,0,0,1,1,0,0,1,60,777.285907668217,27.1460717854051,30.9730542764724,0.11864406779661,0.0349241785005992,21.9012567129526,31.5301979243721,0.186506308600879,ok,0.176204438969392,0.03,0.58,0.024528261027351,0.62,0.5284,0,0,0,0,observe
low_quality_artifact,166,4086.83550930959,4133.55556323777,68.1139251551598,1.70960098017102,0,0,1,1,0,0,1,60,791.129484925386,26.0291025000816,27.5065819860537,0.0847457627118644,0.0329011912664795,19.4500906496023,31.2525571376449,0.15966632094399,ok,0.16670797865263,0.03,0.58,0.0167658516872378,0.62,0.5284,0,0,0,0,observe
low_quality_artifact,167,4110.36090242349,4156.59581555386,68.5060150403915,1.71944403169496,0,0,1,1,0,0,1,60,784.185342246507,25.0811203679483,23.6601308856951,0.0338983050847458,0.0319836638314315,16.7302389930363,31.2765775151136,0.133216814418393,ok,0.147618062334726,0.03,0.58,0.0342886855150794,0.62,0.5284,0,0,0,0,observe
low_quality_artifact,168,4134.30739949785,4180.66695643378,68.9051233249641,1.72946327360007,0,0,1,1,0,0,1,60,785.189886600159,24.5212444091107,26.8770618356248,0.0847457627118644,0.0312296997549048,19.0049526823405,29.0068031379656,0.154682873477704,ok,0.152531677626818,0.03,0.58,0.00512189488306153,0.62,0.5284,0,0,0,0,observe
low_quality_artifact,169,4157.39199511802,4203.89973032629,69.2898665853004,1.73912189494589,0,0,1,1,0,0,1,60,788.39857954041,25.3912724874837,29.1855097343586,0.0847457627118644,0.0322061367770162,20.6372718455509,29.3859906731103,0.163233867410819,ok,0.159431149425343,0.03,0.58,0.00905409044161021,0.62,0.5284,0,0,0,0,observe
low_quality_artifact,170,4181.47750408687,4227.76120272436,69.6912917347812,1.74919929958747,0,0,1,1,0,0,1,60,784.904104843087,25.2583941355356,27.8843819282244,0.0677966101694915,0.032180229380486,19.7172355506431,29.7859626477401,0.153868663151119,ok,0.156723242420774,0.03,0.58,0.00679661730870373,0.62,0.5284,0,0,0,0,observe
low_quality_artifact,171,4204.66864965304,4251.60692396598,70.0778108275507,1.75890250155319,0,0,1,1,0,0,1,60,795.119893995057,23.941658374635,24.500122926421,0.0508474576271186,0.0301107525487016,17.3242030611763,29.0908576661224,0.136397927026412,ok,0.145521133783041,0.03,0.58,0.0217219208491162,0.62,0.5284,0,0,0,0,observe
low_quality_artifact,172,4228.55681267557,4274.86281515667,70.4759468779261,1.76889733642395,0,0,1,1,0,0,1,60,785.026873871832,25.0700214615986,27.0998536980736,0.0847457627118644,0.0319352397937038,19.1624903190712,29.8296985727569,0.156580984519052,ok,0.152804714638594,0.03,0.58,0.00899111876299369,0.62,0.5284,0,0,0,0,observe
low_quality_artifact,173,4252.35451540332,4299.06439436204,70.8725752567219,1.77885432260338,0,0,1,1,0,0,1,60,790.957839934319,27.4082327508559,29.1467650608881,0.0847457627118644,0.034651951554247,20.6098752242051,32.8276634607593,0.167858118721852,ok,0.162221010197991,0.03,0.58,0.0134216869615728,0.62,0.5284,0,0,0,0,observe
low_quality_artifact,174,4275.68120021996,4322.15310669523,71.2613533369993,1.78861423434731,0,0,1,1,0,0,1,60,788.171525642671,28.0342868258091,26.6692656661945,0.0508474576271186,0.0355687637953555,18.8580186018317,34.8743116072051,0.152288904202759,ok,0.156908419263767,0.03,0.58,0.0109988453833525,0.62,0.5284,0,0,0,0,observe
low_quality_artifact,175,4299.83398715254,4346.30081234455,71.6638997858757,1.79871978816625,0,0,1,1,0,0,1,60,787.273633041754,25.9525525118728,25.256560564746,0.0169491525423729,0.0329650980582204,17.8590852447807,32.0643577509778,0.135505137606181,ok,0.145076423736921,0.03,0.58,0.0227887765017596,0.62,0.5284,0,0,0,0,observe
low_quality_artifact,176,4322.95532965369,4369.82121933805,72.0492554942282,1.80839378444933,0,0,1,1,0,0,1,60,794.468544047047,24.5742799494902,22.6095931155966,0,0.0309317217574254,15.987396611907,30.8576347059429,0.122132017173305,ok,0.132648742051853,0.03,0.58,0.0250398211394001,0.62,0.5284,0,0,0,0,observe
low_quality_artifact,177,4347.11288849406,4393.34920790771,72.4518814749011,1.81850133483997,0,0,1,1,0,0,1,60,784.139926052742,28.073265768732,27.8477732721576,0.101694915254237,0.0358013472289941,19.6913493216881,34.4741535608196,0.172196439939556,ok,0.156779658527014,0.03,0.58,0.0367066224108139,0.62,0.5284,0,0,0,0,observe
low_quality_artifact,178,4370.5663676951,4417.5901148526,72.8427727949183,1.8283142975001,0,0,1,1,0,0,1,60,796.148258575795,29.3341008819934,31.6497640641816,0.152542372881356,0.0368450229790972,22.3797627927371,34.9302900997222,0.208658930032104,ok,0.187454788605085,0.03,0.58,0.0504860510167106,0.62,0.5284,0,0,0,0,observe
low_quality_artifact,179,4394.16981344538,4440.65191620118,73.236163557423,1.83819000633684,0,0,1,1,0,0,1,60,788.378471557762,28.4794227132937,29.3556217125456,0.0677966101694915,0.0361240492234916,20.757559178888,34.5149065347119,0.165995078752336,ok,0.174820296217643,0.03,0.58,0.021012422536444,0.62,0.5284,0,0,0,0,observe
low_quality_artifact,180,4418.37803000428,4465.09480822874,73.6396338334046,1.84831875197516,0,0,1,1,0,0,1,60,791.744889602303,30.5047828983461,27.2317785834161,0.0508474576271186,0.0385285504194019,19.2557753001041,38.6043867577554,0.160200341661999,ok,0.166471251110685,0.03,0.58,0.0149307367825855,0.62,0.5284,0,0,0,0,observe
low_quality_artifact,181,4441.42619910787,4488.70892862917,74.0237699851311,1.85796213242456,0,0,1,1,0,0,1,60,800.950207133291,24.4454792797598,26.5819335781387,0.0677966101694915,0.0305205979873,18.7962654901523,29.0148809761137,0.147534777226128,ok,0.155829020729653,0.03,0.58,0.0197481988179151,0.62,0.5284,0,0,0,0,observe
low_quality_artifact,182,4465.88356031669,4512.63475427394,74.4313926719449,1.86819512047083,0,0,1,1,0,0,1,60,792.332434086676,25.7624472062797,25.8859903863095,0.0508474576271186,0.032514694713938,18.3041593398892,31.5018272957719,0.144315625308255,ok,0.149760360062855,0.03,0.58,0.0129636541776189,0.62,0.5284,0,0,0,0,observe
low_quality_artifact,183,4489.46896768384,4536.53624001174,74.8244827947307,1.87806328202733,0,0,1,1,0,0,1,60,797.121856376108,25.1705829267674,27.510738679635,0.0677966101694915,0.0315768319804935,19.453029875821,29.8110066652733,0.151960859239163,ok,0.15179868851153,0.03,0.58,0.00038612078007963,0.62,0.5284,0,0,0,0,observe
low_quality_artifact,184,4513.44402213167,4559.87500103779,75.2240670355279,1.88809447237033,0,0,1,1,0,0,1,60,787.337446064269,22.4530178019013,28.1403933813233,0.0847457627118644,0.0285176551860185,19.8982629851907,24.7454065837921,0.153637869301473,ok,0.153576086419206,0.03,0.58,0.000147102100634955,0.62,0.5284,0,0,0,0,observe
low_quality_artifact,185,4537.28002550178,4584.35896381764,75.621333758363,1.89806748358255,0,0,1,1,0,0,1,60,797.045396764974,28.3785625354666,28.2257532926032,0.0847457627118644,0.0356047003729633,19.9586215572982,34.8186594901545,0.167199487612167,ok,0.162143541733359,0.03,0.58,0.0120379663781132,0.62,0.5284,0,0,0,0,observe
low_quality_artifact,186,4560.71209226333,4607.58684496346,76.0118682043888,1.90787148725338,0,0,1,1,0,0,1,60,795.197398761107,29.142218004599,27.13368420009,0.0847457627118644,0.0366477783378085,19.1864120964579,36.4749137260123,0.166170268904599,ok,0.164929026240997,0.03,0.58,0.00295533967524078,0.62,0.5284,0,0,0,0,observe
low_quality_artifact,187,4585.14838234469,4631.93673295631,76.4191397057449,1.91809565911569,0,0,1,1,0,0,1,60,792.962818977895,28.4232900574226,23.505661404974,0.0338983050847458,0.0358444171368077,16.621012575732,36.5993002164537,0.140535049812351,ok,0.151160308451109,0.03,0.58,0.0252982348541867,0.62,0.5284,0,0,0,0,observe
low_quality_artifact,188,4608.32521555879,4655.61316499794,76.8054202593132,1.92779287277685,0,0,1,1,0,0,1,60,800.438667241422,26.5867221117481,23.95327243984,0.0508474576271186,0.0332151896201801,16.9375213738197,33.5682581467379,0.140826341481677,ok,0.145893367835871,0.03,0.58,0.0120643484623658,0.62,0.5284,0,0,0,0,observe
low_quality_artifact,189,4632.78429306681,4679.34470593479,77.2130715511134,1.93802657892467,0,0,1,1,0,0,1,60,790.132882974615,23.6345653181763,23.6746872009355,0.0508474576271186,0.029912139878547,16.7405318622519,28.9299144230883,0.133881462382785,ok,0.139785949803617,0.03,0.58,0.0140583033829338,0.62,0.5284,0,0,0,0,observe
low_quality_artifact,190,4656.37503645218,4703.70541868088,77.6062506075364,1.94789697307733,0,0,1,1,0,0,1,60,801.537561382188,24.617987352226,24.536710521841,0.0169491525423729,0.0307134544135077,17.3500743980051,30.1838619287261,0.129822519114011,ok,0.135020554068594,0.03,0.58,0.0123762737013889,0.62,0.5284,0,0,0,0,observe
low_quality_artifact,191,4680.19484726311,4727.11694752608,78.0032474543851,1.95786320930418,0,0,1,1,0,0,1,60,796.204026521499,27.3275221154516,29.3577263246132,0.0677966101694915,0.0343222606331717,20.7590473643528,32.598295698787,0.162588101418432,ok,0.152143213568972,0.03,0.58,0.0248687805939537,0.62,0.5284,0,0,0,0,observe
low_quality_artifact,192,4704.50208296825,4751.87826731895,78.4083680494708,1.96803338466712,0,0,1,1,0,0,1,60,802.880810634629,31.1641768798658,30.691619207993,0.11864406779661,0.0388154461622173,21.7022520675672,38.3591461895974,0.194521979976032,ok,0.177424889103129,0.03,0.58,0.0407073592211991,0.62,0.5284,0,0,0,0,observe
low_quality_artifact,193,4727.93146594316,4775.64641519163,78.7988577657194,1.97783626543854,0,0,1,1,0,0,1,60,808.824461092463,25.7802260253843,26.3345710950715,0.101694915254237,0.0318736972798319,18.6213538009643,31.3446213960086,0.160931048388093,ok,0.167923354283009,0.03,0.58,0.0166483473688485,0.62,0.5284,0,0,0,0,observe
low_quality_artifact,194,4752.698588166,4799.97799770768,79.2116431361001,1.98819885784917,0,0,1,1,0,0,1,60,801.662173145377,23.8294182640775,24.5506926390032,0.0847457627118644,0.0297250126828127,17.3599612478658,28.8844957560505,0.146151423794102,ok,0.155599966071511,0.03,0.58,0.0224965292319269,0.62,0.5284,0,0,0,0,observe
low_quality_artifact,195,4776.41064407922,4824.30068849613,79.6068440679869,1.99812000930294,0,0,1,1,0,0,1,60,810.904555074966,24.1922250014417,27.1627663958237,0.0847457627118644,0.0298336281995668,19.206976314273,28.3128868521688,0.153535064415759,ok,0.155017203966173,0.03,0.58,0.00352890369146072,0.62,0.5284,0,0,0,0,observe
low_quality_artifact,196,4800.78581906243,4848.17623091768,80.0130969843739,2.00831861053793,0,0,1,1,0,0,1,60,803.303886833288,23.4016910493439,26.3369765432982,0.0677966101694915,0.0291318035838168,18.6230547097172,27.3579992180855,0.144485690666941,ok,0.149538492712671,0.03,0.58,0.0120304810612619,0.62,0.5284,0,0,0,0,observe
low_quality_artifact,197,4825.08542206266,4872.93500944686,80.4180903677109,2.01848559236835,0,0,1,1,0,0,1,60,810.57201584565,23.7970668909901,24.7347776647531,0.0677966101694915,0.0293583622747735,17.4901290178884,28.7523246393422,0.140767444447265,ok,0.145218914702376,0.03,0.58,0.0105987387026452,0.62,0.5284,0,0,0,0,observe
low_quality_artifact,198,4849.01266598634,4896.43330259004,80.8168777664391,2.02849677873308,0,0,1,1,0,0,1,60,804.284527872702,27.8243687344185,24.9370154791047,0.0508474576271186,0.0345951808970051,17.6331327478288,35.1776011182573,0.146125499023602,ok,0.146621216958187,0.03,0.58,0.00118028079663166,0.62,0.5284,0,0,0,0,observe
low_quality_artifact,199,4873.76053748138,4921.21303623475,81.2293422913563,2.03885131661707,0,0,1,1,0,0,1,60,804.633779798132,29.4496127500134,24.6881139604752,0.0169491525423729,0.0366000203936277,17.4571327961583,37.8128007001438,0.141735882193568,ok,0.144628868127362,0.03,0.58,0.00688806174712847,0.62,0.5284,0,0,0,0,observe
low_quality_artifact,200,4897.25165930691,4945.28595433306,81.6208609884486,2.04868002899457,0,0,1,1,0,0,1,60,814.210862383617,23.177990402859,25.189453043008,0.0338983050847458,0.0284668155064955,17.8116330610911,27.5169803199242,0.131518732808082,ok,0.13791634216537,0.03,0.58,0.0152324032316378,0.62,0.5284,0,0,0,0,observe
low_quality_artifact,201,4922.05130729102,4969.66957067455,82.0341884548504,2.05905623022111,0,0,1,1,0,0,1,60,807.608907330011,22.3061488892728,25.1434973511846,0.0508474576271186,0.0276199886935594,17.7791374797686,26.0582199510308,0.134065634741973,ok,0.136743440037233,0.03,0.58,0.00637572689347435,0.62,0.5284,0,0,0,0,observe
low_quality_artifact,202,4946.06398261795,4994.29229244719,82.4343997102991,2.06910316118317,0,0,1,1,0,0,1,60,816.772301902256,24.0981901402101,23.7479996998534,0.0169491525423729,0.0295041715837885,16.7923716273824,29.6557210533704,0.126011246450108,ok,0.131608833067762,0.03,0.58,0.0133275871848909,0.62,0.5284,0,0,0,0,observe
low_quality_artifact,203,4970.48851180456,5018.10258097636,82.8414751967427,2.0793224122736,0,0,1,1,0,0,1,60,807.216838363464,25.6968445632125,25.2290518410663,0.0169491525423729,0.031833880739294,17.8396336397249,31.6607503482182,0.133777696941601,ok,0.134086231521281,0.03,0.58,0.000734606142095223,0.62,0.5284,0,0,0,0,observe
low_quality_artifact,204,4995.12122325581,5043.01172599361,83.2520203875968,2.08962876706288,0,0,1,1,0,0,1,60,811.990559107051,27.060084215525,26.5464069691167,0.0508474576271186,0.0333256143338453,18.7711443840003,33.3487699026159,0.148125199642131,ok,0.143385859997038,0.03,0.58,0.0112841420121273,0.62,0.5284,0,0,0,0,observe
low_quality_artifact,205,5018.92516710971,5066.96029778945,83.6487527851618,2.09958836453666,0,0,1,1,0,0,1,60,814.29528021826,25.5646705413126,23.8868697609979,0.0508474576271186,0.0313948406215254,16.8905675893215,31.9658174661978,0.137562410798838,ok,0.140930935790156,0.03,0.58,0.00802029759837813,0.62,0.5284,0,0,0,0,observe
low_quality_artifact,206,5043.83717862665,5091.51889410615,84.0639529771108,2.11001157879452,0,0,1,1,0,0,1,60,808.452801875655,27.298979905312,22.7969799035973,0.0508474576271186,0.0337669432797769,16.1198990804071,35.0801576589779,0.139271420405089,ok,0.140952957284905,0.03,0.58,0.00400365923765808,0.62,0.5284,0,0,0,0,observe
low_quality_artifact,207,5067.73007531839,5116.11894653974,84.4621679219732,2.12000839423792,0,0,1,1,0,0,1,60,819.310812504719,27.1045759763853,24.3618163646841,0.0508474576271186,0.0330821655990647,17.2264055534896,34.2427660890004,0.142059034422356,ok,0.142578467501047,0.03,0.58,0.00123674542545546,0.62,0.5284,0,0,0,0,observe
low_quality_artifact,208,5092.38496931545,5140.03674098335,84.8730828219241,2.13032403022986,0,0,1,1,0,0,1,60,808.63078128661,26.2182427004237,23.4995861516904,0.0169491525423729,0.0324230085066857,16.6167167229378,33.146300335728,0.130525530036308,ok,0.136530786390472,0.03,0.58,0.0142982294146763,0.62,0.5284,0,0,0,0,observe
low_quality_artifact,209,5116.884812545,5165.3501090084,85.2814135424167,2.14057479280244,0,0,1,1,0,0,1,60,820.519374477694,31.2953095299065,21.0644696702099,0,0.0381408538339849,14.8948293459038,41.6765744261895,0.133689317324936,ok,0.135978158515421,0.03,0.58,0.00544962188210754,0.62,0.5284,0,0,0,0,observe
low_quality_artifact,210,5140.87104158422,5189.33577655168,85.6811840264037,2.15061065860732,0,0,1,1,0,0,1,60,821.650592805536,29.330381782933,21.7844561546512,0.0169491525423729,0.0356969033306287,15.4039366714149,38.5131318654852,0.133289278480676,ok,0.13552795850068,0.03,0.58,0.00533019052382028,0.62,0.5284,0,0,0,0,observe
low_quality_artifact,211,5166.15549025428,5214.28401072735,86.102591504238,2.1611897009982,0,0,1,1,0,0,1,60,815.565028649178,27.5786547202619,27.4740152795558,0.0847457627118644,0.0338153963834624,19.4270625105968,33.8194268811317,0.161936560543193,ok,0.15196564313112,0.03,0.58,0.0237402795525534,0.62,0.5284,0,0,0,0,observe
low_quality_artifact,212,5190.13158470112,5238.78912861197,86.5021930783519,2.17122132647797,0,0,1,1,0,0,1,60,824.2225343382,26.4105446590047,30.208985363796,0.101694915254237,0.032042978150568,21.3609784035053,30.6389023957378,0.172947621583208,ok,0.164841656426427,0.03,0.58,0.0192999170399549,0.62,0.5284,0,0,0,0,observe
low_quality_artifact,213,5215.10591311481,5263.4207134261,86.9184318852468,2.18167061419707,0,0,1,1,0,0,1,60,818.945044979202,27.4954037831658,36.0082517173086,0.186440677966102,0.0335741744232228,25.461678967981,29.3887284946138,0.235966601272066,ok,0.206476114694952,0.03,0.58,0.0702154442312248,0.62,0.5284,0,0,0,0,observe
low_quality_artifact,214,5239.60531661197,5288.53618537542,87.3267552768662,2.1919211927851,0,0,1,1,0,0,1,60,829.117612724152,26.1508092811434,32.6424423222748,0.135593220338983,0.0315405304142825,23.0816923205713,28.8957632142837,0.194187547426075,ok,0.198681547588691,0.03,0.58,0.0107000003871792,0.62,0.5284,0,0,0,0,observe
low_quality_artifact,215,5264.27825225205,5312.61585148996,87.7379708708675,2.20224437742123,0,0,1,1,0,0,1,60,819.918967730998,26.2281636518426,22.6110016205618,0.0169491525423729,0.0319887265499237,15.9883925753193,33.4694553280024,0.127828505919964,ok,0.157116008421594,0.03,0.58,0.0697321488134046,0.62,0.5284,0,0,0,0,observe
low_quality_artifact,216,5289.3434825509,5337.9289999102,88.1557247091817,2.21273169859358,0,0,1,1,0,0,1,60,823.213575579789,30.5462280236646,24.3879275547197,0.0677966101694915,0.0371060790659956,17.2448689530286,39.607557204911,0.155250804632505,ok,0.156610866811698,0.03,0.58,0.00323824328379371,0.62,0.5284,0,0,0,0,observe
low_quality_artifact,217,5313.44497142478,5362.2806107818,88.5574161904131,2.22281578924579,0,0,1,1,0,0,1,60,827.745988197341,27.4740185861237,24.1220619343865,0.0508474576271186,0.0331913642323492,17.0568735700066,34.9099764903696,0.141875435842331,ok,0.14865372300581,0.03,0.58,0.0161387789606657,0.62,0.5284,0,0,0,0,observe
low_quality_artifact,218,5338.76269060487,5387.30643098641,88.9793781767479,2.23340875205631,0,0,1,1,0,0,1,60,822.957184603353,23.5957943434811,20.740796764428,0,0.02867195862061,14.6659580393391,29.9738668874747,0.114478766234214,ok,0.129622174258538,0.03,0.58,0.0360557333912476,0.62,0.5284,0,0,0,0,observe
low_quality_artifact,219,5363.09466298686,5412.4204210551,89.384911049781,2.24358927727327,0,0,1,1,0,0,1,60,835.663504555038,23.1232665456752,19.8874551060898,0,0.027670547319148,14.0625543660592,29.5231345928294,0.111173682335991,ok,0.120191570152146,0.03,0.58,0.0214711614670348,0.62,0.5284,0,0,0,0,observe
low_quality_artifact,220,5388.16256192004,5436.93917810432,89.8027093653339,2.25407771500529,0,0,1,1,0,0,1,60,827.212451965231,25.6018233384052,25.4048243178731,0.0338983050847458,0.0309495139701805,17.9639235500209,31.4357148350538,0.136722460057485,ok,0.131286658729408,0.03,0.58,0.012942384114468,0.62,0.5284,0,0,0,0,observe
low_quality_artifact,221,5413.24070926944,5462.44937202813,90.2206784878239,2.26457044068644,0,0,1,1,0,0,1,60,833.81584955057,26.0529706840624,24.7373035379618,0.0508474576271186,0.031245473083901,17.4919150799628,32.427572677655,0.139873377762952,ok,0.137494531968882,0.03,0.58,0.0056639185573078,0.62,0.5284,0,0,0,0,observe
low_quality_artifact,222,5437.83451144715,5486.82529045837,90.6305751907858,2.27486051579094,0,0,1,1,0,0,1,60,831.435205900768,25.8147024363576,23.8815104389275,0.0169491525423729,0.0310483634240509,16.886777976343,32.3671817329386,0.129422484229196,ok,0.133883882074248,0.03,0.58,0.0106223758215535,0.62,0.5284,0,0,0,0,observe
low_quality_artifact,223,5463.26069293694,5512.2020919944,91.0543448822823,2.28549885935653,0,0,1,1,0,0,1,60,829.211999437813,26.6079458642631,28.0368652709882,0.0508474576271186,0.0320882306120783,19.8250575563293,31.9833184507071,0.150381631061594,ok,0.144614702658638,0.03,0.58,0.013730781911801,0.62,0.5284,0,0,0,0,observe
low_quality_artifact,224,5487.64841341406,5536.95796152248,91.4608068902344,2.29570270964059,0,0,1,1,0,0,1,60,835.544517735224,26.4886491568234,29.4824002424173,0.0847457627118644,0.0317022595380338,20.8472051370692,31.1238028890995,0.164271388969323,ok,0.156907290211837,0.03,0.58,0.0175335684702029,0.62,0.5284,0,0,0,0,observe
low_quality_artifact,225,5513.07247208158,5561.88142043541,91.8845412013597,2.3063401650149,0,0,1,1,0,0,1,60,827.988807350138,27.9839316222896,28.8755535733758,0.0847457627118644,0.033797475731403,20.4180997422494,33.9013578046295,0.166310414757182,ok,0.162943038734799,0.03,0.58,0.00801756195805431,0.62,0.5284,0,0,0,0,observe
low_quality_artifact,226,5537.74257159825,5587.5053453182,92.2957095266375,2.31666216301373,0,0,1,1,0,0,1,60,842.456396595235,27.9910141794308,26.9196099064138,0.0508474576271186,0.0332254752798551,19.0350387117217,34.7082274227516,0.149728055376882,ok,0.15570818381109,0.03,0.58,0.0142384010338284,0.62,0.5284,0,0,0,0,observe
low_quality_artifact,227,5562.73631066911,5612.04524115311,92.7122718444852,2.3271195721741,0,0,1,1,0,0,1,60,836.063678628191,28.3256478723006,29.6438326632182,0.101694915254237,0.0338797732713101,20.9613550965209,34.1365822438143,0.17506317867928,ok,0.167546234602601,0.03,0.58,0.0178974858968547,0.62,0.5284,0,0,0,0,observe
low_quality_artifact,228,5588.30335879144,5637.83585139933,93.1383893131906,2.33781685450068,0,0,1,1,0,0,1,60,838.841768019017,30.4847278911424,29.1839754636445,0.11864406779661,0.0363414520513615,20.6361869523249,37.8521473269706,0.185579359197391,ok,0.178319281755593,0.03,0.58,0.0172858986709463,0.62,0.5284,0,0,0,0,observe
low_quality_artifact,229,5612.90029678765,5662.55181562336,93.5483382797942,2.34810824163525,0,0,1,1,0,0,1,60,841.776241170923,28.4980619773873,27.6206612018789,0.0847457627118644,0.0338546760808384,19.5307568367048,35.2537744123877,0.163113933897223,ok,0.169542534097498,0.03,0.58,0.0153061909530345,0.62,0.5284,0,0,0,0,observe
low_quality_artifact,230,5638.69729114076,5688.11723299891,93.9782881856793,2.35890173372914,0,0,1,1,0,0,1,60,838.023026659556,27.979061921392,28.8683945847665,0.101694915254237,0.033386984642796,20.4130375728574,33.8963671954871,0.171783214113477,ok,0.171105656647509,0.03,0.58,0.00161323206182884,0.62,0.5284,0,0,0,0,observe
low_quality_artifact,231,5663.39342432632,5713.51266667293,94.3898904054387,2.36923462424497,0,0,1,1,0,0,1,60,849.34751749281,25.9502750871886,27.4034075011583,0.0677966101694915,0.0305531888334603,19.3771352716873,31.1666517750023,0.1509208332354,ok,0.159622596520968,0.03,0.58,0.0207184840132585,0.62,0.5284,0,0,0,0,observe
low_quality_artifact,232,5688.9930268821,5738.13070287228,94.816550448035,2.37994552738393,0,0,1,1,0,0,1,60,833.557831222833,27.7382352931828,27.0932832762588,0.0338983050847458,0.0332769176344857,19.1578443292507,34.2315117255452,0.145892524449013,ok,0.152172665286906,0.03,0.58,0.0149527162806969,0.62,0.5284,0,0,0,0,observe
low_quality_artifact,233,5714.33538342453,5764.06698388543,95.2389230570756,2.39054879849518,0,0,1,1,0,0,1,60,842.571953541567,32.0626933879053,27.2077359566649,0.0677966101694915,0.0380533594230579,19.2387745956908,41.0597389985598,0.165513700443145,ok,0.160611714512295,0.03,0.58,0.0116713950734534,0.62,0.5284,0,0,0,0,observe
low_quality_artifact,234,5739.00540814866,5788.83363869889,95.650090135811,2.40087076520073,0,0,1,1,0,0,1,60,845.04893044348,30.0577514736164,30.2819199301094,0.101694915254237,0.0355692438517638,21.4125509299284,36.7211044220159,0.180768631014975,ok,0.172791310878139,0.03,0.58,0.0189936193734179,0.62,0.5284,0,0,0,0,observe
low_quality_artifact,235,5764.89791608893,5814.51584683214,96.0816319348156,2.41170422028929,0,0,1,1,0,0,1,60,840.814382445085,25.5826398431905,27.2187190537232,0.0338983050847458,0.0304260255025565,19.2465408180992,30.6351691562171,0.14100922188464,ok,0.15453935822778,0.03,0.58,0.0322146103408114,0.62,0.5284,0,0,0,0,observe
low_quality_artifact,236,5789.6807870994,5839.68068184748,96.4946797849899,2.42207340201077,0,0,1,1,0,0,1,60,847.45071914316,24.1394251041218,24.6425333467205,0.0338983050847458,0.0284847538138013,17.4249024350817,29.3563700726588,0.130757007563582,ok,0.141387203015205,0.03,0.58,0.0253099891705312,0.62,0.5284,0,0,0,0,observe
low_quality_artifact,237,5815.38850304545,5864.82906561765,96.9231417174242,2.43282953991652,0,0,1,1,0,0,1,60,838.553646425308,27.6329359176357,26.4271460128313,0.0677966101694915,0.0329530925486197,18.6868141530801,34.3214404077767,0.152505580468142,ok,0.148808904421926,0.03,0.58,0.00880160963384921,0.62,0.5284,0,0,0,0,observe
low_quality_artifact,238,5840.51483606871,5890.75538541301,97.3419139344785,2.443342426539,0,0,1,1,0,0,1,60,851.245059425533,27.2129860449831,23.5656492612323,0.0338983050847458,0.031968451086633,16.6634303956811,34.6903921340936,0.134498621498971,ok,0.14129495593518,0.03,0.58,0.0161817486576386,0.62,0.5284,0,0,0,0,observe
low_quality_artifact,239,5865.71522953441,5915.44153300793,97.7619204922402,2.45388630013574,0,0,1,1,0,0,1,60,843.541123171378,27.5016451773579,21.9524733341108,0,0.0326026134611704,15.5227427583666,35.6612595428172,0.124833591262408,ok,0.132722731535406,0.03,0.58,0.0187836673166604,0.62,0.5284,0,0,0,0,observe
low_quality_artifact,240,5891.58265192848,5943.24916766106,98.193044198808,2.46470925940293,0,1,0.808056526806527,0.916666666666667,0.0833333333333333,0.133333333333333,0.759615384615385,53,904.78834430272,246.20186718307,262.812849117327,0.230769230769231,0.272109901429827,185.836747793819,294.440863295631,0.862870334044639,ok,0.448024319510826,0.179071359771582,0.42961672008547,0.727310966401357,0.62,0.604689805910868,1,0,0,1,request_confirmation
low_quality_artifact,241,5916.2691832994,5968.22672331804,98.6044863883234,2.47503813250848,0,1,0.642291666666667,0.8,0.2,0.2,0.375,41,966.304658436801,305.500086182308,407.628559846365,0.525,0.316152968440116,288.236918872671,321.8385991667,0.984958802074025,ok,0.59675451468217,0.355787625376934,0.298023333333333,0.553015941733848,0.62,0.684008035105542,1,0,0,1,request_confirmation
low_quality_artifact,242,5944.06916766106,5993.82005485057,99.0678194610176,2.48666967792461,0,1,0.690135658914729,0.716666666666667,0.283333333333333,0.116666666666667,0.5,36,925.116329869844,243.907701058693,384.24109224215,0.371428571428571,0.263650843881449,271.69948193495,212.511940341604,0.942576790506099,ok,0.678127203024989,0.468816701431531,0.286866388888889,0.370827546704859,0.62,0.707044257796178,1,0,0,1,request_confirmation
low_quality_artifact,243,5969.05271250996,6017.2889563018,99.4842118751659,2.49712282181079,0,1,0.64906746031746,0.6,0.4,0.1,0.553571428571429,29,960.076999440103,281.918223517474,430.93658000299,0.321428571428571,0.293641263858923,304.718177981453,257.104261944762,0.917787249037927,ok,0.709123781011695,0.579896436890226,0.225875476190476,0.269547678194438,0.62,0.74553885947212,1,0,0,1,request_confirmation
low_quality_artifact,244,5994.64005485057,6041.84060149328,99.9106675808428,2.50782859526163,0,1,0.661637931034483,0.666666666666667,0.333333333333333,0.1,0.482758620689655,30,919.370981999113,258.225318072285,375.692258064497,0.275862068965517,0.280871729832925,265.654543316692,250.575923428939,0.890979138600739,ok,0.732023066506053,0.632603170993782,0.255833333333333,0.213602784449745,0.62,0.758034060292052,1,0,0,1,request_confirmation
low_quality_artifact,245,6017.5089563018,6069.27783684314,100.291815938363,2.51739696991921,0,1,0.68088963963964,0.8,0.2,0.15,0.459459459459459,38,954.376894121011,276.789189269167,413.169811521043,0.351351351351351,0.290020840795912,292.155175508097,260.518452352992,0.933368402455942,ok,0.772977408163379,0.631815028247092,0.315932792792793,0.234466719940252,0.62,0.754348072774051,1,0,0,1,request_confirmation
low_quality_artifact,246,6042.69408738511,6098.37945305975,100.711568123085,2.52793445771761,0,1,0.5375,0.75,0.25,0.283333333333333,0,36,1072.9388500632,370.721125670015,578.051490122121,0.6,0.34551934217703,408.74412854034,328.323839250037,0.992666773743213,ok,0.797083615277984,0.690095231546263,0.2338125,0.255268010069637,0.62,0.796476664832954,1,0,1,0,request_more_data
low_quality_artifact,247,6070.85763699556,6122.01548370334,101.180960616593,2.5397181192518,0,1,0.573651315789474,0.8,0.2,0.283333333333333,0.210526315789474,39,1003.27526353867,361.188611394415,537.99537699557,0.5,0.360009485453136,380.420179320581,340.873749602032,0.981032389400311,ok,0.818876122738119,0.705734842690622,0.266174210526316,0.220973791039006,0.62,0.794348519111269,1,0,1,0,request_more_data
low_quality_artifact,248,6099.20590649788,6148.47358863512,101.653431774965,2.5515790678011,0,1,0.681791355857832,0.883333333333333,0.116666666666667,0.2,0.534883720930233,44,921.945903704595,286.94847119158,407.315115443176,0.488372093023256,0.311242199828161,288.015280209651,285.87768119272,0.978866871592424,ok,0.849818769884789,0.657232770342393,0.349304437984496,0.198323316218592,0.62,0.76130273164146,1,0,1,0,request_more_data
low_quality_artifact,249,6122.90628122976,6176.14038448906,102.048438020496,2.56149533183517,0,1,0.663931623931624,0.866666666666667,0.133333333333333,0.216666666666667,0.388888888888889,46,964.793729298073,312.589357687407,413.757064836325,0.444444444444444,0.323996050342107,292.570426309607,331.40120507908,0.968695645847957,ok,0.862715742117989,0.628283366757126,0.333736296296296,0.159066002156256,0.62,0.756411650384303,1,0,1,0,request_more_data
low_quality_artifact,250,6149.29358863512,6202.00527087229,102.488226477252,2.57253581158875,0,1,0.634506802721089,0.816666666666667,0.183333333333333,0.216666666666667,0.285714285714286,43,1003.15834445404,333.016728106465,476.377407065544,0.357142857142857,0.331968257999896,336.849694940111,329.139127750296,0.936207571406194,ok,0.856151575794232,0.624862735811853,0.300544722222222,0.114454773815284,0.62,0.760750341537523,1,0,1,0,request_more_data
low_quality_artifact,251,6177.0462499793,6227.73787097807,102.950770832988,2.58414755699997,0,1,0.645414078674948,0.766666666666667,0.233333333333333,0.166666666666667,0.428571428571429,36,1002.3710843544,353.529677354012,479.503421078285,0.457142857142857,0.352693411524047,339.060120646604,367.429857424752,0.972019625440423,ok,0.86047902287238,0.636736277881447,0.286994126984127,0.156437144193845,0.62,0.762111623645314,1,0,1,0,request_more_data
low_quality_artifact,252,6202.82527087229,6254.02958313342,103.380421181205,2.59493352897748,0,1,0.629116161616162,0.733333333333333,0.266666666666667,0.183333333333333,0.444444444444444,37,960.329319158893,339.209485894882,488.77677068278,0.5,0.353222044904324,345.617369036256,332.678200161352,0.981031057207525,ok,0.862833206941082,0.659197776122503,0.267584074074074,0.161380775707488,0.62,0.771334468223392,1,0,1,0,request_more_data
low_quality_artifact,253,6228.58535546793,6278.23496903607,103.809755924465,2.60571157798642,0,1,0.695609756097561,0.683333333333333,0.316666666666667,0.116666666666667,0.583333333333333,37,918.187950056887,301.641482812601,449.005775668668,0.361111111111111,0.328518232888934,317.495028767241,284.907134018891,0.938070178326403,ok,0.853900699731677,0.66438456779775,0.275693333333333,0.116206963801786,0.62,0.760817922885809,1,0,1,0,request_more_data
low_quality_artifact,254,6254.90517203663,6303.9850031601,104.248419533944,2.61672381949636,0,1,0.606538054968287,0.716666666666667,0.283333333333333,0.183333333333333,0.393939393939394,34,999.155180023341,392.588103473026,568.957434551982,0.484848484848485,0.392920050180648,402.313660178207,382.615416327032,0.978202615632071,ok,0.854999500569664,0.690120332548374,0.252117651515151,0.164735957884294,0.62,0.784056843219253,1,0,1,0,request_more_data
low_quality_artifact,255,6279.08204154816,6326.53301151165,104.651367359136,2.62683944949402,0,1,0.589138959931799,0.766666666666667,0.233333333333333,0.216666666666667,0.411764705882353,35,982.801213588132,393.014054482985,556.62268689953,0.5,0.399891706531498,393.591676468934,392.435582301967,0.981034824425359,ok,0.858126857668433,0.702104940061091,0.26197045751634,0.166535293889876,0.62,0.790544370429382,1,0,1,0,request_more_data
low_quality_artifact,256,6304.87678795679,6352.56693118931,105.08127979928,2.63763200104535,0,1,0.735670289855072,0.766666666666667,0.233333333333333,0.1,0.791666666666667,37,900.039361787684,305.719276839557,336.628190092011,0.277777777777778,0.339673229660011,238.032075952615,360.928363086489,0.892240633286453,ok,0.841908878516052,0.655014195515583,0.327128055555555,0.074801387078126,0.62,0.75098332257045,1,0,0,1,request_confirmation
low_quality_artifact,257,6327.34604933595,6380.05382805523,105.455767488933,2.64703316583734,0,1,0.676815476190476,0.8,0.2,0.183333333333333,0.523809523809524,43,947.914997686462,283.16168411811,359.269849344586,0.30952380952381,0.298720544362323,254.042146747426,309.5539797534,0.911099749508796,ok,0.836395258082782,0.634180821596617,0.314042380952381,0.108905403703707,0.62,0.755743844332767,1,0,0,1,request_confirmation
low_quality_artifact,258,6353.40988503983,6406.3122201445,105.890164750664,2.65793830465916,0,1,0.596288759689922,0.716666666666667,0.283333333333333,0.233333333333333,0.375,41,960.128998907109,296.366822331352,430.827928078112,0.55,0.308673962216222,304.641349468583,287.854537833829,0.988116627179436,ok,0.844378344557131,0.674461371143803,0.247857361111111,0.191105084581621,0.62,0.781517207176079,1,0,0,1,request_confirmation
low_quality_artifact,259,6380.90608222115,6437.16744766206,106.348434703686,2.6694427451698,0,1,0.537726480836237,0.683333333333333,0.316666666666667,0.25,0.214285714285714,36,1021.82681414035,426.474281249218,571.178685424143,0.657142857142857,0.41736454294166,403.88432173263,447.926422297958,0.995807933972571,ok,0.845283651791418,0.727323583462774,0.213118928571429,0.191292290088868,0.62,0.806859836819054,1,0,0,1,request_confirmation
low_quality_artifact,260,6406.5322201445,6460.90212307204,106.775537002408,2.68016475073706,0,1,0.534130009775171,0.733333333333333,0.266666666666667,0.233333333333333,0.112903225806452,32,1041.27962924055,429.181663120438,603.458262700827,0.516129032258065,0.412167539888838,426.709429718808,431.639736941237,0.983675506215725,ok,0.845875430544798,0.754175299397299,0.227183297491039,0.178308873531793,0.62,0.815025682071713,1,0,0,1,request_confirmation
low_quality_artifact,261,6438.04025412354,6486.50783342303,107.300670902059,2.69334774837593,0,1,0.639583333333333,0.75,0.25,0.15,0.375,33,986.038947481887,345.388381626838,487.520954020705,0.375,0.350278640117492,344.729372558576,346.046135682778,0.944320286988919,ok,0.844427651412436,0.733698276439272,0.27821875,0.138397382276809,0.62,0.790310517402996,1,0,0,1,request_confirmation
low_quality_artifact,262,6461.72704686086,6514.81654676918,107.695450781014,2.70325832968786,0,1,0.658295795795796,0.75,0.25,0.166666666666667,0.527027027027027,38,958.251645342693,337.770598300849,464.921721917368,0.486486486486487,0.352486322295908,328.749302288697,346.557138719896,0.978522577493974,ok,0.854377114332066,0.717636734211185,0.286358671171171,0.173960585166284,0.62,0.782445042335889,1,0,1,0,request_more_data
low_quality_artifact,263,6488.42767140791,6537.15211742955,108.140461190132,2.71442990169372,0,1,0.685975048449612,0.716666666666667,0.283333333333333,0.116666666666667,0.765625,33,878.866152350509,297.494543346978,358.628694726924,0.5,0.338498123464347,253.588781969488,335.706324488661,0.981023980171906,ok,0.861563580509421,0.706088638103247,0.285136961805556,0.167109492699764,0.62,0.774229309947979,1,0,1,0,request_more_data
low_quality_artifact,264,6515.63654676918,6563.45216850436,108.593942446153,2.72581412642455,0,1,0.635416666666667,0.666666666666667,0.333333333333333,0.133333333333333,0.5,31,916.605868720698,312.054336663676,445.410218013278,0.433333333333333,0.340445492782201,314.952585566967,309.128916321161,0.965530967755282,ok,0.856261358244577,0.722169941461287,0.245694444444444,0.144861202076427,0.62,0.78783258360916,1,0,1,0,request_more_data
low_quality_artifact,265,6538.01461213739,6589.39445970261,108.96691020229,2.73517713470071,0,1,0.638665311653117,0.683333333333333,0.316666666666667,0.166666666666667,0.444444444444444,37,967.090331704135,333.951009915835,500.033250059741,0.416666666666667,0.345315219238487,353.576901935991,313.097314688195,0.960276764217659,ok,0.852285202048733,0.728617612422331,0.253124351851852,0.144591087467756,0.62,0.789053175380692,1,0,1,0,request_more_data
low_quality_artifact,266,6564.33154404783,6616.24641953467,109.40552573413,2.74618816926632,0,1,0.592979782107689,0.716666666666667,0.283333333333333,0.216666666666667,0.324324324324324,38,993.532921850192,370.978769759425,539.233919544452,0.486486486486487,0.373393534930453,381.295961155683,360.366320888615,0.978525324484505,ok,0.853006368098855,0.740456349241272,0.246481929429429,0.166577234558696,0.62,0.800591417008172,1,0,1,0,request_more_data
low_quality_artifact,267,6590.21445970261,6648.25632648464,109.83690766171,2.75701761093161,0,1,0.523333333333333,0.7,0.3,0.316666666666667,0,35,1163.18868562075,443.591846337315,596.812084981653,0.647058823529412,0.381358460429476,422.009872384609,464.171433722307,0.995370519212212,ok,0.85145432613022,0.774257248770964,0.212473333333333,0.182744533199288,0.62,0.82259202965587,1,0,1,0,request_more_data
low_quality_artifact,268,6617.90017018662,6676.45657470134,110.298336169777,2.76860134402596,0,1,0.554169621749409,0.783333333333333,0.216666666666667,0.316666666666667,0.0972222222222222,37,1131.03967325252,435.711647229924,580.665875451103,0.555555555555556,0.385231090945689,410.592778135098,459.459301360773,0.988754413434875,ok,0.855879605897772,0.771004084999049,0.251777731481481,0.177587346872468,0.62,0.81613061188484,1,0,1,0,request_more_data
low_quality_artifact,269,6649.10779729063,6707.09389325971,110.818463288177,2.78165865108296,0,1,0.528031914893617,0.783333333333333,0.216666666666667,0.25,0,33,1087.53669678028,445.496291626326,671.65322375833,0.59375,0.409637939524472,474.93054912532,413.974474108172,0.992213652253621,ok,0.857762420529023,0.776726609924481,0.2399025,0.176886822709715,0.62,0.822437706098004,1,0,1,0,request_more_data
low_quality_artifact,270,6676.67657470134,6737.30364637432,111.277942911689,2.79319345924502,0,1,0.543989361702128,0.783333333333333,0.216666666666667,0.3,0,36,1112.49001007444,428.718731723912,650.791999843849,0.714285714285714,0.385368612609139,460.17943623154,394.758645670416,0.9976144008644,ok,0.861712082465509,0.776307536213681,0.2471525,0.180517725567118,0.62,0.819448025033448,1,0,1,0,request_more_data
low_quality_artifact,271,6707.95405775219,6762.19589974608,111.79923429587,2.80627999411049,0,1,0.654924242424242,0.833333333333333,0.166666666666667,0.216666666666667,0.431818181818182,45,969.718659095083,291.815686761991,432.954981244823,0.454545454545455,0.300928196054623,306.145403186709,276.744976807877,0.971335884907118,ok,0.868458035609996,0.724788068956555,0.316546717171717,0.150526527389539,0.62,0.785054295671472,1,0,1,0,request_more_data
low_quality_artifact,272,6738.15686299856,6788.37512736504,112.302614383309,2.81891688254709,0,1,0.764735772357724,0.75,0.25,0.1,0.878048780487805,42,907.305099133968,182.490530032436,226.188754941798,0.292682926829268,0.201134690201372,159.939602447488,202.546070492563,0.898756586460275,ok,0.850971020773033,0.667166505558364,0.33266006097561,0.0716060329868786,0.62,0.749154182531952,1,0,1,0,request_more_data
low_quality_artifact,273,6763.08912715265,6813.07810363447,112.718152119211,2.82934857053161,0,1,0.716130150958792,0.716666666666667,0.283333333333333,0.116666666666667,0.671052631578947,39,924.671894574129,207.541311348063,279.005568967045,0.315789473684211,0.224448599082434,197.286729805409,217.312535475603,0.913775074020324,ok,0.841391466344363,0.653463171682784,0.297671432748538,0.103062314493674,0.62,0.754066260898597,1,0,1,0,request_more_data
low_quality_artifact,274,6789.19764562816,6840.35919290004,113.153294093803,2.84027240467645,0,1,0.618130081300813,0.833333333333333,0.166666666666667,0.233333333333333,0.329268292682927,42,1000.5729889287,356.476042800351,442.977075970168,0.48780487804878,0.356271902944356,313.232094328694,395.013915278507,0.9787809252308,ok,0.854610800634549,0.65172909360422,0.298762872628726,0.177072946867099,0.62,0.771220731575035,1,0,1,0,request_more_data
low_quality_artifact,275,6814.91575449289,6867.30335428424,113.581929241548,2.85103289099132,0,1,0.607209302325581,0.833333333333333,0.166666666666667,0.283333333333333,0.244186046511628,44,1016.02842385844,392.007444514531,520.444411031212,0.511627906976744,0.385823305046777,368.009772270809,414.618475978596,0.982974425904997,ok,0.863686155133871,0.653114694920743,0.293484496124031,0.16884027330852,0.62,0.773574440159203,1,0,1,0,request_more_data
low_quality_artifact,276,6841.2198377134,6894.48423658909,114.020330628557,2.86203854965028,0,1,0.712251773049645,0.783333333333333,0.216666666666667,0.133333333333333,0.5,41,933.372092317921,269.449686048178,407.831546500427,0.3,0.288684103870119,288.380452112248,249.084285860144,0.905548998177319,ok,0.849486229199441,0.623132300714001,0.323599722222222,0.0828840123514802,0.62,0.746271725050984,1,0,1,0,request_more_data
low_quality_artifact,277,6868.15440049777,6921.60135600323,114.469240008296,2.87330800168358,0,1,0.683930205949657,0.766666666666667,0.233333333333333,0.15,0.539473684210526,39,959.005482435276,265.763889494439,362.81794236268,0.289473684210526,0.277124473594838,256.551027380801,274.667909061617,0.899258107136755,ok,0.836670014872444,0.615758279208023,0.304120964912281,0.0899410516892801,0.62,0.749304881107308,1,0,1,0,request_more_data
low_quality_artifact,278,6895.34280645406,6946.44584973572,114.922380107568,2.88468366199183,0,1,0.60449306551889,0.683333333333333,0.316666666666667,0.183333333333333,0.338235294117647,35,1000.19581972651,334.846677216502,474.63938876731,0.411764705882353,0.33478112046905,335.620730415603,334.070830515268,0.958609032051712,ok,0.835923585113734,0.663304703146083,0.239580751633987,0.161339218071614,0.62,0.776916565087503,1,0,1,0,request_more_data
low_quality_artifact,279,6922.42135600323,6973.50054530795,115.373689266721,2.89601335825304,0,1,0.645357142857143,0.7,0.3,0.133333333333333,0.583333333333333,31,1000.47526540222,307.958594675513,409.460207609881,0.366666666666667,0.307812302137928,289.532089426998,325.343143866703,0.940609911263153,ok,0.834309266842165,0.680067895215929,0.262015,0.144041741256243,0.62,0.774254724946174,1,0,1,0,request_more_data
low_quality_artifact,280,6947.30622988647,7001.79488486635,115.788437164774,2.90642521809376,0,1,0.656876633072042,0.783333333333333,0.216666666666667,0.183333333333333,0.605263157894737,39,1007.16252588663,306.543555610614,395.021356293063,0.368421052631579,0.304363543848852,279.322279748332,331.537278460492,0.94139688465576,ok,0.838726402019363,0.66741818711027,0.298440950292398,0.146346173824125,0.62,0.768639298437908,1,0,1,0,request_more_data
low_quality_artifact,281,6974.33104711052,7027.84141076021,116.238850785175,2.91773243268837,0,1,0.662083333333333,0.8,0.2,0.183333333333333,0.4375,41,995.143059811059,334.81134361116,477.352900493411,0.35,0.336445438985152,337.539472957958,332.060801385354,0.932756575871873,ok,0.8402314227061,0.650760212342902,0.307206666666667,0.133553757973672,0.62,0.763037859456013,1,0,1,0,request_more_data
low_quality_artifact,282,7002.01488486635,7053.04436250995,116.700248081106,2.9293153822311,0,1,0.662080745341615,0.766666666666667,0.233333333333333,0.15,0.428571428571429,36,983.596601210984,352.5505785469,472.778855833522,0.342857142857143,0.358430049588263,334.305134961501,369.897144630613,0.929192965499025,ok,0.83847081688299,0.64695349950362,0.294405238095238,0.128575428155291,0.62,0.761972445699523,1,0,1,0,request_more_data
low_quality_artifact,283,7029.80627329124,7077.31273699919,117.163437888187,2.94094333109741,0,1,0.679211012564671,0.683333333333333,0.316666666666667,0.116666666666667,0.621212121212121,34,951.509595264256,298.010365496693,312.298892715403,0.242424242424242,0.31319743592699,220.828664796111,358.963865439561,0.870244269574512,ok,0.818151171758592,0.654637568796641,0.269193964646465,0.071281701704502,0.62,0.761040537001419,1,0,1,0,request_more_data
low_quality_artifact,284,7053.86436250995,7108.32146279469,117.564406041832,2.951009263284,0,1,0.641897321428571,0.7,0.3,0.15,0.609375,33,984.269039191218,333.068690956338,384.433541978418,0.34375,0.338391921003655,271.835564448503,384.675098871374,0.929640990061159,ok,0.818896024419131,0.675479922416552,0.2606103125,0.149778888608082,0.62,0.773592860419492,1,0,1,0,request_more_data
low_quality_artifact,285,7077.53273699919,7133.78533673422,117.958878949987,2.96091213837976,0,1,0.632738095238095,0.75,0.25,0.183333333333333,0.571428571428571,36,1003.78827065518,355.694419177562,430.196138197082,0.428571428571429,0.354352037751346,304.194606559422,400.627858502483,0.964096405450238,ok,0.831078396978376,0.684497319810896,0.275241071428571,0.183534142496254,0.62,0.777766392404194,1,0,1,0,request_more_data
low_quality_artifact,286,7109.16904924543,7159.58984336877,118.486150820757,2.97414880779309,0,1,0.687377450980392,0.666666666666667,0.333333333333333,0.116666666666667,0.705882352941176,35,964.810873544851,292.335241870229,366.429862848932,0.294117647058824,0.302997457725728,259.105040849736,322.155808708934,0.902101333008378,ok,0.821273440848285,0.688664436718893,0.265785947712418,0.110087639848705,0.62,0.769098101104819,1,0,1,0,request_more_data
low_quality_artifact,287,7134.65807435425,7186.80971670822,118.910967905904,2.98481344520113,0,1,0.594869337979094,0.683333333333333,0.316666666666667,0.2,0.357142857142857,36,959.411397269529,338.141229709344,446.403137851199,0.428571428571429,0.352446542402653,315.654685917536,359.222913685912,0.964095708083597,ok,0.825541196780298,0.720809604327567,0.235766547619048,0.181298673686208,0.62,0.794750208375482,1,0,1,0,request_more_data
low_quality_artifact,288,7160.40984336876,7214.08946646694,119.340164056146,2.99558801496136,0,1,0.551990171990172,0.733333333333333,0.266666666666667,0.266666666666667,0.121621621621622,38,1006.68561647049,377.891629408305,515.067862852065,0.702702702702703,0.375381969530091,364.207978593958,391.096810882205,0.997324084650066,ok,0.836233483187653,0.748137226745507,0.23477981981982,0.210515359676586,0.62,0.810120192530511,1,0,1,0,request_more_data
low_quality_artifact,289,7187.62971670822,7238.46548454762,119.793828611804,3.0069768412589,0,1,0.571159732185557,0.683333333333333,0.316666666666667,0.216666666666667,0.338235294117647,35,993.021938268507,337.866341432545,465.689375084634,0.558823529411765,0.340240561071258,329.29211504887,346.22829507807,0.989094269051044,ok,0.84037559560363,0.771390570142591,0.226369640522876,0.19223479485465,0.62,0.813180607846525,1,0,1,0,request_more_data
low_quality_artifact,290,7214.95853497412,7263.72175999408,120.249308916235,3.01841125023891,0,1,0.616145833333334,0.666666666666667,0.333333333333333,0.166666666666667,0.53125,33,960.189519377841,339.319378772513,456.385021432892,0.4375,0.353387921784833,322.712943487166,355.150162222936,0.966754569999745,ok,0.840301766868176,0.776837363940768,0.238243055555556,0.166001510132333,0.62,0.806608211903415,1,0,1,0,request_more_data
low_quality_artifact,291,7239.63672745737,7291.42249850766,120.660612124289,3.02873663434426,0,1,0.560981198589894,0.766666666666667,0.233333333333333,0.25,0.189189189189189,38,996.454736501172,377.495677307295,542.180974319296,0.540540540540541,0.378838760536968,383.379843571504,371.51832836951,0.987026804842591,ok,0.847166890972836,0.77551001625267,0.24944963963964,0.186343143986506,0.62,0.816166188804567,1,0,1,0,request_more_data
low_quality_artifact,292,7264.58551922727,7315.96723538374,121.076425320455,3.03917523750224,0,1,0.58086003051106,0.766666666666667,0.233333333333333,0.233333333333333,0.144736842105263,39,958.455918059771,338.737418158136,528.5680651829,0.5,0.353419924459178,373.754063209481,299.65643186036,0.981031070380722,ok,0.8520518509665,0.766994757535932,0.258289093567251,0.173894192866256,0.62,0.81020372661807,1,0,1,0,request_more_data
low_quality_artifact,293,7292.23667042131,7338.58474723518,121.537277840355,3.05074451094994,0,1,0.663172043010753,0.666666666666667,0.333333333333333,0.116666666666667,0.596774193548387,32,904.919946999607,239.904835076309,375.771447620807,0.354838709677419,0.265111666365349,265.710538788958,210.965801405023,0.934925410884661,ok,0.84331963392875,0.756058177197489,0.256426523297491,0.123196670976151,0.62,0.792325321873362,1,0,1,0,request_more_data
low_quality_artifact,294,7316.83933976814,7362.59936429898,121.947322329469,3.06103829608819,0,1,0.757241315594974,0.683333333333333,0.316666666666667,0.05,0.848484848484849,34,866.685837991609,140.789938544587,204.49949199531,0.212121212121212,0.162446335653578,144.602977539088,136.870714462983,0.838399376408298,ok,0.813988316637288,0.707602961579379,0.300119974747475,0.0348789205152731,0.62,0.761825392435131,1,0,1,0,request_more_data
low_quality_artifact,295,7339.40474723517,7390.45305990658,122.32341245392,3.07047968851388,0,1,0.717223942208462,0.633333333333333,0.366666666666667,0.0833333333333333,0.705882352941176,35,885.951790611657,175.467012185048,257.329594868792,0.235294117647059,0.198054808449461,181.95950153171,168.724878226738,0.862781386448248,ok,0.798825896226794,0.704105768228243,0.263460261437909,0.0868323688091973,0.62,0.768049305506385,1,0,1,0,request_more_data
low_quality_artifact,296,7363.92449489458,7413.91982780551,122.73207491491,3.08073877912279,0,1,0.685865614538498,0.683333333333333,0.316666666666667,0.116666666666667,0.632352941176471,35,921.727528758058,266.246294227312,335.772255763875,0.235294117647059,0.288855747409491,237.42683898494,292.237359879213,0.865757075620205,ok,0.789983317779112,0.697910856137057,0.271831405228758,0.104060733167019,0.62,0.771959229101446,1,0,1,0,request_more_data
low_quality_artifact,297,7391.33943607164,7438.21568805531,123.188990601194,3.09220922202783,0,1,0.683631019036954,0.783333333333333,0.216666666666667,0.15,0.473684210526316,39,906.221234582612,321.190531279275,482.340288926378,0.421052631578947,0.354428387928042,341.066089139321,300.001062675009,0.961720986998954,ok,0.818092929463607,0.679362852577984,0.310596359649123,0.208336668286589,0.62,0.767168015295184,1,0,1,0,request_more_data
low_quality_artifact,298,7414.73982780551,7467.85149748543,123.578997130092,3.10199997283067,0,1,0.665652173913043,0.766666666666667,0.233333333333333,0.15,0.5,36,956.842513670085,362.569243790516,475.045559409888,0.457142857142857,0.378922590301551,335.907936431289,387.40001462071,0.972022189167084,ok,0.836701663563057,0.674094367446037,0.295993333333333,0.192214835471294,0.62,0.768929031580543,1,0,1,0,request_more_data
low_quality_artifact,299,7439.06531642573,7494.10855651967,123.984421940429,3.11217778523426,0,1,0.654864066193854,0.783333333333333,0.216666666666667,0.166666666666667,0.444444444444444,37,955.783663369206,358.920237807524,486.771625742135,0.333333333333333,0.375524558080752,344.199517451464,373.060539861559,0.924263019925027,ok,0.835074565897849,0.6614187722652,0.297526574074074,0.126963456175753,0.62,0.767321724319363,1,0,1,0,request_more_data
low_quality_artifact,300,7468.67149748542,7521.98328773379,124.477858291424,3.12456504542527,0,1,0.581359649122807,0.75,0.25,0.233333333333333,0.210526315789474,39,990.920699043344,373.826765877522,543.793401589831,0.368421052631579,0.377251949866849,384.520001828669,362.818508302121,0.941424451204751,ok,0.832604833672955,0.685164183879079,0.252891447368421,0.145654359260773,0.62,0.787201234644037,1,0,1,0,request_more_data
low_quality_artifact,301,7494.92855651967,7545.50113980086,124.915475941994,3.13555102911065,0,1,0.616666666666667,0.666666666666667,0.333333333333333,0.183333333333333,0.5,36,947.506500761846,335.489006798796,419.483475163361,0.4,0.354075678139459,296.619609883711,370.300627056072,0.954389209915155,ok,0.831823951408077,0.714008870122224,0.238444444444444,0.160940666262577,0.62,0.788922483634223,1,0,1,0,request_more_data
low_quality_artifact,302,7522.80328773379,7570.09249519862,125.380054795563,3.14721384869578,0,1,0.666782945736434,0.716666666666667,0.283333333333333,0.15,0.583333333333333,37,887.816417968334,278.621722368866,397.748432808652,0.416666666666667,0.313828080591773,281.25061404532,275.967788791947,0.960253556720667,ok,0.839149542237119,0.709002349353428,0.277159444444444,0.167539042397075,0.62,0.778499727586402,1,0,1,0,request_more_data
low_quality_artifact,303,7546.31604126567,7594.0463429867,125.771934021095,3.15705161180408,0,1,0.614586288416076,0.783333333333333,0.216666666666667,0.2,0.305555555555556,37,964.464950968611,360.346822988221,557.013837101681,0.527777777777778,0.373623554309906,393.868261429337,323.368919833122,0.9853638730339,ok,0.851470706482222,0.706165769415671,0.279227037037037,0.185763303331008,0.62,0.787100883521494,1,0,1,0,request_more_data
low_quality_artifact,304,7570.91249519862,7617.48011716402,126.181874919977,3.16734279640602,0,1,0.673214285714286,0.75,0.25,0.15,0.714285714285714,36,919.050372545135,292.221294015205,448.560523304413,0.457142857142857,0.317960040869092,317.180187801137,264.921304953523,0.972002557259177,ok,0.858278341198181,0.691783300873475,0.292848214285714,0.160820093165888,0.62,0.772520752816002,1,0,1,0,request_more_data
low_quality_artifact,305,7594.28815154048,7644.39122674755,126.571469192341,3.1771231978924,0,1,0.683440170940171,0.75,0.25,0.166666666666667,0.807692307692308,40,923.076880176817,313.491584208146,378.739605100597,0.461538461538462,0.339615898675846,267.809343070547,353.315867889893,0.973088706807427,ok,0.86381334321012,0.677737933532997,0.297296474358974,0.155507066081137,0.62,0.766747390620009,1,0,1,0,request_more_data
low_quality_artifact,306,7618.30011716403,7671.9836295618,126.9716686194,3.18716983191376,0,1,0.627110917537747,0.816666666666667,0.183333333333333,0.233333333333333,0.573170731707317,42,951.468598516876,409.835463677611,495.298015044884,0.51219512195122,0.430739873408804,350.228585146474,461.81181526893,0.983065063085577,ok,0.870394514919231,0.668373022702907,0.297041537940379,0.160280520468064,0.62,0.77426448120002,1,0,1,0,request_more_data
low_quality_artifact,307,7646.77122674755,7698.74818192795,127.446187112459,3.19908217689425,0,1,0.596676213857065,0.783333333333333,0.216666666666667,0.233333333333333,0.294871794871795,40,954.378098008421,367.803421012694,521.189789028288,0.487179487179487,0.38538543767949,368.536834107088,367.06854254159,0.978661557994024,ok,0.869550483681593,0.678167707748982,0.271089893162393,0.149690713969947,0.62,0.782485239675443,1,0,1,0,request_more_data
low_quality_artifact,308,7672.78544689847,7723.72748121116,127.879757448308,3.20996655651168,0,1,0.636675503711559,0.766666666666667,0.233333333333333,0.2,0.268292682926829,42,937.710753556251,318.217688456632,478.893073511469,0.439024390243902,0.339355912523982,338.628539743228,296.404633170154,0.967187554540354,ok,0.867532378004944,0.675691042865639,0.28310837398374,0.139010099879656,0.62,0.774591901334298,1,0,1,0,request_more_data
low_quality_artifact,309,7699.41485968897,7750.20010497962,128.323580994816,3.22110833343673,0,1,0.653242753623188,0.766666666666667,0.233333333333333,0.183333333333333,0.375,41,948.095684187175,362.174090548758,512.715390824995,0.375,0.3820016234535,362.544529671065,361.803272145549,0.944323548363806,ok,0.860569041374451,0.66633658553907,0.290475277777778,0.118043113039159,0.62,0.768990548298766,1,0,1,0,request_more_data
low_quality_artifact,310,7724.49497603495,7774.70659529802,128.741582933916,3.23160188294831,0,1,0.582295630725863,0.716666666666667,0.283333333333333,0.2,0.242424242424242,34,974.721584533758,400.494987234464,578.35503454776,0.454545454545455,0.410881418437075,408.958766862101,391.848435758644,0.971371469338979,ok,0.856437148425196,0.696868606304396,0.242040883838384,0.151636570446996,0.62,0.790309996234576,1,0,1,0,request_more_data
low_quality_artifact,311,7751.02010497962,7799.74996788663,129.183668416327,3.24270002739238,0,1,0.590975177304965,0.783333333333333,0.216666666666667,0.216666666666667,0.166666666666667,37,939.764397143009,360.886235732704,552.571753776986,0.472222222222222,0.384017778104639,390.72723418785,328.344299092514,0.975555507613688,ok,0.858731557060538,0.701663585999335,0.268499722222222,0.159704588094004,0.62,0.79009027216492,1,0,1,0,request_more_data
low_quality_artifact,312,7775.50671840287,7827.04056014029,129.591778640048,3.25294525459879,0,1,0.710871212121212,0.733333333333333,0.266666666666667,0.133333333333333,0.625,41,940.340605908917,294.065917637296,393.504094853428,0.35,0.312722768526046,278.249413895534,309.074087394142,0.932740436052022,ok,0.852697946002195,0.676486103498224,0.302357222222222,0.114732772415116,0.62,0.761459290797684,1,0,1,0,request_more_data
low_quality_artifact,313,7800.60186384153,7849.72594580263,130.010031064026,3.26344509230002,0,1,0.70109649122807,0.75,0.25,0.133333333333333,0.605263157894737,39,932.204561948745,261.078747239013,352.832927341616,0.315789473684211,0.280065940348153,249.490555549157,272.174001718677,0.914602990236253,ok,0.843525125314874,0.655064722406445,0.304976973684211,0.10226692099419,0.62,0.757220753852752,1,0,1,0,request_more_data
low_quality_artifact,314,7827.8690843926,7878.52052301852,130.464484739877,3.27485372872533,0,1,0.654149659863946,0.816666666666667,0.183333333333333,0.2,0.345238095238095,43,956.743322749581,321.101777970697,449.727180991084,0.428571428571429,0.335619565180642,318.005139362706,324.168837137058,0.964091179613427,ok,0.853406427127826,0.64327146310629,0.309848888888889,0.160377561817446,0.62,0.762369070894251,1,0,1,0,request_more_data
low_quality_artifact,315,7850.36239467702,7903.49535522043,130.839373244617,3.28426495560693,0,1,0.607209302325581,0.833333333333333,0.166666666666667,0.283333333333333,0.244186046511628,44,1005.66839585904,342.606722018538,486.438772011059,0.534883720930233,0.340675637644838,343.964154321077,341.243890035796,0.986307950361933,ok,0.863864638837772,0.647561077228624,0.293484496124031,0.173305908861777,0.62,0.77201942720541,1,0,1,0,request_more_data
low_quality_artifact,316,7878.74052301852,7929.80110968274,131.312342050309,3.29613839712887,0,1,0.587421171171171,0.8,0.2,0.233333333333333,0.256756756756757,38,984.523454193584,324.320776542398,469.415844031882,0.486486486486487,0.329419045489421,331.92712651135,316.531696485591,0.978516192409609,ok,0.86526636967705,0.662891086531961,0.272563423423423,0.155683431902103,0.62,0.779873693418138,1,0,1,0,request_more_data
low_quality_artifact,317,7903.71535522042,7955.23208778467,131.728589253674,3.30658789563353,0,1,0.601969696969697,0.733333333333333,0.266666666666667,0.183333333333333,0.242424242424242,34,961.340064628138,325.361181999984,498.740887145525,0.515151515151515,0.338445461675249,352.663063355595,295.547900093201,0.983518085344141,ok,0.864954538702916,0.685710817155848,0.256037777777778,0.159367697847714,0.62,0.783644483349092,1,0,1,0,request_more_data
low_quality_artifact,318,7930.62110968274,7979.7643714686,132.177018494712,3.31784529423176,0,1,0.637077922077922,0.7,0.3,0.15,0.393939393939394,34,927.67020070113,285.160806194903,433.166227806535,0.484848484848485,0.307394595600224,306.294777062998,262.329716813369,0.978171994208614,ok,0.863771331877885,0.699739646600646,0.258653636363636,0.154314727827873,0.62,0.781253075074155,1,0,1,0,request_more_data
low_quality_artifact,319,7956.04402732182,8003.20807858431,132.600733788697,3.32848227219846,0,1,0.643921568627451,0.7,0.3,0.15,0.411764705882353,35,905.028308561186,224.750047235422,348.418682852008,0.382352941176471,0.248334825672723,246.36921333674,200.8167776469,0.947066532272909,ok,0.855246684706423,0.704334574169781,0.261432156862745,0.124321480307697,0.62,0.781307798414598,1,0,1,0,request_more_data
low_quality_artifact,320,7979.9843714686,8027.57005603573,132.999739524477,3.33849893971159,0,1,0.715052552552553,0.75,0.25,0.116666666666667,0.662162162162162,38,893.833804398121,206.947539262092,300.629036207824,0.27027027027027,0.231527984557984,212.576830124128,201.160779745077,0.886852590390325,ok,0.837164875151368,0.66733219127726,0.31104786036036,0.0721207067662873,0.62,0.758143554098173,1,0,1,0,request_more_data
low_quality_artifact,321,8004.04729481224,8051.67315472762,133.400788246871,3.34856689450161,0,1,0.701503496503497,0.733333333333333,0.266666666666667,0.133333333333333,0.551282051282051,40,861.626903582895,296.52746517828,454.635515794257,0.384615384615385,0.344148336066611,321.475856186363,269.277457466007,0.94836469140955,ok,0.842678793700199,0.658809255592212,0.29837282051282,0.150629708767264,0.62,0.75819596219519,1,0,1,0,request_more_data
low_quality_artifact,322,8027.97311604382,8079.24192845629,133.799551934064,3.35857748561033,0,1,0.609439731353835,0.766666666666667,0.233333333333333,0.233333333333333,0.390243902439024,42,935.996962394445,364.041564327497,473.370289292868,0.439024390243902,0.38893455743298,334.723341571225,391.168513205517,0.967194719439775,ok,0.847436634012471,0.673095485736016,0.270997533875339,0.164276653361588,0.62,0.778767584362394,1,0,1,0,request_more_data
low_quality_artifact,323,8051.89315472762,8104.11778891181,134.19821924546,3.36858565729442,0,1,0.645416666666667,0.8,0.2,0.2,0.4375,41,948.893516687482,318.742535618621,377.645741550609,0.325,0.335909699047506,267.035864736658,363.160370868741,0.9197854890786,ok,0.841049757175817,0.65761548943609,0.299473333333333,0.112395053106877,0.62,0.767957337042105,1,0,1,0,request_more_data
low_quality_artifact,324,8079.46192845629,8130.72851190398,134.657698807605,3.3801204639159,0,1,0.764730392156863,0.85,0.15,0.1,0.625,41,864.063010919264,262.011802076405,376.715066645037,0.3,0.303232286031611,266.377778199848,257.571831021878,0.905563420473432,ok,0.840662627116958,0.592276058574698,0.377012083333333,0.104176648728165,0.62,0.72818582581268,1,0,0,1,request_confirmation
low_quality_artifact,325,8104.93778891181,8153.63623465777,135.082296481864,3.39077959321786,0,1,0.842354819976771,0.816666666666667,0.183333333333333,0.0333333333333333,0.878048780487805,42,824.724898713389,187.86802030732,262.88821370985,0.146341463414634,0.227794772051145,185.890038608253,189.825392544321,0.814192564085168,ok,0.806277517049272,0.51922573053876,0.398995399728997,0.0131696945952279,0.62,0.693759336955034,1,0,0,1,request_confirmation
low_quality_artifact,326,8131.575615996,8179.3517499166,135.5262602666,3.40192489069307,0,1,0.833352713178295,0.8,0.2,0.05,0.883720930232558,44,819.624145349249,162.652553855958,235.447274300613,0.13953488372093,0.198447733365213,166.486364269853,158.726170066365,0.808231042817195,ok,0.783986223183945,0.478246643326844,0.386675658914729,0.0395301767908798,0.62,0.683905571759423,1,0,0,1,request_confirmation
low_quality_artifact,327,8154.42222044662,8207.47589080325,135.907037007444,3.41148393625996,0,1,0.67807492480175,0.883333333333333,0.116666666666667,0.216666666666667,0.510869565217391,47,916.193699861628,317.477911161429,425.616662016309,0.456521739130435,0.346518330358937,300.956427897715,333.18114691245,0.971862308336833,ok,0.825604777225661,0.497842873157797,0.34740038647343,0.224115258543925,0.62,0.717342518019868,1,0,0,1,request_confirmation
low_quality_artifact,328,8180.20696517769,8230.86471407947,136.336782752961,3.4222723030979,0,1,0.622863683935112,0.816666666666667,0.183333333333333,0.216666666666667,0.358974358974359,40,965.854688203357,380.732348925028,503.648906401606,0.461538461538462,0.394192163246886,356.133557053765,403.835526639462,0.973096555469186,ok,0.841811312801248,0.543342777057152,0.295029764957265,0.186228064877065,0.62,0.740020514467682,1,0,0,1,request_confirmation
low_quality_artifact,329,8208.29589080325,8256.83383530616,136.804931513388,3.43402474187102,0,1,0.586323678861789,0.683333333333333,0.316666666666667,0.183333333333333,0.21875,33,970.240742512542,386.347090486796,595.425567612175,0.40625,0.398197141759177,421.029456550418,348.227433399617,0.956677255833331,ok,0.838022625608176,0.615295257569391,0.232379618055556,0.154574621800158,0.62,0.766744409924307,1,0,0,1,request_confirmation
low_quality_artifact,330,8231.6839405196,8281.90667467031,137.194732341993,3.44381032875954,0,1,0.562616279069767,0.716666666666667,0.283333333333333,0.233333333333333,0.166666666666667,37,967.080015968701,368.94787086626,593.395842056219,0.583333333333333,0.381507077774422,419.594223845854,310.138275852383,0.991387328829331,ok,0.843640408545519,0.670677196074212,0.233860833333333,0.192846060757646,0.62,0.786518684668221,1,0,1,0,request_more_data
low_quality_artifact,331,8257.65383530616,8308.98036324374,137.627563921769,3.45467616259356,0,1,0.57680441898527,0.783333333333333,0.216666666666667,0.25,0.230769230769231,40,998.663198439489,382.278089333895,530.901453623627,0.512820512820513,0.382789803340348,375.404017999062,389.030716576091,0.983162497869706,ok,0.850820223501186,0.689580051808222,0.262061474358974,0.179340513836918,0.62,0.789257619088954,1,0,1,0,request_more_data
low_quality_artifact,332,8282.66728912456,8332.91923303698,138.044454818743,3.46514182042696,0,1,0.571527777777778,0.75,0.25,0.233333333333333,0.236111111111111,37,998.717793693874,361.128953358404,454.564988231095,0.361111111111111,0.36159258965711,321.42598566819,396.879802515452,0.938081154986564,ok,0.84227189163507,0.706197813022707,0.248614583333333,0.127510144895449,0.62,0.794860387646358,1,0,1,0,request_more_data
low_quality_artifact,333,8309.20036324374,8357.96364262652,138.486672720729,3.47624328914119,0,1,0.669116507067943,0.85,0.15,0.2,0.418604651162791,44,908.944820412884,309.345150734747,419.454827996878,0.348837209302326,0.340334356704105,296.599353278029,321.586175388902,0.932182591906246,ok,0.845302813940475,0.662657952687577,0.329874437984496,0.12964701376928,0.62,0.765103255480292,1,0,1,0,request_more_data
low_quality_artifact,334,8333.70730428821,8381.83499560072,138.895121738137,3.48649702144768,0,1,0.69225890985325,0.883333333333333,0.116666666666667,0.2,0.555555555555556,46,902.87589523447,323.64617953645,412.864272467925,0.4,0.358461424482267,291.93912677172,352.512759083762,0.954389166220773,ok,0.858231678503783,0.616619111061655,0.354667314814815,0.149004521116726,0.62,0.748046747323678,1,0,1,0,request_more_data
low_quality_artifact,335,8358.79038259758,8407.43109657302,139.313173043293,3.49699181024814,0,1,0.61710407239819,0.65,0.35,0.166666666666667,0.338235294117647,35,895.248281375702,312.929515805601,465.883276866326,0.411764705882353,0.349544950060927,329.429224313589,295.509982729522,0.958610940031848,ok,0.850358200035656,0.666249715903575,0.232648235294118,0.141073162238291,0.62,0.775471187421327,1,0,1,0,request_more_data
low_quality_artifact,336,8382.63179222151,8432.5855187565,139.710529870359,3.50696708344319,0,1,0.642979782107689,0.716666666666667,0.283333333333333,0.166666666666667,0.324324324324324,38,939.750609362502,352.390094658986,510.546113319806,0.351351351351351,0.374982565744795,361.01061883687,343.553330233543,0.933424859948068,ok,0.843087348350494,0.676095107163804,0.267265262762763,0.123288151914551,0.62,0.773570269226481,1,0,1,0,request_more_data
low_quality_artifact,337,8408.23281812583,8458.05595959989,140.13721363543,3.51767858211281,0,1,0.616666666666667,0.833333333333333,0.166666666666667,0.216666666666667,0.166666666666667,40,961.109663574161,375.803227058654,569.577467332956,0.461538461538462,0.391009726882906,402.752089562192,346.766326636086,0.973096431035359,ok,0.853910248896038,0.667636018210468,0.298055555555556,0.169794323585894,0.62,0.775938085098931,1,0,1,0,request_more_data
low_quality_artifact,338,8432.8055187565,8481.43166512943,140.546758645942,3.52795982830578,0,1,0.581515151515152,0.733333333333333,0.266666666666667,0.2,0.166666666666667,34,931.35108393943,324.193322691889,502.422177145167,0.424242424242424,0.348089274047565,355.266128477857,289.807865511566,0.962742735639227,ok,0.850395027186383,0.693885096423882,0.247337777777778,0.149267101676951,0.62,0.78961509972596,1,0,1,0,request_more_data
low_quality_artifact,339,8458.87595959989,8512.05710510343,140.981265993331,3.53886773072556,0,1,0.536428571428571,0.7,0.3,0.266666666666667,0.142857142857143,36,1051.15034634601,374.751281556397,530.060782322518,0.571428571428571,0.356515395594076,374.809573621299,374.692980422831,0.990338725186991,ok,0.849409983521007,0.73676835738101,0.21779,0.180167399631791,0.62,0.80973799720954,1,0,1,0,request_more_data
low_quality_artifact,340,8482.66193683157,8539.27799981927,141.377698947193,3.54881981094395,0,1,0.566079545454546,0.733333333333333,0.266666666666667,0.316666666666667,0.0625,41,1074.78865097184,425.656689713584,583.542921252798,0.575,0.39603757383249,412.627156731261,438.299058319463,0.990667601735957,ok,0.852926865306845,0.752024133381473,0.2407725,0.18142221722621,0.62,0.808672439164994,1,0,1,0,request_more_data
low_quality_artifact,341,8513.7487523146,8566.1409746494,141.895812538577,3.56182657027985,0,1,0.601292121499763,0.816666666666667,0.183333333333333,0.3,0.186046511627907,44,998.289969928336,393.904189911807,583.485789095537,0.511627906976744,0.394578931750746,412.586758195438,374.290246495862,0.982974725730247,ok,0.861089909338055,0.731468210157538,0.284812034883721,0.170423472341813,0.62,0.796578516974153,1,0,1,0,request_more_data
low_quality_artifact,342,8540.09799981927,8595.3309279387,142.334966663655,3.57285112572723,0,1,0.589102787456446,0.816666666666667,0.183333333333333,0.3,0.146341463414634,42,1036.07019511817,414.922301515927,575.248101503912,0.51219512195122,0.40047701735943,406.761833438104,422.92534027724,0.9830646799864,ok,0.865663166387072,0.719719888455536,0.279038353658537,0.162840165208628,0.62,0.79548306702539,1,0,1,0,request_more_data
low_quality_artifact,343,8566.3609746494,8619.348386682,142.772682910823,3.58383958458841,0,1,0.655593775593776,0.733333333333333,0.266666666666667,0.166666666666667,0.527027027027027,38,969.172183612199,387.465065929396,453.103261634266,0.378378378378378,0.399789709693561,320.392388879332,444.530169706778,0.945772641877954,ok,0.858333235247987,0.706402261574909,0.278845885885886,0.121249265474107,0.62,0.779785753634095,1,0,1,0,request_more_data
low_quality_artifact,344,8596.1509279387,8644.38000512528,143.269182132312,3.59630373529156,0,1,0.685548730548731,0.733333333333333,0.266666666666667,0.133333333333333,0.459459459459459,38,910.765189120489,327.478673625639,479.839349443633,0.405405405405405,0.359564328476235,339.297657871734,315.216850314148,0.9563705353495,ok,0.858087194628589,0.690169280817079,0.291586726726727,0.138737294216391,0.62,0.769848627130011,1,0,1,0,request_more_data
low_quality_artifact,345,8620.168386682,8662.96030668338,143.669473111367,3.60635266764053,0,1,0.726372549019608,0.85,0.15,0.116666666666667,0.583333333333333,37,895.997837874909,298.976904251087,437.732607479637,0.361111111111111,0.333680385836855,309.523695095321,288.044199257104,0.93807150109218,ok,0.860613925675172,0.63067039343192,0.358101666666667,0.120669538141307,0.62,0.745840651337408,1,0,0,1,request_confirmation
low_quality_artifact,346,8645.20000512528,8686.31520541802,144.086666752088,3.61682592557386,0,1,0.772600732600733,0.866666666666667,0.133333333333333,0.0833333333333333,0.857142857142857,36,835.056703853314,197.539045691216,278.46211451253,0.314285714285714,0.236557643067452,196.902449475355,198.173596969419,0.913004633858918,ok,0.855982998207505,0.563774242486147,0.388360634920635,0.0932275437242565,0.62,0.718788656027989,1,0,0,1,request_confirmation
low_quality_artifact,347,8663.7372847098,8711.02263592174,144.39562141183,3.62458194466272,0,1,0.684357389304198,0.783333333333333,0.216666666666667,0.15,0.594594594594595,38,884.978165377445,264.315279880984,387.289489940106,0.486486486486487,0.29866870192018,273.855024618928,254.41808081992,0.978472711551504,ok,0.866120157267938,0.577123475706328,0.310926373873874,0.163048693236448,0.62,0.738410243123016,1,0,0,1,request_confirmation
low_quality_artifact,348,8687.11580567188,8739.79404926229,144.785263427865,3.6343635447095,0,1,0.555538277511962,0.733333333333333,0.266666666666667,0.266666666666667,0.0789473684210527,39,1006.63702164807,379.162041069924,575.865916579268,0.657894736842105,0.376662126383111,407.198694667407,348.8795348509,0.995837550619253,ok,0.865331090745965,0.638891949579885,0.236288947368421,0.170884602787392,0.62,0.778892855930215,1,0,0,1,request_confirmation
low_quality_artifact,349,8711.24263592174,8765.40672800923,145.187377265362,3.64445823822255,0,1,0.624848678601876,0.85,0.15,0.266666666666667,0.239130434782609,47,981.363661435966,369.422079412416,542.14353992864,0.565217391304348,0.376437496036754,383.353373460021,354.944413354555,0.989746939237166,ok,0.875204567953558,0.633480181398818,0.308050398550725,0.165535713935959,0.62,0.764901688643331,1,0,0,1,request_confirmation
low_quality_artifact,350,8740.69404251172,8795.23316003579,145.678234041862,3.65678074059751,0,1,0.617840136054422,0.816666666666667,0.183333333333333,0.233333333333333,0.285714285714286,43,1048.81652961619,373.100026049484,515.696690196896,0.571428571428571,0.355734311496806,364.652626673683,381.360355485772,0.990338611807082,ok,0.879393412387196,0.639108649869948,0.292650277777778,0.156846317930738,0.62,0.76773919747379,1,0,0,1,request_confirmation
low_quality_artifact,351,8767.00581603702,8819.95609252208,146.116763600617,3.66778961688884,0,1,0.63703055337005,0.683333333333333,0.316666666666667,0.133333333333333,0.354838709677419,32,1155.91764102667,439.898933777921,606.675981012763,0.774193548387097,0.380562522938235,428.984700157126,450.548855185544,0.998683220074587,ok,0.878142495579997,0.671257561233163,0.25247644265233,0.161253412430623,0.62,0.773286617538677,1,0,1,0,request_more_data
low_quality_artifact,352,8796.02489170469,8845.32597753334,146.600414861745,3.67993123150889,0,1,0.596845238095238,0.7,0.3,0.183333333333333,0.375,33,952.868383705196,398.363798109081,553.780750076655,0.5625,0.4180680195937,391.582123669775,405.031939123391,0.989477744285249,ok,0.873383008996692,0.70041121656735,0.242319166666667,0.153223798440052,0.62,0.788682997781715,1,0,1,0,request_more_data
low_quality_artifact,353,8820.39676730549,8871.18275297871,147.006612788425,3.69012845227848,0,1,0.624132882882883,0.8,0.2,0.2,0.324324324324324,38,931.666762319125,336.060451515746,459.438034046119,0.432432432432432,0.360708855470187,324.871749409026,346.888455532687,0.965267490879499,ok,0.870437684901142,0.686590661509295,0.289597657657658,0.133487462422609,0.62,0.779901466303684,1,0,1,0,request_more_data
low_quality_artifact,354,8846.11708161787,8895.12483061515,147.435284693631,3.70088986135518,0,1,0.610274122807018,0.8,0.2,0.216666666666667,0.276315789473684,39,925.592432006253,345.379882032816,503.906715127035,0.5,0.373144669392114,356.315855351764,334.086122206452,0.981033251188936,ok,0.872059017938859,0.683276614870762,0.283167192982456,0.152021827381862,0.62,0.78146811005855,1,0,1,0,request_more_data
low_quality_artifact,355,8872.00275297871,8920.95161687979,147.866712549645,3.71172045601105,0,1,0.630178571428571,0.7,0.3,0.15,0.375,33,890.201037097416,323.745815338117,519.600500090675,0.5625,0.363677194079351,367.413037122038,273.185589024465,0.989474183155229,ok,0.871200342214281,0.700464057462073,0.2558525,0.158938706292702,0.62,0.782697793232238,1,0,1,0,request_more_data
low_quality_artifact,356,8895.94483061515,8945.15786480764,148.265747176919,3.72173784881826,0,1,0.713455580440463,0.783333333333333,0.216666666666667,0.133333333333333,0.736842105263158,39,870.15063715457,262.517347039998,361.351208679472,0.315789473684211,0.301691840275428,255.51389004721,269.33875879045,0.914644236737497,ok,0.857253531252339,0.657092363050766,0.324146652046784,0.0849159150560731,0.62,0.755563857174931,1,0,1,0,request_more_data
low_quality_artifact,357,8921.74402534522,8970.03706229623,148.695733755754,3.7325322615524,0,1,0.763379715522573,0.816666666666667,0.183333333333333,0.116666666666667,0.659090909090909,45,870.10955932227,291.674354761879,428.994116794615,0.25,0.335215665242277,303.344649074606,279.517230827227,0.874986146457714,ok,0.83772339752561,0.59698678711086,0.361587525252525,0.0583678270805147,0.62,0.729747951596978,1,0,0,1,request_confirmation
low_quality_artifact,358,8945.96177310088,9000.04912339813,149.099362885015,3.7426649950544,0,1,0.617886904761905,0.8,0.2,0.233333333333333,0.345238095238095,43,980.658638165998,390.964843171983,534.306785530003,0.476190476190476,0.39867577560236,377.811951282251,403.689418564922,0.976417455075408,ok,0.849337653020949,0.619474191611789,0.286699523809524,0.178157461401335,0.62,0.762233130794158,1,0,0,1,request_confirmation
low_quality_artifact,359,8970.82804223032,9027.29214821635,149.513800703839,3.75306907064473,0,1,0.578579545454545,0.733333333333333,0.266666666666667,0.266666666666667,0.3125,41,1016.88167733562,414.017205729613,554.746555484774,0.5,0.407143933219841,392.265051223163,434.682209055308,0.981035006102675,ok,0.851469690426813,0.662776248098712,0.246089166666667,0.171857612262983,0.62,0.781433031285821,1,0,0,1,request_confirmation
low_quality_artifact,360,9000.83364833918,9050.98823252848,150.013894138986,3.7656234507355,0,1,0.596812354312354,0.65,0.35,0.183333333333333,0.393939393939394,34,959.385562657356,361.709909112138,516.663411379759,0.363636363636364,0.377022464367981,365.336201777602,358.046891301318,0.939251164984991,ok,0.839996958445883,0.703171901288521,0.224998257575758,0.128069655983787,0.62,0.789461908584562,1,0,0,1,request_confirmation
low_quality_artifact,361,9028.11214821635,9072.87817494384,150.468535803606,3.77703680644382,0,1,0.616190476190476,0.7,0.3,0.15,0.333333333333333,31,916.323442822415,317.975913656464,496.175857406073,0.366666666666667,0.347012745496339,350.849313432883,281.286548905205,0.940628878298738,ok,0.835479382113508,0.716440910744222,0.250173333333333,0.140231737359608,0.62,0.789689169294096,1,0,0,1,request_confirmation
low_quality_artifact,362,9051.79814482021,9102.11421004076,150.86330241367,3.7869470546526,0,1,0.539005167958656,0.716666666666667,0.283333333333333,0.25,0.0277777777777778,37,969.350743574944,383.940944685044,584.025263123561,0.444444444444444,0.396080518047655,412.968223938928,352.531621316465,0.968709143898331,ok,0.834811749497974,0.747802237960495,0.224046481481481,0.172558524711634,0.62,0.812363696396381,1,0,0,1,request_confirmation
low_quality_artifact,363,9073.64401467198,9125.04227620056,151.227400244533,3.79608739171286,0,1,0.558109756097561,0.683333333333333,0.316666666666667,0.233333333333333,0.166666666666667,37,964.487188677135,370.567080592946,532.568882400906,0.444444444444444,0.384211511509247,376.583068194622,364.451800911291,0.968708662607075,ok,0.833831270283121,0.772412635501034,0.2211975,0.173185618078979,0.62,0.815815781842729,1,0,1,0,request_more_data
low_quality_artifact,364,9102.91237525314,9152.556440622,151.715206254219,3.8083333074273,0,1,0.627052071668533,0.783333333333333,0.216666666666667,0.2,0.342105263157895,39,919.080905271489,398.95794627666,590.051201990611,0.421052631578947,0.434083598068889,417.229206174835,379.808735167186,0.96172594167589,ok,0.842213616385037,0.745698109063389,0.284890657894737,0.167124547609756,0.62,0.795926097637413,1,0,1,0,request_more_data
low_quality_artifact,365,9125.78569186472,9175.93550927579,152.096428197745,3.81790352939304,0,1,0.705077519379845,0.833333333333333,0.166666666666667,0.166666666666667,0.534883720930233,44,890.712316969332,346.185856558825,521.547200109044,0.348837209302326,0.388661804674185,368.789561905962,321.999306819042,0.932190146069651,ok,0.846684119189881,0.683617049531451,0.340787467700258,0.129709346667716,0.62,0.764498820380434,1,0,1,0,request_more_data
low_quality_artifact,366,9153.36246666379,9197.52380259346,152.556041111063,3.82944168367158,0,1,0.770088383838384,0.733333333333333,0.266666666666667,0.0666666666666667,0.930555555555556,37,818.526238996768,127.973359005652,153.552294349006,0.25,0.156346067980061,108.577868600935,144.793672791518,0.854205957469995,ok,0.822248920345014,0.638143892284796,0.327544259259259,0.0475228854315077,0.62,0.740064380748834,1,0,1,0,request_more_data
low_quality_artifact,367,9177.05368974206,9224.32814754959,152.950894829034,3.83935411864326,0,1,0.632992801771872,0.716666666666667,0.283333333333333,0.166666666666667,0.357142857142857,36,914.188220283825,304.40973762926,444.809954750824,0.371428571428571,0.332983657932882,314.528135343589,293.943240786915,0.942752310169162,ok,0.825559196242372,0.662997554625038,0.263114007936508,0.15903832504485,0.62,0.771700610976074,1,0,1,0,request_more_data
low_quality_artifact,368,9199.19972335328,9249.2113582927,153.319995389221,3.84862004456555,0,1,0.545174418604651,0.716666666666667,0.283333333333333,0.233333333333333,0.166666666666667,34,989.769188382843,368.17945574199,523.035526217069,0.484848484848485,0.371985165898676,369.841967389564,366.509402905781,0.978201502147615,ok,0.830193487056528,0.709821425584935,0.226610833333333,0.191375857679785,0.62,0.800618603814945,1,0,1,0,request_more_data
low_quality_artifact,369,9224.54814754959,9274.68374030013,153.742469125826,3.85922585439016,0,1,0.626212121212121,0.733333333333333,0.266666666666667,0.166666666666667,0.393939393939394,34,909.673196610735,308.242871352635,408.640943299652,0.363636363636364,0.338850119472673,288.952782077651,326.394891517959,0.939243348405862,ok,0.830617886007436,0.711068358445436,0.266348888888889,0.148061470572726,0.62,0.78638095854654,1,0,1,0,request_more_data
low_quality_artifact,370,9249.98209283019,9299.69143572599,154.166368213837,3.86986744633475,0,1,0.754974292042398,0.816666666666667,0.183333333333333,0.116666666666667,0.593023255813953,44,871.975325412539,257.298192733355,338.615641844085,0.325581395348837,0.295075084391437,239.437416563788,273.997159687762,0.920043333968274,ok,0.83751980125773,0.646992909891754,0.357606156330749,0.128462521121284,0.62,0.745262642202059,1,0,0,1,request_confirmation
low_quality_artifact,371,9275.47594768159,9323.66171166889,154.591265794693,3.88053410451263,0,1,0.719101307189543,0.85,0.15,0.166666666666667,0.555555555555556,46,880.390681929563,266.790342741863,376.728077288545,0.4,0.303036309013557,266.3869781141,267.193098436092,0.954346736764491,ok,0.853471856038148,0.606316297729707,0.354516944444444,0.156278123582224,0.62,0.7403303280702,1,0,0,1,request_confirmation
low_quality_artifact,372,9300.42691724177,9348.60729652565,155.007115287363,3.89097361886056,0,1,0.649881342062193,0.783333333333333,0.216666666666667,0.183333333333333,0.358974358974359,40,917.896519991618,323.652676808172,467.226681316545,0.333333333333333,0.352602575300239,330.379154710215,316.783403200284,0.924259583315099,ok,0.845895593546382,0.612279919258508,0.295262756410256,0.11119603863924,0.62,0.754459735821188,1,0,0,1,request_confirmation
low_quality_artifact,373,9325.13908311575,9377.36669935715,155.418984718596,3.90131321747165,0,1,0.553191554467564,0.716666666666667,0.283333333333333,0.266666666666667,0.0789473684210527,39,997.050966365685,383.498311652826,587.283260360545,0.473684210526316,0.384632606145202,415.271975878286,348.842509065739,0.975876233806923,ok,0.845017127316569,0.668444995918293,0.229943289473684,0.169934375873324,0.62,0.787590119052961,1,0,0,1,request_confirmation
low_quality_artifact,374,9349.40765187248,9405.69370248044,155.823460864541,3.91146721453892,0,1,0.558223443223443,0.7,0.3,0.283333333333333,0.102564102564103,40,996.397895415463,405.643150837511,573.458455463276,0.538461538461538,0.407109602202011,405.496362586846,405.789885989786,0.986769704138903,ok,0.846285839703454,0.712557778314479,0.226638717948718,0.181653604461328,0.62,0.799035958147834,1,0,0,1,request_confirmation
low_quality_artifact,375,9378.18669935715,9433.32907827733,156.303111655952,3.92350840109127,0,1,0.534155052264808,0.683333333333333,0.316666666666667,0.25,0.142857142857143,36,1034.77468838925,464.252350605905,637.131175011319,0.457142857142857,0.448650663584135,450.519774355857,477.59022498431,0.972023670518159,ok,0.841391122951877,0.752655029082436,0.211703452380952,0.165714981196913,0.62,0.814595498735416,1,0,0,1,request_confirmation
low_quality_artifact,376,9406.51370248044,9459.70205531766,156.775228374674,3.93536045176314,0,1,0.596393308853529,0.716666666666667,0.283333333333333,0.216666666666667,0.276315789473684,39,957.685230858227,402.587202299586,549.485338688164,0.368421052631579,0.420375285456588,388.544809148987,416.156031067906,0.941425714797696,ok,0.836343876845184,0.753566536584117,0.24790081871345,0.139718059222931,0.62,0.803647834649918,1,0,1,0,request_more_data
low_quality_artifact,377,9434.08256215748,9483.4359443102,157.234709369291,3.94689529434552,0,1,0.666403205531112,0.716666666666667,0.283333333333333,0.15,0.459459459459459,38,873.417859423718,325.660207530958,475.128249556581,0.459459459459459,0.372857280186404,335.966407194753,315.017007120033,0.972591152743961,ok,0.845612455738031,0.738562847704045,0.277001599099099,0.175627908509488,0.62,0.786845020361532,1,0,1,0,request_more_data
low_quality_artifact,378,9460.51892259707,9507.12222434534,157.675315376618,3.95795629794502,0,1,0.700116279069767,0.716666666666667,0.283333333333333,0.116666666666667,0.583333333333333,37,868.157040180113,319.528786569569,464.046644184555,0.444444444444444,0.368054132813665,328.13052888976,310.688987419525,0.968706092878565,ok,0.853119995734598,0.71663239648509,0.291015,0.163030384484816,0.62,0.774636140783267,1,0,1,0,request_more_data
low_quality_artifact,379,9484.24820887966,9535.22271531916,158.070803481328,3.96788465860514,0,1,0.724488636363636,0.8,0.2,0.15,0.602272727272727,45,917.483800199087,342.927012643848,426.512121305759,0.386363636363636,0.373769011038054,301.589613233562,379.791491731054,0.9490852884442,ok,0.858569421724184,0.666660442745525,0.336162727272727,0.136352492453678,0.62,0.756256969423292,1,0,1,0,request_more_data
low_quality_artifact,380,9507.90852506883,9557.0358640404,158.46514208448,3.97778416209889,0,1,0.624061784897025,0.766666666666667,0.233333333333333,0.2,0.342105263157895,39,945.990761411698,362.339751304965,501.657715028288,0.552631578947368,0.383026733542563,354.725572131051,369.797186614212,0.98843586332675,ok,0.865191285057886,0.675043138973921,0.27749947368421,0.170580606906017,0.62,0.776680957631233,1,0,1,0,request_more_data
low_quality_artifact,381,9536.01094793593,9577.630474573,158.933515798932,3.98954224813338,0,1,0.671056535685646,0.716666666666667,0.283333333333333,0.1,0.482758620689655,30,851.074128046964,267.704503444578,418.835960254314,0.517241379310345,0.314548985361479,296.161747700604,235.83812568781,0.983808772407124,ok,0.8686339397615,0.678790843266812,0.278935833333333,0.159728964452711,0.62,0.769271259691291,1,0,1,0,request_more_data
low_quality_artifact,382,9558.69560149753,9606.39825382862,159.311593358292,3.99903353326212,0,1,0.628472222222222,0.75,0.25,0.183333333333333,0.375,37,903.534118032278,342.226670181619,486.371957697691,0.472222222222222,0.37876452405242,343.916909467014,340.528041356149,0.975554894608236,ok,0.867842281760133,0.683919127766663,0.273385416666667,0.148238991232425,0.62,0.778372355774666,1,0,1,0,request_more_data
low_quality_artifact,383,9578.45100135956,9631.21139108316,159.640850022659,4.00729921527545,0,1,0.547271557271557,0.7,0.3,0.266666666666667,0.121621621621622,38,950.676656862106,376.370891470552,570.895419285495,0.567567567567568,0.395897899410761,403.684022325111,346.913974944936,0.989976344564935,ok,0.862878980892559,0.72456046810139,0.222192252252252,0.16340459971041,0.62,0.804368050759509,1,0,1,0,request_more_data
low_quality_artifact,384,9607.1649587378,9653.37768738701,160.119415978963,4.01931316805244,0,1,0.571064993564994,0.616666666666667,0.383333333333333,0.166666666666667,0.285714285714286,29,904.493027820869,339.800883263465,511.800937178715,0.607142857142857,0.375681042099488,361.897913296699,316.163218741139,0.993161100518793,ok,0.856885203187539,0.767075735129941,0.204250912698413,0.171254858479787,0.62,0.811989506994685,1,0,1,0,request_more_data
low_quality_artifact,385,9632.00047724087,9678.22020702527,160.533341287348,4.02970437754535,0,1,0.645292792792793,0.616666666666667,0.383333333333333,0.116666666666667,0.5,31,861.896507462183,312.34929530592,458.223316052333,0.366666666666667,0.362397680697906,324.012814078391,300.233010958508,0.94063048421225,ok,0.844973973606533,0.773841175368362,0.230799722222222,0.124358393215963,0.62,0.800522826400439,1,0,1,0,request_more_data
low_quality_artifact,386,9654.18322654893,9703.3156906663,160.903053775816,4.03898566535741,0,1,0.664163449163449,0.7,0.3,0.15,0.459459459459459,38,854.370494881849,261.658855710238,400.390841997572,0.378378378378378,0.306259236803844,283.119079501475,238.273583020485,0.945724583066219,ok,0.843001601634267,0.754007595073413,0.26965036036036,0.140649047876078,0.62,0.791572705771135,1,0,1,0,request_more_data
low_quality_artifact,387,9678.98219381446,9729.30713889255,161.316369896908,4.04936158177052,0,1,0.641608409321175,0.783333333333333,0.216666666666667,0.166666666666667,0.285714285714286,36,897.590967459667,284.36384834904,435.997336153343,0.4,0.316807831916845,308.296672973299,258.222303315083,0.954369070864144,ok,0.847281638614987,0.725991061212844,0.291504087301587,0.151147565327933,0.62,0.787787983461785,1,0,1,0,request_more_data
low_quality_artifact,388,9704.84721790307,9751.12431941368,161.747453631718,4.06018353758395,0,1,0.660568181818182,0.8,0.2,0.15,0.46969696969697,34,912.555770071084,321.360928539795,470.142914270714,0.303030303030303,0.352154837084382,332.441242807627,309.884676717709,0.907382978941559,ok,0.837937474581362,0.689405243619555,0.306503636363636,0.100138238643471,0.62,0.774131195486203,1,0,1,0,request_more_data
low_quality_artifact,389,9730.12713889255,9779.39548861106,162.168785648209,4.07076068558807,0,1,0.617847376201035,0.683333333333333,0.316666666666667,0.166666666666667,0.393939393939394,34,969.657344662068,393.263841632276,546.617280310068,0.393939393939394,0.405569909615165,386.516785620997,399.897077638689,0.952089680938458,ok,0.836080765092581,0.711773298571776,0.24487351010101,0.153628454831978,0.62,0.788083995883911,1,0,1,0,request_more_data
low_quality_artifact,390,9752.35790833956,9806.87944735685,162.539298472326,4.08006206508147,0,1,0.51713963963964,0.616666666666667,0.383333333333333,0.233333333333333,0,33,1091.36751342955,474.095976604505,655.830530938524,0.5,0.434405432423667,463.742215735804,484.22840417473,0.98103531071225,ok,0.830808299441334,0.77267179639915,0.184963611111111,0.184319391525225,0.62,0.823262967856627,1,0,1,0,request_more_data
low_quality_artifact,391,9780.18582835329,9832.94128688603,163.003097139222,4.09170529880654,0,1,0.653242753623188,0.766666666666667,0.233333333333333,0.183333333333333,0.375,41,955.745464497343,376.605627542017,523.812285724926,0.325,0.394043855327199,370.391219304921,382.719142524185,0.919793824802282,ok,0.828950519965895,0.737361637317791,0.290475277777778,0.128034023327428,0.62,0.788877562796808,1,0,1,0,request_more_data
low_quality_artifact,392,9807.69944735685,9856.53144822827,163.461657455948,4.10321702862764,0,1,0.92302111410602,0.933333333333333,0.0666666666666667,0.0333333333333333,0.905660377358491,54,817.625308163846,157.468416679987,225.610934909874,0.0754716981132075,0.192592395450205,159.531021984609,155.378433278079,0.782126228571066,ok,0.786072523802834,0.553975273572518,0.499662096436059,0.00788726019687558,0.62,0.688969276061221,1,0,0,1,request_confirmation
low_quality_artifact,393,9833.75780587052,9880.16573763263,163.895963431175,4.11411987578678,0,0,1,1,0,0,1,60,787.07417911007,24.6393649815722,23.6344657479203,0.0338983050847458,0.0313050099158779,16.7120910000757,30.5761774555853,0.131984070074202,ok,0.391428193040396,0.439989089248269,0.58,0.617724102300462,0.62,0.643196944989515,0,0,0,0,observe
low_quality_artifact,394,9857.29078478965,9904.38369042261,164.288179746494,4.12396610122035,0,0,1,1,0,0,1,60,797.537369905735,25.1624935441934,23.9426267700601,0.0338983050847458,0.0315502376360966,16.9299937485281,31.2997999098709,0.133419664347061,ok,0.236455255933644,0.313230884712063,0.58,0.245322837110911,0.62,0.607704647719378,0,0,0,0,observe
low_quality_artifact,395,9880.96097107351,9927.58454914052,164.682682851225,4.13386973437307,0,0,1,1,0,0,1,60,790.313525131477,25.890446195975,24.7567672916566,0.0677966101694915,0.0327597154454213,17.5056780321877,32.1586947043366,0.146531490837496,ok,0.18287679972835,0.202910610961501,0.58,0.0865364497401289,0.62,0.57681497106922,0,0,0,0,observe
low_quality_artifact,396,9905.1558046989,9951.87399687955,165.085930078315,4.14399288057662,0,0,1,1,0,0,1,60,791.505107615622,25.3083708639295,21.9772321890871,0.0508474576271186,0.0319749937434642,15.5402499126148,32.2417106280958,0.133542699811929,ok,0.154190526423672,0.118995018924207,0.58,0.0491614919327199,0.62,0.553318605298778,0,0,0,0,observe
low_quality_artifact,397,9928.37305066733,9975.2448897767,165.472884177789,4.15370700298065,0,0,1,1,0,0,1,60,794.339010603065,25.4017333070115,21.5940953653998,0.0169491525423729,0.0319784537432278,15.2693312664632,32.5168207651991,0.124867768725049,ok,0.137833725692594,0.0563809727590132,0.58,0.030871326113202,0.62,0.535786672372524,0,0,0,0,observe
low_quality_artifact,398,9952.67245879221,9999.51265345025,165.877874313203,4.163873903275,0,0,1,1,0,0,1,60,793.977609511674,30.9353565526043,28.3983913352462,0.0847457627118644,0.0389625049648827,20.0806950879419,38.8684737912183,0.174758011821961,ok,0.160312401760174,0.03,0.58,0.0343943096709227,0.62,0.5284,0,0,0,0,observe
low_quality_artifact,399,9975.98073083855,10023.6614585144,166.266345513976,4.17362611109468,0,0,1,1,0,0,1,60,806.942812295522,28.3542387949383,28.7102092423894,0.11864406779661,0.0351378540869316,20.3011836445782,34.5801627802687,0.18073144422259,ok,0.172651573864019,0.03,0.58,0.0192377865680263,0.62,0.5284,0,0,0,0,observe
low_quality_artifact,400,10000.3210227129,10047.186060818,166.672017045216,4.18381011719683,0,0,1,1,0,0,1,60,794.556789462481,25.3451996379406,23.9631696156662,0.0508474576271186,0.0318985376175397,16.944519733961,31.5854640675031,0.138240921581088,ok,0.152878575878545,0.03,0.58,0.0348515578510899,0.62,0.5284,0,0,0,0,observe
low_quality_artifact,401,10024.4450384466,10071.7571733593,167.07408397411,4.19390363311306,0,0,1,1,0,0,1,60,801.595247414154,27.9616978886876,25.8019583865808,0.0338983050847458,0.0348825644599174,18.2447397430444,35.0833659922342,0.144710955876671,ok,0.148824816165319,0.03,0.58,0.00979490544916137,0.62,0.5284,0,0,0,0,observe
low_quality_artifact,402,10048.0070143513,10095.153723229,167.466783572522,4.20376199091876,0,0,1,1,0,0,1,60,799.461040182817,27.5946440750606,27.0059058575642,0.0677966101694915,0.0345165588916634,19.0960591639691,34.0333555157987,0.156191813127376,ok,0.153883289035946,0.03,0.58,0.00549648593197605,0.62,0.5284,0,0,0,0,observe
low_quality_artifact,403,10072.5256333391,10119.8135524368,167.875427222318,4.21402060929014,0,0,1,1,0,0,1,60,800.939651291444,28.8190038927106,24.5076791419923,0.0338983050847458,0.0359814922962579,17.3295461124468,36.8884372435689,0.143547466562435,ok,0.148546653117604,0.03,0.58,0.0119028251313538,0.62,0.5284,0,0,0,0,observe
low_quality_artifact,404,10095.9302727869,10143.6289020856,168.265504546449,4.22381313734139,0,0,1,1,0,0,1,60,807.919647610532,29.3394255401469,29.6709430105318,0.0677966101694915,0.0363147815836884,20.9805250069467,35.7969461334977,0.167913518345333,ok,0.160572059291123,0.03,0.58,0.0174796644147857,0.62,0.5284,0,0,0,0,observe
low_quality_artifact,405,10120.6750216576,10167.6487919573,168.677917027627,4.23416636871578,0,0,1,1,0,0,1,60,797.253992008267,27.5749956925398,28.3307253640109,0.0677966101694915,0.0345874664397464,20.0328480208258,33.4581197179649,0.160072160792328,ok,0.160771702267686,0.03,0.58,0.00166557494132821,0.62,0.5284,0,0,0,0,observe
low_quality_artifact,406,10144.3990701546,10192.3005978159,169.073317835911,4.24409253788038,0,0,1,1,0,0,1,60,811.194928838333,26.4824403566509,23.8847441577794,0.0508474576271186,0.0326462104423839,16.8890645608716,33.4275155036364,0.139827474927021,ok,0.149108603512954,0.03,0.58,0.0220979252046038,0.62,0.5284,0,0,0,0,observe
low_quality_artifact,407,10168.4815412986,10215.9715596858,169.474692354977,4.25416867149254,0,0,1,1,0,0,1,60,805.379462141689,26.2415892214478,24.8472913524594,0.0338983050847458,0.0325828885078165,17.5696882094419,32.6886534742166,0.137813900720816,ok,0.143336139084987,0.03,0.58,0.0131481865813615,0.62,0.5284,0,0,0,0,observe
low_quality_artifact,408,10193.0734373182,10240.7007494245,169.884557288637,4.26445794905829,0,0,1,1,0,0,1,60,806.669193477566,26.6404095795284,26.0029508058023,0.0338983050847458,0.0330251976831805,18.386862845643,32.8838276334367,0.141737791165871,ok,0.143333026586958,0.03,0.58,0.00379817957401676,0.62,0.5284,0,0,0,0,observe
low_quality_artifact,409,10216.8054905508,10264.5019284201,170.28009150918,4.27438746741349,0,0,1,1,0,0,1,60,808.839478906493,27.1773367986869,26.5729765371213,0.0508474576271186,0.0336004083720409,18.7899319057095,33.5284018395944,0.148654101186371,ok,0.147343257584626,0.03,0.58,0.00312105619462966,0.62,0.5284,0,0,0,0,observe
low_quality_artifact,410,10241.5328970149,10288.9885986483,170.692214950248,4.28473344270498,0,0,1,1,0,0,1,60,804.797487062096,26.1407364808352,23.9712569104138,0.0169491525423729,0.0324811358150007,16.9502383149185,32.8537003789285,0.131712977684552,ok,0.13910064515145,0.03,0.58,0.0175896844449968,0.62,0.5284,0,0,0,0,observe
low_quality_artifact,411,10265.2884643652,10313.1844115476,171.088141072754,4.29467279939408,0,0,1,1,0,0,1,60,811.374718791523,25.3549279278426,23.808596622719,0,0.0312493442802934,16.8352201224597,31.6594394119749,0.125977234655353,ok,0.132519730805898,0.03,0.58,0.01557737178701,0.62,0.5284,0,0,0,0,observe
low_quality_artifact,412,10289.8064566016,10337.2372915657,171.496774276694,4.30493115553197,0,0,1,1,0,0,1,60,804.144881956577,25.6248609870383,25.3408300698985,0.0508474576271186,0.0318659753509717,17.9186727833212,31.4990185068415,0.141928517432514,ok,0.139173329833026,0.03,0.58,0.00655997047497006,0.62,0.5284,0,0,0,0,observe
low_quality_artifact,413,10313.9626096022,10362.0111422469,171.899376826704,4.31503811771764,0,0,1,1,0,0,1,60,813.778844987315,26.0781796872482,26.4109594192887,0.0847457627118644,0.0320457822759631,18.6753685030217,31.802099347011,0.155523796027146,ok,0.149685432313823,0.03,0.58,0.0139008659841011,0.62,0.5284,0,0,0,0,observe
low_quality_artifact,414,10338.0512111407,10385.8824194702,172.300853519012,4.32511681629393,0,0,1,1,0,0,1,60,810.752131741469,23.9170188886194,24.6941323421087,0.0338983050847458,0.0294997915543514,17.4613884346231,28.9680427190441,0.131941035514536,ok,0.140157609275929,0.03,0.58,0.0195632708604575,0.62,0.5284,0,0,0,0,observe
low_quality_artifact,415,10362.8313397467,10410.6619139276,172.713855662446,4.33548485059023,0,0,1,1,0,0,1,60,810.84619467815,23.5669050732029,23.8544565497243,0.0338983050847458,0.0290645812089645,16.8676479878299,28.7450949001281,0.129068384926326,ok,0.134729887399406,0.03,0.58,0.0134797677930465,0.62,0.5284,0,0,0,0,observe
low_quality_artifact,416,10386.7030749593,10434.7756151826,173.111717915988,4.34547281204639,0,0,1,1,0,0,1,60,814.886595207948,28.7508123681715,30.3147940593293,0.0847457627118644,0.0352819797714732,21.4357964496254,34.5503263983111,0.173365463988269,ok,0.158279328658481,0.03,0.58,0.0359193698328271,0.62,0.5284,0,0,0,0,observe
low_quality_artifact,417,10411.4552295037,10459.2037114167,173.524253825061,4.35582914196316,0,0,1,1,0,0,1,60,809.029958152657,29.5085692987847,30.1130553087701,0.0847457627118644,0.0364740131084449,21.2931456110769,35.8902949849654,0.175042603838892,ok,0.168549389180926,0.03,0.58,0.01546003489992,0.62,0.5284,0,0,0,0,observe
low_quality_artifact,418,10435.5985308167,10484.3123083143,173.926642180278,4.36593072698798,0,0,1,1,0,0,1,60,825.611552194244,27.6966630964009,25.2608895154897,0.0677966101694915,0.0335468453933219,17.8621462752069,34.8590594221098,0.150217480980011,ok,0.158205437817036,0.03,0.58,0.0190189448500591,0.62,0.5284,0,0,0,0,observe
low_quality_artifact,419,10460.0640905286,10508.3105985181,174.33440150881,4.37616714529735,0,0,1,1,0,0,1,60,818.448118356399,29.6373883418161,25.2789860158392,0.0677966101694915,0.0362116885323577,17.8749424333198,37.9108956429776,0.155499227299326,ok,0.157185058683775,0.03,0.58,0.0040138842486879,0.62,0.5284,0,0,0,0,observe
low_quality_artifact,420,10485.1062132839,10533.5314835087,174.751770221399,4.38664479824693,0,0,1,1,0,0,1,60,820.319586572711,29.5031796284066,27.4021976649927,0.0677966101694915,0.0359654701793366,19.3762797883305,36.9517928920423,0.16083728526663,ok,0.159878286623,0.03,0.58,0.00228333010388174,0.62,0.5284,0,0,0,0,observe
low_quality_artifact,421,10509.1438123882,10557.6010868692,175.152396873136,4.39670215734607,0,0,1,1,0,0,1,60,821.508139185252,27.9176516909253,25.2722025946123,0.0338983050847458,0.0339834145996572,17.8701458301706,35.2058012247994,0.14203479503068,ok,0.150036128676555,0.03,0.58,0.0190507943949402,0.62,0.5284,0,0,0,0,observe
low_quality_artifact,422,10534.3733562859,10582.3981982627,175.572889271432,4.4072582275171,0,0,1,1,0,0,1,60,814.445245900349,26.2131697718289,26.4870597793542,0.0508474576271186,0.0321853063834277,18.7291795836748,31.9918485101425,0.14584241336713,ok,0.148358863354439,0.03,0.58,0.00599154758883111,0.62,0.5284,0,0,0,0,observe
low_quality_artifact,423,10558.4146411428,10607.3249496773,175.97357735238,4.41731712873937,0,0,1,1,0,0,1,60,828.731046801551,26.080784577315,27.0714839453089,0.0508474576271186,0.0314707463633378,19.1424298745107,31.5274805025087,0.14645348589904,ok,0.148051101073776,0.03,0.58,0.00380384565413314,0.62,0.5284,0,0,0,0,observe
low_quality_artifact,424,10583.2603850582,10631.5866495264,176.387673084304,4.42771261655657,0,0,1,1,0,0,1,60,819.807521062178,29.6174552498072,29.2591400420616,0.0847457627118644,0.0361273280482149,20.6893363354286,36.4189328913983,0.172004422014346,ok,0.162749139472247,0.03,0.58,0.0220363870049968,0.62,0.5284,0,0,0,0,observe
low_quality_artifact,425,10608.0771919522,10657.0326725242,176.801286532537,4.43809599709073,0,0,1,1,0,0,1,60,828.462047447237,32.3712332767076,27.4093132229223,0.0677966101694915,0.0390738880271631,19.3813112475945,41.4747906810139,0.167918886144129,ok,0.166182314227238,0.03,0.58,0.00413469504021613,0.62,0.5284,0,0,0,0,observe
low_quality_artifact,426,10632.4060834046,10681.1684200083,177.206768056743,4.44827523324321,0,0,1,1,0,0,1,60,826.362841365486,30.9381849227558,27.2650785915262,0.0508474576271186,0.037438983669248,19.2793219616523,39.2765873941235,0.15901278505491,ok,0.162372192988761,0.03,0.58,0.00799859031869346,0.62,0.5284,0,0,0,0,observe
low_quality_artifact,427,10657.8535681064,10706.4832069442,177.630892801773,4.45892249009719,0,0,1,1,0,0,1,60,824.175573667875,30.4043881396967,27.7143471208997,0.0847457627118644,0.0368906688224044,19.597002785346,38.2728509276458,0.169202012253731,ok,0.166777708899127,0.03,0.58,0.00577215084429544,0.62,0.5284,0,0,0,0,observe
low_quality_artifact,428,10681.9633655223,10731.1271695028,178.032722758705,4.46901005705295,0,0,1,1,0,0,1,60,832.645824908273,27.1107030868012,21.7685687520512,0.0338983050847458,0.0325597057906197,15.392702581301,35.1147426441515,0.130924148290997,ok,0.146315845482154,0.03,0.58,0.0366468980741818,0.62,0.5284,0,0,0,0,observe
low_quality_artifact,429,10707.3058938349,10755.9005309044,178.455098230581,4.47961340003301,0,0,1,1,0,0,1,60,823.622066003262,25.7786244098006,22.9269728770225,0.0338983050847458,0.031299093933817,16.2118179934227,32.6535129851486,0.131049736606311,ok,0.138310343028015,0.03,0.58,0.0172871581469135,0.62,0.5284,0,0,0,0,observe
low_quality_artifact,430,10731.947098626,10781.2087183934,178.8657849771,4.48992330844547,0,0,1,1,0,0,1,60,834.692481509504,26.6428368983509,24.1406983285506,0.0508474576271186,0.0319193445353294,17.0700514906969,33.5901005965927,0.139641283595031,ok,0.140132867912578,0.03,0.58,0.00117043885130319,0.62,0.5284,0,0,0,0,observe
low_quality_artifact,431,10756.7634979835,10805.6041307771,179.279391633059,4.50030651846589,0,0,1,1,0,0,1,60,828.393331211481,27.2137444910411,24.5114587517975,0.0169491525423729,0.0328512355975179,17.3322187001703,34.3623336427665,0.134348412575511,ok,0.137782535545682,0.03,0.58,0.00817648326231238,0.62,0.5284,0,0,0,0,observe
low_quality_artifact,432,10782.0136865337,10831.1686509255,179.700228108896,4.51087122638324,0,0,1,1,0,0,1,60,832.665542202272,29.8143309189498,28.2549560598466,0.0677966101694915,0.0358058901297819,19.9792710320455,37.1297372104539,0.163319173698146,ok,0.15365766577836,0.03,0.58,0.0230035902852052,0.62,0.5284,0,0,0,0,observe
low_quality_artifact,433,10806.4524279319,10855.7352535108,180.107540465532,4.52109642387931,0,0,1,1,0,0,1,60,835.518712227137,27.4029401944737,27.1324664382184,0.0847457627118644,0.0327975182284418,19.1855510087807,33.671306703086,0.159478719072425,ok,0.157697703511303,0.03,0.58,0.00424051324076638,0.62,0.5284,0,0,0,0,observe
low_quality_artifact,434,10832.0250343953,10880.872959167,180.533750573255,4.5317960318222,0,0,1,1,0,0,1,60,828.40513735784,24.7015268198992,23.4543072103408,0.0338983050847458,0.0298181719378076,16.5846996764645,30.7453832487071,0.129744710313612,ok,0.142046985328158,0.03,0.58,0.0292911309870127,0.62,0.5284,0,0,0,0,observe
low_quality_artifact,435,10856.5584369637,10905.8799072961,180.942640616061,4.54206083566072,0,0,1,1,0,0,1,60,835.744229755177,24.5301913187801,27.8923381361169,0.0677966101694915,0.0293513140090311,19.7228614391964,28.5389086848492,0.149869968065102,ok,0.147540731285316,0.03,0.58,0.00554580185663431,0.62,0.5284,0,0,0,0,observe
low_quality_artifact,436,10881.7403839242,10930.6194520262,181.362339732071,4.5525969912185,0,0,1,1,0,0,1,60,829.108214320355,24.2494190649449,28.4134986568514,0.0847457627118644,0.0292475923481506,20.0913775774945,27.7921787021668,0.156469713002301,ok,0.153537514252777,0.03,0.58,0.00698142559410389,0.62,0.5284,0,0,0,0,observe
low_quality_artifact,437,10906.6778143516,10956.3368558561,181.777963572526,4.56303084077768,0,0,1,1,0,0,1,60,840.949142666385,27.5589956345293,26.2335408425591,0.0847457627118644,0.0327712988054764,18.5499146243078,34.2767727214641,0.15707508764432,ok,0.156256161460702,0.03,0.58,0.00194982424670956,0.62,0.5284,0,0,0,0,observe
low_quality_artifact,438,10931.4632806459,10980.7879863783,182.191054677432,4.57340110836892,0,0,1,1,0,0,1,60,836.142239200578,28.6685240098491,22.2473966934163,0.0508474576271186,0.0342866592139379,15.7312850656619,37.3670337060553,0.139731524061146,ok,0.14727021650015,0.03,0.58,0.0179492677119144,0.62,0.5284,0,0,0,0,observe
low_quality_artifact,439,10957.1925910252,11006.1764230751,182.619876517087,4.58416628141036,0,0,1,1,0,0,1,60,830.659453651138,25.3113983873555,26.2473779156319,0.0677966101694915,0.0304714504555387,18.5596989125093,30.608354299502,0.147153816124705,ok,0.148027494826588,0.03,0.58,0.00208018738543581,0.62,0.5284,0,0,0,0,observe
low_quality_artifact,440,10981.612299963,11031.0875155271,183.026871666051,4.59438351570316,0,0,1,1,0,0,1,60,838.325485814021,23.4719908779102,25.7728298675025,0.0677966101694915,0.0279986607530114,18.2241427696782,27.7443567569296,0.141683402443168,ok,0.145153628374574,0.03,0.58,0.00826244269382453,0.62,0.5284,0,0,0,0,observe
low_quality_artifact,441,11007.0336659639,11056.2843250263,183.450561099399,4.60501984446266,0,0,1,1,0,0,1,60,835.131699185649,23.3207795820182,19.586661309118,0.0169491525423729,0.0279246729644661,13.8498610324815,29.9315697885544,0.114150988753864,ok,0.128050225959523,0.03,0.58,0.0330934219182357,0.62,0.5284,0,0,0,0,observe
low_quality_artifact,442,11031.8777861548,11081.8273622796,183.864629769247,4.61541465291164,0,0,1,1,0,0,1,60,845.664112540811,21.5672512935294,18.7091072663977,0,0.0255033304283545,13.2293366180163,27.4823090253295,0.105371137062264,ok,0.116205488704933,0.03,0.58,0.0257960753396883,0.62,0.5284,0,0,0,0,observe
low_quality_artifact,443,11057.1468033426,11106.6817116876,184.28578005571,4.62598723875258,0,0,1,1,0,0,1,60,839.956444355873,22.4945629497191,18.6329275214463,0.0169491525423729,0.0267806302349036,13.1754694037721,28.9554438851835,0.110375164015288,ok,0.114431522069574,0.03,0.58,0.00965799536734872,0.62,0.5284,0,0,0,0,observe
low_quality_artifact,444,11082.6503377418,11132.7631739615,184.710838962364,4.63665794686441,0,0,1,1,0,0,1,60,848.930194698187,28.2007656971859,24.682041362314,0.0508474576271186,0.0332191808859053,17.4528388208191,35.8603512100714,0.143888714461515,ok,0.133169019300747,0.03,0.58,0.0255230837161149,0.62,0.5284,0,0,0,0,observe
low_quality_artifact,445,11107.531816402,11157.5419375459,185.125530273367,4.64706838613988,0,0,1,1,0,0,1,60,847.670430971925,32.9126627375141,32.7941195709522,0.169491525423729,0.0388271921904565,23.1889443316627,40.3578938713325,0.227243128924293,ok,0.188912143596025,0.03,0.58,0.0912642507815912,0.62,0.5284,0,0,0,0,observe
low_quality_artifact,446,11133.5976845685,11182.9785590971,185.559961409475,4.6579743753464,0,0,1,1,0,0,1,60,836.92308559384,29.047813172251,30.8156746874163,0.152542372881356,0.0347078646440253,21.7899725383107,34.8245315397015,0.202683949457883,ok,0.196675204977282,0.03,0.58,0.0143065344776193,0.62,0.5284,0,0,0,0,observe
low_quality_artifact,447,11158.3818760538,11208.4026027579,185.973031267563,4.66834410955607,0,0,1,1,0,0,1,60,847.677753533071,26.4395831908211,25.9740565363868,0.0338983050847458,0.0311906064310671,18.3664315118019,32.569576480682,0.139143115613424,ok,0.162886377980817,0.03,0.58,0.0565315770652211,0.62,0.5284,0,0,0,0,observe
low_quality_artifact,448,11183.8802865539,11233.2323611864,186.398004775898,4.6790126738226,0,0,1,1,0,0,1,60,837.563368154764,28.0291274545394,27.418428559813,0.0508474576271186,0.0334650827868588,19.3877567641227,34.5742513929202,0.151481941809948,ok,0.156703068276597,0.03,0.58,0.0124312534920198,0.62,0.5284,0,0,0,0,observe
low_quality_artifact,449,11209.2210870889,11259.1675911525,186.820351451481,4.68961529389855,0,0,1,1,0,0,1,60,846.083139910095,28.3707590757018,26.5206143762425,0.0677966101694915,0.0335318808961452,18.7529062666745,35.4701063942069,0.154099272443029,ok,0.155779949372557,0.03,0.58,0.00400161173697228,0.62,0.5284,0,0,0,0,observe
low_quality_artifact,450,11234.0915289827,11283.960703424,187.234858816378,4.7000211153783,0,0,1,1,0,0,1,60,845.472370626717,27.6147272298747,27.121482479637,0.0508474576271186,0.0326618919662685,19.1777841771834,34.0199781601068,0.149261724467573,ok,0.152609724203478,0.03,0.58,0.00797142794263084,0.62,0.5284,0,0,0,0,observe
low_quality_artifact,451,11260.0061999924,11310.0444908731,187.666769999873,4.71086384352059,0,0,1,1,0,0,1,60,847.948328676554,33.1007957931993,27.2837621414228,0.0508474576271186,0.0390363359107763,19.2925332264809,42.6511843445325,0.163383766342692,ok,0.159548903594294,0.03,0.58,0.00913062559142266,0.62,0.5284,0,0,0,0,observe
low_quality_artifact,452,11284.8120215163,11335.2826574624,188.080200358606,4.7212426277633,0,0,1,1,0,0,1,60,855.365900639974,29.6066507912589,23.3512538879697,0.0508474576271186,0.0346128490381807,16.5118299733921,38.4768373580898,0.1435614231921,ok,0.150791532590445,0.03,0.58,0.0172145461865366,0.62,0.5284,0,0,0,0,observe
low_quality_artifact,453,11310.9109736055,11360.7500449181,188.515182893425,4.73216245932108,0,0,1,1,0,0,1,60,845.092567417277,23.2409289317774,26.3362059139006,0.0508474576271186,0.0275010452438423,18.6225097924444,27.0829039110315,0.137714543358256,ok,0.143942932214497,0.03,0.58,0.0148294972767621,0.62,0.5284,0,0,0,0,observe
low_quality_artifact,454,11336.1191693941,11386.5422473094,188.935319489902,4.7427095974187,0,0,1,1,0,0,1,60,854.326497449847,22.8879372322902,29.9225899107347,0.101694915254237,0.0267906207996713,21.1584662365447,24.4956046672768,0.163358899180585,ok,0.156112831163023,0.03,0.58,0.0172525428989586,0.62,0.5284,0,0,0,0,observe
low_quality_artifact,455,11361.5971974851,11411.5048115524,189.359953291418,4.75336963366183,0,0,1,1,0,0,1,60,845.912777237667,25.0665447783693,26.8204879382687,0.0677966101694915,0.0296325406742575,18.9649488958818,29.9498588916305,0.147537416436928,ok,0.15174104727658,0.03,0.58,0.010008644856313,0.62,0.5284,0,0,0,0,observe
low_quality_artifact,456,11387.3988078343,11437.5331472706,189.789980130572,4.76416505709382,0,0,1,1,0,0,1,60,849.848332687724,26.1557983048786,26.4751025131061,0.0338983050847458,0.0307770190266285,18.7207245196263,31.9027591814759,0.139783008511946,ok,0.145517510401723,0.03,0.58,0.0136535759280388,0.62,0.5284,0,0,0,0,observe
low_quality_artifact,457,11412.3638362225,11462.6332069305,190.206063937041,4.77461045367153,0,0,1,1,0,0,1,60,852.139922968018,26.4547686424317,26.9259262019916,0.0508474576271186,0.0310450994365917,19.0395050071568,32.2056954113962,0.145779424002817,ok,0.146538379028234,0.03,0.58,0.00180703577480223,0.62,0.5284,0,0,0,0,observe
low_quality_artifact,458,11438.3876014797,11488.4386943719,190.639793357994,4.78549882697238,0,0,1,1,0,0,1,60,848.425785021439,26.5599220128235,26.2570602743137,0.0508474576271186,0.0313049443825572,18.5665453739911,32.6518346732625,0.144339012282538,ok,0.146105979164219,0.03,0.58,0.00420706400400192,0.62,0.5284,0,0,0,0,observe
low_quality_artifact,459,11463.4446914909,11514.216682681,191.057411524848,4.79598274223903,0,0,1,1,0,0,1,60,859.724595841651,23.6906059329197,24.6572538989522,0.0677966101694915,0.0275560406757087,17.4353114373876,28.6094308580071,0.138399652284992,ok,0.142490438899329,0.03,0.58,0.0097399681293738,0.62,0.5284,0,0,0,0,observe
low_quality_artifact,460,11489.3349508686,11539.2210447251,191.488915847811,4.80681525652644,0,0,1,1,0,0,1,60,846.372505886297,27.0876686647408,26.3264432727551,0.101694915254237,0.0320044288730473,18.6156065626881,33.480483564082,0.162027089105874,ok,0.154766936958862,0.03,0.58,0.0172860765405053,0.62,0.5284,0,0,0,0,observe
low_quality_artifact,461,11515.0439135327,11565.5705437134,191.917398558878,4.81757191606042,0,0,1,1,0,0,1,60,855.897683873827,30.4657376207282,26.2084892021127,0.0677966101694915,0.0355950695915416,18.5322004394683,38.8957566377295,0.15778009879454,ok,0.157150444012192,0.03,0.58,0.00149917805321007,0.62,0.5284,0,0,0,0,observe
low_quality_artifact,462,11540.118873595,11590.5436267044,192.335314559917,4.82806330817702,0,0,1,1,0,0,1,60,855.37636632169,30.1031583975077,28.5892306728448,0.0847457627118644,0.0351928806812351,20.215638877675,37.4663613896294,0.169065097786563,ok,0.16463675201222,0.03,0.58,0.0105436804151026,0.62,0.5284,0,0,0,0,observe
low_quality_artifact,463,11566.4111021972,11616.6065854267,192.773518369954,4.83906400685004,0,0,1,1,0,0,1,60,850.600695220635,29.8945589797062,31.0322246235755,0.135593220338983,0.0351452322431407,21.9430964666344,36.1368209813514,0.196570432541993,ok,0.183545440568781,0.03,0.58,0.0310118856505062,0.62,0.5284,0,0,0,0,observe
low_quality_artifact,464,11591.3411548875,11641.9318458645,193.189019248125,4.84949476955557,0,0,1,1,0,0,1,60,856.470319334661,27.2125642069448,29.4865269610567,0.101694915254237,0.0317729214809038,20.8501231678032,32.3468648453235,0.170958329707751,ok,0.17615557116705,0.03,0.58,0.0123743844269028,0.62,0.5284,0,0,0,0,observe
low_quality_artifact,465,11617.4395687169,11667.5320654539,193.623992811948,4.86041437590483,0,0,1,1,0,0,1,60,848.758000454808,24.7252045467996,25.8343943331858,0.0338983050847458,0.0291310415142486,18.267675420843,29.8154911829554,0.135039127346909,ok,0.152404913357958,0.03,0.58,0.0413471095501185,0.62,0.5284,0,0,0,0,observe
low_quality_artifact,466,11642.7505385455,11693.6581586841,194.045842309092,4.87100451477897,0,0,1,1,0,0,1,60,862.105213660988,23.5973050497827,21.8404391633749,0,0.0273717229357368,15.4435226365146,29.5831577050264,0.115454485110185,ok,0.131669061157629,0.03,0.58,0.0386061334462957,0.62,0.5284,0,0,0,0,observe
low_quality_artifact,467,11668.399147984,11718.7839941127,194.473319133067,4.88173592245398,0,0,1,1,0,0,1,60,854.198810979296,24.1822741453246,22.4823943542055,0.0169491525423729,0.0283098897288335,15.8974535051688,30.2792955289628,0.121601419512659,ok,0.127047768662374,0.03,0.58,0.0129674979755129,0.62,0.5284,0,0,0,0,observe
low_quality_artifact,468,11694.481054734,11744.972199294,194.908017578901,4.89264862222229,0,0,1,1,0,0,1,60,855.234010165078,27.4385510893055,24.4796148115011,0.0338983050847458,0.0320830916020392,17.309701634047,34.7292729710992,0.137102990869148,ok,0.134214193772011,0.03,0.58,0.0068780883265166,0.62,0.5284,0,0,0,0,observe
low_quality_artifact,469,11719.6327919835,11770.2414926889,195.327213199724,4.9031721380022,0,0,1,1,0,0,1,60,857.624976269423,27.2606382794437,25.1558406161252,0.0169491525423729,0.0317861991356928,17.7878654861101,34.2034594778568,0.134663188497202,ok,0.135628413029567,0.03,0.58,0.00229815364848818,0.62,0.5284,0,0,0,0,observe
low_quality_artifact,470,11745.8318731701,11796.0214893863,195.763864552835,4.9141338636895,0,0,1,1,0,0,1,60,850.821501538116,24.5407411827899,23.736262572484,0,0.0288435836875598,16.7840722250279,30.377473152756,0.122303339393359,ok,0.129018034312222,0.03,0.58,0.015987368854434,0.62,0.5284,0,0,0,0,observe
low_quality_artifact,471,11771.066557418,11821.8115705056,196.184442623633,4.92469208458892,0,0,1,1,0,0,1,60,859.501296945129,24.8368552908108,24.8399124726198,0.0338983050847458,0.028896821190482,17.5644705534698,30.4175629472455,0.132221416210983,ok,0.132160741348835,0.03,0.58,0.000144463957494262,0.62,0.5284,0,0,0,0,observe
low_quality_artifact,472,11796.8796988523,11847.045425756,196.614661647538,4.93549233264013,0,0,1,1,0,0,1,60,850.398939495364,23.8555160667467,24.6689576296168,0.0508474576271186,0.0280521470086767,17.4435872247057,28.877197896536,0.134331812085303,ok,0.134625511693996,0.03,0.58,0.00069928478260245,0.62,0.5284,0,0,0,0,observe
low_quality_artifact,473,11822.6417644273,11873.2046273018,197.044029407122,4.94627121049314,0,0,1,1,0,0,1,60,856.550946603307,25.7733507825439,27.6769560399556,0.0677966101694915,0.0300896880503714,19.5705632984546,30.749378421381,0.151005824149274,ok,0.145269530023369,0.03,0.58,0.0136578431569187,0.62,0.5284,0,0,0,0,observe
low_quality_artifact,474,11847.8923563263,11898.1367530086,197.464872605439,4.95683608717208,0,0,1,1,0,0,1,60,851.522120876128,28.9761280023696,27.8908001871946,0.0508474576271186,0.0340286262587708,19.7217739450843,35.9205180986913,0.154335033526744,ok,0.151402729898737,0.03,0.58,0.00698167530477714,0.62,0.5284,0,0,0,0,observe
low_quality_artifact,475,11874.0339129322,11924.3725421143,197.900565215537,4.96777374450866,0,0,1,1,0,0,1,60,852.798580209546,30.7584470535837,31.2128921355416,0.0847457627118644,0.0360676574367957,22.0708476894857,37.4838873726264,0.178975886908948,ok,0.168115812171211,0.03,0.58,0.0258573208041348,0.62,0.5284,0,0,0,0,observe
low_quality_artifact,476,11898.9994332778,11949.9389484415,198.316657221297,4.97821934692192,0,0,1,1,0,0,1,60,863.369923881334,26.2261009391294,32.4974316616447,0.101694915254237,0.0303764356548677,22.9791542990954,29.1131449458345,0.178144571637138,ok,0.174231974194734,0.03,0.58,0.00931570819619992,0.62,0.5284,0,0,0,0,observe
low_quality_artifact,477,11925.2748981642,11975.4691843155,198.754581636071,4.98921303163701,0,0,1,1,0,0,1,60,851.61070335245,23.7108613528925,26.3417543310808,0.0677966101694915,0.0278423712378817,18.6264331158573,27.8830751814192,0.143199436211772,ok,0.156378456414909,0.03,0.58,0.0313786195312784,0.62,0.5284,0,0,0,0,observe
low_quality_artifact,478,11950.7541083213,12001.5644699075,199.179235138688,4.99987356245794,0,0,1,1,0,0,1,60,860.425357766849,24.7989781983376,27.2457109388607,0.0847457627118644,0.0288217658562515,19.2656269631169,29.3055328748902,0.152972848106704,ok,0.154998466494494,0.03,0.58,0.00482290092331064,0.62,0.5284,0,0,0,0,observe
low_quality_artifact,479,11976.3691618235,12026.6630950785,199.606152697058,5.01059093029064,0,0,1,1,0,0,1,60,853.231846049882,26.3620242925869,23.9827400623635,0.0338983050847458,0.0308966717717258,16.9583581295315,33.2013062868983,0.133547796731171,ok,0.143187116676105,0.03,0.58,0.022950761773654,0.62,0.5284,0,0,0,0,observe
low_quality_artifact,480,12002.3891578862,12052.8427023695,200.039819298104,5.02147772655622,0,0,1,1,0,0,1,60,854.637207700739,25.396667667149,20.2562209863515,0.0169491525423729,0.0297163140550299,14.3233112206624,32.9366697294561,0.119083328931006,ok,0.13013460444371,0.03,0.58,0.0263125607445332,0.62,0.5284,0,0,0,0,observe
low_quality_artifact,481,12027.5427306582,12078.1822914678,200.45904551097,5.03200201032088,0,0,1,1,0,0,1,60,858.653273155737,23.7235384499704,22.1164869442801,0.0338983050847458,0.0276287754226816,15.6387178943242,29.6823694437656,0.123328008586835,ok,0.127443386814741,0.03,0.58,0.00979851959025253,0.62,0.5284,0,0,0,0,observe
low_quality_artifact,482,12053.6902347156,12103.9389045552,200.894837245261,5.04294215607802,0,0,1,1,0,0,1,60,851.603369760603,23.6884458863973,23.9465453922924,0.0508474576271186,0.0278162895163936,16.9327646328814,28.9061657594533,0.132122677953916,ok,0.131481802327731,0.03,0.58,0.00152589434806011,0.62,0.5284,0,0,0,0,observe
low_quality_artifact,483,12079.022858574,12129.5786494468,201.317047642899,5.05354135502304,0,0,1,1,0,0,1,60,856.60596631656,22.2423301556571,23.0985564537532,0.0508474576271186,0.0259656493536929,16.3331459040692,26.8825379453447,0.127053658898208,ok,0.130136137719949,0.03,0.58,0.00733923528985889,0.62,0.5284,0,0,0,0,observe
low_quality_artifact,484,12104.8112034835,12154.7451804497,201.746853391391,5.06433122817979,0,0,1,1,0,0,1,60,846.771264907946,23.9453227239492,25.1595196907579,0.0677966101694915,0.0282783836867118,17.7904669847314,28.81416743849,0.140696792593174,ok,0.137517886875877,0.03,0.58,0.0075688231364219,0.62,0.5284,0,0,0,0,observe
low_quality_artifact,485,12130.4319195942,12181.0706482871,202.173865326569,5.0750509652544,0,0,1,1,0,0,1,60,858.199980671857,28.4276133488087,23.5594372042943,0.0508474576271186,0.0331246958623253,16.6590378080951,36.5887258691416,0.14111821012962,ok,0.140676623613776,0.03,0.58,0.00105139646629568,0.62,0.5284,0,0,0,0,observe
low_quality_artifact,486,12155.6235612459,12205.9011222771,202.593726020765,5.08559117708213,0,0,1,1,0,0,1,60,852.599030457696,30.4702519869097,22.8218166150576,0.0338983050847458,0.0357380795642619,16.137461287503,39.9556611193694,0.14037491752425,ok,0.141492583166784,0.03,0.58,0.00266110867269928,0.62,0.5284,0,0,0,0,observe
low_quality_artifact,487,12181.9138293808,12231.8569660143,203.031897156346,5.09659105549336,0,0,1,1,0,0,1,60,846.438628786114,25.8951874582066,22.4625000253286,0.0338983050847458,0.0305931069040919,15.8833860903129,32.9975682936997,0.129146304449733,ok,0.135302128415091,0.03,0.58,0.0146567237270433,0.62,0.5284,0,0,0,0,observe
low_quality_artifact,488,12206.7299592171,12257.2810963082,203.445499320284,5.10697415274582,0,0,1,1,0,0,1,60,856.332900518511,22.3369868915027,23.1452355208287,0.0169491525423729,0.0260844665409651,16.3661529889377,27.0190859046898,0.119487563973714,ok,0.127256067403032,0.03,0.58,0.0184964367364714,0.62,0.5284,0,0,0,0,observe
low_quality_artifact,489,12232.7518151576,12282.7481299548,203.879196919293,5.11786172718639,0,0,1,1,0,0,1,60,848.186065674904,22.8392418816016,23.2478658066363,0.0169491525423729,0.0269271599780743,16.4387235599874,27.8034225801595,0.120980971565992,ok,0.124945658918993,0.03,0.58,0.0094397317928584,0.62,0.5284,0,0,0,0,observe
low_quality_artifact,490,12258.1212841904,12308.6215894775,204.302021403173,5.12847634219478,0,0,1,1,0,0,1,60,855.674886153527,24.0091830665062,21.0031894149464,0,0.0280587679444859,14.8514976618541,30.5338297670298,0.114619987539406,ok,0.120344138914074,0.03,0.58,0.0136289318444472,0.62,0.5284,0,0,0,0,observe
low_quality_artifact,491,12283.6188548516,12333.4219653446,204.726980914194,5.13914455507177,0,0,1,1,0,0,1,60,844.563923164135,31.1661455622934,30.9814096621059,0.101694915254237,0.0369020564429632,21.9071648627935,38.245697615477,0.185837926895574,ok,0.15983386364271,0.03,0.58,0.0619144363163452,0.62,0.5284,0,0,0,0,observe
low_quality_artifact,492,12309.4706886837,12359.4667837448,205.157844811395,5.14996099206669,0,0,1,1,0,0,1,60,847.419904456064,32.4128520718529,33.2974156004492,0.135593220338983,0.0382488680067738,23.5448283670643,39.3297217893684,0.210793154490401,ok,0.189898438970574,0.03,0.58,0.049749322666254,0.62,0.5284,0,0,0,0,observe
low_quality_artifact,493,12334.2830512622,12384.436206647,205.571384187703,5.16034251309414,0,0,1,1,0,0,1,60,850.237355038502,28.4229480416597,27.0720657801835,0.0847457627118644,0.0334294275277668,19.142841293896,35.3451492846541,0.160928010008475,ok,0.172846149510498,0.03,0.58,0.0283765226238653,0.62,0.5284,0,0,0,0,observe
low_quality_artifact,494,12360.3567704305,12410.2182088727,206.005946173842,5.17125178716886,0,0,1,1,0,0,1,60,845.857085464677,24.3351922736011,21.0292973627714,0.0338983050847458,0.0287698627720692,14.869958768804,31.0368731060386,0.122585651231263,ok,0.143875337540877,0.03,0.58,0.0506897293086051,0.62,0.5284,0,0,0,0,observe
low_quality_artifact,495,12385.2573645943,12436.025104565,206.420956076572,5.18167022439303,0,0,1,1,0,0,1,60,859.814965301452,19.7832599713798,18.8184597693761,0,0.023008741147514,13.306660514412,24.6107199436462,0.101975399137549,ok,0.120483714760917,0.03,0.58,0.0440674181508751,0.62,0.5284,0,0,0,0,observe
low_quality_artifact,496,12411.108557535,12460.9452965693,206.85180929225,5.19248639323826,0,0,1,1,0,0,1,60,845.451461610541,26.2040483687755,20.498811057131,0.0169491525423729,0.0309941487579407,14.4948483047591,34.1057718641329,0.121753403198681,ok,0.122719944442845,0.03,0.58,0.00230128867658053,0.62,0.5284,0,0,0,0,observe
low_quality_artifact,497,12436.8351426517,12486.955489857,207.280585710861,5.20325042602669,0,0,1,1,0,0,1,60,848.839754865083,27.1707418157863,24.0460523868743,0.0508474576271186,0.0320092710786206,17.0031267035258,34.4585563241423,0.139909355719347,ok,0.134133260383257,0.03,0.58,0.0137526079430728,0.62,0.5284,0,0,0,0,observe
low_quality_artifact,498,12461.8041026445,12511.7476163638,207.696735044075,5.21369746759231,0,0,1,1,0,0,1,60,846.705329906989,27.0800078691712,24.2299596968678,0.0508474576271186,0.031982800760385,17.133168809532,34.2506668392432,0.140270105500115,ok,0.138848472389377,0.03,0.58,0.00338484073985387,0.62,0.5284,0,0,0,0,observe
low_quality_artifact,499,12487.7940627397,12537.4920697588,208.129901045662,5.22457169677455,0,0,1,1,0,0,1,60,842.276331697978,23.5895835616705,18.6619147582581,0.0169491525423729,0.028006941040496,13.1959664754896,30.6398984006772,0.112523419376661,ok,0.124616960137789,0.03,0.58,0.0287941446693526,0.62,0.5284,0,0,0,0,observe
low_quality_artifact,500,12512.5647631319,12562.676711315,208.542746052198,5.23493578629534,0,0,1,1,0,0,1,60,848.818249186959,23.6661695875625,18.5397611386849,0.0169491525423729,0.0278813157118513,13.1095908227429,30.7947039984928,0.112184610654382,ok,0.118801850041941,0.03,0.58,0.0157553318751402,0.62,0.5284,0,0,0,0,observe
low_quality_artifact,501,12538.3752044433,12587.9446109618,208.972920074054,5.24573490461203,0,0,1,1,0,0,1,60,840.875686716504,22.7995210761472,21.1323102124792,0.0169491525423729,0.0271140210572338,14.9427998533818,28.5718227480351,0.116237154541471,ok,0.118856520030611,0.03,0.58,0.00623658449795374,0.62,0.5284,0,0,0,0,observe
low_quality_artifact,502,12563.5093085599,12613.7472655906,209.391821809332,5.25625104266892,0,0,1,1,0,0,1,60,851.175904593957,21.3892045063503,19.3777286767417,0,0.0251290061089708,13.7021233513171,26.9675351950126,0.106233347425507,ok,0.11307589561488,0.03,0.58,0.0162917814032669,0.62,0.5284,0,0,0,0,observe
low_quality_artifact,503,12588.791527283,12638.4484928696,209.813192121383,5.26682915204742,0,0,1,1,0,0,1,60,841.731365130021,26.8331329024988,23.8893455320251,0.0508474576271186,0.0318784995000797,16.8923182238035,33.9806360704458,0.139099632476552,ok,0.129856150425155,0.03,0.58,0.0220082905985653,0.62,0.5284,0,0,0,0,observe
low_quality_artifact,504,12614.5723265941,12664.1552899815,210.242872109902,5.27761586811713,0,0,1,1,0,0,1,60,840.133739847403,26.4142783826669,30.0848846593427,0.101694915254237,0.031440563721991,21.2732259538364,30.7063195852429,0.171792570261109,ok,0.155442898939294,0.03,0.58,0.0389277888614638,0.62,0.5284,0,0,0,0,observe
low_quality_artifact,505,12639.3187313951,12689.0947988442,210.655312189918,5.28796979233463,0,0,1,1,0,0,1,60,844.105099576772,23.6294936683938,25.4015542497569,0.0508474576271186,0.0279935445008465,17.9616112626811,28.1795397921551,0.136021094175824,ok,0.144797091123211,0.03,0.58,0.0208952308271132,0.62,0.5284,0,0,0,0,observe
low_quality_artifact,506,12664.9972012077,12714.5010258968,211.083286686796,5.29871369362454,0,0,1,1,0,0,1,60,839.095598589276,22.5951752933941,22.3574028404752,0.0169491525423729,0.0269280107432122,15.8090711582194,27.7697166386834,0.118701540228356,ok,0.13054878490789,0.03,0.58,0.0282077254274622,0.62,0.5284,0,0,0,0,observe
low_quality_artifact,507,12689.9058827382,12739.9582419655,211.49843137897,5.30913551461221,0,0,1,1,0,0,1,60,847.724052021439,23.4056020915712,28.6564924453054,0.0338983050847458,0.0276099304198806,20.2632001330965,26.1734051835828,0.140358179242583,ok,0.137484404242333,0.03,0.58,0.00684232142916627,0.62,0.5284,0,0,0,0,observe
low_quality_artifact,508,12715.3836558017,12764.6617764662,211.923060930028,5.31979544415154,0,0,1,1,0,0,1,60,836.012509489843,24.6392414397024,28.5142525103052,0.0508474576271186,0.0294723358323166,20.1626213105023,28.4192388944035,0.147132063843755,ok,0.144151439824251,0.03,0.58,0.00709672385596155,0.62,0.5284,0,0,0,0,observe
low_quality_artifact,509,12740.7754750588,12790.2979221719,212.346257917646,5.33041941051948,0,0,1,1,0,0,1,60,838.994670106105,25.6979346996937,26.3063354730046,0.0677966101694915,0.0306294373675148,18.6013882011298,31.2210834637479,0.147781847997832,ok,0.147160460281357,0.03,0.58,0.00147949456303595,0.62,0.5284,0,0,0,0,observe
low_quality_artifact,510,12765.5155127598,12814.7666129653,212.75859187933,5.34077067073505,0,0,1,1,0,0,1,60,835.080608318575,28.9408111098404,28.0555411799542,0.0677966101694915,0.0346563084108879,19.8382634182041,35.7992234544392,0.16041999976492,ok,0.155678549582733,0.03,0.58,0.0112891671004447,0.62,0.5284,0,0,0,0,observe
low_quality_artifact,511,12791.1339702274,12840.1702519563,213.185566170456,5.35148946279079,0,0,1,1,0,0,1,60,831.205496407207,26.1809194681574,26.4483527779302,0.0677966101694915,0.031497529288872,18.7018096004885,31.955021609496,0.149604545190352,ok,0.152768527585668,0.03,0.58,0.00753329141741696,0.62,0.5284,0,0,0,0,observe
low_quality_artifact,512,12815.5997217766,12864.9042618187,213.593328696277,5.36172596136512,0,0,1,1,0,0,1,60,835.627480889511,25.5449918873851,22.9468111269078,0.0508474576271186,0.0305698322178118,16.2258457544434,32.2771614397262,0.13421770046396,ok,0.142695280959918,0.03,0.58,0.0201847154665677,0.62,0.5284,0,0,0,0,observe
low_quality_artifact,513,12841.0303020266,12889.8537641095,214.017171700443,5.37236614537703,0,0,1,1,0,0,1,60,828.058535885685,25.452683539645,24.168051813553,0.0677966101694915,0.0307377829423871,17.0893933254311,31.6801331201014,0.142136638522469,ok,0.143311347266008,0.03,0.58,0.00279692557985398,0.62,0.5284,0,0,0,0,observe
low_quality_artifact,514,12865.7392108352,12915.2727580661,214.428986847253,5.38270438122821,0,0,1,1,0,0,1,60,839.47493745578,25.955480494281,28.3059419279198,0.0847457627118644,0.0309187080354597,20.0153234851047,30.7694777525492,0.159376871299114,ok,0.153553905254106,0.03,0.58,0.0138642048690668,0.62,0.5284,0,0,0,0,observe
low_quality_artifact,515,12890.7345466273,12939.6047574025,214.845575777121,5.39316245845858,0,0,1,1,0,0,1,60,829.183221551016,29.4564226049643,29.1694821849135,0.0847457627118644,0.0355246245213031,20.6259386566525,36.1929871645947,0.170742369321319,ok,0.164189656000686,0.03,0.58,0.0156016983824593,0.62,0.5284,0,0,0,0,observe
low_quality_artifact,516,12916.0866667551,12965.3407718591,215.268111112585,5.40376981466519,0,0,1,1,0,0,1,60,834.466896551181,32.4817409821122,27.232108335568,0.0677966101694915,0.0389251402498506,19.2560084700868,41.7053129979623,0.16728478566841,ok,0.166383251876749,0.03,0.58,0.00214650902776545,0.62,0.5284,0,0,0,0,observe
low_quality_artifact,517,12940.4374986841,12989.7946561032,215.673958311402,5.41395823073832,0,0,1,1,0,0,1,60,836.498311678307,31.0775789800459,24.8963444127138,0.0338983050847458,0.0371519924740713,17.6043739609858,40.2705580786229,0.148097825508343,ok,0.156120846635779,0.03,0.58,0.0191024312558008,0.62,0.5284,0,0,0,0,observe
low_quality_artifact,518,12966.1770606432,13014.794869362,216.10295101072,5.42472769305251,0,0,1,1,0,0,1,60,824.234958381211,26.1482325108971,26.2691218622893,0.0677966101694915,0.0317242459143591,18.5750742046406,31.9754084443024,0.149379942311447,ok,0.152812876792445,0.03,0.58,0.00817365352618618,0.62,0.5284,0,0,0,0,observe
low_quality_artifact,519,12990.6057305328,13039.7410330649,216.51009550888,5.43494867661782,0,0,1,1,0,0,1,60,832.439616028152,23.4904122447328,24.5220633365463,0.0508474576271186,0.0282187582047254,17.3397172739579,28.3360748819274,0.133907235389876,ok,0.142532720283785,0.03,0.58,0.020536868795022,0.62,0.5284,0,0,0,0,observe
low_quality_artifact,520,13015.6665648426,13064.2504192324,216.92777608071,5.4454341585033,0,0,1,1,0,0,1,60,824.259164506078,23.9122054884412,21.777286082165,0.0338983050847458,0.0290105424581723,15.3988666645383,30.1075081680741,0.124273109049778,ok,0.13288632121691,0.03,0.58,0.02050764801698,0.62,0.5284,0,0,0,0,observe
low_quality_artifact,521,13040.5835616539,13089.5464108431,217.343059360899,5.45585945861406,0,0,1,1,0,0,1,60,830.089629636214,27.700949488163,30.6298780248715,0.152542372881356,0.0333710342825303,21.6585944583035,32.6433835743518,0.199226360983218,ok,0.172550808986702,0.03,0.58,0.063513219039323,0.62,0.5284,0,0,0,0,observe
low_quality_artifact,522,13065.099885568,13113.752144615,217.751664759467,5.466117116724,0,0,1,1,0,0,1,60,825.028756377466,30.614222106319,36.2648742032598,0.203389830508475,0.0371068546031532,25.6431384680021,34.8839596356396,0.254209616941498,ok,0.220100637214019,0.03,0.58,0.0812118564939973,0.62,0.5284,0,0,0,0,observe
low_quality_artifact,523,13090.3573880005,13138.8946887769,218.172623133342,5.4766848847781,0,0,1,1,0,0,1,60,822.471298896695,28.3270648945208,34.6713801484609,0.135593220338983,0.0344414023109623,24.5163680160733,31.6826910217116,0.206725803687144,ok,0.211332697710638,0.03,0.58,0.0109687952940335,0.62,0.5284,0,0,0,0,observe
low_quality_artifact,524,13114.5756977713,13163.3922945573,218.576261629522,5.48681785342788,0,0,1,1,0,0,1,60,827.335832371682,24.3128350794128,28.2470683719604,0.0508474576271186,0.0293868996459593,19.9736935944532,27.9871303172074,0.146022929990732,ok,0.172663448450784,0.03,0.58,0.0634298058572681,0.62,0.5284,0,0,0,0,observe
low_quality_artifact,525,13139.7425024301,13187.9381512713,218.995708373835,5.49734767342918,0,0,1,1,0,0,1,60,817.39104157275,24.4512665461037,24.6727492745002,0.0338983050847458,0.0299137931571367,17.4462683225146,29.8555956737769,0.132744778592379,ok,0.14969550103195,0.03,0.58,0.0403588629513582,0.62,0.5284,0,0,0,0,observe
low_quality_artifact,526,13164.1727446971,13213.0907324289,219.402879078286,5.50756931487903,0,0,1,1,0,0,1,60,828.307297859778,26.9163296468583,24.6935982637075,0.0338983050847458,0.032495584327708,17.4610107841639,33.8244099092948,0.137796644134642,ok,0.143557837405506,0.03,0.58,0.0137171268353908,0.62,0.5284,0,0,0,0,observe
low_quality_artifact,527,13188.8167882302,13237.0317144375,219.81361313717,5.51788041102437,0,0,1,1,0,0,1,60,818.226052770993,30.2661591281428,28.0677586206208,0.0508474576271186,0.0369899724234444,19.8469024533481,37.9233600798691,0.160086999347941,ok,0.1540630938295,0.03,0.58,0.0143426321867658,0.62,0.5284,0,0,0,0,observe
low_quality_artifact,528,13213.9311320049,13262.206902538,220.232185533415,5.52838828133147,0,0,1,1,0,0,1,60,818.602835151661,29.9391521897483,29.5267754709023,0.0847457627118644,0.0365734772763174,20.8785831620476,36.8346363200084,0.173726633567559,ok,0.166121556913071,0.03,0.58,0.0181073253678297,0.62,0.5284,0,0,0,0,observe
low_quality_artifact,529,13237.8474861402,13286.2253640873,220.63079143567,5.53839491139624,0,0,1,1,0,0,1,60,819.894160830155,27.7573876300305,25.6909747114494,0.0677966101694915,0.0338548424371333,18.166262433758,34.7984488918023,0.151817066584047,ok,0.158174689288027,0.03,0.58,0.01513719691424,0.62,0.5284,0,0,0,0,observe
low_quality_artifact,530,13263.0048221293,13310.9748311803,221.050080368821,5.54892076969524,0,0,1,1,0,0,1,60,812.798810705286,25.6528808677104,25.3334764866418,0.0847457627118644,0.0315611692953275,17.9134730147344,31.5475526495522,0.15170700584387,ok,0.154973430720358,0.03,0.58,0.00777720208687541,0.62,0.5284,0,0,0,0,observe
low_quality_artifact,531,13287.0237090218,13335.6222014484,221.450395150363,5.55897029958349,0,0,1,1,0,0,1,60,823.280622684976,27.0718745495603,25.8522976604136,0.0847457627118644,0.0328829244896721,18.2803349849316,33.6392945243052,0.15582729157502,ok,0.156099339561909,0.03,0.58,0.000647733302116454,0.62,0.5284,0,0,0,0,observe
low_quality_artifact,532,13311.8282725362,13359.6085103726,221.86380454227,5.56934855747356,0,0,1,1,0,0,1,60,810.561319871992,27.3757303987527,26.2240758659134,0.0677966101694915,0.033773793206757,18.5432218751379,33.9854402975714,0.152854891424097,ok,0.154819856285018,0.03,0.58,0.00467848776409771,0.62,0.5284,0,0,0,0,observe
low_quality_artifact,533,13336.4037453285,13384.6522811358,222.273395755475,5.57963096354213,0,0,1,1,0,0,1,60,817.167994788587,26.6610854829532,25.7609603806756,0.0508474576271186,0.0326261988391393,18.2157497750537,33.0123222205179,0.14477450951233,ok,0.149628094778477,0.03,0.58,0.0115561553955864,0.62,0.5284,0,0,0,0,observe
low_quality_artifact,534,13360.4209889031,13408.332424231,222.673683148385,5.58967980586427,0,0,1,1,0,0,1,60,812.065230971821,29.594624232572,23.1473151581451,0.0169491525423729,0.0364436539133134,16.3676235145866,38.5199229934203,0.137784313294737,ok,0.14352407352949,0.03,0.58,0.0136660957970308,0.62,0.5284,0,0,0,0,observe
low_quality_artifact,535,13385.4897310088,13433.161489217,223.091495516813,5.60016859638064,0,0,1,1,0,0,1,60,808.486801354794,28.7222774834591,23.3543901045959,0.0338983050847458,0.0355259695462298,16.5140476134357,37.1109778784502,0.139945494910078,ok,0.142367691277288,0.03,0.58,0.0057671342076423,0.62,0.5284,0,0,0,0,observe
low_quality_artifact,536,13409.0915482095,13457.2783000859,223.484859136825,5.61004362383036,0,0,1,1,0,0,1,60,815.764597581627,26.4981237088982,24.7264786405571,0.0508474576271186,0.0324825614980758,17.4842607216023,33.1451617465232,0.141754712607984,ok,0.142960497828904,0.03,0.58,0.00287091719266647,0.62,0.5284,0,0,0,0,observe
low_quality_artifact,537,13434.0016311469,13481.3944060798,223.900027185782,5.62046603116833,0,0,1,1,0,0,1,60,803.881947712165,25.9356164107461,26.2241893837928,0.0508474576271186,0.0322629665768194,18.5433021444002,31.6458266251998,0.145025375563362,ok,0.145091522369601,0.03,0.58,0.000157492395807979,0.62,0.5284,0,0,0,0,observe
low_quality_artifact,538,13458.0319335549,13505.9275813222,224.300532225915,5.63052033732137,0,0,1,1,0,0,1,60,810.8213539399,26.0769022306423,26.3126127992392,0.0677966101694915,0.0321610945542206,18.605826941078,31.8407421981903,0.150009061066654,ok,0.148823388450178,0.03,0.58,0.00282303003922904,0.62,0.5284,0,0,0,0,observe
low_quality_artifact,539,13482.2357640879,13529.6743246156,224.703929401465,5.64064724784141,0,0,1,1,0,0,1,60,804.665308930515,24.5501061886208,25.1645790527278,0.0508474576271186,0.0305097112006115,17.7940444938888,29.8125377701165,0.139013103735351,ok,0.143919073926634,0.03,0.58,0.0116808814078168,0.62,0.5284,0,0,0,0,observe
low_quality_artifact,540,13506.6957884886,13554.52760906,225.11159647481,5.6508813501702,0,0,1,1,0,0,1,60,810.000462296142,26.9709123885854,26.2996698782999,0.0338983050847458,0.033297403697931,18.5966749139135,33.3020106343704,0.14314801295081,ok,0.144381097897705,0.03,0.58,0.00293591654022554,0.62,0.5284,0,0,0,0,observe
low_quality_artifact,541,13530.5292122759,13578.1508575512,225.508820204598,5.66085328208201,0,0,1,1,0,0,1,60,807.942215593891,29.0203779952202,26.3261511998767,0.0677966101694915,0.0359188781513147,18.6154000359752,36.5763798027024,0.157388198279704,ok,0.152822812452242,0.03,0.58,0.0108699662558614,0.62,0.5284,0,0,0,0,observe
low_quality_artifact,542,13555.3555243599,13602.554373873,225.922592072664,5.6712406395986,0,0,1,1,0,0,1,60,800.446080216588,25.4598014126625,23.5905725091311,0.0508474576271186,0.0318070161650032,16.6810537932795,31.9083910639527,0.137280149782418,ok,0.144492933229948,0.03,0.58,0.0171732939226897,0.62,0.5284,0,0,0,0,observe
low_quality_artifact,543,13578.9360420122,13626.8550531923,226.315600700203,5.68110675529279,0,0,1,1,0,0,1,60,811.736594017685,21.8876512116047,21.5400141633603,0,0.0269639823717592,15.2310900817664,26.9472159237804,0.113220859670072,ok,0.127249908647825,0.03,0.58,0.033402497566079,0.62,0.5284,0,0,0,0,observe
low_quality_artifact,544,13603.4063108629,13650.3821012543,226.723438514382,5.69134514391128,0,0,1,1,0,0,1,60,797.128789688486,23.868979576678,21.0714593965552,0.0169491525423729,0.0299436927701556,14.8997718288012,30.2894894561366,0.120100180344963,ok,0.12443236853424,0.03,0.58,0.0103147337839926,0.62,0.5284,0,0,0,0,observe
low_quality_artifact,545,13627.6014603204,13675.1101457395,227.126691005341,5.70146842225935,0,0,1,1,0,0,1,60,804.251542453385,28.1407687100872,19.1819322965766,0,0.034990009001715,13.5636744031706,37.4143350051022,0.122510472625099,ok,0.124717973219875,0.03,0.58,0.00525595379708679,0.62,0.5284,0,0,0,0,observe
low_quality_artifact,546,13651.1843603744,13698.4989708182,227.519739339573,5.71133553475311,0,0,1,1,0,0,1,60,801.947826064621,30.0154676909248,26.1820875157088,0.0508474576271186,0.0374282050719171,18.5135316279773,38.1982427353639,0.155228696041692,ok,0.143807299531388,0.03,0.58,0.0271938012150091,0.62,0.5284,0,0,0,0,observe
low_quality_artifact,547,13675.9172314079,13722.9553538589,227.931953856798,5.72168379642676,0,0,1,1,0,0,1,60,797.420135322586,25.5794248768138,26.2909984870429,0.0508474576271186,0.0320777263374043,18.5905433143533,31.0323323863076,0.144714737820039,ok,0.145245669790615,0.03,0.58,0.00126412373946513,0.62,0.5284,0,0,0,0,observe
low_quality_artifact,548,13699.2824672438,13746.7933770772,228.321374454063,5.73145983796147,0,0,1,1,0,0,1,60,804.906770983732,27.5167215751538,24.6983075121723,0.0508474576271186,0.034186222016152,17.4643407256877,34.7755191982256,0.144713972658476,ok,0.145813094575251,0.03,0.58,0.00261695694470221,0.62,0.5284,0,0,0,0,observe
low_quality_artifact,549,13723.7888260386,13770.5668769759,228.72981376731,5.74171332665403,0,0,1,1,0,0,1,60,793.525385283254,26.5954603550422,25.4144814014521,0.0677966101694915,0.0335155759957809,17.9707521393062,33.040718674703,0.149759668176043,ok,0.148963617280414,0.03,0.58,0.00189535927530718,0.62,0.5284,0,0,0,0,observe
low_quality_artifact,550,13747.5571713345,13795.063208707,229.125952855575,5.75165802965022,0,0,1,1,0,0,1,60,804.497193828914,24.8485697254751,24.8004507579641,0.0847457627118644,0.0308870806711098,17.5365669074395,30.4527774743864,0.148907898509038,ok,0.149713417237549,0.03,0.58,0.001917901734551,0.62,0.5284,0,0,0,0,observe
low_quality_artifact,551,13771.3892647396,13818.441748437,229.523154412327,5.76162940492862,0,0,1,1,0,0,1,60,797.914524352568,28.1339511822142,24.2935544115201,0.0677966101694915,0.0352593546345609,17.1781370635102,35.888020637445,0.150415066432858,ok,0.150883595656442,0.03,0.58,0.00111554577043876,0.62,0.5284,0,0,0,0,observe
low_quality_artifact,552,13795.8440656621,13842.9737790223,229.930734427702,5.77186132174813,0,0,1,1,0,0,1,60,798.509505255447,26.8431043627875,24.1075367917469,0.0169491525423729,0.0336165119965607,17.0466027431484,33.9192841696326,0.134071175168892,ok,0.14186612516312,0.03,0.58,0.0185594047481637,0.62,0.5284,0,0,0,0,observe
low_quality_artifact,553,13819.243003488,13866.4383925146,230.3207167248,5.78165146423419,0,0,1,1,0,0,1,60,799.944067959817,26.8966752593244,24.0292180760135,0.0338983050847458,0.0336231948415117,16.9912230481595,34.0317589809695,0.137592977293538,ok,0.140348673044652,0.03,0.58,0.00656118035979525,0.62,0.5284,0,0,0,0,observe
low_quality_artifact,554,13843.790391819,13890.4723372941,230.729839863651,5.7919221197319,0,0,1,1,0,0,1,60,791.642637864184,26.8454722563474,24.5962168972973,0.0508474576271186,0.0339110994940536,17.3921517596141,33.7471749707021,0.143576957508268,ok,0.143220291472824,0.03,0.58,0.00084920484629486,0.62,0.5284,0,0,0,0,observe
low_quality_artifact,555,13867.1668101812,13914.2605826113,231.119446836353,5.80170284004844,0,0,1,1,0,0,1,60,797.036501612236,29.5471840515011,22.2904254840534,0.0338983050847458,0.0370713060088634,15.7617110153076,38.699362224932,0.140296280269064,ok,0.142451213629528,0.03,0.58,0.00513079371539069,0.62,0.5284,0,0,0,0,observe
low_quality_artifact,556,13891.313144717,13937.6125114606,231.521885745283,5.81180569417716,0,0,1,1,0,0,1,60,785.669569441207,28.7013357416334,21.7022428477878,0.0338983050847458,0.0365310518034276,15.345803084628,37.5771163661576,0.137472579352543,ok,0.140509835165412,0.03,0.58,0.00723156145921353,0.62,0.5284,0,0,0,0,observe
low_quality_artifact,557,13915.0110687021,13962.0602184641,231.916851145035,5.82172093281596,0,0,1,1,0,0,1,60,796.660597545447,28.8614506127071,21.3949790374549,0.0169491525423729,0.0362280382657693,15.1285347607284,37.9090239775821,0.132792593165858,ok,0.137028986959502,0.03,0.58,0.0100866518896296,0.62,0.5284,0,0,0,0,observe
low_quality_artifact,558,13938.4199495012,13985.3839031209,232.306999158354,5.83151523545346,0,0,1,1,0,0,1,60,796.189861004232,26.3719844227774,20.8898472863208,0.0169491525423729,0.0331227333007161,14.7713526741088,34.2457335294125,0.125478065049454,ok,0.131412321780295,0.03,0.58,0.0141291826924784,0.62,0.5284,0,0,0,0,observe
low_quality_artifact,559,13962.8731458082,14009.6875088418,232.714552430136,5.84174648089999,0,0,1,1,0,0,1,60,793.788172961533,27.1234957820326,24.3148535435745,0.0169491525423729,0.0341696899827039,17.1931978242193,34.2893860466054,0.135552028933523,ok,0.135037761420304,0.03,0.58,0.00122444646004566,0.62,0.5284,0,0,0,0,observe
low_quality_artifact,560,13986.134058403,14033.2943501665,233.102234306716,5.85147887347069,0,0,1,1,0,0,1,60,798.507450760171,28.3440824217178,28.4175554091667,0.0677966101694915,0.035496328048955,20.0942461345662,34.6842224785526,0.162187702460079,ok,0.151917775635582,0.03,0.58,0.0244522067249935,0.62,0.5284,0,0,0,0,observe
low_quality_artifact,561,14010.4936047938,14057.0085042996,233.508226746564,5.86167093568468,0,0,1,1,0,0,1,60,788.683257631162,25.0349066651644,28.2915346153142,0.101694915254237,0.0317426627520377,20.0051359766626,29.2110875871171,0.165779049525571,ok,0.160664986545759,0.03,0.58,0.0121763404281246,0.62,0.5284,0,0,0,0,observe
low_quality_artifact,562,14034.0530084507,14081.2101674753,233.900883474179,5.87152821725891,0,0,1,1,0,0,1,60,798.596955147798,23.9939861167961,29.808598467743,0.0847457627118644,0.0300451760579972,21.077862114208,26.5922257105425,0.161464897095753,ok,0.161616177003803,0.03,0.58,0.000360190257260057,0.62,0.5284,0,0,0,0,observe
low_quality_artifact,563,14057.8253475891,14104.1906954715,234.297089126484,5.88147459128337,0,0,1,1,0,0,1,60,786.369852864524,28.6094592030158,27.7322178527335,0.0508474576271186,0.0363816836299098,19.6096393010105,35.3901731877977,0.156896415599616,ok,0.159341987728879,0.03,0.58,0.0058227907839585,0.62,0.5284,0,0,0,0,observe
low_quality_artifact,564,14082.0028821826,14128.3214628277,234.700048036377,5.89159049955211,0,0,1,1,0,0,1,60,785.188255872093,26.5132151323631,25.3061291125034,0.0169491525423729,0.0337666985389579,17.8941355010335,32.9499782698045,0.1371120555078,ok,0.146969208949885,0.03,0.58,0.0234694129573456,0.62,0.5284,0,0,0,0,observe
low_quality_artifact,565,14104.9733906269,14151.5897815666,235.082889843782,5.90120138669239,0,0,1,1,0,0,1,60,789.984768252084,26.0143958275456,26.7354837501631,0.0338983050847458,0.0329302498896339,18.904841858043,31.5611237896693,0.14316211287295,ok,0.145593469159726,0.03,0.58,0.00578894353994228,0.62,0.5284,0,0,0,0,observe
low_quality_artifact,566,14129.1353593829,14175.3021293151,235.485589323048,5.91131078219679,0,0,1,1,0,0,1,60,783.011108123222,24.6484712238614,25.9972902446511,0.0338983050847458,0.0314790824397634,18.3828602244676,29.6169667136041,0.13830829002051,ok,0.142235109836155,0.03,0.58,0.00934957098963254,0.62,0.5284,0,0,0,0,observe
low_quality_artifact,567,14152.3468058485,14199.1706325306,235.872446764142,5.9210224780822,0,0,1,1,0,0,1,60,793.014182732212,25.7827546203962,26.0109770194389,0.0508474576271186,0.0325123499450735,18.3925382357327,31.4835736357585,0.144663506192828,ok,0.144595254955154,0.03,0.58,0.000162502946842086,0.62,0.5284,0,0,0,0,observe
low_quality_artifact,568,14176.1222215507,14222.3315455347,236.268703692511,5.93097013934449,0,0,1,1,0,0,1,60,783.823603660304,28.5630038990338,24.2536689409649,0.0508474576271186,0.0364406018977358,17.1499337768098,36.5728062216106,0.147561809925491,ok,0.14720805641308,0.03,0.58,0.000842270267646189,0.62,0.5284,0,0,0,0,observe
low_quality_artifact,569,14199.9172768232,14246.6214824835,236.665287947054,5.94092601782562,0,0,1,1,0,0,1,60,790.847499215655,29.4190016372705,24.5925406747177,0.0508474576271186,0.0371993357334348,17.3895522776988,37.796280058342,0.150213562723673,ok,0.149777607051614,0.03,0.58,0.00103798969537749,0.62,0.5284,0,0,0,0,observe
low_quality_artifact,570,14223.1365326234,14269.4762521028,237.052275543724,5.95064098114558,0,0,1,1,0,0,1,60,785.745109467831,32.2795993322393,24.6128865647435,0.0508474576271186,0.0410815147855029,17.4039389945054,42.2024640699491,0.158708180433005,ok,0.15571894391512,0.03,0.58,0.00711722980448734,0.62,0.5284,0,0,0,0,observe
low_quality_artifact,571,14247.4162230146,14293.4542745303,237.456937050244,5.9607996315175,0,0,1,1,0,0,1,60,780.546534113821,29.7369669132238,20.2410837983271,0.0338983050847458,0.038097622132145,14.3126076123623,39.5439460060687,0.137386325738549,ok,0.145697907986048,0.03,0.58,0.0197894815416634,0.62,0.5284,0,0,0,0,observe
low_quality_artifact,572,14270.2548426629,14316.8608246357,237.837580711049,5.97035533623391,0,0,1,1,0,0,1,60,789.742875548304,25.0429542966729,20.5173811476338,0.0508474576271186,0.031710263013498,14.5079793416809,32.3081670051375,0.129746182841498,ok,0.137310320120961,0.03,0.58,0.0180098506653868,0.62,0.5284,0,0,0,0,observe
low_quality_artifact,573,14294.2732287247,14340.2986728445,238.237887145411,5.98040465657399,0,0,1,1,0,0,1,60,780.739971903404,22.410245773224,22.9804520425404,0.0508474576271186,0.0287038534975851,16.2496334740126,27.2100651082069,0.129959225890612,ok,0.13412246540031,0.03,0.58,0.00991247502309067,0.62,0.5284,0,0,0,0,observe
low_quality_artifact,574,14317.6278716293,14364.3267548002,238.627131193821,5.99017626601406,0,0,1,1,0,0,1,60,791.098836075231,23.4640479070741,24.2042793466451,0.0508474576271186,0.0296600713300035,17.1150100597463,28.4288501178948,0.134785758863669,ok,0.135663289480971,0.03,0.58,0.00208935861262258,0.62,0.5284,0,0,0,0,observe
low_quality_artifact,575,14341.1070948461,14387.3333375779,239.018451580768,6,0,0,1,1,0,0,1,60,783.911078888503,25.6837653336968,24.6991832240647,0.0677966101694915,0.0327636208051983,17.4649599475051,31.8478692766856,0.14624167581122,ok,0.142916038657595,0.03,0.58,0.00791818369910785,0.62,0.5284,0,0,0,0,observe
high_risk_irregular,1,0.80532250372044,49.2070362920805,0.013422041728674,0,0,0,1,1,0,0,1,60,820.117271534675,30.0013320990992,27.9561322535788,0.0847457627118644,0.0365817586586831,19.7679706922535,37.5418058989053,0.16911493767252,ok,0.173686663850062,0.292306207479298,0.58,0.01088506232748,0.62,0.601845738094203,0,0,0,0,observe
high_risk_irregular,2,26.0187103305473,74.1822669466586,0.433645172175788,0.0105576851697924,0,0,1,1,0,0,1,60,817.111209202748,30.7688215520064,26.8642628282544,0.0508474576271186,0.0376556106506327,18.9959024174364,39.1483901424524,0.158069402856371,ok,0.164787748544699,0.179379996724617,0.58,0.015996061162687,0.62,0.570226399082893,0,0,0,0,observe
high_risk_irregular,3,50.0185145001308,99.2249706159544,0.833641908335514,0.0206072024460681,0,0,1,1,0,0,1,60,833.632238731232,24.8978194090243,25.3145312339542,0.0169491525423729,0.0298666705199863,17.9000766980876,30.3214458238942,0.130990356306425,ok,0.145568609783174,0.100318812920795,0.58,0.0347101273255921,0.62,0.548089267617823,0,0,0,0,observe
high_risk_irregular,4,75.0460728051202,123.50713842089,1.25076788008534,0.031087074606348,0,0,1,1,0,0,1,60,822.081191237192,23.2000803408905,21.0074174244132,0.0169491525423729,0.0282211545382464,14.854487316019,29.2546007018688,0.117476527123367,ok,0.13014287287395,0.0428485012317105,0.58,0.0301579660728169,0.62,0.531997580344879,0,0,0,0,observe
high_risk_irregular,5,100.027266371142,148.879115734917,1.6671211061857,0.0415475323063276,0,0,1,1,0,0,1,60,827.569085316037,26.8172867988373,23.7092352710566,0.0677966101694915,0.0324048919596799,16.7649610369114,34.018668756038,0.144095368379029,ok,0.139491719870472,0.03,0.58,0.0109610678775159,0.62,0.5284,0,0,0,0,observe
high_risk_irregular,6,124.367467970515,173.111982817938,2.07279113284192,0.0517395853227826,0,0,1,1,0,0,1,60,826.747406617462,26.586560377883,22.2731002271478,0.0508474576271186,0.0321580208961994,15.7494602086638,34.1415419773237,0.135379426903509,ok,0.138127398608898,0.03,0.58,0.00654278977473424,0.62,0.5284,0,0,0,0,observe
high_risk_irregular,7,149.72754044212,198.457478309142,2.49545900736867,0.062358692238413,0,0,1,1,0,0,1,60,826.306042903751,26.5490881182642,24.0674432824226,0.0338983050847458,0.0321298486756398,17.0182523508237,33.4677045335709,0.135462838783116,ok,0.137637143465,0.03,0.58,0.00517691590924774,0.62,0.5284,0,0,0,0,observe
high_risk_irregular,8,173.968987633681,223.132994405477,2.89948312722802,0.0725093934954784,0,0,1,1,0,0,1,60,833.683526458979,29.3492613045543,33.2393505879293,0.11864406779661,0.0352043195926079,23.5037702029619,34.2101017901493,0.196137070787593,ok,0.172634645296786,0.03,0.58,0.0559581559304928,0.62,0.5284,0,0,0,0,observe
high_risk_irregular,9,199.320736570632,247.95271487605,3.3220122761772,0.0831250150699487,0,0,1,1,0,0,1,60,824.920609448478,26.2995544718167,29.9046838226413,0.0847457627118644,0.0318813158146212,21.1458047202293,30.5971906155784,0.16566178598977,ok,0.168775993837238,0.03,0.58,0.0074147805892085,0.62,0.5284,0,0,0,0,observe
high_risk_irregular,10,223.943890737121,273.48276715472,3.73239817895201,0.0934355497494832,0,0,1,1,0,0,1,60,839.162879154055,25.6407944184359,19.041339035407,0,0.0305552057358447,13.4642599548084,33.6691903776484,0.114538931915643,ok,0.137601342878015,0.03,0.58,0.0549105022913607,0.62,0.5284,0,0,0,0,observe
high_risk_irregular,11,248.812307428906,297.76490402353,4.14687179048176,0.103848784016388,0,0,1,1,0,0,1,60,830.203152457991,30.3751119079844,20.1463138363528,0.0169491525423729,0.0365875651255388,14.2455951295975,40.5260146849988,0.131793767754632,ok,0.135301395465926,0.03,0.58,0.008351494550702,0.62,0.5284,0,0,0,0,observe
high_risk_irregular,12,274.320884738133,323.510149346112,4.57201474563554,0.114530074853218,0,0,1,1,0,0,1,60,833.789703189861,32.4021968354368,23.069559601456,0.0338983050847458,0.0388613540218528,16.3126420331768,42.8217518257044,0.147262468337553,ok,0.143365222565728,0.03,0.58,0.00927915659958184,0.62,0.5284,0,0,0,0,observe
high_risk_irregular,13,298.589463418936,348.228843230011,4.97649105698227,0.124692136968395,0,0,1,1,0,0,1,60,841.065653441347,29.2331571561933,27.8614405875731,0.0338983050847458,0.0347572832591385,19.7010135730991,36.3459078691117,0.151259385659149,ok,0.148867033551256,0.03,0.58,0.00569607644736461,0.62,0.5284,0,0,0,0,observe
high_risk_irregular,14,324.33087951742,373.562820598632,5.40551465862367,0.135470925160566,0,0,1,1,0,0,1,60,834.211187541999,25.9114372492609,29.6681747873602,0.0677966101694915,0.0310610042591359,20.9785675775702,30.045047229753,0.158218477901874,ok,0.155075422029123,0.03,0.58,0.00748346636369304,0.62,0.5284,0,0,0,0,observe
high_risk_irregular,15,349.051005153291,398.797771468,5.81751675255485,0.145822065023792,0,0,1,1,0,0,1,60,842.815470633149,23.3901506634285,26.6080503962116,0.0677966101694915,0.0277523983344267,18.8147328693147,27.2066926172973,0.143617099629287,ok,0.149057694402084,0.03,0.58,0.0129537970780884,0.62,0.5284,0,0,0,0,observe
high_risk_irregular,16,374.442067365165,423.472628752679,6.24070112275275,0.15645414837573,0,0,1,1,0,0,1,60,831.830135900787,21.8669723902783,23.817485203565,0.0338983050847458,0.0262877857467843,16.8415052982511,25.9363193673152,0.124732945604773,ok,0.135729086200711,0.03,0.58,0.0261812871331864,0.62,0.5284,0,0,0,0,observe
high_risk_irregular,17,399.626285728707,449.047646383084,6.66043809547844,0.166999619319809,0,0,1,1,0,0,1,60,837.497915251406,26.0267535669815,25.407016440284,0.0338983050847458,0.0310767980349762,17.9654736146429,32.1251546342479,0.137189960462495,ok,0.137692020300288,0.03,0.58,0.00119538056617352,0.62,0.5284,0,0,0,0,observe
high_risk_irregular,18,424.330041494444,473.452203249279,7.07216735824073,0.17734390457324,0,0,1,1,0,0,1,60,832.992908276662,29.4434841705613,28.6717708344697,0.0508474576271186,0.0353466204549993,20.2740035856802,36.3703491708838,0.15882230200712,ok,0.151013744778683,0.03,0.58,0.0185918029248501,0.62,0.5284,0,0,0,0,observe
high_risk_irregular,19,449.86109719945,499.15425412841,7.49768495332416,0.188034607862986,0,0,1,1,0,0,1,60,835.110129088762,30.4524399355721,29.9140295461563,0.0847457627118644,0.0364651785134023,21.1524131447018,37.5136990206925,0.175184006421905,ok,0.165762950163329,0.03,0.58,0.0224310863299425,0.62,0.5284,0,0,0,0,observe
high_risk_irregular,20,474.301385169787,524.126753841256,7.90502308616312,0.198268570376161,0,0,1,1,0,0,1,60,844.575843199617,27.2013643275567,30.729602011767,0.101694915254237,0.0322071304153174,21.7291099656842,31.743884807316,0.175384392594914,ok,0.171702160429532,0.03,0.58,0.00876721944138428,0.62,0.5284,0,0,0,0,observe
high_risk_irregular,21,500.013341359395,549.394943439758,8.33355568932325,0.209035022723375,0,0,1,1,0,0,1,60,837.344821855793,27.1395505164241,35.1783782630336,0.135593220338983,0.0324114388816249,24.8748698209365,29.2292876385747,0.204937004534382,ok,0.191187475567521,0.03,0.58,0.0327369737306218,0.62,0.5284,0,0,0,0,observe
high_risk_irregular,22,524.940969338119,575.015772790009,8.74901615563532,0.219473050728048,0,0,1,1,0,0,1,60,848.15031581255,26.5139604267679,32.4774156899645,0.101694915254237,0.0312609214810783,22.9650008697883,29.6410008278238,0.179388047194617,ok,0.184061882726935,0.03,0.58,0.0111281798388527,0.62,0.5284,0,0,0,0,observe
high_risk_irregular,23,550.279326290378,599.738971804652,9.17132210483964,0.230083064632531,0,0,1,1,0,0,1,60,839.067139414901,26.1763813557439,26.6646884653939,0.0508474576271186,0.0311970045376788,18.8547820321067,31.8575434753594,0.145043252376999,ok,0.161328717679254,0.03,0.58,0.0387749173863195,0.62,0.5284,0,0,0,0,observe
high_risk_irregular,24,575.827510157496,625.667168362951,9.59712516929159,0.240780940054176,0,0,1,1,0,0,1,60,844.189926215711,27.5664472920752,23.3830157057408,0.0169491525423729,0.0326543191715738,16.5342889701209,35.3048908915756,0.131538016641017,ok,0.144520627391559,0.03,0.58,0.0309109779774811,0.62,0.5284,0,0,0,0,observe
high_risk_irregular,25,600.571874927222,650.610435175918,10.009531248787,0.251142229649988,0,0,1,1,0,0,1,60,847.857722854444,26.2270120793092,24.4534462699463,0.0338983050847458,0.030933270255547,17.2911976808599,32.8135156296592,0.134682941655595,ok,0.139708849854433,0.03,0.58,0.0119664480924712,0.62,0.5284,0,0,0,0,observe
high_risk_irregular,26,626.50518309899,676.086082335971,10.4417530516498,0.262001369443864,0,0,1,1,0,0,1,60,840.315232883661,26.4228730202902,25.6280126817956,0.0677966101694915,0.0314440009966455,18.1217415556325,32.6793347588904,0.147495514389953,ok,0.145240452268703,0.03,0.58,0.00536919552678616,0.62,0.5284,0,0,0,0,observe
high_risk_irregular,27,651.411320775229,701.602884996711,10.8568553462538,0.27243039874319,0,0,1,1,0,0,1,60,849.87416367988,23.6815027374851,22.1921206638351,0.0508474576271186,0.0278647166245722,15.6921990103079,29.5868557645439,0.127942444207761,ok,0.136083548196185,0.03,0.58,0.0193835809248194,0.62,0.5284,0,0,0,0,observe
high_risk_irregular,28,676.96221430368,726.621162776678,11.282703571728,0.283129408790275,0,0,1,1,0,0,1,60,842.251340678447,23.6559207637376,22.4338493524296,0.0338983050847458,0.0280865338186133,15.8631270052204,29.454479726804,0.124548478569311,ok,0.130499902398054,0.03,0.58,0.0141700567351033,0.62,0.5284,0,0,0,0,observe
high_risk_irregular,29,702.411172066919,752.833070527524,11.706852867782,0.293785734937677,0,0,1,1,0,0,1,60,853.836425513556,28.9049337368105,23.4843748029771,0.0338983050847458,0.033853010802889,16.6059606751116,37.3528105865605,0.138088150339498,ok,0.136148488663661,0.03,0.58,0.0046182420853273,0.62,0.5284,0,0,0,0,observe
high_risk_irregular,30,727.487781163767,777.773413648237,12.1247963527294,0.304286146298057,0,0,1,1,0,0,1,60,852.537514525979,28.2502832050721,22.3755355923261,0.0338983050847458,0.0331367039264889,15.8218929500148,36.6854835842712,0.133955828122985,ok,0.135981803635745,0.03,0.58,0.00482375122085621,0.62,0.5284,0,0,0,0,observe
high_risk_irregular,31,753.703066289895,803.547093238282,12.5617177714982,0.315263359233461,0,0,1,1,0,0,1,60,845.233711845959,25.5585650552918,23.9586609446721,0.0508474576271186,0.0302384591351341,16.9413316221269,31.9291681420028,0.13629627260801,ok,0.137273454188038,0.03,0.58,0.00232662280958959,0.62,0.5284,0,0,0,0,observe
high_risk_irregular,32,778.577410295883,828.818477662531,12.9762901715981,0.325679075464222,0,0,1,1,0,0,1,60,850.751066904908,24.6687770510544,29.4155922987911,0.11864406779661,0.0289964691326231,20.799964787094,28.0081878607829,0.172237997318639,ok,0.158629598158248,0.03,0.58,0.032400950381883,0.62,0.5284,0,0,0,0,observe
high_risk_irregular,33,804.428724920323,854.11962504797,13.4071454153387,0.336503881829184,0,0,1,1,0,0,1,60,842.875530161478,23.6573101297532,30.3286064340108,0.101694915254237,0.0280673827667306,21.445563273427,25.6792613023834,0.166567817527453,ok,0.163772299518799,0.03,0.58,0.00665599525870036,0.62,0.5284,0,0,0,0,observe
high_risk_irregular,34,829.639895626225,879.844029925645,13.8273315937704,0.347060638616608,0,0,1,1,0,0,1,60,850.425871051907,24.4219037045943,25.5321797721069,0.0169491525423729,0.028717263356989,18.0539774553308,29.443380566018,0.129868896891303,ok,0.144517264046978,0.03,0.58,0.0348770646563678,0.62,0.5284,0,0,0,0,observe
high_risk_irregular,35,854.979324770208,904.67996354894,14.2496554128368,0.357671101483473,0,0,1,1,0,0,1,60,842.672308349491,26.341066406134,26.2439349617641,0.0508474576271186,0.0312589676261312,18.5572643764821,32.3006423726537,0.144086106953949,ok,0.145161357879037,0.03,0.58,0.00256012125020988,0.62,0.5284,0,0,0,0,observe
high_risk_irregular,36,880.64778112266,930.812758403321,14.677463018711,0.368419339000187,0,0,1,1,0,0,1,60,849.478807961268,28.7942372047604,25.1022666144189,0.0338983050847458,0.0338963573133342,17.7499829462083,36.6490695354921,0.14215184906978,ok,0.144293776551116,0.03,0.58,0.00509982733651548,0.62,0.5284,0,0,0,0,observe
high_risk_irregular,37,905.546397346352,955.902725804507,15.0924399557725,0.378845218816843,0,0,1,1,0,0,1,60,853.712704259459,27.6059276226265,24.7440032198916,0.0169491525423729,0.0323363205032457,17.4966524704871,34.900453179556,0.13456455564978,ok,0.139550625259253,0.03,0.58,0.0118715943082695,0.62,0.5284,0,0,0,0,observe
high_risk_irregular,38,931.668049282419,981.647525394141,15.5278008213736,0.389783224417283,0,0,1,1,0,0,1,60,847.246116513663,27.5464558108737,25.9381291349793,0.0338983050847458,0.0325129325162619,18.3410270026363,34.3688984980521,0.141562552559919,ok,0.141736867337106,0.03,0.58,0.000415035183779111,0.62,0.5284,0,0,0,0,observe
high_risk_irregular,39,956.735910848717,1007.50655173937,15.9455985141453,0.4002799728953,0,0,1,1,0,0,1,60,860.063765580986,25.4084314314747,26.6873380804382,0.0338983050847458,0.0295424972522949,18.8707977284958,30.5789105218957,0.138327217679726,ok,0.14072350147893,0.03,0.58,0.00570543761715347,0.62,0.5284,0,0,0,0,observe
high_risk_irregular,40,982.525527574297,1032.80190717047,16.3754254595716,0.411078944295272,0,0,1,1,0,0,1,60,852.573029605497,24.7775435683752,25.4916190192426,0.0169491525423729,0.0290620776261716,18.0252966719304,30.0489935015195,0.130410396902499,ok,0.135731668587331,0.03,0.58,0.0126696944876952,0.62,0.5284,0,0,0,0,observe
high_risk_irregular,41,1008.33022271605,1059.00190912181,16.8055037119342,0.421884229530255,0,0,1,1,0,0,1,60,858.255956374101,25.3615615620381,21.9473825499945,0,0.0295501142446873,15.5191430303964,32.3353337594062,0.119434738933572,ok,0.12739501133975,0.03,0.58,0.0189530295385191,0.62,0.5284,0,0,0,0,observe
high_risk_irregular,42,1033.65545375029,1084.11435663952,17.2275908958381,0.432488747175726,0,0,1,1,0,0,1,60,855.207491150766,28.0721149888094,25.2268825692249,0.0169491525423729,0.0328249170865372,17.8380997328956,35.4667376256845,0.136813523489226,ok,0.134183394100685,0.03,0.58,0.00626221282986078,0.62,0.5284,0,0,0,0,observe
high_risk_irregular,43,1059.86273432253,1109.88411147107,17.6643789053755,0.443462608337842,0,0,1,1,0,0,1,60,848.03670582088,26.2082678458637,26.7002524010511,0.0338983050847458,0.0309046385209171,18.8799295321756,31.8950602416917,0.140600571049941,ok,0.139059935199916,0.03,0.58,0.00366818059529778,0.62,0.5284,0,0,0,0,observe
high_risk_irregular,44,1084.933357588,1135.24273737668,18.0822226264667,0.453960513231277,0,0,1,1,0,0,1,60,852.139678952787,25.1845429209211,24.3056609393086,0.0169491525423729,0.0295544774442037,17.1866976714061,31.1951891711386,0.128209351938433,ok,0.133798286541218,0.03,0.58,0.0133069871494886,0.62,0.5284,0,0,0,0,observe
high_risk_irregular,45,1110.75259656896,1160.5145489803,18.5125432761494,0.464771888456093,0,0,1,1,0,0,1,60,843.840625153892,26.9155725976952,25.1807304930417,0.0508474576271186,0.0318965119660915,17.8054652868606,33.6431494132461,0.142480297531377,ok,0.139998136094671,0.03,0.58,0.00590990818263165,0.62,0.5284,0,0,0,0,observe
high_risk_irregular,46,1136.07298178672,1186.65924287753,18.9345496964453,0.475374376996823,0,0,1,1,0,0,1,60,856.941758347377,29.4091044288431,26.4269158154607,0.0677966101694915,0.0343186735182084,18.6866513789583,37.1564248395143,0.155730509136359,ok,0.150130959429264,0.03,0.58,0.0133322612073677,0.62,0.5284,0,0,0,0,observe
high_risk_irregular,47,1161.38971610069,1211.58639530044,19.3564952683448,0.485975336782551,0,0,1,1,0,0,1,60,851.19743866905,29.4338322313872,23.3334377420782,0.0338983050847458,0.0345793242486849,16.4992320558176,38.2161785271522,0.139134945309392,ok,0.144505971062121,0.03,0.58,0.0127881565541162,0.62,0.5284,0,0,0,0,observe
high_risk_irregular,48,1187.51048696611,1237.69837022858,19.7918414494351,0.496912973449369,0,0,1,1,0,0,1,60,850.652122517534,28.1602945031174,21.9868819825081,0.0169491525423729,0.0331043604755562,15.5470733469798,36.6645998661958,0.129269077826767,ok,0.13656302251485,0.03,0.58,0.0173665349716268,0.62,0.5284,0,0,0,0,observe
high_risk_irregular,49,1212.44213622465,1262.86136084485,20.2073689370775,0.507352685297824,0,0,1,1,0,0,1,60,854.582759073475,22.877312701552,21.9313867665907,0,0.0267701547435327,15.5078323034812,28.3945419074915,0.11452376808865,ok,0.12487486678028,0.03,0.58,0.0246454730753096,0.62,0.5284,0,0,0,0,observe
high_risk_irregular,50,1238.52694091497,1288.80280702345,20.6421156819162,0.518275261729338,0,0,1,1,0,0,1,60,851.740613247781,24.7433325890909,23.3622595545219,0.0338983050847458,0.0290503143847301,16.5196121548426,30.8474865991106,0.128628762147658,ok,0.128441279450496,0.03,0.58,0.000446387374194807,0.62,0.5284,0,0,0,0,observe
high_risk_irregular,51,1263.67495417235,1314.43208493467,21.0612492362059,0.52880557238972,0,0,1,1,0,0,1,60,859.512068163754,24.8797843966408,25.3720982568555,0.0338983050847458,0.0289464049641485,17.9407827303539,30.2677329555568,0.133697835542353,ok,0.13278936174162,0.03,0.58,0.00216303285888675,0.62,0.5284,0,0,0,0,observe
high_risk_irregular,52,1289.70434767839,1339.83463232745,21.4950724613065,0.539704946313005,0,0,1,1,0,0,1,60,850.530421733487,23.3586727195545,24.9788909662291,0.0338983050847458,0.0274636534128275,17.66274318874,27.9156351438963,0.129936260452546,ok,0.132324271078068,0.03,0.58,0.00568573958457735,0.62,0.5284,0,0,0,0,observe
high_risk_irregular,53,1315.28932167417,1366.31056839186,21.9214886945695,0.550418226986749,0,0,1,1,0,0,1,60,864.641390953096,29.0030275998107,26.5489098086058,0.0508474576271186,0.0335434180034345,18.7729141587752,36.4681904390391,0.149914960056312,ok,0.143728299054282,0.03,0.58,0.0147301452429278,0.62,0.5284,0,0,0,0,observe
high_risk_irregular,54,1340.70230385224,1391.30081203233,22.3450383975374,0.561059488958542,0,0,1,1,0,0,1,60,857.769661747954,33.1189212905231,28.5080446166006,0.0508474576271186,0.0386105067216223,20.1582316667669,42.2773176888586,0.166281160426249,ok,0.157723005513855,0.03,0.58,0.020376559315224,0.62,0.5284,0,0,0,0,observe
high_risk_irregular,55,1367.16993159631,1417.46325057883,22.7861655266051,0.572142366151893,0,0,1,1,0,0,1,60,852.544703116089,28.552299036454,26.6202679625288,0.0338983050847458,0.0334906767141876,18.8233719933071,35.7232169231126,0.145488854395893,ok,0.151188578126488,0.03,0.58,0.0135707707871313,0.62,0.5284,0,0,0,0,observe
high_risk_irregular,56,1392.15300141348,1442.89105170859,23.2025500235579,0.582603609500714,0,0,1,1,0,0,1,60,859.837327937572,26.9094271028335,22.6529479215163,0.0169491525423729,0.0312959512555464,16.0180530891699,34.5203781734494,0.127541803144594,ok,0.138199496468202,0.03,0.58,0.0253754602943048,0.62,0.5284,0,0,0,0,observe
high_risk_irregular,57,1418.35744738139,1468.24301981114,23.6392907896898,0.593576283719594,0,0,1,1,0,0,1,60,846.329487205257,26.8498402155002,28.8249212191298,0.0847457627118644,0.0317250439945836,20.3822972612147,32.0373188258828,0.162580371855013,ok,0.153393776881554,0.03,0.58,0.0218728451749036,0.62,0.5284,0,0,0,0,observe
high_risk_irregular,58,1443.71279802858,1494.22175941068,24.061879967143,0.60419341345009,0,0,1,1,0,0,1,60,855.511795034973,27.4189935157089,33.3836001773346,0.101694915254237,0.0320498135441699,23.6057700658138,30.7631277738286,0.18415482680605,ok,0.171905662660347,0.03,0.58,0.0291646765373898,0.62,0.5284,0,0,0,0,observe
high_risk_irregular,59,1469.11193778819,1519.24188490391,24.4851989631365,0.614828879140276,0,0,1,1,0,0,1,60,849.981084879391,25.5186988542692,26.8613027300085,0.0338983050847458,0.0300226667489786,18.9938093118938,30.6862052110257,0.139468397703827,ok,0.153296026286524,0.03,0.58,0.032922925196899,0.62,0.5284,0,0,0,0,observe
high_risk_irregular,60,1495.04524896671,1545.45304371226,24.9174208161118,0.625688020193176,0,0,1,1,0,0,1,60,853.854738359613,25.1927191824539,18.9105462522501,0,0.0295046897916771,13.3717754909079,33.0233526437387,0.112677946341229,ok,0.130410480055833,0.03,0.58,0.0422203183681038,0.62,0.5284,0,0,0,0,observe
high_risk_irregular,61,1520.11302656978,1570.64207121984,25.3352171094963,0.636184733512995,0,0,1,1,0,0,1,60,856.66977193229,25.8410321484939,22.9160822865387,0.0169491525423729,0.0301645196260484,16.2041171830405,32.7558311040536,0.125988096923368,ok,0.129095153741596,0.03,0.58,0.0073977543291148,0.62,0.5284,0,0,0,0,observe
high_risk_irregular,62,1546.31486479201,1596.28404730764,25.7719144132001,0.647156315781912,0,0,1,1,0,0,1,60,847.183393256245,21.8957433631288,23.0334619197364,0.0169491525423729,0.025845340616239,16.2871171176477,26.3358495371618,0.11868403164752,ok,0.124339505052744,0.03,0.58,0.0134654128695801,0.62,0.5284,0,0,0,0,observe
high_risk_irregular,63,1571.49902602767,1622.01282839259,26.1916504337945,0.657701762804645,0,0,1,1,0,0,1,60,856.17928621242,20.6660783635237,22.9656846525608,0.0169491525423729,0.0241375593830898,16.2391913524175,24.2994290894699,0.11598408788287,ok,0.120896007566888,0.03,0.58,0.0116950468667096,0.62,0.5284,0,0,0,0,observe
high_risk_irregular,64,1597.15182438441,1647.11175513767,26.6191970730736,0.668443443797094,0,0,1,1,0,0,1,60,847.128463833932,25.3228439276614,24.2036395085999,0.0338983050847458,0.0298925664863808,17.1145576259256,31.4576662586128,0.132126132450601,ok,0.128898900608756,0.03,0.58,0.00768388533772665,0.62,0.5284,0,0,0,0,observe
high_risk_irregular,65,1622.86871139832,1673.39144986673,27.0478118566387,0.679211960844655,0,0,1,1,0,0,1,60,856.31035790239,27.6378000441254,21.5479541812142,0.0338983050847458,0.0322754475513138,15.2367045222335,35.9935941225694,0.130446475576477,ok,0.131084241794694,0.03,0.58,0.00151849099575319,0.62,0.5284,0,0,0,0,observe
high_risk_irregular,66,1647.99266219812,1698.23962734915,27.4665443699687,0.689732195752691,0,0,1,1,0,0,1,60,852.131203524627,28.4586274192273,20.5745330462592,0.0338983050847458,0.0333970018953834,14.5483918367566,37.5250748718372,0.130389771160294,ok,0.131914125933516,0.03,0.58,0.0036294161267181,0.62,0.5284,0,0,0,0,observe
high_risk_irregular,67,1674.23387989744,1724.18390427235,27.9038979982906,0.700720267520127,0,0,1,1,0,0,1,60,846.540906760298,28.5400901079789,24.673016052418,0.0677966101694915,0.0337137755305901,17.4464569629893,36.3963545726997,0.149565842017914,ok,0.143363885288942,0.03,0.58,0.0147665636404091,0.62,0.5284,0,0,0,0,observe
high_risk_irregular,68,1699.06127694745,1749.35690814621,28.3176879491242,0.711116325496938,0,0,1,1,0,0,1,60,851.954679950948,27.4575791949691,28.2444482214226,0.0847457627118644,0.0322289199662005,19.9718408682402,33.3010943188011,0.161966387724666,ok,0.15507656679238,0.03,0.58,0.0164043355530603,0.62,0.5284,0,0,0,0,observe
high_risk_irregular,69,1725.07336231442,1774.65500762374,28.7512227052403,0.722008451925975,0,0,1,1,0,0,1,60,841.185055856463,23.8310299490342,26.0457828442981,0.0338983050847458,0.0283303058977556,18.4171496705154,28.2248928231334,0.134065762307035,ok,0.143518370707712,0.03,0.58,0.0225062104778024,0.62,0.5284,0,0,0,0,observe
high_risk_irregular,70,1750.20462601373,1800.58050134888,29.1700771002288,0.732531748988581,0,0,1,1,0,0,1,60,853.726553377968,26.2315919610756,25.7685768269472,0.0508474576271186,0.0307259881484115,18.2211354158609,32.3138214666974,0.142056946015337,ok,0.1435900814443,0.03,0.58,0.0036503224499119,0.62,0.5284,0,0,0,0,observe
high_risk_irregular,71,1775.53702019413,1825.36463175209,29.5922836699022,0.743139266081909,0,0,1,1,0,0,1,60,845.160402139292,29.2546914414913,27.6128583722983,0.0508474576271186,0.0346143659445486,19.5252394029959,36.475182918382,0.154561622871695,ok,0.150871105419793,0.03,0.58,0.00878694631405211,0.62,0.5284,0,0,0,0,observe
high_risk_irregular,72,1801.41808043196,1851.28353448997,30.023634673866,0.753976527925822,0,0,1,1,0,0,1,60,845.050552351349,26.8716852800698,27.3898438319308,0.0508474576271186,0.0317989086041059,19.3675443091988,32.6966843428115,0.148345762629728,ok,0.150140454744976,0.03,0.58,0.00427307646487726,0.62,0.5284,0,0,0,0,observe
high_risk_irregular,73,1826.21658975497,1876.27950888964,30.4369431625828,0.76436048964928,0,0,1,1,0,0,1,60,848.581285625704,22.4059254339234,23.2627200902171,0.0338983050847458,0.0264039825217243,16.449227124637,27.0827235724766,0.123833773134175,ok,0.135635039951138,0.03,0.58,0.0280982543261023,0.62,0.5284,0,0,0,0,observe
high_risk_irregular,74,1852.12395394207,1901.96532370884,30.8687325657012,0.775208765832758,0,0,1,1,0,0,1,60,844.696486981168,22.2872633144752,21.5889527350336,0.0169491525423729,0.026384936670125,15.2656948776581,27.5754015745872,0.116133891051293,ok,0.125442370582459,0.03,0.58,0.0221630465027772,0.62,0.5284,0,0,0,0,observe
high_risk_irregular,75,1877.09077201766,1927.61875795002,31.2848462002944,0.785663204036145,0,0,1,1,0,0,1,60,855.654151006314,24.6208278950049,25.5264719675404,0.0508474576271186,0.0287742750573336,18.0499414280161,29.7753244636577,0.137922928888746,ok,0.134055946661427,0.03,0.58,0.00920710054123397,0.62,0.5284,0,0,0,0,observe
high_risk_irregular,76,1902.85181274012,1952.5329637144,31.7141968790019,0.796450209711935,0,0,1,1,0,0,1,60,842.794000092734,28.1426304501872,26.362805416782,0.0677966101694915,0.0333920631222939,18.641318481308,35.1641371654424,0.153302701943988,ok,0.146376854869444,0.03,0.58,0.016490112082246,0.62,0.5284,0,0,0,0,observe
high_risk_irregular,77,1928.42953496564,1978.49845285848,32.1404922494273,0.807160453827966,0,0,1,1,0,0,1,60,847.994915140982,28.0023387695352,25.0924569548023,0.0338983050847458,0.0330218239161018,17.7430464693723,35.4040429204536,0.140338416053299,ok,0.14372186361337,0.03,0.58,0.00805582752397835,0.62,0.5284,0,0,0,0,observe
high_risk_irregular,78,1953.36953368712,2003.12279556685,32.5561588947853,0.817603661874615,0,0,1,1,0,0,1,60,843.163864207516,30.0497647142831,22.8453532581489,0.0169491525423729,0.0356392938429906,16.1541042074393,39.3067632351322,0.136273484372812,ok,0.14031601269079,0.03,0.58,0.00962506742375585,0.62,0.5284,0,0,0,0,observe
high_risk_irregular,79,1979.3452014335,2028.81102653822,32.9890866905584,0.828480539033092,0,0,1,1,0,0,1,60,838.542894662449,27.9403252837532,24.8324078503373,0.0338983050847458,0.0333200906734777,17.5591639841635,35.3977303523988,0.140012998021171,ok,0.141140300662603,0.03,0.58,0.00268405390817109,0.62,0.5284,0,0,0,0,observe
high_risk_irregular,80,2003.97426281987,2053.86817357893,33.3995710469979,0.83879354726232,0,0,1,1,0,0,1,60,845.756300201313,26.7223751489236,26.0237568853545,0.0338983050847458,0.0315958333890779,18.4015749655843,33.0083732708173,0.139996895211942,ok,0.141456389924522,0.03,0.58,0.00347498741090538,0.62,0.5284,0,0,0,0,observe
high_risk_irregular,81,2029.69380285717,2079.08272062835,33.8282300476195,0.849563175219129,0,0,1,1,0,0,1,60,837.861568168894,22.5883546569369,23.7258061885743,0,0.0269595306851258,16.7766784450586,27.184749264362,0.118836288885221,ok,0.12930803029563,0.03,0.58,0.0249327176438291,0.62,0.5284,0,0,0,0,observe
high_risk_irregular,82,2054.67986249954,2104.83104258731,34.2446643749923,0.860025670507331,0,0,1,1,0,0,1,60,849.381150139659,20.8376617112506,22.9844686247717,0.0169491525423729,0.0245327574173554,16.2524736265455,24.581972911129,0.116537650167162,ok,0.123178647457668,0.03,0.58,0.0158118983107299,0.62,0.5284,0,0,0,0,observe
high_risk_irregular,83,2079.96429741713,2129.5610264347,34.6660716236188,0.870613105460122,0,0,1,1,0,0,1,60,841.30509677239,24.8852166790261,23.1994944514494,0.0508474576271186,0.0295793009866415,16.4045198467195,31.1358273845861,0.133159148063314,ok,0.13039923589301,0.03,0.58,0.00657121945310579,0.62,0.5284,0,0,0,0,observe
high_risk_irregular,84,2105.63532502682,2155.45133143622,35.0939220837804,0.881362419647874,0,0,1,1,0,0,1,60,843.671480815158,27.1581699261696,26.5753881797608,0.0508474576271186,0.0321904562898455,18.7916371945737,33.4963693409438,0.146784755192638,ok,0.14115277634229,0.03,0.58,0.0134094734532086,0.62,0.5284,0,0,0,0,observe
high_risk_irregular,85,2130.42944220831,2180.20185986146,35.5071573701384,0.891744542235404,0,0,1,1,0,0,1,60,844.013890445944,27.1500590379383,25.7056596862496,0.0169491525423729,0.0321677869822656,18.1766462790208,33.8210133138325,0.136523918094336,ok,0.139446988594651,0.03,0.58,0.00695969166741717,0.62,0.5284,0,0,0,0,observe
high_risk_irregular,86,2156.28942868658,2205.47385030541,35.9381571447764,0.902572979794368,0,0,1,1,0,0,1,60,833.70864781979,25.10937264655,29.7191320638599,0.0847457627118644,0.0301176828526522,21.0145998133339,28.624251677416,0.16203676100232,ok,0.153570992478514,0.03,0.58,0.0201565917233486,0.62,0.5284,0,0,0,0,observe
high_risk_irregular,87,2181.00509013134,2230.81825650103,36.3500848355224,0.912922250352104,0,0,1,1,0,0,1,60,843.606610659512,25.2725561157717,30.0662115443591,0.0847457627118644,0.0299577502077826,21.2600220676056,28.730047805992,0.163029701862795,ok,0.159723054910938,0.03,0.58,0.00787296893299194,0.62,0.5284,0,0,0,0,observe
high_risk_irregular,88,2206.34289540769,2255.65364632341,36.7723815901281,0.92353203325151,0,0,1,1,0,0,1,60,836.329933633376,23.7759478986292,25.1653794947876,0.0338983050847458,0.028428909384286,17.7946104918972,28.5296904013752,0.131803379786454,ok,0.144040622354982,0.03,0.58,0.0291362918298278,0.62,0.5284,0,0,0,0,observe
high_risk_irregular,89,2231.65681149054,2281.34060207291,37.1942801915091,0.934131812950015,0,0,1,1,0,0,1,60,842.039092864782,24.8897334162276,24.29036384022,0.0508474576271186,0.0295588810865632,17.1758809889081,30.7243677122349,0.135838860878486,ok,0.140189777015269,0.03,0.58,0.0103593241351971,0.62,0.5284,0,0,0,0,observe
high_risk_irregular,90,2256.47785704384,2305.52774597494,37.6079642840641,0.944525211343625,0,0,1,1,0,0,1,60,831.234994192214,30.8937040206928,20.6232503523799,0.0338983050847458,0.037166029145242,14.5828401742757,41.1847382981594,0.137778061455293,ok,0.139794199609698,0.03,0.58,0.0048003289390601,0.62,0.5284,0,0,0,0,observe
high_risk_irregular,91,2282.17802339087,2331.09960852369,38.0363003898478,0.955286726891111,0,0,1,1,0,0,1,60,829.316774179692,30.1994134268139,22.6329059340807,0.0169491525423729,0.0364148108021633,16.0038812639457,39.5965267054673,0.137004543170519,ok,0.13918938504481,0.03,0.58,0.00520200446259675,0.62,0.5284,0,0,0,0,observe
high_risk_irregular,92,2306.32634014087,2355.97479500619,38.4387723356812,0.965398431330753,0,0,1,1,0,0,1,60,840.784150520897,27.1212556153966,27.9167229458782,0.0508474576271186,0.032257096662198,19.7401041035366,32.8854573070363,0.150630618740299,ok,0.146853728085065,0.03,0.58,0.00899259679817821,0.62,0.5284,0,0,0,0,observe
high_risk_irregular,93,2331.94854516547,2380.84634345829,38.8658090860912,0.976127301876177,0,0,1,1,0,0,1,60,829.112248909986,27.7616696380639,29.5820943537783,0.0677966101694915,0.0334836081297333,20.9176995192569,33.2245458811414,0.162462245789868,ok,0.156741954406107,0.03,0.58,0.0136197413899074,0.62,0.5284,0,0,0,0,observe
high_risk_irregular,94,2356.78450038018,2406.12936755019,39.2797416730031,0.986526943441562,0,0,1,1,0,0,1,60,835.909542400042,25.154040872967,26.6216700454795,0.0169491525423729,0.0300918216590104,18.8243634156694,30.1843483691896,0.134963678376718,ok,0.144696657058028,0.03,0.58,0.0231737587650222,0.62,0.5284,0,0,0,0,observe
high_risk_irregular,95,2381.66503754631,2430.42439895259,39.6944172924385,0.996945252954724,0,0,1,1,0,0,1,60,826.300924904963,24.8336662058676,24.1960492776189,0,0.0300540220364922,17.1091905221282,30.6707931773279,0.12510225705262,ok,0.134221549297029,0.03,0.58,0.0217126005819264,0.62,0.5284,0,0,0,0,observe
high_risk_irregular,96,2406.89843826601,2455.97823488322,40.1149739711001,1.00751131818925,0,0,1,1,0,0,1,60,830.814455550416,27.4667643682219,23.7620320402163,0,0.0330600463012228,16.802293990409,35.0218389919593,0.129737830139326,ok,0.132774609143276,0.03,0.58,0.00723042619988051,0.62,0.5284,0,0,0,0,observe
high_risk_irregular,97,2431.24471502162,2480.40070180282,40.5207452503603,1.01770591507595,0,0,1,1,0,0,1,60,832.938380837181,27.1436341957256,22.8416568328651,0,0.0325878057971632,16.151490440055,34.8235999182673,0.126633767338401,ok,0.130403000746038,0.03,0.58,0.00897436525627895,0.62,0.5284,0,0,0,0,observe
high_risk_irregular,98,2456.83655966277,2505.28619779184,40.9472759943795,1.02842207271773,0,0,1,1,0,0,1,60,821.799381810355,21.9461232703406,23.3398068106482,0,0.0267049644427757,16.5037356673933,26.2848123869047,0.117203083297221,ok,0.123996893006924,0.03,0.58,0.016175737404055,0.62,0.5284,0,0,0,0,observe
high_risk_irregular,99,2481.2234278496,2530.16182804526,41.3537237974933,1.03863366658849,0,0,1,1,0,0,1,60,829.35210404069,23.6640156026275,22.7355508398799,0,0.0285331350669202,16.0764621728906,29.351637652547,0.11892315553719,ok,0.122465403570704,0.03,0.58,0.00843392388931841,0.62,0.5284,0,0,0,0,observe
high_risk_irregular,100,2506.11955133212,2554.60735730964,41.7686591888687,1.04905850261141,0,0,1,1,0,0,1,60,822.019325296547,26.7062846143285,24.3033356554609,0.0677966101694915,0.0324886335302326,17.1850534474292,33.6322050096637,0.145609042936933,ok,0.137338586233135,0.03,0.58,0.0196915635804712,0.62,0.5284,0,0,0,0,observe
high_risk_irregular,101,2530.95396996043,2579.86754678789,42.1825661660071,1.05945750075689,0,0,1,1,0,0,1,60,828.428645710421,25.5298807281155,26.4400444976383,0.101694915254237,0.0308172355703879,18.6959347591541,30.8870789079358,0.159706472136535,ok,0.151387027684032,0.03,0.58,0.0198082010773883,0.62,0.5284,0,0,0,0,observe
high_risk_irregular,102,2555.44517577912,2603.91652138494,42.5907529296519,1.0697127842689,0,0,1,1,0,0,1,60,821.81940125507,27.2621607303439,23.2049031191726,0.0338983050847458,0.0331729339666472,16.4083443523438,34.8886378494364,0.135230811297512,ok,0.142737469082213,0.03,0.58,0.0178729947254782,0.62,0.5284,0,0,0,0,observe
high_risk_irregular,103,2580.71905919366,2629.02414426029,43.0119843198943,1.08029580095596,0,0,1,1,0,0,1,60,819.276624539918,26.8871230191817,20.8375105434684,0,0.0328181254216556,14.7343450083327,35.0533000682195,0.122144074543301,ok,0.131732316028772,0.03,0.58,0.0228291463939786,0.62,0.5284,0,0,0,0,observe
high_risk_irregular,104,2604.69904398268,2653.40098145708,43.4116507330447,1.09033701919755,0,0,1,1,0,0,1,60,824.741001202364,24.8516567358848,19.8692693708642,0,0.0301326800773265,14.0496951093602,32.2151478713122,0.115192270326681,ok,0.123355435157634,0.03,0.58,0.0194361067403654,0.62,0.5284,0,0,0,0,observe
high_risk_irregular,105,2629.87077084147,2677.78313596476,43.8311795140245,1.10087725953258,0,0,1,1,0,0,1,60,812.649861741209,23.6050019187561,24.7314694325378,0.0169491525423729,0.0290469524823143,17.4877897444553,28.4353554755815,0.12762102804764,ok,0.127256922067865,0.03,0.58,0.000866918999463978,0.62,0.5284,0,0,0,0,observe
high_risk_irregular,106,2654.17158467534,2702.63376767537,44.2361930779224,1.11105281957988,0,0,1,1,0,0,1,60,820.546436971451,25.7906833614054,24.2522529623793,0.0169491525423729,0.0314311076123809,17.14893252875,32.1905701972011,0.130817539944602,ok,0.130651206000262,0.03,0.58,0.000396033200808776,0.62,0.5284,0,0,0,0,observe
high_risk_irregular,107,2678.61510461661,2726.6101894096,44.6435850769435,1.12128813542692,0,0,1,1,0,0,1,60,813.784224080709,26.4827136132753,26.968455354212,0.0847457627118644,0.032542672651576,19.06957765909,32.2338246031937,0.158004027966108,ok,0.147759432349246,0.03,0.58,0.0243918943258614,0.62,0.5284,0,0,0,0,observe
high_risk_irregular,108,2703.45000013212,2751.64935261112,45.057500002202,1.13168733326095,0,0,1,1,0,0,1,60,816.926415595737,26.7259557292304,28.99110039992,0.11864406779661,0.0327152546655512,20.4998036868434,31.7539205151498,0.177051536285934,ok,0.165561314937324,0.03,0.58,0.0273576698776431,0.62,0.5284,0,0,0,0,observe
high_risk_irregular,109,2727.41391426332,2775.67909420846,45.4568985710554,1.1417218221829,0,0,1,1,0,0,1,60,817.815079980911,29.5902899673088,29.7758928257393,0.101694915254237,0.0361821280771681,21.0547357329641,36.1644663159001,0.179691112733074,ok,0.174120452522438,0.03,0.58,0.0132634766919886,0.62,0.5284,0,0,0,0,observe
high_risk_irregular,110,2752.48312393944,2800.39275188484,45.874718732324,1.1522191351594,0,0,1,1,0,0,1,60,812.389987895434,28.7895391312953,27.3490669931533,0.0508474576271186,0.0354380772292345,19.3387107299839,35.828611389318,0.15459368996458,ok,0.162943094835315,0.03,0.58,0.0198795354065115,0.62,0.5284,0,0,0,0,observe
high_risk_irregular,111,2776.46254403379,2824.85165417387,46.2743757338965,1.16226011694452,0,0,1,1,0,0,1,60,819.542666090236,26.6105902926848,26.5885196975658,0.0338983050847458,0.032470048715871,18.8009225798609,32.6001892877379,0.142582943136247,ok,0.151564040860005,0.03,0.58,0.0213835660089498,0.62,0.5284,0,0,0,0,observe
high_risk_irregular,112,2801.21672081662,2848.69422215531,46.6869453469437,1.17262551515699,0,0,1,1,0,0,1,60,805.024504507855,26.2273033722173,24.5617567716485,0.0338983050847458,0.0325795093507757,17.3677847710872,32.7735096762893,0.137065534667481,ok,0.143871493438669,0.03,0.58,0.0162046637409239,0.62,0.5284,0,0,0,0,observe
high_risk_irregular,113,2825.64632364303,2873.65899134975,47.0941053940505,1.18285500344455,0,0,1,1,0,0,1,60,813.455619598055,27.0521164571023,23.3843286343904,0.0338983050847458,0.0332557988479683,16.5352173508722,34.4995738636967,0.135621237615537,ok,0.139996783426598,0.03,0.58,0.0104179662168125,0.62,0.5284,0,0,0,0,observe
high_risk_irregular,114,2849.52698475233,2897.48655840553,47.4921164125388,1.19285463155364,0,0,1,1,0,0,1,60,813.205604170357,26.4383190805197,24.4436981268649,0.0338983050847458,0.0325112357132517,17.2843047027831,33.1545206954964,0.136828059103691,ok,0.139167004376962,0.03,0.58,0.00556891731731085,0.62,0.5284,0,0,0,0,observe
high_risk_irregular,115,2874.49254536577,2922.25674412312,47.9082090894294,1.20330854321575,0,0,1,1,0,0,1,60,809.962546222806,26.1477266861066,21.812979032918,0.0338983050847458,0.0322826367812245,15.4241053920563,33.6080971576404,0.129960328408879,ok,0.134856123805175,0.03,0.58,0.0116566557054646,0.62,0.5284,0,0,0,0,observe
high_risk_irregular,116,2898.24097832897,2946.55472306153,48.3040163054828,1.21325280299644,0,0,1,1,0,0,1,60,817.802744266615,25.2816409224266,22.1946333028905,0.0338983050847458,0.0309141062434298,15.6939757144227,32.1250970696765,0.128485345142483,ok,0.132298697860923,0.03,0.58,0.00907941123438141,0.62,0.5284,0,0,0,0,observe
high_risk_irregular,117,2923.10569319235,2970.68056967059,48.7184282198725,1.22366448718451,0,0,1,1,0,0,1,60,807.063759124599,24.8988551434981,24.840874613373,0.0508474576271186,0.0308511624540113,17.5651508897208,30.5183788746247,0.138834498188826,ok,0.137291534865011,0.03,0.58,0.00367372219955833,0.62,0.5284,0,0,0,0,observe
high_risk_irregular,118,2947.32191281243,2995.40687557482,49.1220318802072,1.23380462481724,0,0,1,1,0,0,1,60,814.202541888202,25.7682508515707,26.533603240597,0.0508474576271186,0.0316484529657842,18.7620907807395,31.2408299094988,0.144962046458711,ok,0.142816684910759,0.03,0.58,0.00510800368560005,0.62,0.5284,0,0,0,0,observe
high_risk_irregular,119,2971.52341139411,3019.13491807446,49.5253901899018,1.24393859826093,0,0,1,1,0,0,1,60,807.572473397699,26.7170757531654,25.3297238025531,0.0169491525423729,0.0330831926957078,17.9108194663676,33.2687063115467,0.136407511989672,ok,0.140036384156777,0.03,0.58,0.00864017182644081,0.62,0.5284,0,0,0,0,observe
high_risk_irregular,120,2996.21036232081,3043.81629180814,49.9368393720134,1.2542758467686,0,0,1,1,0,0,1,60,806.823603888609,26.5014246764831,28.1991791368576,0.0847457627118644,0.0328466154792144,19.9398307915662,31.7341167794272,0.161933712597045,ok,0.153743917771382,0.03,0.58,0.019499511489674,0.62,0.5284,0,0,0,0,observe
high_risk_irregular,121,3019.94463308385,3067.40491152249,50.3324105513976,1.26421417636445,0,0,1,1,0,0,1,60,804.499890800607,29.1069353363393,29.1965064312123,0.0847457627118644,0.0361801607050228,20.6450476844669,35.6119274324454,0.171481454528522,ok,0.164693342362684,0.03,0.58,0.016162171823423,0.62,0.5284,0,0,0,0,observe
high_risk_irregular,122,3044.5905049218,3091.72029945538,50.74317508203,1.27453422368959,0,0,1,1,0,0,1,60,798.400127454126,26.5765562107365,25.4346488562434,0.0169491525423729,0.03328726448915,17.9850126833484,33.0025150378676,0.136852843942213,ok,0.148931581051271,0.03,0.58,0.0287588978787098,0.62,0.5284,0,0,0,0,observe
high_risk_irregular,123,3068.19425960343,3115.91019553772,51.1365709933905,1.28441790185554,0,0,1,1,0,0,1,60,808.421400253781,22.4002870151662,22.2047551081782,0.0169491525423729,0.0277086764503442,15.7011329115795,27.5139990189824,0.1191003591693,ok,0.132412396517236,0.03,0.58,0.0316953270188948,0.62,0.5284,0,0,0,0,observe
high_risk_irregular,124,3092.53775056776,3139.44725623414,51.5422958427961,1.29461133223865,0,0,1,1,0,0,1,60,795.449279646009,26.3647650328743,25.9825226355166,0.0508474576271186,0.0331444954536978,18.3724179479068,32.4446594869599,0.145837600724321,ok,0.141398222565111,0.03,0.58,0.0105699479981188,0.62,0.5284,0,0,0,0,observe
high_risk_irregular,125,3116.69223748755,3164.12626433895,51.9448706247925,1.30472562033387,0,0,1,1,0,0,1,60,803.601146687226,30.0643599145216,25.7102686735426,0.0338983050847458,0.0374120420789085,18.17990532519,38.4346525482788,0.149777153054062,ok,0.147230767040062,0.03,0.58,0.00606282384285828,0.62,0.5284,0,0,0,0,observe
high_risk_irregular,126,3140.28239764007,3187.56749231226,52.3380399606679,1.31460360601774,0,0,1,1,0,0,1,60,802.003934635268,29.0889623073273,23.7503877202996,0.0508474576271186,0.0362703486243572,16.7940602128335,37.5538945756887,0.146471048839634,ok,0.147615915154404,0.03,0.58,0.00272587217802445,0.62,0.5284,0,0,0,0,observe
high_risk_irregular,127,3164.95081864737,3211.96109740964,52.7491803107895,1.32493309543106,0,0,1,1,0,0,1,60,797.247217844788,27.2474584550538,24.6259341334219,0.0677966101694915,0.0341769251057561,17.4131650187959,34.3748406330552,0.149087098757126,ok,0.149285280582092,0.03,0.58,0.000471861488013453,0.62,0.5284,0,0,0,0,observe
high_risk_irregular,128,3188.33864248283,3235.44552034053,53.1389773747138,1.33472635616052,0,0,1,1,0,0,1,60,797.967133804551,29.1877180719212,27.5483561176639,0.0677966101694915,0.0365775942835639,19.479629421342,36.3921668783146,0.161885003987413,ok,0.15736713108651,0.03,0.58,0.0107568402402467,0.62,0.5284,0,0,0,0,observe
high_risk_irregular,129,3212.76866923965,3259.34801523736,53.5461444873275,1.34495602196187,0,0,1,1,0,0,1,60,789.781963795273,26.3831994506587,28.4671248897733,0.0677966101694915,0.0334056748065948,20.1292970504431,31.4158849431542,0.157982931929277,ok,0.158294643871935,0.03,0.58,0.000742171292041571,0.62,0.5284,0,0,0,0,observe
high_risk_irregular,130,3236.24305496967,3283.50557300825,53.9373842494944,1.35478552903938,0,0,1,1,0,0,1,60,801.000877795351,22.8051397172246,25.1454487121852,0.0169491525423729,0.0284708049009793,17.7805173003647,26.9072852509447,0.127498599191288,ok,0.140979912931587,0.03,0.58,0.0320983660483306,0.62,0.5284,0,0,0,0,observe
high_risk_irregular,131,3260.15533704369,3306.7637146484,54.3359222840615,1.36479839789948,0,0,1,1,0,0,1,60,790.261656850749,27.0509779712942,28.2513604587639,0.101694915254237,0.034230406773238,19.9767285581375,32.6257740830985,0.170400238943736,ok,0.159027008212758,0.03,0.58,0.0270791207880444,0.62,0.5284,0,0,0,0,observe
high_risk_irregular,132,3284.30506266714,3331.22626390111,54.738417711119,1.37491069228135,0,0,1,1,0,0,1,60,795.344848214326,29.5171007655867,27.8628187006227,0.152542372881356,0.0371123303707281,19.7019880461817,36.8014964673954,0.19753077055942,ok,0.18188770976686,0.03,0.58,0.0372453828394281,0.62,0.5284,0,0,0,0,observe
high_risk_irregular,133,3307.56195290438,3354.63396961522,55.1260325484063,1.38464912675274,0,0,1,1,0,0,1,60,797.837582780424,27.2302294214195,25.7794449133801,0.0677966101694915,0.0341300410122616,18.2288203134761,33.9216877331492,0.152030563421743,ok,0.164522994600567,0.03,0.58,0.0297438837591057,0.62,0.5284,0,0,0,0,observe
high_risk_irregular,134,3332.01234003117,3378.57029054379,55.5335390005195,1.39488731811905,0,0,1,1,0,0,1,60,789.06711071126,24.0129227592036,25.635430893581,0.0508474576271186,0.0304320411194917,18.1269870234902,28.7167766354299,0.139797214392207,ok,0.150572062615784,0.03,0.58,0.025654400532326,0.62,0.5284,0,0,0,0,observe
high_risk_irregular,135,3355.39616451738,3402.7472507092,55.9232694086229,1.4046789041878,0,0,1,1,0,0,1,60,801.888018232892,24.1026286130642,24.5636888108024,0.0508474576271186,0.030057349735913,17.3691509290745,29.3289278379151,0.136602529106996,ok,0.143211317202769,0.03,0.58,0.0157352097518417,0.62,0.5284,0,0,0,0,observe
high_risk_irregular,136,3379.41625369527,3426.12532370917,56.3236042282545,1.41473691547261,0,0,1,1,0,0,1,60,792.583886089731,27.2455559546806,24.5658777449815,0.0338983050847458,0.0343756117590258,17.3706987392761,34.3933055094821,0.140233437100528,ok,0.142411221549959,0.03,0.58,0.0051852010700755,0.62,0.5284,0,0,0,0,observe
high_risk_irregular,137,3403.52500571791,3450.52841571766,56.7254167619651,1.42483205284327,0,0,1,1,0,0,1,60,796.352750141039,28.0606688066703,26.4780743071639,0.0847457627118644,0.0352364813227562,18.7228258953569,34.9893992267291,0.161480519200079,ok,0.15441865140397,0.03,0.58,0.0168139709431173,0.62,0.5284,0,0,0,0,observe
high_risk_irregular,138,3426.95128865091,3473.59247310547,57.1158548108485,1.4346414176777,0,0,1,1,0,0,1,60,791.119156604912,31.4800810034127,27.485169780682,0.0847457627118644,0.0397918325458196,19.4349499339838,40.0533858871681,0.173875322215923,ok,0.166348170459523,0.03,0.58,0.0179217898961917,0.62,0.5284,0,0,0,0,observe
high_risk_irregular,139,3451.31926955669,3497.91769669433,57.5219878259448,1.44484510281488,0,0,1,1,0,0,1,60,789.821349611174,33.0266377643966,25.8541051164484,0.0338983050847458,0.0418153266946449,18.2816130493505,42.9802306689384,0.159636331809155,ok,0.16279933014673,0.03,0.58,0.0075309484227962,0.62,0.5284,0,0,0,0,observe
high_risk_irregular,140,3474.35130112823,3521.45167308865,57.9058550188039,1.45448938147443,0,0,1,1,0,0,1,60,797.653333053035,30.4325117068725,23.6099654722776,0.0338983050847458,0.0381525538047857,16.6947666890277,39.6681270389314,0.145805722279207,ok,0.153376494463869,0.03,0.58,0.0180256480587188,0.62,0.5284,0,0,0,0,observe
high_risk_irregular,141,3498.73723805921,3544.90601712725,58.3122873009869,1.46470058539736,0,0,1,1,0,0,1,60,783.138673882001,26.4249047230404,24.2592383099754,0.0508474576271186,0.0337423059342131,17.1538719154041,33.2008412175571,0.142183925753886,ok,0.147555716951589,0.03,0.58,0.012789979042151,0.62,0.5284,0,0,0,0,observe
high_risk_irregular,142,3522.19630573207,3569.01785787329,58.7032717622011,1.47452367829419,0,0,1,1,0,0,1,60,792.769746410734,26.5467378830902,22.7513464436527,0.0169491525423729,0.0334860632652553,16.0876313514313,33.9211836758012,0.130361421603125,ok,0.1384006215823,0.03,0.58,0.019140952331369,0.62,0.5284,0,0,0,0,observe
high_risk_irregular,143,3545.71358583626,3592.02249636407,59.0952264306043,1.48437114667469,0,0,1,1,0,0,1,60,785.2746539469,28.3981376390421,25.1555554995553,0.0169491525423729,0.0361633187780977,17.7876638782501,36.0070473169677,0.141482657875508,ok,0.141236506968487,0.03,0.58,0.000586073588146302,0.62,0.5284,0,0,0,0,observe
high_risk_irregular,144,3569.79896953653,3616.25997124636,59.4966494922755,1.49445649895054,0,0,1,1,0,0,1,60,787.368556217705,27.378250884199,25.6125378143603,0.0338983050847458,0.0347718367313476,18.110799171931,34.2218672241926,0.14360920020959,ok,0.143589509072721,0.03,0.58,4.68836592127653e-05,0.62,0.5284,0,0,0,0,observe
high_risk_irregular,145,3592.81887944387,3639.4601020528,59.8803146573979,1.50409570186559,0,0,1,1,0,0,1,60,790.626761478881,24.1196577822685,22.4738295967403,0.0169491525423729,0.0305070090685423,15.891397307086,30.1824332136398,0.124168880505541,ok,0.133243088875124,0.03,0.58,0.021605258022817,0.62,0.5284,0,0,0,0,observe
high_risk_irregular,146,3617.07453054406,3663.31460938326,60.2845755090677,1.51425235077224,0,0,1,1,0,0,1,60,784.243968948295,21.9214762983014,23.0692133440586,0.0169491525423729,0.0279523683525409,16.312397192223,26.3630033197498,0.12112888558846,ok,0.127395125129206,0.03,0.58,0.014919617954156,0.62,0.5284,0,0,0,0,observe
high_risk_irregular,147,3640.24188471975,3687.09364723809,60.6706980786625,1.52395329351281,0,0,1,1,0,0,1,60,793.892419754754,22.1762198378745,22.1745805083687,0.0338983050847458,0.0279335326626813,15.6797962474346,27.1608807337762,0.122816015115487,ok,0.126064884167993,0.03,0.58,0.00773540250596659,0.62,0.5284,0,0,0,0,observe
high_risk_irregular,148,3664.13038350218,3710.45072250186,61.0688397250363,1.53395620351666,0,0,1,1,0,0,1,60,785.601885310098,26.7967239839722,23.3390670528323,0.0847457627118644,0.0341098010137727,16.5032125796252,34.114114485035,0.150839069352929,ok,0.141793076494222,0.03,0.58,0.0215380782350159,0.62,0.5284,0,0,0,0,observe
high_risk_irregular,149,3687.84513025998,3734.53199832945,61.464085504333,1.54388635776129,0,0,1,1,0,0,1,60,790.639184856057,25.1012529938516,22.2079135984921,0.0847457627118644,0.0317480507855445,15.7033663014987,31.8363014579842,0.143809849794076,ok,0.143925619480483,0.03,0.58,0.000275642110493163,0.62,0.5284,0,0,0,0,observe
high_risk_irregular,150,3711.25246553621,3757.5106017301,61.8542077589368,1.55368778858081,0,0,1,1,0,0,1,60,784.331320470615,23.5735020254747,18.7382255605159,0.0169491525423729,0.0300555408284985,13.2499263612439,30.5918199346122,0.115091905231694,ok,0.128111139605277,0.03,0.58,0.0309981770799602,0.62,0.5284,0,0,0,0,observe
high_risk_irregular,151,3735.29006229668,3781.03593545658,62.2548343716113,1.5637531308735,0,0,0.965535714285714,0.933333333333333,0.0666666666666667,0,1,55,781.707947766065,26.0671621601083,22.367565147373,0,0.0333464207887384,15.8162569943393,33.2992477520406,0.125728135477758,ok,0.128351664779641,0.03,0.522676666666667,0.00549633575120267,0.62,0.534603571428571,0,0,0,0,observe
high_risk_irregular,152,3758.26346858312,3805.42290307559,62.6377244763853,1.57337286117376,0,1,0.782954545454545,0.833333333333333,0.166666666666667,0.1,0.659090909090909,45,856.940029899844,241.481205889986,353.698697144493,0.136363636363636,0.28179475513381,250.102747247718,232.540236121209,0.810621477006209,ok,0.388467875403029,0.208420585211177,0.37842803030303,0.679170912113346,0.62,0.617425945677312,1,0,0,1,request_confirmation
high_risk_irregular,153,3781.85593545658,3830.55253684082,63.0309322576097,1.58325181275852,0,1,0.642164634146342,0.8,0.2,0.2,0.268292682926829,42,911.823842481978,327.483462222184,495.267598476407,0.317073170731707,0.359152115753824,350.207077384644,303.060784344928,0.915412610585707,ok,0.536697529792583,0.375331938764676,0.297964390243902,0.53945280770686,0.62,0.689503308707768,1,0,0,1,request_confirmation
high_risk_irregular,154,3806.20717342651,3850.51180839275,63.4367862237751,1.59344848707087,0,1,0.71960407239819,0.85,0.15,0.133333333333333,0.487179487179487,40,879.472632928917,281.310644645894,416.642394766552,0.282051282051282,0.319862874765122,294.610662669231,267.349798997069,0.894838259646131,ok,0.649944028991976,0.437342048015191,0.354764807692308,0.379542581641103,0.62,0.692927040412579,1,0,0,1,request_confirmation
high_risk_irregular,155,3831.36310768112,3878.12185202828,63.8560517946853,1.60398211451658,0,1,0.577623839009288,0.85,0.15,0.25,0.0789473684210527,39,959.726030447562,357.149358312416,540.235216254515,0.447368421052632,0.372136783813044,382.003984849348,330.430452357465,0.969499526640583,ok,0.720776260660549,0.526206386560671,0.284768552631579,0.347752139388126,0.62,0.743365497215316,1,0,0,1,request_confirmation
high_risk_irregular,156,3851.27683454519,3900.457706138,64.1879472424199,1.61232065514556,0,1,0.554627659574468,0.783333333333333,0.216666666666667,0.283333333333333,0,38,979.365730138279,357.948038029699,554.731166685602,0.459459459459459,0.36548965010156,392.254169698914,319.984784345188,0.972591615335277,ok,0.759959664416122,0.605065613294739,0.251985833333333,0.284261930314361,0.62,0.769585392999123,1,0,0,1,request_confirmation
high_risk_irregular,157,3878.93181849471,3924.16680456092,64.6488636415786,1.62390071792491,0,1,0.651319444444445,0.8,0.2,0.166666666666667,0.305555555555556,37,910.133852233663,324.4148028344,493.714601667488,0.277777777777778,0.356447353362604,349.108942809896,297.679147147264,0.892245682061887,ok,0.775656789851757,0.613317162162389,0.302212222222222,0.167083597510733,0.62,0.754491305405469,1,0,0,1,request_confirmation
high_risk_irregular,158,3901.27012272692,3949.23902726491,65.0211687121153,1.63325450984413,0,1,0.730360962566845,0.85,0.15,0.15,0.545454545454545,45,889.362691709087,312.574940876469,423.259039726716,0.181818181818182,0.351459470686581,299.289337189267,325.318428578317,0.833957526400964,ok,0.7737782247344,0.570792060393394,0.360067954545454,0.0940401439403128,0.62,0.728356803648118,1,0,0,1,request_confirmation
high_risk_irregular,159,3924.94613513359,3974.04393789707,65.4157689188932,1.64316844472597,0,1,0.688257575757576,0.833333333333333,0.166666666666667,0.183333333333333,0.431818181818182,45,900.602963025546,283.610054335597,382.075485127775,0.227272727272727,0.314911304958201,270.168166458989,296.443059747852,0.860830182204683,ok,0.778961544853476,0.562419625638169,0.332657828282828,0.122678650954347,0.62,0.733591131542324,1,0,1,0,request_more_data
high_risk_irregular,160,3950.7924590015,3995.87714221952,65.8465409833583,1.65399116129496,0,1,0.638690476190476,0.75,0.25,0.166666666666667,0.357142857142857,36,896.336526516981,287.121105106185,415.63863656868,0.314285714285714,0.320327350958117,293.900898440845,280.177300812285,0.913828314762288,ok,0.790478517008025,0.599789558828627,0.277830357142857,0.170804462600021,0.62,0.75297679075773,1,0,1,0,request_more_data
high_risk_irregular,161,3974.79466540711,4018.00872303443,66.2465777567851,1.66404168446746,0,1,0.779937888198758,0.766666666666667,0.233333333333333,0.05,0.785714285714286,36,838.466253815339,197.305856001895,255.107861862023,0.142857142857143,0.235317587445027,180.388499056638,212.883045434282,0.812909364549446,ok,0.774332392110394,0.565950581764993,0.346812380952381,0.059059558561903,0.62,0.718077343018422,1,0,1,0,request_more_data
high_risk_irregular,162,3996.69714221952,4044.48405203148,66.611619036992,1.67321298093156,0,1,0.676904761904762,0.833333333333333,0.166666666666667,0.183333333333333,0.404761904761905,43,902.253716557127,294.74439718931,425.573972537962,0.238095238095238,0.326675736303989,300.92624187809,288.430089099782,0.867552195952593,ok,0.780838117358839,0.563443242523307,0.327170634920635,0.128879747368823,0.62,0.735921250763669,1,0,1,0,request_more_data
high_risk_irregular,163,4019.52651950513,4068.91658303365,66.9921086584188,1.68277240149255,0,1,0.616323529411765,0.85,0.15,0.266666666666667,0.166666666666667,46,921.257826069954,312.143214771279,478.528905568876,0.333333333333333,0.338822863630769,338.371034121529,283.499235136577,0.924255802870069,ok,0.799318725107533,0.583713041323113,0.3038475,0.179467972552761,0.62,0.752501416276354,1,0,1,0,request_more_data
high_risk_irregular,164,4045.26884646649,4094.64260030469,67.4211474411081,1.69355157109334,0,1,0.677434640522876,0.85,0.15,0.2,0.388888888888889,46,904.968440721894,282.19985517353,395.971328581066,0.266666666666667,0.31183391870375,279.994011595118,284.388589768991,0.885363694675211,ok,0.803306722808873,0.570881742032648,0.333975277777778,0.12320409307413,0.62,0.737908652475024,1,0,1,0,request_more_data
high_risk_irregular,165,4069.73002602813,4122.79838114377,67.8288337671355,1.70379428161155,0,1,0.58729674796748,0.75,0.25,0.25,0.329268292682927,42,973.614240717149,355.307704555399,459.189588236928,0.341463414634146,0.364936840173666,324.69607169259,383.483494899395,0.92848423166026,ok,0.807442251917244,0.620235884461604,0.255474085365854,0.162575912219919,0.62,0.767952633015103,1,0,1,0,request_more_data
high_risk_irregular,166,4096.15476463546,4148.90156566227,68.2692460772577,1.71485919969501,0,1,0.624981884057971,0.766666666666667,0.233333333333333,0.233333333333333,0.375,45,945.532563501805,333.834016892804,470.126404369858,0.295454545454545,0.353064537149774,332.429568544776,335.23258139194,0.902925230544472,ok,0.806793555064219,0.636842572905871,0.277908611111111,0.133129513742263,0.62,0.765819181283209,1,0,1,0,request_more_data
high_risk_irregular,167,4123.57844916461,4175.57917034265,68.7263074860769,1.72634240970403,0,1,0.62195652173913,0.833333333333333,0.166666666666667,0.25,0.239130434782609,47,933.84657869961,328.58342382069,480.918984997236,0.347826086956522,0.351860178444135,340.061075492897,316.690065764729,0.931685694756484,ok,0.81803536931955,0.63674437647495,0.30061231884058,0.162499752996118,0.62,0.766336251499942,1,0,1,0,request_more_data
high_risk_irregular,168,4149.72156566227,4202.10275712626,69.1620260943711,1.73728940323125,0,1,0.595562015503876,0.8,0.2,0.283333333333333,0.127906976744186,44,964.572533272673,355.352211079226,519.657335200686,0.418604651162791,0.368403825343814,367.453225613736,342.824320642294,0.960923533465672,ok,0.829817984520065,0.655569439682165,0.276340775193798,0.181170286305294,0.62,0.776358280320309,1,0,1,0,request_more_data
high_risk_irregular,169,4176.39965377631,4226.25875823796,69.6066608962719,1.74846040719052,0,1,0.690806119082962,0.783333333333333,0.216666666666667,0.166666666666667,0.418604651162791,44,893.854270348065,301.276275866513,446.969433790272,0.27906976744186,0.337053013965237,316.055117616213,285.734057173085,0.893030644609194,ok,0.822905559715092,0.633903884210967,0.313856246770026,0.102201739160333,0.62,0.753147986144138,1,0,1,0,request_more_data
high_risk_irregular,170,4202.9116530016,4248.69479010717,70.0485275500266,1.75956186420077,0,1,0.760457317073171,0.8,0.2,0.1,0.634146341463415,42,842.191261450001,226.492478118297,334.18486636836,0.195121951219512,0.268932353594295,236.304385178988,216.235803773369,0.841307894379096,ok,0.804435568593844,0.586118387065428,0.352852195121951,0.0569766682469092,0.62,0.727230831305149,1,0,0,1,request_confirmation
high_risk_irregular,171,4227.07875823796,4273.29258775505,70.4513126372994,1.76968143600537,0,1,0.669897563676633,0.716666666666667,0.283333333333333,0.133333333333333,0.428571428571429,36,874.550819918952,237.468720351426,353.723767781666,0.257142857142857,0.271532213958056,250.120474865271,224.103847231276,0.879291940035529,ok,0.798246095246603,0.609406824274621,0.278454087301587,0.112322505557316,0.62,0.7500523493351,1,0,0,1,request_confirmation
high_risk_irregular,172,4249.51479010717,4297.9834494525,70.8252465017861,1.77907614974084,0,1,0.499035087719298,0.633333333333333,0.366666666666667,0.233333333333333,0,30,980.288644844574,356.433618981118,572.92072259839,0.482758620689655,0.36360068114186,405.116128031618,299.951283192159,0.977781267334707,ok,0.800862244830318,0.703978394902964,0.183312222222222,0.2166299378029,0.62,0.807287634783356,1,0,0,1,request_confirmation
high_risk_irregular,173,4275.03192721894,4320.86638431006,71.2505321203156,1.78976102485206,0,1,0.638690476190476,0.75,0.25,0.166666666666667,0.357142857142857,36,922.327682083677,325.167674303901,468.727146462049,0.257142857142857,0.352551138408096,331.440143789535,318.771805386217,0.879457241339044,ok,0.795796248843224,0.695116944931102,0.277830357142857,0.115846731198545,0.62,0.779668458866423,1,0,0,1,request_confirmation
high_risk_irregular,174,4298.76004196098,4342.98297720748,71.6460006993497,1.7996967767169,0,1,0.797517006802721,0.816666666666667,0.183333333333333,0.0666666666666667,0.75,41,832.671408657916,203.016567534187,291.657975675154,0.125,0.243813544482578,206.233332387042,199.748006246026,0.805028531136859,ok,0.776293324051718,0.61180619610619,0.377757222222222,0.0461800572242287,0.62,0.727752673685243,1,0,0,1,request_confirmation
high_risk_irregular,175,4321.68638431006,4368.24335969984,72.0281064051676,1.80929679977921,0,1,0.738410852713178,0.833333333333333,0.166666666666667,0.133333333333333,0.534883720930233,44,859.022167949482,228.152140442563,333.405924444145,0.209302325581395,0.265595171993257,235.753590062225,220.288545207913,0.84967396737877,ok,0.77947414631883,0.573693184179005,0.356898578811369,0.109158242770155,0.62,0.727720138081749,1,0,0,1,request_confirmation
high_risk_irregular,176,4344.64025160191,4394.43084894738,72.4106708600318,1.81890834845172,0,1,0.635555555555555,0.833333333333333,0.166666666666667,0.233333333333333,0.277777777777778,46,920.171124780418,302.722035366861,444.360184537675,0.333333333333333,0.328984497790126,314.210099775896,290.78045772048,0.924251324018313,ok,0.799028076280945,0.588955975193724,0.307185185185185,0.180745626478613,0.62,0.750507673054243,1,0,1,0,request_more_data
high_risk_irregular,177,4369.06335969984,4417.64441787015,72.817722661664,1.82913511718018,0,1,0.642164634146342,0.8,0.2,0.2,0.268292682926829,42,909.072813579003,322.415833698737,485.948048634736,0.341463414634146,0.354664476687398,343.617160493992,299.718512363434,0.928481853816752,ok,0.811525906989889,0.604574538080806,0.297964390243902,0.166595462112664,0.62,0.753691236516284,1,0,1,0,request_more_data
high_risk_irregular,178,4395.16998921741,4445.0371098998,73.2528331536235,1.8400668323937,0,1,0.66593023255814,0.833333333333333,0.166666666666667,0.2,0.418604651162791,44,932.415021646004,330.242686864765,439.434553852446,0.302325581395349,0.354179929750363,310.72715291675,348.667608038902,0.906972566251969,ok,0.816551427265961,0.595427392594841,0.321866279069767,0.133338213681473,0.62,0.74685222806609,1,0,1,0,request_more_data
high_risk_irregular,179,4418.4915436939,4468.12583767596,73.6415257282317,1.84983234393558,0,1,0.741132075471698,0.883333333333333,0.116666666666667,0.166666666666667,0.583333333333333,49,894.314689914433,294.354994017716,368.589873479347,0.208333333333333,0.329140287347712,260.632399013938,324.592787336039,0.849313451917557,ok,0.805300470040256,0.541665002569458,0.379706666666667,0.070955110287554,0.62,0.718262427134543,1,0,1,0,request_more_data
high_risk_irregular,180,4446.74351750751,4490.91664638047,74.1123919584586,1.86166238625271,0,1,0.855749485840848,0.816666666666667,0.183333333333333,0.0333333333333333,0.941860465116279,44,811.58037456063,141.101798734947,141.649105615698,0.0465116279069767,0.17386053576189,100.16104312987,172.589688717522,0.765679520118433,ok,0.766930043534511,0.477104044575202,0.405340006459948,0.00210292171940729,0.62,0.679554225029704,1,0,1,0,request_more_data
high_risk_irregular,181,4468.94583767596,4513.63056537846,74.4824306279327,1.87095923711572,0,1,0.7625,0.75,0.25,0.0666666666666667,0.722222222222222,37,847.695343310604,209.830200904515,317.604852787632,0.138888888888889,0.247530203581207,224.58054514389,193.961349670834,0.81140438520248,ok,0.758146465653326,0.49047147940775,0.3316875,0.0796901442800396,0.62,0.70008201423417,1,0,1,0,request_more_data
high_risk_irregular,182,4491.69316945004,4536.89625887853,74.8615528241674,1.88048430248865,0,1,0.722222222222222,0.75,0.25,0.1,0.583333333333333,37,860.530067515123,236.460552672655,355.848976623196,0.222222222222222,0.274784765342902,251.623224448555,220.256529661726,0.857587491817673,ok,0.765596794311658,0.518651709532672,0.314166666666667,0.134129814103546,0.62,0.715222478669148,1,0,0,1,request_confirmation
high_risk_irregular,183,4514.40680031282,4564.6935096336,75.240113338547,1.88999525616767,0,1,0.690806119082962,0.783333333333333,0.216666666666667,0.166666666666667,0.418604651162791,44,902.566914889558,283.676999143726,421.689488893842,0.255813953488372,0.314300241305032,298.179497151925,268.392002795546,0.878606208655387,ok,0.776957290007553,0.540836336444384,0.313856246770026,0.148145222002429,0.62,0.727089072769494,1,0,0,1,request_confirmation
high_risk_irregular,184,4538.53426943031,4589.54826630775,75.6422378238385,1.90009823100929,0,1,0.658315217391304,0.766666666666667,0.233333333333333,0.2,0.375,45,909.822387315894,304.662623088126,439.779717463249,0.25,0.334859448762219,310.971220446567,298.220602688426,0.874988852111267,ok,0.780321581772787,0.56959012551379,0.292730833333333,0.133848999504167,0.62,0.740988496013427,1,0,0,1,request_confirmation
high_risk_irregular,185,4565.45274607572,4617.76780797296,76.090879101262,1.91136989365235,0,1,0.629622093023256,0.716666666666667,0.283333333333333,0.2,0.375,41,943.27556925267,323.791252402194,422.603962292038,0.3,0.343262629666879,298.826127493004,346.964689546209,0.905607899731139,ok,0.78651804928395,0.614872355580362,0.261712916666667,0.161305612864718,0.62,0.758832282818315,1,0,0,1,request_confirmation
high_risk_irregular,186,4590.36342585267,4643.41119817361,76.5060570975446,1.92180082488051,0,1,0.55625,0.666666666666667,0.333333333333333,0.233333333333333,0.166666666666667,37,993.863023401715,384.300652835618,544.537118804339,0.416666666666667,0.386673660038448,385.045889314333,383.553968382416,0.960281667142669,ok,0.795327739894035,0.685334993449085,0.215083333333333,0.210154700815756,0.62,0.791768798165744,1,0,0,1,request_confirmation
high_risk_irregular,187,4618.53318600307,4670.52267981593,76.9755531000512,1.93359644159886,0,1,0.573147694818441,0.716666666666667,0.283333333333333,0.233333333333333,0.144736842105263,39,971.663380589063,350.969720139516,510.067596156424,0.394736842105263,0.361205050175652,360.672256105729,340.991220686434,0.952395181964317,ok,0.804623251776789,0.718238820573632,0.238238391812865,0.193987106463924,0.62,0.797940284693297,1,0,0,1,request_confirmation
high_risk_irregular,188,4644.21308935346,4692.34715277138,77.4035514892243,1.94434947235483,0,1,0.695585106382979,0.783333333333333,0.216666666666667,0.15,0.5,41,899.901331653147,253.258008958338,339.047421975449,0.25,0.281428641174578,239.742731222657,266.087694245684,0.874898947813854,ok,0.801198796681589,0.678202071750256,0.3160275,0.107753091143672,0.62,0.764691260941135,1,0,1,0,request_more_data
high_risk_irregular,189,4671.31412961224,4720.21813699486,77.8552354935373,1.95569758046277,0,1,0.652029505582137,0.733333333333333,0.266666666666667,0.166666666666667,0.342105263157895,39,908.345055870049,294.536090325812,453.478575108488,0.315789473684211,0.324255731258089,320.657775582025,265.860128578201,0.914679594503451,ok,0.805735104645755,0.681090140372342,0.277329883040936,0.150752725622758,0.62,0.773339928299471,1,0,1,0,request_more_data
high_risk_irregular,190,4693.1241048787,4749.22500560201,78.2187350813116,1.96483014344898,0,1,0.560872093023256,0.716666666666667,0.283333333333333,0.35,0,41,1036.04519099089,389.122837680079,617.721536780442,0.55,0.375584811419196,436.795087542426,334.728572289846,0.988141955945678,ok,0.819469448154577,0.72179959931086,0.233135833333333,0.219950957578669,0.62,0.801146911062855,1,0,1,0,request_more_data
high_risk_irregular,191,4721.03813699486,4775.70068444878,78.6839689499143,1.97651867832283,0,1,0.55140243902439,0.683333333333333,0.316666666666667,0.283333333333333,0,40,991.813686348117,373.916727962819,561.370582226237,0.461538461538462,0.377002992708832,396.948945450813,349.369394203798,0.973095810548643,ok,0.823059605699443,0.757771971684487,0.218539166666667,0.191994529283341,0.62,0.812923713047266,1,0,1,0,request_more_data
high_risk_irregular,192,4750.04500560201,4802.8376063587,79.1674167600335,1.98866482023043,0,1,0.624007936507937,0.75,0.25,0.216666666666667,0.285714285714286,43,950.060482713581,338.165462951393,473.241987531578,0.333333333333333,0.355940983868225,334.632618525778,341.661779081068,0.924260766086049,ok,0.822419680885243,0.74110361897264,0.271443452380952,0.139784736728573,0.62,0.795187584740911,1,0,1,0,request_more_data
high_risk_irregular,193,4776.48398330997,4829.39097635864,79.6080663884995,1.99973570069952,0,1,0.564850427350427,0.75,0.25,0.266666666666667,0.102564102564103,40,1006.00729774633,381.125622497127,535.93619507379,0.41025641025641,0.378849759192532,378.964117819993,383.274937417722,0.958092687169544,ok,0.82668163962583,0.750892935552688,0.245709935897436,0.174218187137416,0.62,0.808576945031676,1,0,1,0,request_more_data
high_risk_irregular,194,4804.54830427592,4858.45870316069,80.0758050712654,2.01148716651989,0,1,0.557272727272727,0.733333333333333,0.266666666666667,0.316666666666667,0,40,1039.52742004986,409.00932422061,582.752823285646,0.487179487179487,0.39345698471426,412.068473100886,405.927121630355,0.978662005556476,ok,0.833100988389704,0.765887331981586,0.237026666666667,0.190781264308196,0.62,0.814139362045753,1,0,1,0,request_more_data
high_risk_irregular,195,4830.21097635864,4883.01072860148,80.503516272644,2.02223298197023,0,1,0.607319109461967,0.816666666666667,0.183333333333333,0.25,0.204545454545455,45,970.661160952109,353.69536970297,513.610788159638,0.363636363636364,0.364386032872723,363.177671198247,343.951752781781,0.939250118236408,ok,0.83572304051898,0.736480147179297,0.287666818181818,0.145335189150086,0.62,0.796897001507049,1,0,1,0,request_more_data
high_risk_irregular,196,4859.297000798,4906.91303325836,80.9882833466334,2.03441226906091,0,1,0.872393048128342,0.916666666666667,0.0833333333333333,0.0666666666666667,0.803921568627451,52,839.698655724486,190.420208970221,269.698356858344,0.0980392156862745,0.226772077902075,190.705537009405,190.134452749837,0.793674797224126,ok,0.795125083290245,0.57731222554725,0.463822303921569,0.00270486086371502,0.62,0.704616674490128,1,0,0,1,request_confirmation
high_risk_irregular,197,4883.79079011488,4931.70025506319,81.3965131685814,2.04466863436965,0,0,1,1,0,0,1,60,811.492107695055,26.1909795536241,24.4389930974027,0.0338983050847458,0.0322750884515888,17.2809777445447,32.7612977177228,0.136329582077955,ok,0.397522540488203,0.457291361939805,0.58,0.621887996214875,0.62,0.648041581343145,0,0,0,0,observe
high_risk_irregular,198,4907.7329914561,4955.21713535325,81.7955498576016,2.05469403142333,0,0,1,1,0,0,1,60,805.068368248132,28.0844627627895,23.552834384918,0.0338983050847458,0.0348845686533464,16.6543689097392,36.0569839776892,0.139034388301862,ok,0.242117844199822,0.325702196567505,0.58,0.245436799757049,0.62,0.611196615038902,0,0,0,0,observe
high_risk_irregular,199,4932.50581334745,4979.9442477495,82.2084302224575,2.06506723696368,0,0,1,1,0,0,1,60,804.06654477184,28.6328652716215,25.7579235504996,0.0338983050847458,0.0356100691637983,18.2136024118429,36.1655448529256,0.146136219819573,ok,0.184883132385442,0.212576127975995,0.58,0.0922545537282599,0.62,0.579521315833279,0,0,0,0,observe
high_risk_irregular,200,4956.01844367515,5004.09614404094,82.6003073945858,2.07491275832791,0,0,1,1,0,0,1,60,814.650144794814,24.6190949242469,27.6000796738234,0.0169491525423729,0.0302204511734884,19.5162034986495,28.8325765546102,0.137501456060011,ok,0.157278705180579,0.125705454748593,0.58,0.0470886883823042,0.62,0.555197527329606,0,0,0,0,observe
high_risk_irregular,201,4980.79602604592,5028.39983288659,83.0132671007654,2.08528795723953,0,0,1,1,0,0,1,60,807.593085618147,27.4486234720993,25.8942094747711,0.0338983050847458,0.0339881853385231,18.3099711130756,34.2286257226973,0.143337699831434,ok,0.149765498707524,0.0593444413835842,0.58,0.0153042830383105,0.62,0.536616443587404,0,0,0,0,observe
high_risk_irregular,202,5004.88322436183,5053.02495024562,83.4147204060305,2.09537406935538,0,0,1,1,0,0,1,60,815.480103411259,26.5881336051002,22.5175018398379,0.0338983050847458,0.0326042701641384,15.9222782463299,34.0637454290007,0.132337938331525,ok,0.140419423122015,0.03,0.58,0.0192416304535473,0.62,0.5284,0,0,0,0,observe
high_risk_irregular,203,5029.23105120492,5076.69771672995,83.820517520082,2.10556931531532,0,0,1,1,0,0,1,60,804.964730722592,25.1253605947311,23.8234261376028,0.0169491525423729,0.0312129955956913,16.8457061729958,31.2856144827559,0.129000530774994,ok,0.134793896098068,0.03,0.58,0.0137937269597001,0.62,0.5284,0,0,0,0,observe
high_risk_irregular,204,5053.78838813571,5101.69140070555,84.2298064689285,2.11585229012634,0,0,1,1,0,0,1,60,811.107507665466,29.3444700816856,27.2606365027738,0.0338983050847458,0.0361782745250935,19.2761809305729,36.7508462144982,0.151643813957744,ok,0.145706042275009,0.03,0.58,0.0141375516255599,0.62,0.5284,0,0,0,0,observe
high_risk_irregular,205,5077.50869421189,5125.59875145723,84.6251449035315,2.12578477224273,0,0,1,1,0,0,1,60,815.017245454766,25.4906317266804,24.9734431748849,0.0169491525423729,0.0312761869381758,17.658891018538,31.4278249270593,0.132255956374426,ok,0.138769200187341,0.03,0.58,0.0155077233640824,0.62,0.5284,0,0,0,0,observe
high_risk_irregular,206,5102.49981911691,5150.26479401937,85.0416636519484,2.13624938852509,0,0,1,1,0,0,1,60,809.556555230284,26.0789677866195,23.0696079244985,0.0508474576271186,0.0322138924305309,16.3126762027278,33.0775107397161,0.136974893950309,ok,0.138767518725141,0.03,0.58,0.00426815422579097,0.62,0.5284,0,0,0,0,observe
high_risk_irregular,207,5126.35385367962,5174.90465283275,85.4392308946603,2.14623786721237,0,0,1,1,0,0,1,60,821.765022925278,24.9566808312924,23.6198468510308,0.0847457627118644,0.0303696070471007,16.7017538789516,31.0921735103373,0.145364562539979,ok,0.143632862665874,0.03,0.58,0.00412309493834612,0.62,0.5284,0,0,0,0,observe
high_risk_irregular,208,5151.11592052229,5199.19457076487,85.8519320087048,2.15660656925566,0,0,1,1,0,0,1,60,815.49627909176,21.1068139768726,21.4606997122491,0.0338983050847458,0.0258821707934459,15.1750062955395,25.7043649296952,0.118241158982972,ok,0.129822126390611,0.03,0.58,0.0275737319229495,0.62,0.5284,0,0,0,0,observe
high_risk_irregular,209,5175.70285910768,5224.43282557534,86.2617143184613,2.1669019392653,0,0,1,1,0,0,1,60,825.469545709871,24.6209838795202,24.1550217572095,0.0169491525423729,0.0298266411007896,17.0801796842314,30.3422668293843,0.127769356349874,ok,0.12989600218194,0.03,0.58,0.00506344245729987,0.62,0.5284,0,0,0,0,observe
high_risk_irregular,210,5200.04927987302,5248.42220522285,86.6674879978837,2.17709659645366,0,0,1,1,0,0,1,60,820.460574299671,30.0112951564023,26.3204968834217,0.0338983050847458,0.0365785951165531,18.6114018304669,38.1440872984829,0.15015358292451,ok,0.142908019757646,0.03,0.58,0.017251340873486,0.62,0.5284,0,0,0,0,observe
high_risk_irregular,211,5225.27403722892,5273.52369504038,87.087900620482,2.18765904242392,0,0,1,1,0,0,1,60,818.18115775076,28.5180670395009,24.2705966752044,0.0338983050847458,0.034855443405589,17.1619034924807,36.4969774618902,0.141118371043228,ok,0.142804741405391,0.03,0.58,0.00401516752895906,0.62,0.5284,0,0,0,0,observe
high_risk_irregular,212,5249.22454848492,5297.85617707878,87.487075808082,2.19768791911566,0,0,1,1,0,0,1,60,823.899530932147,28.5115600932085,26.9867933157302,0.0677966101694915,0.0346056272916565,19.0825445560326,35.5200592787274,0.156965471303476,ok,0.151955285262864,0.03,0.58,0.0119290143824091,0.62,0.5284,0,0,0,0,observe
high_risk_irregular,213,5274.36722717344,5322.38793185467,87.9061204528907,2.20821599601441,0,0,1,1,0,0,1,60,814.403946904783,27.6129968971859,29.0719233935292,0.0677966101694915,0.0339057748947947,20.5569541737003,33.2019100412669,0.161370016336134,ok,0.158122556096737,0.03,0.58,0.00773204818904158,0.62,0.5284,0,0,0,0,observe
high_risk_irregular,214,5298.65106945067,5347.63957899334,88.3108511575111,2.21838444950573,0,0,1,1,0,0,1,60,829.72336524253,26.5296544364943,29.9571156027027,0.0847457627118644,0.0319740958828364,21.1828795874604,30.9666068761619,0.166110639513035,ok,0.163306956064552,0.03,0.58,0.00667543678210242,0.62,0.5284,0,0,0,0,observe
high_risk_irregular,215,5323.27221145886,5371.74383531794,88.7212035243144,2.22869414162758,0,0,1,1,0,0,1,60,822.598391054451,27.2669736959636,27.146757640444,0.0677966101694915,0.0331473705668344,19.1956564147856,33.4440201512653,0.154486017920837,ok,0.158611476648371,0.03,0.58,0.00982252077984147,0.62,0.5284,0,0,0,0,observe
high_risk_irregular,216,5348.44827099535,5397.10613573753,89.1408045165892,2.23923619619905,0,0,1,1,0,0,1,60,824.442612403321,27.1785609304848,21.50172934096,0.0169491525423729,0.0329659827398501,15.2040186242306,35.3013621008907,0.127231902944232,ok,0.140950314688431,0.03,0.58,0.0326628851052364,0.62,0.5284,0,0,0,0,observe
high_risk_irregular,217,5372.55305704174,5421.48687576766,89.5425509506957,2.24932967288338,0,0,1,1,0,0,1,60,829.050674162023,25.6423475168286,25.2070859637238,0.0508474576271186,0.0309297710212311,17.8241014189013,31.5810288140892,0.140403980599364,ok,0.141617492986624,0.03,0.58,0.00288931520776178,0.62,0.5284,0,0,0,0,observe
high_risk_irregular,218,5397.93193118436,5446.28503392826,89.9655321864061,2.25995665268482,0,0,1,1,0,0,1,60,819.648303178765,23.4229988271112,25.0529873727901,0.0508474576271186,0.0285768893027315,17.7151372602808,27.9901350471754,0.135647739167867,ok,0.139122274948482,0.03,0.58,0.00827270423955931,0.62,0.5284,0,0,0,0,observe
high_risk_irregular,219,5422.28177727658,5471.40981484057,90.3713629546097,2.27015274417162,0,0,1,1,0,0,1,60,832.048984548465,25.7797410855812,22.4093280806709,0.0338983050847458,0.0309834415573156,15.8457878476765,32.8344500238032,0.129425036535142,ok,0.134527995340043,0.03,0.58,0.0121499019164309,0.62,0.5284,0,0,0,0,observe
high_risk_irregular,220,5447.14400361583,5495.95245782189,90.7857333935971,2.28056338633176,0,0,1,1,0,0,1,60,827.790398227095,27.3358616646289,24.1445703929742,0.0338983050847458,0.0330226851183283,17.072789453708,34.6845574595499,0.137406871458925,ok,0.137343638006426,0.03,0.58,0.00015055583928511,0.62,0.5284,0,0,0,0,observe
high_risk_irregular,221,5472.21887095317,5521.3500903574,91.2036478492194,2.29106306835943,0,0,1,1,0,0,1,60,832.337925280512,27.4975824149932,25.7940359589429,0.0169491525423729,0.0330365607282956,18.2391377407382,34.3448385032317,0.1381583501939,ok,0.138891111397399,0.03,0.58,0.00174466953214031,0.62,0.5284,0,0,0,0,observe
high_risk_irregular,222,5496.79168603683,5545.69068160859,91.6131947672804,2.30135252438853,0,0,1,1,0,0,1,60,828.970396445086,27.8417820090056,28.2609151123884,0.0677966101694915,0.0335859786168491,19.9834847185072,33.9262433726336,0.15870414296611,ok,0.151418613700037,0.03,0.58,0.0173464982525549,0.62,0.5284,0,0,0,0,observe
high_risk_irregular,223,5522.15128204799,5571.17021717256,92.0358547007998,2.31197143179431,0,0,1,1,0,0,1,60,830.335446919333,29.1340049672258,27.6503142804493,0.101694915254237,0.0350870302783258,19.5517247296449,36.267210410464,0.171448428265918,ok,0.163756157083007,0.03,0.58,0.0183149313878831,0.62,0.5284,0,0,0,0,observe
high_risk_irregular,224,5546.5032560365,5596.1026200412,92.4417209339417,2.32216841430215,0,0,1,1,0,0,1,60,840.198973876693,25.3941656458094,23.3714867458602,0.0508474576271186,0.0302239903110572,16.5261367644093,31.8843864820644,0.134713597716879,ok,0.147320817492161,0.03,0.58,0.0300171899411469,0.62,0.5284,0,0,0,0,observe
high_risk_irregular,225,5572.04446946686,5620.94968646537,92.8674078244478,2.33286337096979,0,0,1,1,0,0,1,60,829.65782154678,24.7036678157262,22.3182094373208,0.0169491525423729,0.0297757306375654,15.7813572370712,31.1687531167904,0.123305216278589,ok,0.134215284187487,0.03,0.58,0.0259763521640426,0.62,0.5284,0,0,0,0,observe
high_risk_irregular,226,5596.89804345693,5646.5470298976,93.2816340576155,2.34327039010318,0,0,1,1,0,0,1,60,840.74016427349,28.4609104124273,26.6275782475932,0.0508474576271186,0.0338522074022969,18.8285411454485,35.5743289654574,0.150122700892877,ok,0.144595360715088,0.03,0.58,0.0131603337566395,0.62,0.5284,0,0,0,0,observe
high_risk_irregular,227,5621.80546592323,5671.06915965628,93.6967577653871,2.35369995738689,0,0,1,1,0,0,1,60,835.32455318187,29.8829941634201,31.4386822829639,0.11864406779661,0.0357741120497315,22.2305054338532,35.9414984175316,0.191344806042182,ok,0.172602235914782,0.03,0.58,0.0446251669699987,0.62,0.5284,0,0,0,0,observe
high_risk_irregular,228,5647.35918319733,5696.7410110671,94.1226530532888,2.36440014983031,0,0,1,1,0,0,1,60,836.566352824887,27.6218619875733,28.274081873968,0.101694915254237,0.0330181364506244,19.9927950249064,33.559241147755,0.169261739443787,ok,0.170851171616553,0.03,0.58,0.00378436231610799,0.62,0.5284,0,0,0,0,observe
high_risk_irregular,229,5671.89700301581,5721.32536499777,94.5316167169301,2.37467495217643,0,0,1,1,0,0,1,60,837.6034223581,27.0478541971795,23.9473475747404,0.0508474576271186,0.032291957596152,16.9333318615301,34.2991997779985,0.139936813823,ok,0.153151394571555,0.03,0.58,0.0314632874965592,0.62,0.5284,0,0,0,0,observe
high_risk_irregular,230,5697.5542019951,5746.67321705124,94.9592366999183,2.38541847585609,0,0,1,1,0,0,1,60,832.203433069067,24.8068281745726,24.9761483254094,0.0847457627118644,0.0298086107180404,17.660803848818,30.312595658886,0.14800784852346,ok,0.150844722720457,0.03,0.58,0.00675446237380167,0.62,0.5284,0,0,0,0,observe
high_risk_irregular,231,5722.14708591216,5772.03742251881,95.369118098536,2.3957163353741,0,0,1,1,0,0,1,60,845.200958684036,23.4971037473316,30.1540614725203,0.169491525423729,0.0278006118023294,21.3221413475351,25.4871351348373,0.196603072013439,ok,0.178119278297831,0.03,0.58,0.0440090326562096,0.62,0.5284,0,0,0,0,observe
high_risk_irregular,232,5747.55708458072,5796.91686042057,95.7926180763453,2.4063563480511,0,0,1,1,0,0,1,60,837.394056155416,26.1937405082224,27.7324919660997,0.101694915254237,0.0312800650012746,19.6098331284306,31.4273531863454,0.164387894488955,ok,0.170202469875578,0.03,0.58,0.0138442271110061,0.62,0.5284,0,0,0,0,observe
high_risk_irregular,233,5772.87023501278,5822.63102945361,96.2145039168797,2.41695580714611,0,0,1,1,0,0,1,60,843.226782246679,25.9619169835192,23.6201841564471,0.0508474576271186,0.0307887718110029,16.7019923898988,32.6968762594541,0.136422878276702,ok,0.150857204507365,0.03,0.58,0.0343674434063413,0.62,0.5284,0,0,0,0,observe
high_risk_irregular,234,5797.79548421857,5847.19141485031,96.6299247369762,2.42739283907934,0,0,1,1,0,0,1,60,837.909240495718,27.2460696475555,24.3328263256716,0.0338983050847458,0.0325167313245482,17.2059065003169,34.4768531623935,0.13714906775428,ok,0.14364088363699,0.03,0.58,0.0154567044826431,0.62,0.5284,0,0,0,0,observe
high_risk_irregular,235,5823.46888699232,5873.10308067188,97.0578147832053,2.43814314782738,0,0,1,1,0,0,1,60,841.200853637854,32.4958413082469,25.3655214371612,0.0338983050847458,0.0386302999666673,17.9361322165494,42.3113999505096,0.15278071981496,ok,0.14985823835256,0.03,0.58,0.00695828919618893,0.62,0.5284,0,0,0,0,observe
high_risk_irregular,236,5848.00228165706,5898.29252877228,97.4667046942844,2.44841609721425,0,0,1,1,0,0,1,60,851.685232032799,28.521884676497,25.117720756294,0.0169491525423729,0.0334887627538416,17.7609106747256,36.2152711297763,0.137759074157117,ok,0.143600295512719,0.03,0.58,0.0139076698942898,0.62,0.5284,0,0,0,0,observe
high_risk_irregular,237,5873.98532528254,5923.46311170818,97.8997554213757,2.45929606289895,0,0,1,1,0,0,1,60,839.333850604857,24.6322275559933,26.2753610898524,0.0508474576271186,0.0293473539024339,18.5794860047598,29.4668622106157,0.140622497853398,ok,0.142790445423392,0.03,0.58,0.00516177992855779,0.62,0.5284,0,0,0,0,observe
high_risk_irregular,238,5899.10177902657,5949.22488408398,98.3183629837761,2.46981315854006,0,0,1,1,0,0,1,60,848.872588528446,27.7654083911548,26.8214710678233,0.0847457627118644,0.0327085698918458,18.9656440734567,34.3822650669524,0.158766169793388,ok,0.15299404633332,0.03,0.58,0.0137431510953996,0.62,0.5284,0,0,0,0,observe
high_risk_irregular,239,5924.31000150855,5974.00259449958,98.7385000251426,2.48036868080794,0,0,1,1,0,0,1,60,842.324713190134,29.8865994644298,24.9808598203841,0.0338983050847458,0.0354810906013197,17.6641353788642,38.3978642167982,0.144908223084469,ok,0.148984818881387,0.03,0.58,0.00970618046885205,0.62,0.5284,0,0,0,0,observe
high_risk_irregular,240,5950.08500888533,5999.846308127,99.1680834814222,2.49116153478703,0,0,1,1,0,0,1,60,843.690400716928,26.8982476897177,19.2565670058532,0,0.0318816566679683,13.616449112212,35.5193436190669,0.117561343910159,ok,0.131540785962264,0.03,0.58,0.0332843858383442,0.62,0.5284,0,0,0,0,observe
high_risk_irregular,241,5974.85579850008,6024.87194148083,99.5809299750013,2.50153388934549,0,0,1,1,0,0,1,60,847.822449687412,23.8692465675608,19.6855127275935,0,0.0281535910925233,13.9197595408154,30.7525959511047,0.111789995042237,ok,0.121306499422399,0.03,0.58,0.022658343762291,0.62,0.5284,0,0,0,0,observe
high_risk_irregular,242,6000.72402117013,6050.41473310329,100.012067019502,2.51236577567224,0,0,1,1,0,0,1,60,842.807082938179,24.4007715642459,25.608310460061,0.0338983050847458,0.0289517874946902,18.1078099810395,29.3752025278396,0.134002389143995,ok,0.13014919167548,0.03,0.58,0.00917427968693942,0.62,0.5284,0,0,0,0,observe
high_risk_irregular,243,6025.71190284396,6076.1517482871,100.428531714066,2.52282903390569,0,0,1,1,0,0,1,60,854.663446771328,23.1812003641288,24.7684630865444,0.0338983050847458,0.0271231915342826,17.5139482080642,27.7127717633768,0.128893714959196,ok,0.130677255549813,0.03,0.58,0.00424652521575525,0.62,0.5284,0,0,0,0,observe
high_risk_irregular,244,6051.31632468694,6101.23317719511,100.855272078116,2.53355045804073,0,0,1,1,0,0,1,60,846.974068196992,25.6433085506094,25.5927989773739,0.0338983050847458,0.0302763797777161,18.0968417064452,31.4271040201826,0.136415603402182,ok,0.135248430464332,0.03,0.58,0.00277898318535705,0.62,0.5284,0,0,0,0,observe
high_risk_irregular,245,6076.99179887847,6127.38554155636,101.283196647974,2.54430163416039,0,0,1,1,0,0,1,60,853.896554487584,26.7458299419644,25.5196892303759,0.0338983050847458,0.0313220961033323,18.0451453085721,33.2423159446131,0.138318520982606,ok,0.13815682251723,0.03,0.58,0.000384996346134425,0.62,0.5284,0,0,0,0,observe
high_risk_irregular,246,6102.10492496628,6152.3290079268,101.701748749438,2.55481733640101,0,0,1,1,0,0,1,60,851.597178861487,27.0454427919671,22.277857824736,0,0.0317584927044081,15.7528243381806,34.8534141368899,0.12415503669661,ok,0.131090234813836,0.03,0.58,0.0165123764695859,0.62,0.5284,0,0,0,0,observe
high_risk_irregular,247,6128.25642011867,6178.16959839377,102.137607001978,2.56576783835,0,0,1,1,0,0,1,60,846.400947290113,25.2571540809912,22.9864887783473,0.0169491525423729,0.0298406495903106,16.2539020908378,31.8065768570482,0.125351318709754,ok,0.12899418955616,0.03,0.58,0.00867350201525174,0.62,0.5284,0,0,0,0,observe
high_risk_irregular,248,6153.16346256875,6203.53982030445,102.552724376146,2.57619724650827,0,0,1,1,0,0,1,60,853.513539627463,22.5137996937911,22.5581000950709,0.0169491525423729,0.026377788574529,15.9509855479095,27.5555514071971,0.118515069251731,ok,0.124201646202776,0.03,0.58,0.013539468931059,0.62,0.5284,0,0,0,0,observe
high_risk_irregular,249,6179.01923519401,6228.98233901492,102.9836539199,2.58702391958664,0,0,1,1,0,0,1,60,846.879010352625,25.3598265055877,25.1626251421518,0.0338983050847458,0.0299450407857297,17.7926628704706,31.139408291822,0.134677732156864,ok,0.131683894571837,0.03,0.58,0.0071281847262547,0.62,0.5284,0,0,0,0,observe
high_risk_irregular,250,6204.3526447284,6255.13824050811,103.40587741214,2.5976318618425,0,0,1,1,0,0,1,60,859.973670060991,27.1422374798656,22.7703190716126,0.0338983050847458,0.0315617075554657,16.1010470253186,34.844775727723,0.132000040699952,ok,0.133084825182934,0.03,0.58,0.00258282019757486,0.62,0.5284,0,0,0,0,observe
high_risk_irregular,251,6229.87772295604,6279.97175376456,103.831295382601,2.6083200621634,0,0,1,1,0,0,1,60,849.823579160627,30.4035708306588,23.5848138668037,0,0.0357763323779372,16.6769818182395,39.6312063397505,0.135361689921476,ok,0.135587669136678,0.03,0.58,0.000538045750481692,0.62,0.5284,0,0,0,0,observe
high_risk_irregular,252,6255.96512411635,6306.21367535607,104.266085401939,2.61924372582337,0,0,1,1,0,0,1,60,851.257247466011,31.6612557899856,26.3375256689747,0.0508474576271186,0.0371935227385536,18.6234430002067,40.7190079350645,0.15668932358684,ok,0.148945819455528,0.03,0.58,0.0184369145983627,0.62,0.5284,0,0,0,0,observe
high_risk_irregular,253,6280.82681479873,6331.48678823331,104.680446913312,2.62965414368614,0,0,1,1,0,0,1,60,858.583907812406,28.1466393760586,26.7616859835394,0.101694915254237,0.0327826309344345,18.9233696349457,35.0196044807905,0.165039658492965,ok,0.159062811446962,0.03,0.58,0.0142305882047685,0.62,0.5284,0,0,0,0,observe
high_risk_irregular,254,6307.10368004856,6357.16250122428,105.118394667476,2.64065714227016,0,0,1,1,0,0,1,60,849.147097803599,25.9854808586749,25.6450779592971,0.0508474576271186,0.0306018602971015,18.1338085290766,31.9633449304653,0.141396573019339,ok,0.149344010310477,0.03,0.58,0.0189224697408056,0.62,0.5284,0,0,0,0,observe
high_risk_irregular,255,6332.31751267598,6382.92839119501,105.538625211266,2.65121501369277,0,0,1,1,0,0,1,60,857.360049361673,24.3465654907404,24.8865560980646,0.0508474576271186,0.0283971308307018,17.5974525773209,29.5945968916416,0.135620246934601,ok,0.142156758492645,0.03,0.58,0.0155631227572473,0.62,0.5284,0,0,0,0,observe
high_risk_irregular,256,6358.06539015405,6408.15704745401,105.967756502567,2.66199650747975,0,0,1,1,0,0,1,60,849.909103828791,23.884969348143,25.0837541612993,0.0847457627118644,0.0281029691769892,17.736892665071,28.7469330557402,0.145650151301298,ok,0.145136576007649,0.03,0.58,0.0012227983182119,0.62,0.5284,0,0,0,0,observe
high_risk_irregular,257,6383.75511930218,6434.46440577465,106.395918655036,2.67275365262447,0,0,1,1,0,0,1,60,858.933576327346,25.8277152562151,23.8668729439748,0.0508474576271186,0.0300695140672577,16.8764277044023,32.3933317003721,0.136051585142707,ok,0.14074583959059,0.03,0.58,0.0111767963044831,0.62,0.5284,0,0,0,0,observe
high_risk_irregular,258,6409.00855757874,6459.64022974625,106.816809292979,2.68332810825138,0,0,1,1,0,0,1,60,858.053038204053,27.2001551090765,29.2500812763968,0.0677966101694915,0.0316998529205232,20.6829308207978,32.4332121224176,0.158692382171161,ok,0.152144039129638,0.03,0.58,0.0155912929560062,0.62,0.5284,0,0,0,0,observe
high_risk_irregular,259,6435.31375637023,6485.79826564649,107.255229272837,2.69434297103288,0,0,1,1,0,0,1,60,855.564331197393,28.8800215779892,31.9326783768181,0.0847457627118644,0.0337555231382433,22.5798134216971,34.0332678203489,0.176575356737638,ok,0.167016173556211,0.03,0.58,0.0227599599557781,0.62,0.5284,0,0,0,0,observe
high_risk_irregular,260,6460.50190484799,6511.19271280623,107.675031747466,2.70489008764667,0,0,1,1,0,0,1,60,859.208050999609,30.3748309763541,28.4853071073801,0.0677966101694915,0.0353521256475842,20.1421538198098,37.941459555258,0.163812556708352,ok,0.165485268210836,0.03,0.58,0.00398264643448676,0.62,0.5284,0,0,0,0,observe
high_risk_irregular,261,6486.66675099603,6536.48228338971,108.1111125166,2.71584618010217,0,0,1,1,0,0,1,60,844.733629053602,25.3672135423732,24.6513878855621,0.0508474576271186,0.0300298374184457,17.4311635395409,31.3551524229513,0.137659724480647,ok,0.149712224088413,0.03,0.58,0.0286964276375392,0.62,0.5284,0,0,0,0,observe
high_risk_irregular,262,6512.01093695175,6562.52412309522,108.533515615862,2.72645863480452,0,0,1,1,0,0,1,60,855.523504816448,24.5856154368986,22.7463849717469,0.0338983050847458,0.0287375101893587,16.084123061002,30.8254109166556,0.12666794196533,ok,0.137109792409997,0.03,0.58,0.0248615486777779,0.62,0.5284,0,0,0,0,observe
high_risk_irregular,263,6537.33092941083,6587.70787008774,108.95551549018,2.73706095888411,0,0,1,1,0,0,1,60,853.759778300517,24.6532349108476,25.7169165829465,0.0677966101694915,0.0288760791237108,18.1846061070102,29.7470012584757,0.143345009220054,ok,0.141807051391098,0.03,0.58,0.00366180435465704,0.62,0.5284,0,0,0,0,observe
high_risk_irregular,264,6563.33178967993,6614.02605474542,109.388863161332,2.74794838499085,0,0,1,1,0,0,1,60,858.365527503341,27.2024799503765,27.1069332967449,0.0847457627118644,0.0316910209913697,19.1674963512998,33.3550133341929,0.157821919408738,ok,0.152058137146274,0.03,0.58,0.0137232911011057,0.62,0.5284,0,0,0,0,observe
high_risk_irregular,265,6588.58370613275,6639.33300413465,109.809728435546,2.75852220337947,0,0,1,1,0,0,1,60,860.418900781941,26.8713877042689,28.7928923929245,0.101694915254237,0.0312305874264831,20.3596494610115,32.0878112081676,0.167923404380965,ok,0.161964127086309,0.03,0.58,0.0141887554634675,0.62,0.5284,0,0,0,0,observe
high_risk_irregular,266,6614.90069673573,6665.14813363151,110.248344945595,2.76954200378515,0,0,1,1,0,0,1,60,852.034648101568,25.1597270030843,24.9957197414967,0.0677966101694915,0.0295289951636863,17.6746429298508,30.8809119528834,0.142571451004004,ok,0.151170878955997,0.03,0.58,0.0204748284571258,0.62,0.5284,0,0,0,0,observe
high_risk_irregular,267,6640.15720933685,6690.86093480058,110.669286822281,2.78011774673413,0,0,1,1,0,0,1,60,858.798844432166,25.0469184286189,22.9048210951737,0.0338983050847458,0.0291650583731045,16.196154318262,31.5020766115318,0.127868148621122,ok,0.138381789212078,0.03,0.58,0.0250324775975151,0.62,0.5284,0,0,0,0,observe
high_risk_irregular,268,6666.01359735642,6716.06860698543,111.100226622607,2.7909446774986,0,0,1,1,0,0,1,60,848.674555898725,26.0048699680933,25.6173311668644,0.0338983050847458,0.0306417457520626,18.1141885839913,32.0059790673318,0.137188701478213,ok,0.138738577238292,0.03,0.58,0.00369018038114055,0.62,0.5284,0,0,0,0,observe
high_risk_irregular,269,6691.65264602465,6742.24976891183,111.527544100411,2.80168060103856,0,0,1,1,0,0,1,60,856.480568520862,28.0936288448659,25.3172578023808,0.0508474576271186,0.0328012448588103,17.9020046731115,35.4686085437539,0.144903126036082,ok,0.143353803394605,0.03,0.58,0.00368886343208735,0.62,0.5284,0,0,0,0,observe
high_risk_irregular,270,6716.95014328452,6767.38115607203,111.949169054742,2.81227350562908,0,0,1,1,0,0,1,60,855.209151443323,26.1697463979224,23.1506291420694,0.0169491525423729,0.0306004050047361,16.3699668550922,33.1924003082984,0.127324670752041,ok,0.134980390616374,0.03,0.58,0.0182279044388879,0.62,0.5284,0,0,0,0,observe
high_risk_irregular,271,6743.11894372067,6793.34573577228,112.385315728678,2.8232312538767,0,0,1,1,0,0,1,60,851.599447674037,24.2498492185193,25.8882198155283,0.0169491525423729,0.0284756516514337,18.305735784408,29.0001795103631,0.130420442899952,ok,0.133470115097317,0.03,0.58,0.00726112427943934,0.62,0.5284,0,0,0,0,observe
high_risk_irregular,272,6768.23900742378,6818.8050200523,112.803983457063,2.8337498611279,0,0,1,1,0,0,1,60,857.064399671259,27.7835798438452,27.4123232807964,0.0677966101694915,0.0324171437461433,19.383439679929,34.1780175559262,0.154665163016044,ok,0.146935795989726,0.03,0.58,0.0184032548245661,0.62,0.5284,0,0,0,0,observe
high_risk_irregular,273,6794.2257094903,6844.35680376477,113.237095158172,2.84463135872369,0,0,1,1,0,0,1,60,850.184466541562,27.5639385924827,24.3171767392192,0.0508474576271186,0.0324211270344766,17.1948405716137,34.9839803221003,0.141420812069548,ok,0.144570323257082,0.03,0.58,0.00749883616079439,0.62,0.5284,0,0,0,0,observe
high_risk_irregular,274,6819.66356406283,6870.44359247968,113.661059401047,2.85528303559538,0,0,1,1,0,0,1,60,860.642873789646,23.7250796572193,22.2513873826828,0.0169491525423729,0.0275666950598815,15.7341069091038,29.6343835646313,0.119902945279267,ok,0.131156071883871,0.03,0.58,0.0267931585823898,0.62,0.5284,0,0,0,0,observe
high_risk_irregular,275,6845.27301739201,6895.29090759832,114.0878836232,2.86600656658125,0,0,1,1,0,0,1,60,848.90173055916,30.4243794061857,27.6924611960429,0.0508474576271186,0.0358396953510103,19.5815270994673,38.312524335469,0.157465795484497,ok,0.14764657856076,0.03,0.58,0.0233790879136582,0.62,0.5284,0,0,0,0,observe
high_risk_irregular,276,6871.25100919312,6921.54657050584,114.520850153219,2.87688441689885,0,0,1,1,0,0,1,60,851.716300435824,31.8195189401912,26.1732907814105,0.0677966101694915,0.0373592931401092,18.5073113975027,41.0175937373982,0.161398675845039,ok,0.156438101205911,0.03,0.58,0.011810891997924,0.62,0.5284,0,0,0,0,observe
high_risk_irregular,277,6896.15056886154,6946.72349885078,114.935842814359,2.88731069176723,0,0,1,1,0,0,1,60,857.209854207565,29.5367061509592,26.4096467052833,0.0677966101694915,0.0344567972544646,18.6744402740468,37.3644122253688,0.155975851718126,ok,0.156763756352607,0.03,0.58,0.00187596341542987,0.62,0.5284,0,0,0,0,observe
high_risk_irregular,278,6922.43243130067,6970.20676279727,115.373873855011,2.89831578284083,1,0,0.94364406779661,1,0,0.05,0.872881355932203,60,811.003204857215,147.152792128702,234.343198026729,0.423728813559322,0.181445389176494,165.705664449642,125.894881674547,0.954712883426617,ok,0.594123257195281,0.106616255311569,0.547313559322034,0.796554952455167,0.62,0.55999661928385,1,0,0,0,observe
high_risk_irregular,279,6947.54421788123,6992.9750482284,115.792403631354,2.90883092418516,1,0,0.94364406779661,1,0,0.05,0.872881355932203,60,770.859156293786,204.380383902957,316.744691125304,0.864406779661017,0.265133237679368,223.972318999541,182.699433416221,0.999007107545011,ok,0.8044735994441,0.117761114335053,0.547313559322034,0.429731245781447,0.62,0.563117179810425,1,1,0,0,alert
high_risk_irregular,280,6971.16376084531,7018.31682667409,116.186062680755,2.91872121343077,1,0,0.962429378531073,1,0,0.0333333333333333,0.915254237288136,60,801.834397947059,219.965763210072,317.749931700916,0.932203389830508,0.274328170222246,224.68313142728,215.144984652701,0.999477508441787,ok,0.89677333671729,0.0946377886615908,0.558209039548022,0.232472324964333,0.62,0.558524450584389,1,0,0,1,request_confirmation
high_risk_irregular,281,6993.80254490673,7043.74956284666,116.563375748445,2.92820082626142,1,0,0.88728813559322,1,0,0.1,0.745762711864407,60,846.241910304248,224.219661196022,358.147937071577,0.932203389830508,0.264959296468085,253.248834971285,190.82437087386,0.999467348610332,ok,0.928748319776511,0.0974825793217733,0.514627118644068,0.14570041209608,0.62,0.572846415698054,1,0,0,1,request_confirmation
high_risk_irregular,282,7019.21249642819,7067.85151420123,116.98687494047,2.93884081919636,1,0,0.868502824858757,1,0,0.116666666666667,0.703389830508475,60,825.57812545227,216.617671636908,372.375846104779,0.932203389830508,0.262383007687177,263.309485930768,156.571216862058,0.99939799356058,ok,0.942041989591901,0.103392281574371,0.503731638418079,0.11557457297066,0.62,0.577882488260984,1,0,0,1,request_confirmation
high_risk_irregular,283,7044.70804980436,7093.66473532723,117.411800830073,2.94951665647868,1,0,0.83093220338983,1,0,0.15,0.61864406779661,60,831.919541342869,236.077346917772,389.722130468269,0.949152542372881,0.28377425362157,275.575161232582,188.476412230031,0.999632313529243,ok,0.94611013196519,0.121128966981937,0.481940677966102,0.103312843312857,0.62,0.58961147203951,1,0,0,1,request_confirmation
high_risk_irregular,284,7068.99332915428,7118.60019647447,117.816555485905,2.9596857117202,1,0,0.793361581920904,1,0,0.183333333333333,0.533898305084746,60,845.811371220669,252.094798646729,421.520863068857,0.932203389830508,0.298050850608579,298.060260687595,195.610981308086,0.999656436785631,ok,0.945934362732839,0.148396496151077,0.460149717514124,0.0995129127383519,0.62,0.604009092071276,1,0,0,1,request_confirmation
high_risk_irregular,285,7094.39503211736,7143.98528284307,118.239917201956,2.97032225070904,1,0,0.83093220338983,1,0,0.15,0.61864406779661,60,838.675791930599,230.537645777869,396.39850418559,0.915254237288136,0.274882914227416,280.296070361835,166.521245435284,0.999491949239631,ok,0.94793797608336,0.153076098072115,0.481940677966102,0.099513648270762,0.62,0.59855666874476,1,0,0,1,request_confirmation
high_risk_irregular,286,7119.59563082469,7168.50726444955,118.659927180412,2.98087458064858,1,0,0.88728813559322,1,0,0.1,0.745762711864407,60,831.784466251418,200.706854459118,318.440296138389,0.864406779661017,0.241296709186742,225.171292802507,172.813112209099,0.998748676926968,ok,0.951722364565538,0.133700550174854,0.514627118644068,0.0968869794086099,0.62,0.582987447536916,1,0,0,1,request_confirmation
high_risk_irregular,287,7144.79788748711,7192.77622184413,119.079964791452,2.99142760482913,1,0,0.906073446327684,1,0,0.0833333333333333,0.788135593220339,60,813.182316684498,195.071386980982,299.631420590137,0.830508474576271,0.239886410437853,211.871409355845,176.681062751321,0.998399875396071,ok,0.95428256205001,0.111804866812013,0.525522598870056,0.0929808527044653,0.62,0.573475300263117,1,0,0,1,request_confirmation
high_risk_irregular,288,7169.43609863963,7215.96969925768,119.490601643994,3.00174444437017,1,0,0.868502824858757,1,0,0.116666666666667,0.703389830508475,60,791.040580135364,215.444248165646,355.337837795719,0.847457627118644,0.272355494238714,251.261794717519,172.336759429475,0.999071227847867,ok,0.953788913746724,0.110784854153367,0.503731638418079,0.0912456195208569,0.62,0.579952408583103,1,0,0,1,request_confirmation
high_risk_irregular,289,7193.43334149407,7240.26634916636,119.890555691568,3.01179288913849,1,0,0.906073446327684,1,0,0.0833333333333333,0.788135593220339,60,791.50212203717,215.012732394938,346.210251448897,0.864406779661017,0.271651492028269,244.807616515815,180.361251602777,0.999163205683794,ok,0.955605408398319,0.0951640585634307,0.525522598870056,0.0918016267618735,0.62,0.568815873953514,1,0,0,1,request_confirmation
high_risk_irregular,290,7216.88325139084,7265.17094677488,120.281387523181,3.0216121473695,1,0,0.868502824858757,1,0,0.116666666666667,0.703389830508475,60,820.020791953417,238.485286011747,372.394305716646,0.898305084745763,0.290828340393221,263.322538847496,210.740845170361,0.999502998555392,ok,0.954623507895152,0.0987060676312015,0.503731638418079,0.0904339146609717,0.62,0.576570348356897,1,0,0,1,request_confirmation
high_risk_irregular,291,7241.60920363468,7290.65653800375,120.693486727245,3.03196572702752,1,0,0.83093220338983,1,0,0.15,0.61864406779661,60,839.836480623049,243.027274294616,382.423653355154,0.88135593220339,0.289374515041692,270.414358573563,212.133417403741,0.999443160069036,ok,0.952145865690138,0.116312999263024,0.481940677966102,0.0912970626475935,0.62,0.588263001078214,1,0,0,1,request_confirmation
high_risk_irregular,292,7265.99456543027,7315.05012686137,121.099909423838,3.04217669012212,1,0,0.812146892655367,1,0,0.166666666666667,0.576271186440678,60,831.319668108188,233.735145725876,382.540695502694,0.864406779661017,0.281161573210195,270.497119869773,189.988275525492,0.999311251080542,ok,0.949857078155734,0.136730192672358,0.471045197740113,0.0934941373318121,0.62,0.597361171165031,1,0,0,1,request_confirmation
high_risk_irregular,293,7291.4183688976,7339.63356991552,121.523639481627,3.0528224833281,1,0,0.812146892655367,1,0,0.166666666666667,0.576271186440678,60,816.28386519613,247.02175419157,418.512825628354,0.915254237288136,0.302617465227268,295.933257015352,185.642132825622,0.999601928314442,ok,0.948855975022641,0.151723628429028,0.471045197740113,0.0959362748480523,0.62,0.601559333176899,1,0,0,1,request_confirmation
high_risk_irregular,294,7316.13364880073,7365.36053888863,121.935560813346,3.06317159412165,1,0,0.88728813559322,1,0,0.1,0.745762711864407,60,838.506867120832,241.552530424133,390.772065767232,0.932203389830508,0.288074600096655,276.317577602285,200.857776091961,0.99961664884151,ok,0.952587883933809,0.132727378381226,0.514627118644068,0.096892032320228,0.62,0.582714959434701,1,0,0,1,request_confirmation
high_risk_irregular,295,7340.45833505281,7390.51596157698,122.34097225088,3.07335715034548,1,0,0.906073446327684,1,0,0.0833333333333333,0.788135593220339,60,848.039861024273,233.371879363108,363.381629363008,0.932203389830508,0.275189752379374,256.949614281199,207.127409764332,0.999555422168757,ok,0.955275857210764,0.111145218148582,0.525522598870056,0.0933228112709761,0.62,0.573290598637357,1,0,0,1,request_confirmation
high_risk_irregular,296,7366.24492993104,7413.62310744308,122.770748832184,3.08415485639733,1,0,0.906073446327684,1,0,0.0833333333333333,0.788135593220339,60,804.376142574205,232.732072536077,385.020950126579,0.932203389830508,0.289332390927552,272.250924733391,184.953694625677,0.999588738665613,ok,0.956492225403047,0.0953068573750602,0.525522598870056,0.0908294328874948,0.62,0.568855857620771,1,0,0,1,request_confirmation
high_risk_irregular,297,7391.35431823992,7437.8456588359,123.189238637332,3.09466899350544,1,0,0.88728813559322,1,0,0.1,0.745762711864407,60,788.828287648701,230.564500101195,378.239368757973,0.949152542372881,0.292287312348357,267.455622560482,186.513987075,0.999626873979472,ok,0.956077189185996,0.0912471611960145,0.514627118644068,0.0897241821006074,0.62,0.571100498622841,1,0,0,1,request_confirmation
high_risk_irregular,298,7414.31333770434,7462.73577414938,123.571888961739,3.1042826995642,1,0,0.906073446327684,1,0,0.0833333333333333,0.788135593220339,60,818.544445105014,210.696186652849,339.567167909677,0.915254237288136,0.257403477493293,240.110247097243,176.444992501926,0.999258265989464,ok,0.95667595562169,0.0808502094012677,0.525522598870056,0.0897457081546277,0.62,0.559544838293372,1,0,0,1,request_confirmation
high_risk_irregular,299,7438.85315031645,7485.87290309246,123.980885838608,3.11455833635937,1,0,0.924858757062147,1,0,0.0666666666666667,0.830508474576271,60,800.454070942742,186.789646220725,303.64054306245,0.932203389830508,0.233354608342153,214.706287042624,153.889421907088,0.998546050662228,ok,0.957532655689283,0.0657348437435191,0.536418079096045,0.0884706523778397,0.62,0.551931179976999,1,0,0,1,request_confirmation
high_risk_irregular,300,7463.62351408629,7510.1479929754,124.393725234772,3.12493051260238,1,0,0.868502824858757,1,0,0.116666666666667,0.703389830508475,60,790.203647100321,186.401412957053,308.66239963636,0.830508474576271,0.235890347559213,218.257275880182,147.833470601665,0.998096990098363,ok,0.954814302895586,0.077130918451601,0.503731638418079,0.0872162937504375,0.62,0.565266148691872,1,0,0,1,request_confirmation
high_risk_irregular,301,7486.87050459278,7534.57345903535,124.781175076546,3.13466480172681,1,0,0.849717514124294,1,0,0.133333333333333,0.661016949152542,60,811.675932381464,226.617576428941,359.670790807761,0.813559322033898,0.279197112281059,254.325655174896,195.011571484652,0.998918792087311,ok,0.952973121995206,0.093217892347539,0.49283615819209,0.0905933473654598,0.62,0.573151857314938,1,0,0,1,request_confirmation
high_risk_irregular,302,7511.10364422623,7559.47211378048,125.185060737104,3.14481202433263,1,0,0.868502824858757,1,0,0.116666666666667,0.703389830508475,60,822.068680084746,233.60681692988,366.631092651795,0.864406779661017,0.284169464898964,259.247331807918,204.780640644316,0.99931815799279,ok,0.953302456622849,0.0975795689945184,0.503731638418079,0.092723423317297,0.62,0.570991770843889,1,0,0,1,request_confirmation
high_risk_irregular,303,7535.29791000741,7583.65367718499,125.588298500123,3.15494296916187,1,0,0.868502824858757,1,0,0.116666666666667,0.703389830508475,60,818.003635827299,225.859251276803,372.419008228581,0.898305084745763,0.276110326879388,263.340006161198,180.767375180523,0.999412502328135,ok,0.953503612904176,0.100694148554587,0.503731638418079,0.0925081931026577,0.62,0.571863853120708,1,0,0,1,request_confirmation
high_risk_irregular,304,7560.44794668462,7608.75724458697,126.007465778077,3.16547412709552,1,0,0.924858757062147,1,0,0.0666666666666667,0.830508474576271,60,821.41884677488,219.133944483347,345.933476739637,0.949152542372881,0.266774916772032,244.611907242036,190.274501930959,0.999483333866558,ok,0.956653029058413,0.0804927941769641,0.536418079096045,0.0923899377366331,0.62,0.556063406098364,1,1,0,0,alert
high_risk_irregular,305,7584.58888439414,7632.04514847869,126.409814739902,3.17558274168517,1,0,0.88728813559322,1,0,0.1,0.745762711864407,60,806.524521561642,223.254990047812,363.334345935394,0.88135593220339,0.276811162065515,256.916179848896,183.520183343269,0.999328572095914,ok,0.9559970416967,0.0805271008150332,0.514627118644068,0.0892747247810062,0.62,0.568098881716167,1,0,0,1,request_confirmation
high_risk_irregular,306,7609.65553066065,7656.72758904132,126.827592177677,3.18607898127669,1,0,0.83093220338983,1,0,0.15,0.61864406779661,60,799.505740905786,226.973565666249,391.330479958405,0.864406779661017,0.283892352554096,276.712436063575,162.678292191259,0.999286458306097,ok,0.952739222406888,0.103050404331015,0.481940677966102,0.0898492391111997,0.62,0.584549474497252,1,0,0,1,request_confirmation
high_risk_irregular,307,7632.86272306607,7680.46281995506,127.214378717768,3.1957966056108,1,0,0.83093220338983,1,0,0.15,0.61864406779661,60,806.961191272856,223.4606712964,384.747521224329,0.898305084745763,0.276916255345471,272.057581302438,160.791839619873,0.999400595734566,ok,0.951207750843112,0.11964836136983,0.481940677966102,0.0930257266720921,0.62,0.58919690246812,1,0,0,1,request_confirmation
high_risk_irregular,308,7657.83486909635,7705.19220268,127.630581151606,3.20625327480625,1,0,0.88728813559322,1,0,0.1,0.745762711864407,60,807.743560644566,212.235457705889,359.866390066196,0.88135593220339,0.262751036401366,254.46396473693,159.172452596607,0.999177967537621,ok,0.953435125552293,0.109315264029587,0.514627118644068,0.0942426817450956,0.62,0.576159567416242,1,0,0,1,request_confirmation
high_risk_irregular,309,7681.1129985804,7730.09083361794,128.01854997634,3.21600060285761,1,0,0.906073446327684,1,0,0.0833333333333333,0.788135593220339,60,827.133561048022,209.667273005238,346.748350252999,0.932203389830508,0.253486598632968,245.188109829144,166.743880059562,0.999267807735133,ok,0.955502586507325,0.0941584132288019,0.525522598870056,0.0922387897159775,0.62,0.568534293259818,1,0,0,1,request_confirmation
high_risk_irregular,310,7706.28603081563,7755.78087498183,128.438100513594,3.22654138979723,1,0,0.849717514124294,1,0,0.133333333333333,0.661016949152542,60,843.144538363911,243.485234554558,403.484077578634,1,0.288782318423164,285.306327356651,192.79631340468,0.999757097842045,ok,0.953714397589895,0.105500646886288,0.49283615819209,0.09078466652516,0.62,0.581854186480525,1,0,0,1,request_confirmation
high_risk_irregular,311,7730.90462129371,7781.49535084291,128.848410354895,3.23685001350845,1,0,0.849717514124294,1,0,0.133333333333333,0.661016949152542,60,856.741953749596,229.378133469609,391.136521824671,0.932203389830508,0.267733046649249,276.575286951945,169.513323592728,0.999508770480664,ok,0.952739522411571,0.113838963546198,0.49283615819209,0.0922172367461623,0.62,0.584188915145299,1,0,0,1,request_confirmation
high_risk_irregular,312,7756.72556796404,7807.35908040104,129.278759466067,3.24766210379967,1,0,0.849717514124294,1,0,0.133333333333333,0.661016949152542,60,859.636756986927,235.02534907671,379.103210573125,0.898305084745763,0.273400767436337,268.066450965848,196.504980302875,0.999446098579889,ok,0.952243879278487,0.119944996833355,0.49283615819209,0.093070947513012,0.62,0.585898604465703,1,0,0,1,request_confirmation
high_risk_irregular,313,7782.29148872515,7831.64399748855,129.704858145419,3.25836740624952,1,0,0.812146892655367,1,0,0.166666666666667,0.576271186440678,60,835.810777427261,250.319729748124,390.171572448082,0.898305084745763,0.299493302202494,275.892964704257,221.817506588284,0.999545478797452,ok,0.950016144069712,0.13936228231626,0.471045197740113,0.0936362322756737,0.62,0.598098156265324,1,0,0,1,request_confirmation
high_risk_irregular,314,7808.54368294481,7854.53457551777,130.142394715747,3.26936007425158,1,0,0.812146892655367,1,0,0.166666666666667,0.576271186440678,60,786.258251945345,221.966899798209,338.311840625541,0.830508474576271,0.282307879439132,239.222596662022,203.25146606688,0.999036692288065,ok,0.948668813665156,0.153532962014376,0.471045197740113,0.0952215168625358,0.62,0.602065946580796,1,0,0,1,request_confirmation
high_risk_irregular,315,7832.66950561293,7877.4769407561,130.544491760215,3.27946235967001,1,0,0.737005649717514,1,0,0.233333333333333,0.406779661016949,60,763.882387792464,235.669816352036,401.204970007315,0.864406779661017,0.308515839765721,283.694754937918,174.922299034513,0.999362227896132,ok,0.943932919199896,0.193833109228886,0.427463276836158,0.0968135430508856,0.62,0.626875411529673,1,0,0,1,request_confirmation
high_risk_irregular,316,7855.50243814589,7902.45718427775,130.925040635765,3.28902326893147,1,0,0.755790960451977,1,0,0.216666666666667,0.449152542372881,60,798.71014599973,239.185631604923,403.682866422179,0.864406779661017,0.299464871959951,285.446892295946,181.492711729916,0.999364529976901,ok,0.942488477146422,0.215907146696391,0.438358757062147,0.101267585928998,0.62,0.62967478608837,1,0,0,1,request_confirmation
high_risk_irregular,317,7878.46837708893,7927.79256747392,131.307806284816,3.29863987240636,1,0,0.94364406779661,1,0,0.05,0.872881355932203,60,838.593778630397,200.347464585757,326.840933313236,0.88135593220339,0.238908837259642,231.11144031513,163.907642553204,0.998793319289586,ok,0.95259478902022,0.157129304730985,0.547313559322034,0.10205415077195,0.62,0.579403431016023,1,0,0,1,request_confirmation
high_risk_irregular,318,7903.54803483169,7954.59581377048,131.725800580528,3.30914156033631,1,0,0.924858757062147,1,0,0.0666666666666667,0.830508474576271,60,868.977158212148,228.752217663579,374.675454190957,0.949152542372881,0.263243073194489,264.935554402575,185.645646825912,0.999526015765414,ok,0.956279888938035,0.121233743785943,0.536418079096045,0.0932869140864072,0.62,0.572734029883615,1,0,0,1,request_confirmation
high_risk_irregular,319,7929.23081461649,7979.57801829856,132.153846910275,3.31989579555117,1,0,0.906073446327684,1,0,0.0833333333333333,0.788135593220339,60,863.09084707732,218.849229410464,340.5728178567,0.88135593220339,0.253564535125766,240.821348994283,194.409486125758,0.999177692576358,ok,0.956724018336698,0.102408015524414,0.525522598870056,0.0894745969746045,0.62,0.57084418190259,1,0,0,1,request_confirmation
high_risk_irregular,320,7955.46726929541,8003.53938996682,132.591121154924,3.33088187288334,1,0,0.88728813559322,1,0,0.1,0.745762711864407,60,815.726269939007,201.380849824989,340.533575018098,0.915254237288136,0.246873071575893,240.793600116995,152.075426993206,0.999038156100938,ok,0.955879974644311,0.0962632026752091,0.514627118644068,0.0889175788644418,0.62,0.572504990237016,1,0,0,1,request_confirmation
high_risk_irregular,321,7980.27086757178,8029.53574105611,133.00451445953,3.34126796552105,1,0,0.849717514124294,1,0,0.133333333333333,0.661016949152542,60,832.628712625843,225.361432996262,381.636142519297,0.898305084745763,0.270662576943263,269.857504321271,169.565557604582,0.999390115440529,ok,0.95371344915337,0.106929488017667,0.49283615819209,0.0900629392748772,0.62,0.582254261997311,1,0,0,1,request_confirmation
high_risk_irregular,322,8004.45971942796,8054.64211697718,133.407661990466,3.3513966433596,1,0,0.868502824858757,1,0,0.116666666666667,0.703389830508475,60,851.712116839357,226.620966718213,357.97316536705,0.88135593220339,0.266076955156147,253.125252713855,196.575002355695,0.99930680632849,ok,0.95364209531946,0.107367046773854,0.503731638418079,0.0920161641243225,0.62,0.57899542251684,1,0,0,1,request_confirmation
high_risk_irregular,323,8030.38296822933,8078.64778652903,133.839716137155,3.36225157096008,1,0,0.868502824858757,1,0,0.116666666666667,0.703389830508475,60,818.534091215372,215.874915315813,340.948740861541,0.898305084745763,0.263733566668284,241.087166700211,187.299055463938,0.999289080642328,ok,0.953599880319295,0.107688010708434,0.503731638418079,0.0920655110420361,0.62,0.573822134523785,1,0,0,1,request_confirmation
high_risk_irregular,324,8055.39380122527,8104.54313934635,134.256563353755,3.37272443967645,1,0,0.94364406779661,1,0,0.05,0.872881355932203,60,831.683706153024,213.553851052251,348.244706311118,0.88135593220339,0.25677291676189,246.246193344909,174.852242941391,0.999154560937354,ok,0.957520684132305,0.0780015095394875,0.547313559322034,0.0919706734372173,0.62,0.551984490467667,1,0,0,1,request_confirmation
high_risk_irregular,325,8079.88466202107,8128.7994869293,134.664744367018,3.38297957871589,1,0,0.906073446327684,1,0,0.0833333333333333,0.788135593220339,60,835.861673337898,220.475078764858,356.723489787329,0.898305084745763,0.263769814788159,252.24159863715,183.283105139879,0.999326546668752,ok,0.957355650048551,0.0711587076601392,0.525522598870056,0.0884571035843859,0.62,0.556831217805856,1,0,0,1,request_confirmation
high_risk_irregular,326,8105.27355735606,8153.22354861281,135.087892622601,3.39361075472431,1,0,0.906073446327684,1,0,0.0833333333333333,0.788135593220339,60,811.340154440971,195.689463416227,317.616062043959,0.864406779661017,0.241192873722687,224.588471285051,161.705753608539,0.998646914074385,ok,0.956924881114714,0.0661689502403318,0.525522598870056,0.0879326030287468,0.62,0.55543408572831,1,0,0,1,request_confirmation
high_risk_irregular,327,8129.59401162422,8178.00569206363,135.49323352707,3.40379453887554,1,0,0.94364406779661,1,0,0.05,0.872881355932203,60,820.103418905676,200.487334590445,316.272851988333,0.847457627118644,0.244465917308296,223.638678346159,174.287361016069,0.998684437997267,ok,0.958678251281457,0.0476763111599205,0.547313559322034,0.0883750497494366,0.62,0.543493434921388,1,0,0,1,request_confirmation
high_risk_irregular,328,8154.11253494952,8202.89446640493,135.901875582492,3.41406126113732,1,0,0.924858757062147,1,0,0.0666666666666667,0.830508474576271,60,827.848629868628,217.622238072903,344.006432046241,0.847457627118644,0.262876847555376,243.249280871686,188.543534397565,0.999047243184806,ok,0.958674038803584,0.0416839211620367,0.536418079096045,0.0870896869802366,0.62,0.545196921654184,1,0,0,1,request_confirmation
high_risk_irregular,329,8178.88616323292,8227.26996832234,136.314769387215,3.42443480434088,1,0,0.906073446327684,1,0,0.0833333333333333,0.788135593220339,60,821.071270978368,216.530233150126,350.6925488862,0.88135593220339,0.263716733009199,247.977079429027,179.660935692615,0.999224429577437,ok,0.957816391492723,0.0448676915704966,0.525522598870056,0.0872708331020686,0.62,0.549469733300756,1,1,0,0,alert
high_risk_irregular,330,8203.72485440919,8252.09981998644,136.728747573487,3.43483559154448,1,0,0.83093220338983,1,0,0.15,0.61864406779661,60,820.089226358681,233.402742350391,387.540033837579,0.932203389830508,0.284606521886325,274.032185907816,184.010981628679,0.999581664860024,ok,0.953767473708185,0.0772058318044287,0.481940677966102,0.0884342568568645,0.62,0.577312994189808,1,0,0,1,request_confirmation
high_risk_irregular,331,8228.13146404785,8276.35336002428,137.135524400797,3.44505545181859,1,0,0.868502824858757,1,0,0.116666666666667,0.703389830508475,60,818.056528365761,223.417675203357,365.747714910633,0.949152542372881,0.27310786902426,258.622689416793,181.508180822163,0.999539542966512,ok,0.953784534164115,0.0859878487271016,0.503731638418079,0.0921981176808182,0.62,0.573009247063749,1,0,0,1,request_confirmation
high_risk_irregular,332,8253.05370836143,8301.03424587103,137.550895139357,3.45549122550337,1,0,0.906073446327684,1,0,0.0833333333333333,0.788135593220339,60,815.573764743016,197.996389497411,316.4926187748,0.915254237288136,0.24276944411006,223.79407693115,168.2894876056,0.998928799470802,ok,0.955480269303881,0.0772825799278791,0.525522598870056,0.0915713373565338,0.62,0.56380905993556,1,0,0,1,request_confirmation
high_risk_irregular,333,8277.2846805208,8325.07452293076,137.954744675347,3.4656375405156,1,0,0.868502824858757,1,0,0.116666666666667,0.703389830508475,60,812.019381774602,225.943424947483,358.785522893233,0.88135593220339,0.278248807871682,253.699676229366,194.261001838024,0.999349172097968,ok,0.954487644222757,0.0858270595285662,0.503731638418079,0.0903977189523207,0.62,0.572964226088159,1,0,0,1,request_confirmation
high_risk_irregular,334,8301.98834343179,8348.85927499173,138.36647239053,3.47598178688766,1,0,0.88728813559322,1,0,0.1,0.745762711864407,60,797.083818678381,230.169161676466,356.180083955325,0.932203389830508,0.288764062552546,251.857352688404,206.212414443173,0.999576288442582,ok,0.955136565314115,0.0846417532392489,0.514627118644068,0.0915579028731905,0.62,0.569250984394947,1,0,0,1,request_confirmation
high_risk_irregular,335,8325.83121034575,8374.63877051481,138.763853505763,3.4859655893085,1,0,0.94364406779661,1,0,0.05,0.872881355932203,60,826.070793067525,202.607687172784,324.262353912504,0.932203389830508,0.245266736063168,229.288109335044,171.83338651313,0.999091810601531,ok,0.958140238295761,0.06122733605396,0.547313559322034,0.0904634392062631,0.62,0.552550879786456,1,0,0,1,request_confirmation
high_risk_irregular,336,8349.88299281731,8399.70649692457,139.164716546955,3.49603687163085,1,0,0.94364406779661,1,0,0.05,0.872881355932203,60,847.453698880795,203.754849672569,323.34706020904,0.88135593220339,0.240431837092293,228.640898950547,175.3722237336,0.998871463698261,ok,0.959297778157006,0.0440036997398299,0.547313559322034,0.0874196397002456,0.62,0.547728261618499,1,0,0,1,request_confirmation
high_risk_irregular,337,8375.74150216873,8424.13343123665,139.595691702812,3.50686469066761,1,0,0.88728813559322,1,0,0.1,0.745762711864407,60,824.911012030788,221.816734619014,366.382195235195,0.864406779661017,0.268897773679781,259.07133475682,176.882364924838,0.999206688319986,ok,0.957140985121305,0.0539419990688638,0.514627118644068,0.0866667768524,0.62,0.560655053227239,1,0,0,1,request_confirmation
high_risk_irregular,338,8400.61452771201,8449.31136914027,140.010242128534,3.51727985481412,1,0,0.94364406779661,1,0,0.05,0.872881355932203,60,826.747870261682,214.217560797459,353.478661464911,0.898305084745763,0.259108693838734,249.947158526582,171.186286403187,0.999246946716719,ok,0.959078077643196,0.0389160308308543,0.547313559322034,0.0887344207026924,0.62,0.546303714323986,1,0,0,1,request_confirmation
high_risk_irregular,339,8425.2590918338,8473.28840271885,140.420984863897,3.52759935455496,1,0,0.981214689265537,1,0,0.0166666666666667,0.957627118644068,60,819.249524703404,192.522233632611,290.99396071096,0.898305084745763,0.234998285415314,205.763802903052,178.299967191958,0.998633001619811,ok,0.961446890313629,0.03,0.569104519774011,0.086299608635207,0.62,0.53704451382694,1,0,0,1,request_confirmation
high_risk_irregular,340,8450.39004887043,8498.49181027869,140.83983414784,3.53812252320769,1,0,0.924858757062147,1,0,0.0666666666666667,0.830508474576271,60,819.674018973763,212.368426384747,341.458414843551,0.898305084745763,0.259088883469349,241.447560629084,178.616271701465,0.99922814617267,ok,0.959977559977611,0.03,0.536418079096045,0.0846680692778591,0.62,0.54718858162355,1,0,0,1,request_confirmation
high_risk_irregular,341,8474.26451930906,8523.83917295495,141.237741988484,3.5481195590768,1,0,0.94364406779661,1,0,0.05,0.872881355932203,60,842.512837268256,207.304677519631,336.554412546431,0.88135593220339,0.246055215243712,237.979907349836,171.219223046947,0.99898963571656,ok,0.960144282080739,0.03,0.547313559322034,0.0858107293376061,0.62,0.543807225691347,1,0,0,1,request_confirmation
high_risk_irregular,342,8499.02117597017,8549.24424481943,141.650352932836,3.55848599569689,1,0,0.906073446327684,1,0,0.0833333333333333,0.788135593220339,60,845.873909012298,231.185070134501,370.011443468571,0.813559322033898,0.273309139425341,261.63760079325,196.058254499371,0.99892271508576,ok,0.958313575085563,0.0362532191531658,0.525522598870056,0.0855870899298657,0.62,0.55232083891864,1,0,0,1,request_confirmation
high_risk_irregular,343,8524.91532386242,8575.42640210644,142.081922064374,3.56932873777757,1,0,0.812146892655367,1,0,0.166666666666667,0.576271186440678,60,859.787152524826,255.390153396036,429.855401655965,0.898305084745763,0.297038810880187,303.9536694406,195.090819201971,0.999550741380318,ok,0.953036582044784,0.0784201722094299,0.471045197740113,0.0879359807998887,0.62,0.581034365435411,1,0,0,1,request_confirmation
high_risk_irregular,344,8550.41148368848,8599.53725113087,142.506858061475,3.58000482900066,1,0,0.812146892655367,1,0,0.166666666666667,0.576271186440678,60,838.216771857173,233.575299159787,377.957864560136,0.915254237288136,0.278657391503002,267.256569033259,194.135949951931,0.99951683465317,ok,0.950396797082002,0.109371554417682,0.471045197740113,0.0928624475310734,0.62,0.589700752453722,1,0,0,1,request_confirmation
high_risk_irregular,345,8576.75872574547,8624.21791156315,142.945978762424,3.5910372966976,1,0,0.924858757062147,1,0,0.0666666666666667,0.830508474576271,60,813.191824278413,199.834672845898,307.111309184569,0.898305084745763,0.245741123901758,217.160489303487,180.856614002154,0.99893884077471,ok,0.955007105292069,0.0870256360521121,0.536418079096045,0.0947658515176286,0.62,0.563155759718142,1,0,0,1,request_confirmation
high_risk_irregular,346,8600.53522887708,8647.69368928209,143.342253814618,3.60099331039264,1,0,0.94364406779661,1,0,0.05,0.872881355932203,60,802.607302520305,188.135891342281,314.268707687786,0.915254237288136,0.234405905293294,222.221534320766,146.31410358005,0.998557866520682,ok,0.957792914951597,0.0628942614800063,0.547313559322034,0.0900511875461367,0.62,0.553017618905749,1,0,0,1,request_confirmation
high_risk_irregular,347,8625.29212359738,8673.60186812664,143.754868726623,3.61135984669604,1,0,0.88728813559322,1,0,0.1,0.745762711864407,60,823.065942724907,211.406227635417,341.156123968065,0.898305084745763,0.256852114346415,241.233808701137,176.610972778078,0.99920298865445,ok,0.956452486570438,0.0677125081314968,0.514627118644068,0.0880776485999492,0.62,0.564510795764776,1,0,0,1,request_confirmation
high_risk_irregular,348,8648.5369439609,8699.03427245362,144.142282399348,3.62109322710934,1,0,0.849717514124294,1,0,0.133333333333333,0.661016949152542,60,855.676386192284,222.468079801523,356.865873507698,0.88135593220339,0.259990907066507,252.342279131354,187.902813241173,0.999248628893501,ok,0.953916655374156,0.0862914302152835,0.49283615819209,0.0893832915172894,0.62,0.571212447917906,1,0,0,1,request_confirmation
high_risk_irregular,349,8674.47170946868,8724.66880368884,144.574528491145,3.63195297713833,1,0,0.906073446327684,1,0,0.0833333333333333,0.788135593220339,60,851.115592703385,218.644795471775,345.452475448823,0.88135593220339,0.256892010140828,244.271787967542,189.584774644296,0.999200691513824,ok,0.955682081933613,0.07751888237204,0.525522598870056,0.0917190354621169,0.62,0.558612066725188,1,0,0,1,request_confirmation
high_risk_irregular,350,8699.97592144585,8750.35480755986,144.999598690764,3.64263244006525,1,0,0.94364406779661,1,0,0.05,0.872881355932203,60,855.342251770647,200.156313712549,321.41671821964,0.915254237288136,0.234007279890832,227.275941039833,168.732766416161,0.998842903153742,ok,0.958236138972772,0.0560074658611556,0.547313559322034,0.0897017461361459,0.62,0.545826158237734,1,0,0,1,request_confirmation
high_risk_irregular,351,8725.72033039892,8773.01838537353,145.428672173315,3.65341248146531,1,0,0.88728813559322,1,0,0.1,0.745762711864407,60,805.826361411574,222.876058465464,363.605811439405,0.915254237288136,0.276580748829127,257.10813494764,182.32630588576,0.999455203276717,ok,0.956784504239804,0.0627342853710077,0.514627118644068,0.0879132326423114,0.62,0.557853735497102,1,0,0,1,request_confirmation
high_risk_irregular,352,8751.06729877589,8797.98826946144,145.851121646265,3.66402610126011,1,0,0.83093220338983,1,0,0.15,0.61864406779661,60,793.891031692999,229.143766012296,395.289529483395,0.949152542372881,0.28863377575086,279.511906829748,163.972024885326,0.999613509103038,ok,0.95328031666223,0.0901899975320877,0.481940677966102,0.0894360751176225,0.62,0.575685402698815,1,0,0,1,request_confirmation
high_risk_irregular,353,8774.045156325,8821.20735181002,146.23408593875,3.67364769545229,1,0,0.868502824858757,1,0,0.116666666666667,0.703389830508475,60,803.14944060808,225.291172085257,368.189954007663,0.898305084745763,0.280509654485577,260.349613243581,183.658115320329,0.999422154877794,ok,0.953498147078567,0.0953773127951536,0.503731638418079,0.0925386572152976,0.62,0.570375139108067,1,0,0,1,request_confirmation
high_risk_irregular,354,8798.65963048887,8845.88557786881,146.644327174814,3.68395459552566,1,0,0.88728813559322,1,0,0.1,0.745762711864407,60,798.288473456383,214.88374582851,316.015297833661,0.864406779661017,0.269180569397576,223.456560056868,205.954398375308,0.999151902267916,ok,0.954466706104683,0.0915786245280965,0.514627118644068,0.0920636440140634,0.62,0.565930150461087,1,1,0,0,alert
high_risk_irregular,355,8822.1252858054,8869.10739890332,147.03542143009,3.69378044688829,1,0,0.906073446327684,1,0,0.0833333333333333,0.788135593220339,60,798.334118221789,201.7461588467,317.5698946957,0.915254237288136,0.252708927555382,224.555826040027,176.004847121539,0.999097990837427,ok,0.955873437849891,0.0812512924736943,0.525522598870056,0.0910992870990245,0.62,0.564920299448388,1,0,0,1,request_confirmation
high_risk_irregular,356,8846.55761375059,8893.33000482164,147.442626895843,3.70401107627384,1,0,0.83093220338983,1,0,0.15,0.61864406779661,60,790.740449213763,225.503976530464,400.462228694766,0.949152542372881,0.285180778034921,283.169557519147,146.693859982327,0.999586864370391,ok,0.952823808231605,0.103621813566887,0.481940677966102,0.090265832791493,0.62,0.584709469083296,1,0,0,1,request_confirmation
high_risk_irregular,357,8870.07078682973,8919.18590832321,147.834513113829,3.71385682490617,1,0,0.812146892655367,1,0,0.166666666666667,0.576271186440678,60,834.641823664713,248.050033159263,439.078745852073,0.949152542372881,0.297193390177999,310.475558666885,163.286758100921,0.999689958880609,ok,0.95037255155149,0.12756151198847,0.471045197740113,0.0932355791429003,0.62,0.594793940573542,1,0,0,1,request_confirmation
high_risk_irregular,358,8894.85337671633,8942.86220935634,148.247556278605,3.72423412063144,1,0,0.849717514124294,1,0,0.133333333333333,0.661016949152542,60,825.536742244829,229.403229393302,364.295482134499,0.898305084745763,0.27788373024985,257.595805772927,197.220901935745,0.999436660938359,ok,0.951110812554738,0.130091093507825,0.49283615819209,0.0952864624799586,0.62,0.588739511534555,1,0,0,1,request_confirmation
high_risk_irregular,359,8920.11981580075,8967.86578084274,148.668663596679,3.73481402012956,1,0,0.88728813559322,1,0,0.1,0.745762711864407,60,811.331208658765,208.345966127836,329.297800400278,0.847457627118644,0.256795207560496,232.848707692851,180.547950775555,0.998914161921095,ok,0.953255135884618,0.116813309133889,0.514627118644068,0.0940699981196416,0.62,0.578259020045446,1,0,0,1,request_confirmation
high_risk_irregular,360,8943.69438959776,8993.98554578064,149.061573159963,3.74468547928731,1,0,0.868502824858757,1,0,0.116666666666667,0.703389830508475,60,852.055607071799,228.83931269529,380.515512982163,0.830508474576271,0.2685732137621,269.065099576365,179.830014902036,0.999031110438252,ok,0.953289418984488,0.11450201220742,0.503731638418079,0.0921712827067112,0.62,0.580993212838238,1,0,0,1,request_confirmation
high_risk_irregular,361,8969.01321885138,9017.43458801496,149.483553647523,3.75528731629404,1,0,0.849717514124294,1,0,0.133333333333333,0.661016949152542,60,826.1467862037,244.941251789566,388.265796908407,0.88135593220339,0.296486357969286,274.545377896733,211.228002717487,0.999459637594414,ok,0.952512706193398,0.120361988217753,0.49283615819209,0.0925675837489954,0.62,0.586015362053335,1,0,0,1,request_confirmation
high_risk_irregular,362,8994.9627296301,9040.32073182477,149.916045493835,3.76615324065904,1,0,0.812146892655367,1,0,0.166666666666667,0.576271186440678,60,772.25310073538,232.443742417813,386.026767879078,0.949152542372881,0.300994249419611,272.962145286822,183.171651788188,0.999647524068825,ok,0.950197877455106,0.13964443786959,0.471045197740113,0.0934855802470301,0.62,0.598177159820256,1,0,0,1,request_confirmation
high_risk_irregular,363,9018.34711552694,9064.53078484427,150.305785258782,3.77594506180911,1,0,0.755790960451977,1,0,0.216666666666667,0.449152542372881,60,784.936613821965,243.782245104208,420.673133931468,0.932203389830508,0.310575708676906,297.460825665938,174.288907421657,0.999652075860782,ok,0.945922064807604,0.176219121532575,0.438358757062147,0.0956660710529825,0.62,0.618562139042502,1,0,0,1,request_confirmation
high_risk_irregular,364,9041.29974078381,9088.47286250066,150.688329013064,3.78555609040022,1,0,0.718220338983051,1,0,0.25,0.364406779661017,60,802.53551126494,247.093443798005,425.286936930496,0.898305084745763,0.307890978442239,300.723277053609,177.977106881906,0.999547935028225,ok,0.941449059532976,0.217975815881289,0.416567796610169,0.0995811941090774,0.62,0.637016725324549,1,0,1,0,request_more_data
high_risk_irregular,365,9065.25408207706,9112.5903799883,151.087568034618,3.79558657085612,1,0,0.774576271186441,1,0,0.2,0.491525423728814,60,800.993252400516,237.042521296579,403.174377587682,0.949152542372881,0.295935728030393,285.087336392916,176.361913217313,0.999658436682023,ok,0.942437978283565,0.226128789988848,0.449254237288136,0.103896320721026,0.62,0.629155490278055,1,0,1,0,request_more_data
high_risk_irregular,366,9089.24965645221,9138.02226185206,151.487494274203,3.8056343169766,1,0,0.868502824858757,1,0,0.116666666666667,0.703389830508475,60,825.823322523308,233.756951359477,383.862448970301,0.966101694915254,0.283059275493978,271.431740709775,188.704623030321,0.999657606452236,ok,0.948558884553206,0.194504513322068,0.503731638418079,0.102965906865685,0.62,0.60339391315034,1,0,1,0,request_more_data
high_risk_irregular,367,9113.33088147314,9163.59340155912,151.888848024552,3.81571792787491,1,0,0.924858757062147,1,0,0.0666666666666667,0.830508474576271,60,850.050359513588,216.324587994083,356.170158399413,0.864406779661017,0.254484437978319,251.850334260512,173.678046610642,0.999080559559825,ok,0.954282224171233,0.148545689250732,0.536418079096045,0.0966352080798116,0.62,0.580381374613755,1,0,1,0,request_more_data
high_risk_irregular,368,9138.84166156245,9187.19009301317,152.314027692708,3.82640014108912,1,0,0.924858757062147,1,0,0.0666666666666667,0.830508474576271,60,819.46385268514,203.867091102705,312.105963170638,0.830508474576271,0.248781066345627,220.692243006717,185.522277762056,0.998669076476472,ok,0.956555539773744,0.114760365240454,0.536418079096045,0.0908437857555136,0.62,0.570921483890878,1,0,1,0,request_more_data
high_risk_irregular,369,9164.56125976358,9212.75475481661,152.742687662726,3.83716979340106,1,0,0.924858757062147,1,0,0.0666666666666667,0.830508474576271,60,819.35588762495,201.061018212593,303.445255247765,0.915254237288136,0.245389117536465,214.568197704578,186.578548132358,0.999016509602998,ok,0.957732545117092,0.0902201939282738,0.536418079096045,0.0890543022156782,0.62,0.564050235923467,1,0,1,0,request_more_data
high_risk_irregular,370,9188.33772982749,9236.80708358689,153.138962163791,3.84712579324955,1,0,0.88728813559322,1,0,0.1,0.745762711864407,60,826.949842895397,231.452545958398,353.797322458728,0.983050847457627,0.279887042662726,250.17248587621,211.078870026742,0.9996699044109,ok,0.95666523031314,0.0874500191023555,0.514627118644068,0.0886013120008338,0.62,0.570037298836617,1,0,0,1,request_confirmation
high_risk_irregular,371,9214.00776015106,9262.29062135709,153.566796002518,3.85787468984039,1,0,0.94364406779661,1,0,0.05,0.872881355932203,60,825.597775674424,224.944809270346,336.592561326452,0.966101694915254,0.272462954598673,238.006882610883,211.075953782505,0.99958232119446,ok,0.959059186956615,0.0631357153346582,0.547313559322034,0.089517004700109,0.62,0.553085225985051,1,0,0,1,request_confirmation
high_risk_irregular,372,9237.84750338771,9287.90466526334,153.964125056462,3.8678571842735,1,0,0.924858757062147,1,0,0.0666666666666667,0.830508474576271,60,851.626361274,212.035816678253,337.197453910241,0.966101694915254,0.248977516808024,238.434606258769,181.844201576661,0.99933351803308,ok,0.958993601006297,0.0528060756054829,0.536418079096045,0.0870178822938612,0.62,0.553574282793086,1,0,0,1,request_confirmation
high_risk_irregular,373,9263.41422261513,9313.4496978178,154.390237043586,3.87856282106779,1,0,0.868502824858757,1,0,0.116666666666667,0.703389830508475,60,852.651274345161,237.698259408215,384.589411312579,0.932203389830508,0.27877546959719,271.945780711667,197.601663465953,0.999582476505751,ok,0.956244109079933,0.0678356691293421,0.503731638418079,0.0873284915598312,0.62,0.56266347888164,1,0,0,1,request_confirmation
high_risk_irregular,374,9289.01681098609,9338.23217034409,154.816946849768,3.88928347746704,1,0,0.868502824858757,1,0,0.116666666666667,0.703389830508475,60,838.791751345804,231.220802138835,389.44439759575,0.88135593220339,0.275659365710085,275.378774435065,176.331078582576,0.999367819824506,ok,0.954853363015921,0.0789413603540654,0.503731638418079,0.0896983572893696,0.62,0.565773072424562,1,0,0,1,request_confirmation
high_risk_irregular,375,9314.56833515664,9360.39800209473,155.242805585944,3.89998275158497,1,0,0.793361581920904,1,0,0.183333333333333,0.533898305084746,60,782.471737948873,227.126194117518,351.085392125936,0.88135593220339,0.290267600862996,248.254861547788,203.818889768603,0.999383802680902,ok,0.950245743833985,0.11700246682392,0.460149717514124,0.0910216414459363,0.62,0.589955605964935,1,0,0,1,request_confirmation
high_risk_irregular,376,9338.87532510321,9385.56252509856,155.647922085053,3.91016089777634,1,0,0.88728813559322,1,0,0.1,0.745762711864407,60,788.839245907962,207.733981204435,306.075366611471,0.830508474576271,0.263341336377516,216.427967285129,198.659882389263,0.99882932297375,ok,0.952816787417888,0.107476896999497,0.514627118644068,0.0947983237698039,0.62,0.570381666753079,1,0,0,1,request_confirmation
high_risk_irregular,377,9361.094448863,9410.17530494748,156.018240814383,3.91946478486267,1,0,0.924858757062147,1,0,0.0666666666666667,0.830508474576271,60,829.621714212645,189.320406989071,321.958423044563,0.779661016949153,0.228200882095698,227.658984194938,140.910680646798,0.997551204977863,ok,0.955317304305809,0.0852219915055092,0.536418079096045,0.0911034248050482,0.62,0.557387581350356,1,0,0,1,request_confirmation
high_risk_irregular,378,9386.54986865985,9435.81035132567,156.442497810998,3.93012381687875,1,0,0.88728813559322,1,0,0.1,0.745762711864407,60,837.463770451882,215.239411879194,354.244424479823,0.830508474576271,0.257013401025162,250.488634747209,172.949277866899,0.998873691288912,ok,0.955153522600108,0.0840282069468391,0.514627118644068,0.0900754252414517,0.62,0.563816033538335,1,0,0,1,request_confirmation
high_risk_irregular,379,9411.01277862621,9459.9996403927,156.850212977104,3.94036725197505,1,0,0.849717514124294,1,0,0.133333333333333,0.661016949152542,60,830.405590753675,233.363856559462,380.797507187657,0.932203389830508,0.281023946801299,269.264499591325,190.824548621091,0.999572710781193,ok,0.953457114342517,0.0982241463247062,0.49283615819209,0.090928399537091,0.62,0.574553608428545,1,0,0,1,request_confirmation
high_risk_irregular,380,9436.77270643576,9484.9830091656,157.279545107263,3.95115379163714,1,0,0.868502824858757,1,0,0.116666666666667,0.703389830508475,60,819.544297332288,222.823705531514,338.436173635918,0.864406779661017,0.271887323548991,239.310513376785,205.015330355877,0.999225448921527,ok,0.95348153481435,0.101118352432751,0.503731638418079,0.0921757614395614,0.62,0.571982630206594,1,0,0,1,request_confirmation
high_risk_irregular,381,9461.2013868147,9511.41741256934,157.686689780245,3.96138289366522,1,0,0.962429378531073,1,0,0.0333333333333333,0.915254237288136,60,856.962869610839,205.03331241456,308.241690232532,0.847457627118644,0.239255771382101,217.959789407827,191.235061117644,0.998692590296989,ok,0.958215725662816,0.0657527148047931,0.558209039548022,0.0916199475714995,0.62,0.545173472009749,1,1,0,0,alert
high_risk_irregular,382,9486.17499775919,9537.09473701957,158.10291662932,3.97184017626904,1,0,0.906073446327684,1,0,0.0833333333333333,0.788135593220339,60,868.528797566237,226.307512535032,369.053864342866,0.915254237288136,0.260564201404932,260.960490099941,185.283035020441,0.999405347379682,ok,0.957707056212082,0.0622706308518292,0.525522598870056,0.0878825652566351,0.62,0.559605714194266,1,0,0,1,request_confirmation
high_risk_irregular,383,9512.54841445245,9562.93604380308,158.542473574208,3.9828836041579,1,0,0.88728813559322,1,0,0.1,0.745762711864407,60,858.643853895648,233.55075597735,393.599523446575,0.932203389830508,0.271999566429941,278.316892100867,177.852800952075,0.999544834720857,ok,0.956589236733051,0.0673142004729953,0.514627118644068,0.0885002018814999,0.62,0.564399269620396,1,0,0,1,request_confirmation
high_risk_irregular,384,9537.88487294097,9587.18506132757,158.964747882349,3.99349282311239,1,0,0.924858757062147,1,0,0.0666666666666667,0.830508474576271,60,834.838738466717,215.84927204573,356.694241072258,0.966101694915254,0.258552055744519,252.220916672383,171.948904266025,0.999446385923789,ok,0.957977822570397,0.0561067394371887,0.536418079096045,0.0894525033947209,0.62,0.554498468665963,1,0,0,1,request_confirmation
high_risk_irregular,385,9563.7877427592,9610.76796203657,159.39646237932,4.00433921735394,1,0,0.849717514124294,1,0,0.133333333333333,0.661016949152542,60,797.198637224808,219.308934360978,360.70104742696,0.949152542372881,0.275099484771364,255.054156616694,176.465845345899,0.999517680730473,ok,0.954776433397684,0.077795505075023,0.49283615819209,0.0882185275143001,0.62,0.57409674677337,1,0,0,1,request_confirmation
high_risk_irregular,386,9588.21223098678,9635.97281012606,159.803537183113,4.01456656398864,1,0,0.849717514124294,1,0,0.133333333333333,0.661016949152542,60,813.129146641386,222.99409617131,356.937192510899,0.915254237288136,0.274241917280155,252.392709282145,189.07843387266,0.999448250879176,ok,0.953216004754469,0.09376420145079,0.49283615819209,0.0911584034853526,0.62,0.578567981758585,1,0,0,1,request_confirmation
high_risk_irregular,387,9611.80232237413,9660.78852959858,160.196705372902,4.02444452087825,1,0,0.88728813559322,1,0,0.1,0.745762711864407,60,833.676126033485,209.480672681388,335.435260913296,0.898305084745763,0.251273445574204,237.188547640871,177.49900653837,0.999137606553549,ok,0.954330621563557,0.0904472945285889,0.514627118644068,0.0923145620843482,0.62,0.570876535955962,1,0,0,1,request_confirmation
high_risk_irregular,388,9637.04195208318,9684.38638681851,160.617365868053,4.03501319439806,1,0,0.924858757062147,1,0,0.0666666666666667,0.830508474576271,60,806.892944874179,203.10251696132,320.399710602324,0.915254237288136,0.25170937266404,226.556808057111,176.559557982625,0.999112063729019,ok,0.956814256131554,0.0729772202849625,0.536418079096045,0.0912412794592747,0.62,0.55922220330334,1,0,0,1,request_confirmation
high_risk_irregular,389,9661.71007282743,9709.53576810767,161.028501213791,4.04534255808124,1,0,0.981214689265537,1,0,0.0166666666666667,0.957627118644068,60,812.45397515166,197.335843799576,288.55473413108,0.88135593220339,0.242888643338522,204.039009247568,190.396830859792,0.998786285355553,ok,0.960617182550487,0.0376498584285165,0.569104519774011,0.0885808845918931,0.62,0.539186474186925,1,0,0,1,request_confirmation
high_risk_irregular,390,9685.29544689235,9735.31896246384,161.421590781539,4.05521853967084,1,0,0.924858757062147,1,0,0.0666666666666667,0.830508474576271,60,848.87626075564,214.738850157905,333.816457536159,0.915254237288136,0.252968377236456,236.043880795489,191.072849649769,0.999267293913312,ok,0.959637000265938,0.0342725698357001,0.536418079096045,0.0854871423158547,0.62,0.548384901177546,1,0,0,1,request_confirmation
high_risk_irregular,391,9710.36490594624,9760.04975217192,161.839415099104,4.06571595707011,1,0,0.88728813559322,1,0,0.1,0.745762711864407,60,841.899734404181,222.3597173742,343.962132975617,0.864406779661017,0.264116626110549,243.217956698448,199.330663373452,0.999187796504698,ok,0.957286033140523,0.0468950542661682,0.514627118644068,0.0863290162547155,0.62,0.558681908682484,1,0,0,1,request_confirmation
high_risk_irregular,392,9736.318001629,9784.06656968546,162.271966693817,4.07658338255383,1,0,0.962429378531073,1,0,0.0333333333333333,0.915254237288136,60,812.460120360401,198.141156031102,279.792221145918,0.847457627118644,0.243878008366993,197.842976895525,198.438887115908,0.998631968089306,ok,0.959761831189875,0.03,0.558209039548022,0.087983096937214,0.62,0.540425869759144,1,0,0,1,request_confirmation
high_risk_irregular,393,9761.04333018806,9809.22367922246,162.684055503134,4.08693670105427,1,0,0.906073446327684,1,0,0.0833333333333333,0.788135593220339,60,819.565450842323,230.382417612041,370.361843121626,0.966101694915254,0.281103135051949,261.88537076405,193.825099688646,0.999638125340698,ok,0.958518962895524,0.0363822088442478,0.525522598870056,0.086662004022216,0.62,0.552356956032143,1,0,0,1,request_confirmation
high_risk_irregular,394,9784.91853425464,9834.11847889778,163.081975570911,4.09693404411783,1,0,0.849717514124294,1,0,0.133333333333333,0.661016949152542,60,834.198486871945,233.13049725219,402.863703036953,0.983050847457627,0.279466459027487,284.867656311353,165.982155323347,0.999675904446966,ok,0.955112391764129,0.0635517892654104,0.49283615819209,0.0878680793251735,0.62,0.570108506346679,1,0,0,1,request_confirmation
high_risk_irregular,395,9810.22367101243,9858.14995830602,163.503727850207,4.10753014762056,1,0,0.849717514124294,1,0,0.133333333333333,0.661016949152542,60,815.437984726073,219.503769694757,357.141602629087,0.932203389830508,0.269185117453775,252.537249062859,180.523537679112,0.999454508820092,ok,0.953379251673693,0.0834715809170438,0.49283615819209,0.0908488605618106,0.62,0.575686048009136,1,0,0,1,request_confirmation
high_risk_irregular,396,9834.63621837196,9882.52173039719,163.910603639533,4.11775249421613,1,0,0.849717514124294,1,0,0.133333333333333,0.661016949152542,60,806.720858323556,224.363889263303,371.775561988259,0.949152542372881,0.278118368886052,262.885020961337,177.678854580023,0.999561865820207,ok,0.952605914257727,0.0980222119484349,0.49283615819209,0.0925853692469352,0.62,0.579760224697926,1,0,0,1,request_confirmation
high_risk_irregular,397,9859.09865624489,9907.72657351465,164.318310937415,4.12799573163119,1,0,0.755790960451977,1,0,0.216666666666667,0.449152542372881,60,826.276920143747,248.266042525845,431.282696818519,0.983050847457627,0.300463484424392,304.962919528797,173.981819324211,0.99976063416202,ok,0.947240957905496,0.145992519314157,0.438358757062147,0.0935110747597568,0.62,0.610098690421345,1,0,0,1,request_confirmation
high_risk_irregular,398,9883.84665057116,9932.46044233669,164.730777509519,4.1383585410432,1,0,0.755790960451977,1,0,0.216666666666667,0.449152542372881,60,832.311865658464,267.803094746796,451.268788500219,0.983050847457627,0.321758112309176,319.095220486343,203.998125909761,0.99980470069455,ok,0.944427884947188,0.181141595677912,0.438358757062147,0.0985982002633841,0.62,0.619940431803196,1,0,0,1,request_confirmation
high_risk_irregular,399,9908.58428142474,9957.24984873268,165.143071357079,4.14871701092406,1,0,0.849717514124294,1,0,0.133333333333333,0.661016949152542,60,825.387920300684,237.245650425661,400.617219292585,0.966101694915254,0.287435331424808,283.279152421885,179.788539943256,0.999680219586085,ok,0.948396822306871,0.169368539194915,0.49283615819209,0.101118007735729,0.62,0.59973719632694,1,0,0,1,request_confirmation
high_risk_irregular,400,9933.42525743982,9982.00154997302,165.557087623997,4.15911875486577,1,0,0.868502824858757,1,0,0.116666666666667,0.703389830508475,60,825.68512727212,218.722259627195,358.772767668414,0.915254237288136,0.264897904059147,253.690656923401,176.97430407442,0.999378488496427,ok,0.951198038622761,0.15293148098991,0.503731638418079,0.0970854755279683,0.62,0.586490306202599,1,0,0,1,request_confirmation
high_risk_irregular,401,9958.4430102917,10006.0048209445,165.974050171528,4.16959452115628,1,0,0.924858757062147,1,0,0.0666666666666667,0.830508474576271,60,812.582870196109,207.667191180381,313.32380607362,0.864406779661017,0.255564323095148,221.553387981836,192.783352132045,0.998995226586855,ok,0.955386506288126,0.118305169435776,0.536418079096045,0.0940690702814596,0.62,0.566650871170831,1,0,0,1,request_confirmation
high_risk_irregular,402,9983.19968312881,10031.0847413162,166.38666138548,4.1799609645498,1,0,0.906073446327684,1,0,0.0833333333333333,0.788135593220339,60,818.053189052492,201.675530556732,314.025069675098,0.864406779661017,0.246531073108244,222.04925622984,178.997673332514,0.998826389134404,ok,0.956140943953624,0.100358059142168,0.525522598870056,0.0899630732235653,0.62,0.565007036220824,1,0,0,1,request_confirmation
high_risk_irregular,403,10006.8536730378,10055.4427519321,166.78089455063,4.18986567787844,1,0,0.906073446327684,1,0,0.0833333333333333,0.788135593220339,60,823.965516461275,207.886375357881,344.137829008587,0.932203389830508,0.252299848967832,243.342192554789,164.97899090946,0.999236133971177,ok,0.956692759930588,0.0874002085425156,0.525522598870056,0.0896636466547701,0.62,0.561378838052921,1,0,0,1,request_confirmation
high_risk_irregular,404,10031.8904893822,10078.9083957881,167.198174823036,4.20034942668812,1,0,0.924858757062147,1,0,0.0666666666666667,0.830508474576271,60,797.060907864834,204.337643006997,329.608717856026,0.966101694915254,0.25636390016213,233.068559534199,170.841421370706,0.999295801448884,ok,0.957942158329432,0.0705389176935725,0.536418079096045,0.0892046071141309,0.62,0.553276320683014,1,0,0,1,request_confirmation
high_risk_irregular,405,10056.5781214939,10102.9087603366,167.609635358231,4.21068696043066,1,0,0.962429378531073,1,0,0.0333333333333333,0.915254237288136,60,791.100140073793,188.591795755078,294.766153271259,0.898305084745763,0.238391811860236,208.43114584238,166.403690749582,0.998574736980065,ok,0.960002362234095,0.0432182210620528,0.558209039548022,0.0873091081503984,0.62,0.538863813761782,1,0,0,1,request_confirmation
high_risk_irregular,406,10079.8499067407,10129.0952110579,167.997498445679,4.22043163193861,1,0,0.924858757062147,1,0,0.0666666666666667,0.830508474576271,60,836.446921164072,201.179799081331,324.605073883487,0.864406779661017,0.240517113508352,229.530448950574,168.11423533228,0.998746863486587,ok,0.959089913567845,0.0382886910123281,0.536418079096045,0.085544642986538,0.62,0.544246257212265,1,1,0,0,alert
high_risk_irregular,407,10103.9906727687,10153.2013379619,168.399844546145,4.23054017463947,1,0,0.868502824858757,1,0,0.116666666666667,0.703389830508475,60,838.209627089038,235.440703095743,369.632939707485,0.88135593220339,0.280885229048716,261.369958217081,206.277469176926,0.999400386269722,ok,0.95619731353149,0.0573504373370048,0.503731638418079,0.0870558675159485,0.62,0.564990771874522,1,0,0,1,request_confirmation
high_risk_irregular,408,10129.7048883878,10178.0796107088,168.828414806463,4.24130757308506,1,0,0.812146892655367,1,0,0.166666666666667,0.576271186440678,60,816.406660848111,246.359215981426,410.213804908903,0.847457627118644,0.301760418913658,290.064963187421,192.997522598209,0.999287726872181,ok,0.951860448014637,0.093817321864117,0.471045197740113,0.0896622521525807,0.62,0.585345567338724,1,0,0,1,request_confirmation
high_risk_irregular,409,10153.9774696512,10204.339735676,169.23295782752,4.25147131121488,1,0,0.849717514124294,1,0,0.133333333333333,0.661016949152542,60,852.306628569172,232.6488036982,394.753809363029,0.915254237288136,0.272963738518336,279.133095499819,174.171314288824,0.999494516859299,ok,0.951848656893817,0.10563438460776,0.49283615819209,0.0939456957255407,0.62,0.581891633042537,1,0,0,1,request_confirmation
high_risk_irregular,410,10179.1570359773,10229.0275405465,169.652617266288,4.26201483419594,1,0,0.88728813559322,1,0,0.1,0.745762711864407,60,849.132163962397,219.270597822546,364.172169121112,0.915254237288136,0.258229056828256,257.508610304952,172.767201047322,0.999344401483838,ok,0.953813190685998,0.0991728786319237,0.514627118644068,0.0938066640036497,0.62,0.573319699504896,1,0,0,1,request_confirmation
high_risk_irregular,411,10205.1774937968,10252.7956123781,170.08629156328,4.27291046644968,1,0,0.849717514124294,1,0,0.133333333333333,0.661016949152542,60,807.597945035042,208.680932605938,355.093988289971,0.796610169491525,0.258397057457697,251.089367078415,155.079311988186,0.998510750035227,ok,0.952294759878438,0.109152064088363,0.49283615819209,0.0911263507903887,0.62,0.582876583297106,1,0,0,1,request_confirmation
high_risk_irregular,412,10230.1038588615,10277.4402876159,170.501730981024,4.28334796563019,1,0,0.868502824858757,1,0,0.116666666666667,0.703389830508475,60,806.879117823241,205.759558528281,330.024608516833,0.864406779661017,0.255006671982502,233.362638640689,173.827128890061,0.998965313487696,ok,0.952808267005318,0.109086350554072,0.503731638418079,0.093008239201964,0.62,0.579476827575301,1,0,0,1,request_confirmation
high_risk_irregular,413,10253.4392672211,10300.4945514769,170.890654453685,4.29311927825433,1,0,0.793361581920904,1,0,0.183333333333333,0.533898305084746,60,794.982318312953,239.248233443024,385.614014505818,0.915254237288136,0.300947867558535,272.670284577632,200.325610743031,0.999579664014777,ok,0.949298066451947,0.138961049957985,0.460149717514124,0.0931398930297782,0.62,0.60136716713721,1,0,0,1,request_confirmation
high_risk_irregular,414,10278.1569919257,10324.818763034,171.302616532095,4.30346941276767,1,0,0.793361581920904,1,0,0.183333333333333,0.533898305084746,60,789.641256967927,233.985195331523,387.530028181851,0.847457627118644,0.296318351234562,274.0251108408,185.494964614539,0.999243392642282,ok,0.947362047480185,0.160826431586524,0.460149717514124,0.0961032101774517,0.62,0.607489473993201,1,0,0,1,request_confirmation
high_risk_irregular,415,10301.7069949766,10350.7082492678,171.695116582943,4.31333058333573,1,0,0.849717514124294,1,0,0.133333333333333,0.661016949152542,60,836.894963180575,227.794474116342,374.231120368339,0.898305084745763,0.27219004073178,264.621362943492,183.728547454691,0.999409460395607,ok,0.949662197461801,0.154378156412536,0.49283615819209,0.0980891357642333,0.62,0.595539889147874,1,0,0,1,request_confirmation
high_risk_irregular,416,10325.581145271,10375.8869034721,172.09301908785,4.32332748514981,1,0,0.88728813559322,1,0,0.1,0.745762711864407,60,851.135673968143,212.927743910046,358.309493118961,0.949152542372881,0.250168980601341,253.363072347932,162.737831568632,0.999318136879124,ok,0.952802100980536,0.134511875202728,0.514627118644068,0.0958356712650315,0.62,0.583214618544721,1,0,0,1,request_confirmation
high_risk_irregular,417,10351.4991268133,10401.7917422529,172.524985446888,4.33418020717348,1,0,0.88728813559322,1,0,0.1,0.745762711864407,60,851.391549752997,213.118383086675,346.996335897523,0.915254237288136,0.250317710045988,245.363462160024,175.030459794301,0.999228840412547,ok,0.95418872917422,0.119843256038764,0.514627118644068,0.092794865490843,0.62,0.579107405178811,1,0,0,1,request_confirmation
high_risk_irregular,418,10376.6953964789,10426.8424305112,172.944923274649,4.34473072439909,1,0,0.924858757062147,1,0,0.0666666666666667,0.830508474576271,60,849.258783984618,226.814552075456,368.08186635369,0.864406779661017,0.267073542661838,260.273183730495,187.476803624267,0.999229234117385,ok,0.956815276424582,0.0941723784804097,0.536418079096045,0.0914918286936182,0.62,0.565156847598065,1,0,0,1,request_confirmation
high_risk_irregular,419,10402.723305728,10452.2680974712,173.378721762133,4.35562947681456,1,0,0.924858757062147,1,0,0.0666666666666667,0.830508474576271,60,841.272586971092,224.264484137009,363.516468483905,0.847457627118644,0.266577667702746,257.044959937955,185.787529885545,0.999113522383441,ok,0.957897769189019,0.0753791867004806,0.536418079096045,0.0889071625443341,0.62,0.559894753899685,1,0,0,1,request_confirmation
high_risk_irregular,420,10427.8301338784,10477.103235294,173.797168897973,4.36614254189905,1,0,0.83093220338983,1,0,0.15,0.61864406779661,60,837.680079713577,246.942980436449,416.093560024085,0.898305084745763,0.294793903325103,294.222577901082,188.134913896689,0.999532116314156,ok,0.953783223214119,0.099158983068371,0.481940677966102,0.0883082132764786,0.62,0.583459876543711,1,0,0,1,request_confirmation
high_risk_irregular,421,10453.2775459615,10502.8991583422,174.221292432692,4.37679822081872,1,0,0.849717514124294,1,0,0.133333333333333,0.661016949152542,60,843.851014516014,232.947407412657,401.496129575122,0.932203389830508,0.276052766904906,283.900635842721,167.120968788048,0.999556517366897,ok,0.952795865319464,0.109270931693233,0.49283615819209,0.0922002875456257,0.62,0.582909866226469,1,0,0,1,request_confirmation
high_risk_irregular,422,10477.9395962153,10526.7535824425,174.632326603588,4.38712504258535,1,0,0.88728813559322,1,0,0.1,0.745762711864407,60,827.505785807879,216.476385275967,354.867941899137,0.932203389830508,0.261601053416956,250.929528142594,175.380793333913,0.999392342561494,ok,0.95427002679049,0.10169010035237,0.514627118644068,0.0929642291611983,0.62,0.574024521586621,1,0,0,1,request_confirmation
high_risk_irregular,423,10503.9514207777,10551.0413171793,175.065857012962,4.39801705980686,1,0,0.906073446327684,1,0,0.0833333333333333,0.788135593220339,60,802.369313952124,200.458722403958,314.617799940562,0.76271186440678,0.249833485551167,222.468379819964,175.713456388332,0.997898129761821,ok,0.955155163042692,0.0884097571647396,0.525522598870056,0.0900843045787598,0.62,0.566924669561881,1,0,0,1,request_confirmation
high_risk_irregular,424,10527.5086171453,10575.3311426104,175.458476952422,4.40788124245617,1,0,0.862429378531073,1,0,0.133333333333333,0.915254237288136,60,809.626002799625,130.041036226098,184.627866611057,0.288135593220339,0.160618650804725,130.551616476684,129.528443366079,0.881215214150082,ok,0.894924799616705,0.0886998091964511,0.500209039548023,0.0274306391100485,0.62,0.57486181633415,1,0,0,1,request_confirmation
high_risk_irregular,425,10551.822307035,10600.7418710544,175.86370511725,4.41806219413686,0,0,1,1,0,0,1,60,828.342564585382,26.8762572853408,26.8116623245088,0.0169491525423729,0.0324458242693268,18.958708244544,32.9428868351565,0.139694445648748,ok,0.438875089364949,0.116344046540359,0.58,0.712334865990955,0.62,0.552576333031301,0,0,0,0,observe
high_risk_irregular,426,10576.1966614657,10624.9515860838,176.269944357762,4.42826854808119,0,0,1,1,0,0,1,60,827.007391222987,27.6897497621477,26.859225191478,0.0338983050847458,0.0334818649216663,18.9923402703106,34.2452258692719,0.145475541773321,ok,0.262179699509808,0.0841117585766265,0.58,0.277867042229731,0.62,0.543551292401455,0,0,0,0,observe
high_risk_irregular,427,10601.564681079,10650.3093980103,176.69274468465,4.43889098272971,0,0,1,1,0,0,1,60,826.125449264989,28.0227927090988,26.8231510986019,0.0338983050847458,0.0339207474288934,18.9668320346128,34.7967398617316,0.146221602079742,ok,0.192853074572722,0.0408837440303084,0.58,0.111027315459477,0.62,0.531447448328486,0,0,0,0,observe
high_risk_irregular,428,10625.79809296,10675.218240557,177.096634882666,4.44903831933464,0,0,1,1,0,0,1,60,837.77757455225,25.5308804192872,23.7112170870761,0.0169491525423729,0.0304745330918318,16.7663623924578,31.9771919044286,0.128085247822381,ok,0.154963837578292,0.03,0.58,0.0639966422759779,0.62,0.5284,0,0,0,0,observe
high_risk_irregular,429,10651.1885718072,10700.0029860825,177.519809530119,4.45967015841235,0,0,1,1,0,0,1,60,828.226467869834,25.2043117543237,22.7185414149194,0.0169491525423729,0.0304316666178856,16.064434693157,31.818997470184,0.125396132763343,ok,0.138445480078649,0.03,0.58,0.0310698745602511,0.62,0.5284,0,0,0,0,observe
high_risk_irregular,430,10676.020516217,10725.3134058961,177.933675270283,4.47006812052014,0,0,1,1,0,0,1,60,834.919422318714,24.2511177647514,24.0313766273345,0.0338983050847458,0.0290460577589654,16.9927493744361,29.7906007723457,0.129943076612661,ok,0.134561259970394,0.03,0.58,0.0109956746612688,0.62,0.5284,0,0,0,0,observe
high_risk_irregular,431,10700.8590033317,10749.6138719178,178.347650055528,4.48046882227639,0,0,1,1,0,0,1,60,826.848097255231,27.7935826200026,26.9946618622862,0.0677966101694915,0.033613891973949,19.0881084586604,34.3600143361472,0.155080832064665,ok,0.147607668033817,0.03,0.58,0.0177932476924949,0.62,0.5284,0,0,0,0,observe
high_risk_irregular,432,10726.132356526,10775.2955961215,178.768872608767,4.49105161694259,0,0,1,1,0,0,1,60,833.036503756843,30.9622732341216,27.0408609423191,0.0677966101694915,0.03716796694321,19.1207761414363,39.391885552711,0.16277365520221,ok,0.157220227357033,0.03,0.58,0.0132224472504222,0.62,0.5284,0,0,0,0,observe
high_risk_irregular,433,10750.442749645,10799.8400917462,179.174045827416,4.50123118815557,0,0,1,1,0,0,1,60,837.103663805887,26.6866950527335,22.134045507541,0.0169491525423729,0.0318797972181875,15.6511336734739,34.3424140154741,0.126903177959373,ok,0.140210388976993,0.03,0.58,0.0316838357562382,0.62,0.5284,0,0,0,0,observe
high_risk_irregular,434,10776.1406543372,10825.0902745978,179.602344238953,4.51199175667288,0,0,1,1,0,0,1,60,829.911307938989,25.504692265618,24.1883263364044,0.0508474576271186,0.0307318288371761,17.1037295780247,31.7559614820517,0.137443244420614,ok,0.139608143332073,0.03,0.58,0.00515452121775958,0.62,0.5284,0,0,0,0,observe
high_risk_irregular,435,10800.6555636557,10850.256353434,180.010926060929,4.52225696562967,0,0,1,1,0,0,1,60,840.27102812992,27.3870675424918,27.2885049502174,0.0677966101694915,0.0325931355784616,19.2958868987414,33.5823120994519,0.154244476443423,ok,0.149115091324688,0.03,0.58,0.0122128217112742,0.62,0.5284,0,0,0,0,observe
high_risk_irregular,436,10825.9836124333,10874.9350584733,180.433060207222,4.53286266315813,0,0,1,1,0,0,1,60,830.746397924721,28.007328055598,25.3835704881376,0.0338983050847458,0.0337134510911668,17.9488948228888,35.3080447527848,0.142030586690904,ok,0.145784378335711,0.03,0.58,0.00893759915430223,0.62,0.5284,0,0,0,0,observe
high_risk_irregular,437,10851.0741771473,10900.6765836854,180.851236285789,4.54336891820017,0,0,1,1,0,0,1,60,840.337170857533,28.782851858913,24.7296524575447,0.0508474576271186,0.0342515514689671,17.4865049491164,36.7576831006634,0.14585940337997,ok,0.146690126527321,0.03,0.58,0.00197791225559868,0.62,0.5284,0,0,0,0,observe
high_risk_irregular,438,10875.7745571844,10925.3845763385,181.262909286407,4.55371178992359,0,0,1,1,0,0,1,60,840.825297752772,24.8956822121576,22.2664874564008,0.0338983050847458,0.0296086265228876,15.7447842736262,31.4911377024466,0.126784139144257,ok,0.135984062656655,0.03,0.58,0.0219045797914249,0.62,0.5284,0,0,0,0,observe
high_risk_irregular,439,10901.5231202811,10950.9116421908,181.692052004685,4.56449357080194,0,0,1,1,0,0,1,60,837.250975089598,21.3513544130063,20.318430082147,0.0169491525423729,0.0255017372905674,14.3672996941509,26.5582636864322,0.111788087553531,ok,0.123059598717896,0.03,0.58,0.0268369313437247,0.62,0.5284,0,0,0,0,observe
high_risk_irregular,440,10926.2032507453,10975.6831784883,182.103387512421,4.5748279633548,0,0,1,1,0,0,1,60,838.310035831378,23.402881191568,24.1638774238825,0.0847457627118644,0.0279167374733367,17.0864415861878,28.3450738234193,0.14276222505094,ok,0.135922020103371,0.03,0.58,0.0162862022561185,0.62,0.5284,0,0,0,0,observe
high_risk_irregular,441,10951.7825576864,11000.84726759,182.529709294773,4.58553887104403,0,0,1,1,0,0,1,60,832.260423319526,26.2135057180004,24.4245850592912,0.0847457627118644,0.0314967586869578,17.2707897230924,32.8026765126873,0.149674678660013,ok,0.145009327159618,0.03,0.58,0.0111079797628444,0.62,0.5284,0,0,0,0,observe
high_risk_irregular,442,10976.5155519845,11026.4446227629,182.941925866408,4.5958953994447,0,0,1,1,0,0,1,60,846.024071242728,26.0814240116503,20.3416042257236,0.0169491525423729,0.0308282292409709,14.3836862882221,33.9645539601654,0.121117310477207,ok,0.132033722439397,0.03,0.58,0.0259914570528345,0.62,0.5284,0,0,0,0,observe
high_risk_irregular,443,11001.7187458212,11051.0526746244,183.361979097019,4.60644881605132,0,0,1,1,0,0,1,60,836.756783907577,25.9403531054393,21.807019301409,0.0169491525423729,0.0310010669818538,15.4198912254923,33.2870964949444,0.124493968896217,ok,0.12886941557888,0.03,0.58,0.0104177301968159,0.62,0.5284,0,0,0,0,observe
high_risk_irregular,444,11027.2690377724,11076.9630890229,183.787817296206,4.61714757419798,0,0,1,1,0,0,1,60,841.974437666425,29.0860747778548,23.9725807054647,0.0338983050847458,0.0345450805590587,16.9511743793759,37.478756371122,0.14038653622871,ok,0.136837836283194,0.03,0.58,0.00844928558456279,0.62,0.5284,0,0,0,0,observe
high_risk_irregular,445,11051.9024141716,11101.753813191,184.198373569527,4.6274623892668,0,0,1,1,0,0,1,60,845.018976109823,26.4105315448953,22.7851138607668,0.0677966101694915,0.031254365039801,16.1115085210558,33.6964634070664,0.140078869334951,ok,0.139805321978876,0.03,0.58,0.000651303228748457,0.62,0.5284,0,0,0,0,observe
high_risk_irregular,446,11077.7991810223,11127.3018239002,184.629986350372,4.63830622799261,0,0,1,1,0,0,1,60,838.978914621651,26.8211218083801,22.8017572574918,0.0508474576271186,0.0319687674397341,16.123277179742,34.333439721431,0.136555471633155,ok,0.13893331466449,0.03,0.58,0.00566153102698841,0.62,0.5284,0,0,0,0,observe
high_risk_irregular,447,11102.5601849201,11152.7179734878,185.042669748668,4.64867448494545,0,0,1,1,0,0,1,60,849.402671613085,24.627742054273,24.3829324014643,0.0169491525423729,0.0289941895373402,17.2413368462886,30.2619837607586,0.12735354256297,ok,0.133251927316063,0.03,0.58,0.0140437732216513,0.62,0.5284,0,0,0,0,observe
high_risk_irregular,448,11128.1574982281,11177.4940880278,185.469291637134,4.65939293250016,0,0,1,1,0,0,1,60,836.53773546072,22.7956450157977,24.8141921718275,0.0508474576271186,0.0272499901074315,17.5462835543654,27.0446075364819,0.133102912606217,ok,0.134343550215987,0.03,0.58,0.00295389907088264,0.62,0.5284,0,0,0,0,observe
high_risk_irregular,449,11153.5430903788,11203.5414459645,185.892384839646,4.67002272535533,0,0,1,1,0,0,1,60,847.057874612329,29.9867449643023,26.7063063883131,0.0847457627118644,0.0354010580186463,18.8842103476218,37.970993490492,0.163869704614292,ok,0.152619262301561,0.03,0.58,0.0267867674112634,0.62,0.5284,0,0,0,0,observe
high_risk_irregular,450,11178.3552895226,11228.2970175387,186.305921492044,4.68041241946269,0,0,1,1,0,0,1,60,846.715491847374,28.7493978561427,24.0815176431965,0.0508474576271186,0.0339540236749619,17.0282044267678,36.920130121409,0.143780775039127,ok,0.14818293427935,0.03,0.58,0.0104813315243401,0.62,0.5284,0,0,0,0,observe
high_risk_irregular,451,11204.350872094,11254.2797964125,186.739181201567,4.69129763562162,0,0,1,1,0,0,1,60,845.639174133176,27.7126689252434,22.7532369617781,0.0338983050847458,0.0327712690860736,16.0889681496177,35.7369436550034,0.13395345410376,ok,0.140731625833668,0.03,0.58,0.0161385041188291,0.62,0.5284,0,0,0,0,observe
high_risk_irregular,452,11229.169244478,11279.6431825297,187.152820741299,4.70168991467019,0,0,1,1,0,0,1,60,855.769416517743,25.0632916969901,28.4589457583323,0.0847457627118644,0.0292874356260317,20.1235135311369,29.178440406214,0.157206975991543,ok,0.151276891954227,0.03,0.58,0.014119247707895,0.62,0.5284,0,0,0,0,observe
high_risk_irregular,453,11255.1267776021,11305.0186389509,187.585446293368,4.71255919825838,0,0,1,1,0,0,1,60,845.647375639416,23.1722856337129,29.510597172276,0.0847457627118644,0.027401830007681,20.8671433773809,25.2680028939483,0.156907750060775,ok,0.155266611978778,0.03,0.58,0.00390747162380159,0.62,0.5284,0,0,0,0,observe
high_risk_irregular,454,11280.4730594515,11330.9056208672,188.007884324192,4.72317253058124,0,0,1,1,0,0,1,60,854.373972291192,23.6906587978004,25.3865483705433,0.0338983050847458,0.0277286756925292,17.9510005037315,28.2888000710993,0.131521517730562,ok,0.142117738692947,0.03,0.58,0.0252290975294901,0.62,0.5284,0,0,0,0,observe
high_risk_irregular,455,11305.8958203727,11355.8056784579,188.431597006211,4.73381788723843,0,0,1,1,0,0,1,60,846.45065845111,24.8824524864497,21.9176567242785,0.0169491525423729,0.0293962232033479,15.4981236974562,31.5924206945146,0.122041414122431,ok,0.131428103426986,0.03,0.58,0.0223492602489396,0.62,0.5284,0,0,0,0,observe
high_risk_irregular,456,11331.7506860535,11381.8902576456,188.862511434225,4.74464418054898,0,0,1,1,0,0,1,60,849.743946305687,25.5131201464352,19.8999683160567,0.0169491525423729,0.0300244800299608,14.0714025416811,33.2240008084945,0.118777904798999,ok,0.125315000016394,0.03,0.58,0.0155645124223672,0.62,0.5284,0,0,0,0,observe
high_risk_irregular,457,11356.666013268,11406.9790519489,189.2777668878,4.755077057814,0,0,1,1,0,0,1,60,852.889558182925,24.9647110534901,20.9352590566092,0.0169491525423729,0.0292707429865564,14.8034636448254,32.0520055547984,0.119730134863626,ok,0.123453840227375,0.03,0.58,0.00886596515178435,0.62,0.5284,0,0,0,0,observe
high_risk_irregular,458,11382.7618604455,11432.849145518,189.712697674092,4.76600425810266,0,0,1,1,0,0,1,60,849.314797874005,28.2168077976156,23.9993097576097,0.0508474576271186,0.033223026218603,16.9700746734023,36.1163820191656,0.142176309421969,ok,0.13573783558651,0.03,0.58,0.0153296996082363,0.62,0.5284,0,0,0,0,observe
high_risk_irregular,459,11407.7855624984,11458.45957487,190.129759374973,4.77648251552173,0,0,1,1,0,0,1,60,858.008715350985,26.8137117741137,22.9395912216868,0.0338983050847458,0.0312510948832787,16.2207405105022,34.2759077998153,0.131768047754238,ok,0.134550765187012,0.03,0.58,0.00662551769708081,0.62,0.5284,0,0,0,0,observe
high_risk_irregular,460,11433.7219070578,11483.6731568644,190.562031784296,4.78734292675223,0,0,1,1,0,0,1,60,847.066855773713,24.4650422222234,23.2558111050313,0,0.0288820676378336,16.444341734361,30.4410940472563,0.121119104649078,ok,0.127905722792298,0.03,0.58,0.0161586146267133,0.62,0.5284,0,0,0,0,observe
high_risk_irregular,461,11459.2946573598,11509.8652175804,190.988244289331,4.79805108895834,0,0,1,1,0,0,1,60,856.760711840095,28.700996488107,23.9008250628773,0.0169491525423729,0.0334994311614323,16.9004354779139,36.9035185243565,0.134810052514831,ok,0.133223009817001,0.03,0.58,0.00377867309007096,0.62,0.5284,0,0,0,0,observe
high_risk_irregular,462,11484.5275121129,11534.778771513,191.408791868548,4.80861692557845,0,0,1,1,0,0,1,60,851.760244142397,29.2029516768137,23.5562117877083,0.0338983050847458,0.0342854129171254,16.6567570941551,37.7912320040369,0.139090577822298,ok,0.137804979412685,0.03,0.58,0.0030609485943168,0.62,0.5284,0,0,0,0,observe
high_risk_irregular,463,11510.700963018,11560.7532165844,191.845016050301,4.81957662113232,0,0,1,1,0,0,1,60,848.133316732687,27.6385126096995,25.6740716000056,0.0508474576271186,0.0325874624477351,18.1543101290329,34.614964716029,0.145219753308697,ok,0.143168862791172,0.03,0.58,0.00488307266077365,0.62,0.5284,0,0,0,0,observe
high_risk_irregular,464,11535.5941554435,11586.1557194776,192.259902590726,4.83000022982404,0,0,1,1,0,0,1,60,856.282466077465,24.9111601167609,25.7459568184318,0.0677966101694915,0.0290922226060241,18.2051406544492,30.1613104900553,0.14385504349559,ok,0.144494992257397,0.03,0.58,0.00152368752811202,0.62,0.5284,0,0,0,0,observe
high_risk_irregular,465,11561.6121004608,11611.7398260625,192.69353500768,4.84089480988381,0,0,1,1,0,0,1,60,849.776824635953,20.5343067767916,23.8164919183727,0.0677966101694915,0.0241643525470214,16.8408029395559,23.6580401968933,0.13065210316655,ok,0.137360842779819,0.03,0.58,0.0159731895554031,0.62,0.5284,0,0,0,0,observe
high_risk_irregular,466,11586.983241461,11637.9279090537,193.116387357684,4.85151855156099,0,0,1,1,0,0,1,60,862.869826267966,23.0832124691604,25.2284096202913,0.0847457627118644,0.026751674199802,17.8391795210599,27.33922218733,0.143976684687114,ok,0.142272537847999,0.03,0.58,0.00405749247408405,0.62,0.5284,0,0,0,0,observe
high_risk_irregular,467,11612.6141707803,11662.8361152309,193.543569513005,4.86225107525914,0,0,1,1,0,0,1,60,851.604819472408,30.1117551804203,27.6396369672618,0.101694915254237,0.035358836037442,19.5441747290852,37.8346512373264,0.172591119096255,ok,0.160808047018218,0.03,0.58,0.0280549335191358,0.62,0.5284,0,0,0,0,observe
high_risk_irregular,468,11638.7476039375,11689.0668167409,193.979126732292,4.87319401404923,0,0,1,1,0,0,1,60,852.315128120548,30.6402815558169,28.3271815892529,0.101694915254237,0.0359494751939723,20.0303421936634,38.4244596480447,0.175862105440917,ok,0.170023038118524,0.03,0.58,0.0139025412437919,0.62,0.5284,0,0,0,0,observe
high_risk_irregular,469,11663.6880888897,11714.1403368336,194.394801481495,4.88363742569686,0,0,1,1,0,0,1,60,855.070360045751,29.8820002559713,28.8858576079066,0.11864406779661,0.0349468320412515,20.4253857949398,36.9955604596499,0.182203694957534,ok,0.177339238524563,0.03,0.58,0.0115820391261211,0.62,0.5284,0,0,0,0,observe
high_risk_irregular,470,11689.920999985,11739.8677473087,194.832016666417,4.89462201921258,0,0,1,1,0,0,1,60,846.682176128903,27.9798111231884,25.6026277990555,0.0847457627118644,0.0330464156587236,18.1037917329074,35.1851159706787,0.156061728781006,ok,0.165065334062481,0.03,0.58,0.0214371554320829,0.62,0.5284,0,0,0,0,observe
high_risk_irregular,471,11714.9500974869,11765.5165751325,195.249168291449,4.90510253588586,0,0,1,1,0,0,1,60,856.270638315168,26.446347226803,24.4864688895211,0.0338983050847458,0.0308855004988142,17.3145481990938,33.1515457247852,0.13486620616288,ok,0.147926193462338,0.03,0.58,0.0310952078558525,0.62,0.5284,0,0,0,0,observe
high_risk_irregular,472,11740.7366833905,11790.6387193436,195.678944723175,4.91590023817972,0,0,1,1,0,0,1,60,846.182867248408,24.543349797171,25.0086047776927,0.0169491525423729,0.0290047822369416,17.6837540263208,29.866986491261,0.128915603915424,ok,0.137708311449877,0.03,0.58,0.0209350179391739,0.62,0.5284,0,0,0,0,observe
high_risk_irregular,473,11766.3300400319,11816.8508796077,196.105500667198,4.92661702894634,0,0,1,1,0,0,1,60,855.571741253292,26.1364452843341,23.9390169638168,0.0169491525423729,0.0305485139633619,16.9274412300547,32.8586256195389,0.1291734535575,ok,0.133823844423761,0.03,0.58,0.0110723592053844,0.62,0.5284,0,0,0,0,observe
high_risk_irregular,474,11791.4879315157,11841.9096718747,196.524798858594,4.93715147594909,0,0,1,1,0,0,1,60,854.515875518476,25.8988183411671,23.4009798680591,0.0169491525423729,0.0303081769258564,16.5469915511145,32.6755972178764,0.127378736371241,ok,0.131249320873821,0.03,0.58,0.009215677387094,0.62,0.5284,0,0,0,0,observe
high_risk_irregular,475,11817.6976537072,11867.9320619897,196.961627561787,4.94812635949853,0,0,1,1,0,0,1,60,851.353039699007,24.2911169564038,22.8643711883216,0.0169491525423729,0.0285323665080139,16.1675519148285,30.3105095810133,0.122840162180284,ok,0.127600525945549,0.03,0.58,0.0113341994411078,0.62,0.5284,0,0,0,0,observe
high_risk_irregular,476,11842.7447900276,11893.4332599425,197.379079833794,4.95861442962588,0,0,1,1,0,0,1,60,858.726467796286,22.8324654345991,23.2260489341287,0.0169491525423729,0.0265887524035367,16.423296701493,27.8014078977856,0.120549019827002,ok,0.124831119142964,0.03,0.58,0.0101954745618137,0.62,0.5284,0,0,0,0,observe
high_risk_irregular,477,11868.8083083661,11919.0157562146,197.813471806102,4.96952809275297,0,0,1,1,0,0,1,60,851.394903748386,24.1131206507254,23.928310893395,0.0338983050847458,0.0283218992086563,16.9198708950596,29.607484593045,0.128744225164712,ok,0.128490976433175,0.03,0.58,0.000602973170326065,0.62,0.5284,0,0,0,0,observe
high_risk_irregular,478,11894.2694305813,11945.2047139388,198.237823843022,4.98018951256152,0,0,1,1,0,0,1,60,862.857566605516,24.432009581565,22.6917539401431,0.0338983050847458,0.0283152289869585,16.0454930880918,30.6004630021731,0.125941055471599,ok,0.128310049669345,0.03,0.58,0.0056404623755856,0.62,0.5284,0,0,0,0,observe
high_risk_irregular,479,11919.8935106862,11970.3165618409,198.66489184477,4.99091916826551,0,0,1,1,0,0,1,60,855.01342710587,26.544392767303,23.8876892408991,0.0508474576271186,0.0310455858654208,16.8911470491167,33.5245988213851,0.137827002715965,ok,0.135132469184717,0.03,0.58,0.00641555602678062,0.62,0.5284,0,0,0,0,observe
high_risk_irregular,480,11946.0629660841,11996.5660301111,199.101049434736,5.00187719076746,0,0,1,1,0,0,1,60,856.02193620522,26.9849954674969,23.9851045722882,0.0508474576271186,0.0315237195756017,16.9600300905334,34.1868006705784,0.138997500117056,ok,0.138504848902019,0.03,0.58,0.00117297908342159,0.62,0.5284,0,0,0,0,observe
high_risk_irregular,481,11971.1928876731,12021.5968619646,199.519881461219,5.01239992584377,0,0,1,1,0,0,1,60,854.671668727612,28.8696261340594,21.3228423775055,0.0169491525423729,0.0337786160351366,15.077526439306,37.9417820181494,0.129212691288932,ok,0.134161075294098,0.03,0.58,0.0117818666789653,0.62,0.5284,0,0,0,0,observe
high_risk_irregular,482,11997.4220468644,12047.3417035853,199.957034114407,5.02338294831231,0,0,1,1,0,0,1,60,846.261224570569,26.6613321331466,23.7291418896894,0.0338983050847458,0.0315048490454892,16.7790371419371,33.765621196972,0.133901268442155,ok,0.13516552822256,0.03,0.58,0.00301014233429642,0.62,0.5284,0,0,0,0,observe
high_risk_irregular,483,12022.4201617816,12073.0080380168,200.373669363027,5.03385049154557,0,0,1,1,0,0,1,60,856.852934203104,24.3216820269769,25.4292716665299,0.0338983050847458,0.0283848967029526,17.9812104360382,29.3217411573333,0.13281051593733,ok,0.134929449785918,0.03,0.58,0.00504508059187644,0.62,0.5284,0,0,0,0,observe
high_risk_irregular,484,12048.2258370755,12098.126380888,200.803763951258,5.04465618720287,0,0,1,1,0,0,1,60,846.411288377041,25.7043568320856,27.689417865289,0.0847457627118644,0.0303686366014478,19.5793751396538,30.6280262087369,0.15672832090452,ok,0.148708572900102,0.03,0.58,0.0190946381057566,0.62,0.5284,0,0,0,0,observe
high_risk_irregular,485,12073.8699106497,12124.3972436181,201.231165177496,5.05539421483833,0,0,1,1,0,0,1,60,856.486760022109,29.0587922748911,28.0202666912064,0.101694915254237,0.0339278943134404,19.8133205880076,36.0035990454757,0.170856347866547,ok,0.162342826343558,0.03,0.58,0.0202702893404517,0.62,0.5284,0,0,0,0,observe
high_risk_irregular,486,12098.9875893287,12149.354764671,201.649793155479,5.0659118234005,0,0,1,1,0,0,1,60,853.806396384674,29.5730018302586,24.2957822274508,0.0338983050847458,0.0346366599682099,17.1797123672621,38.1311205904455,0.141715761414909,ok,0.150824089461084,0.03,0.58,0.0216864953480353,0.62,0.5284,0,0,0,0,observe
high_risk_irregular,487,12125.2606663534,12175.4995302884,202.087677772556,5.07691323572847,0,0,1,1,0,0,1,60,851.704777839141,29.5249528684825,22.2855996505074,0,0.0346657123884995,15.7582986356823,38.6668036936192,0.12996484062417,ok,0.139460958081255,0.03,0.58,0.0226098034692482,0.62,0.5284,0,0,0,0,observe
high_risk_irregular,488,12150.1857748665,12200.9179404263,202.503096247775,5.087350208749,0,0,1,1,0,0,1,60,859.386262587876,26.5492918539766,25.4664704326536,0.0338983050847458,0.030893316555967,18.007513935816,32.9463084084796,0.137495120408962,ok,0.139342356087678,0.03,0.58,0.00439818018741708,0.62,0.5284,0,0,0,0,observe
high_risk_irregular,489,12176.3654713166,12226.2793526869,202.939424521943,5.09831251952053,0,0,1,1,0,0,1,60,846.330373307345,28.5442734665652,26.9682446354762,0.0847457627118644,0.0337271051197395,19.069428658443,35.5796007019285,0.161132249711876,ok,0.153005067016303,0.03,0.58,0.0193504349894587,0.62,0.5284,0,0,0,0,observe
high_risk_irregular,490,12201.7204677761,12252.2255182865,203.362007796268,5.10892950094082,0,0,1,1,0,0,1,60,855.126297669253,32.5403779009862,30.1390423591585,0.101694915254237,0.0380533004185216,21.3115212306296,40.7869029311421,0.18608364941996,ok,0.172870917121613,0.03,0.58,0.0314588864246351,0.62,0.5284,0,0,0,0,observe
high_risk_irregular,491,12227.1669303313,12277.3972719707,203.786115505522,5.11958478226154,0,0,1,1,0,0,1,60,851.96532139685,27.8817818565361,28.4929090613527,0.0508474576271186,0.0327264281259972,20.1475292130141,33.89490500948,0.153499736160226,ok,0.161815285052544,0.03,0.58,0.0197989259340901,0.62,0.5284,0,0,0,0,observe
high_risk_irregular,492,12253.0631405814,12303.6286938831,204.21771900969,5.13042838792014,0,0,1,1,0,0,1,60,856.719593276817,26.5120415618066,25.3096683378233,0.0338983050847458,0.0309459965312597,17.8966381112573,32.9467303364782,0.137120350495962,ok,0.147950477826403,0.03,0.58,0.0257860174534289,0.62,0.5284,0,0,0,0,observe
high_risk_irregular,493,12278.2654313257,12328.6815893106,204.637757188761,5.1409814263719,0,0,1,1,0,0,1,60,854.738622332173,27.4778912684526,24.9549334162995,0.0677966101694915,0.0321477122368456,17.6458026427242,34.6221701546254,0.147408897770723,ok,0.148444009352883,0.03,0.58,0.00246455138609572,0.62,0.5284,0,0,0,0,observe
high_risk_irregular,494,12304.4981568559,12354.173498945,205.074969280932,5.15196594218533,0,0,1,1,0,0,1,60,842.41341769864,20.6855615499371,23.1443678002638,0.0677966101694915,0.0245551187995644,16.3655394178421,24.2477634604829,0.129496593493885,ok,0.138249719118972,0.03,0.58,0.0208407752978246,0.62,0.5284,0,0,0,0,observe
high_risk_irregular,495,12329.5175300239,12379.7561690671,205.491958833731,5.16244238695614,0,0,1,1,0,0,1,60,851.242995940854,24.0575051320903,27.8769953695354,0.101694915254237,0.0282616188876835,19.7120124649045,27.7301942103649,0.159669576312691,ok,0.151725343369531,0.03,0.58,0.0189148403408574,0.62,0.5284,0,0,0,0,observe
high_risk_irregular,496,12354.9917162879,12404.696775055,205.916528604798,5.17310927711701,0,0,1,1,0,0,1,60,842.054601833898,27.4108941858006,28.2211642801287,0.0847457627118644,0.0325523952082238,19.9553766354586,33.2339763414989,0.162284403748095,ok,0.158562119736186,0.03,0.58,0.00886258098073595,0.62,0.5284,0,0,0,0,observe
high_risk_irregular,497,12380.5809303289,12430.738771808,206.343015505482,5.18382433323889,0,0,1,1,0,0,1,60,849.71004568243,28.1231219140867,24.8867187261452,0.0338983050847458,0.0330973160279635,17.5975675727395,35.6671499830311,0.139996949552899,ok,0.148334555612527,0.03,0.58,0.0198514429991157,0.62,0.5284,0,0,0,0,observe
high_risk_irregular,498,12405.5842733731,12455.4898881684,206.759737889551,5.19429406566302,0,0,1,1,0,0,1,60,846.551885222378,28.2852155964583,26.1925133642642,0.0338983050847458,0.033412264611552,18.5209038161905,35.4553658069928,0.144004764845024,ok,0.14662124616594,0.03,0.58,0.00622971743075154,0.62,0.5284,0,0,0,0,observe
high_risk_irregular,499,12431.5668298014,12481.2876956928,207.19278049669,5.20517382734205,0,0,1,1,0,0,1,60,842.482064746607,30.051280937353,29.7618109367684,0.0677966101694915,0.0356699355331577,21.0447783337809,36.9225713735306,0.167845332421414,ok,0.159772360790733,0.03,0.58,0.0192213610254306,0.62,0.5284,0,0,0,0,observe
high_risk_irregular,500,12456.2935517299,12506.3687581385,207.604892528832,5.21552772929267,0,0,1,1,0,0,1,60,847.981166168451,28.5838704199408,27.5542942244561,0.0677966101694915,0.033708143011118,19.4838282969222,35.4182965607323,0.157399118419339,ok,0.158905616723398,0.03,0.58,0.00358690072394999,0.62,0.5284,0,0,0,0,observe
high_risk_irregular,501,12482.1348045519,12531.5266596961,208.035580075866,5.22634832244588,0,0,1,1,0,0,1,60,837.316066721293,22.1592098607998,20.1921970823302,0.0169491525423729,0.0264645702399685,14.2780394839709,27.8962139331506,0.113055403643013,ok,0.132844071595345,0.03,0.58,0.047115876076981,0.62,0.5284,0,0,0,0,observe
high_risk_irregular,502,12507.1704293617,12557.4135405916,208.452840489362,5.23683157232036,0,0,1,1,0,0,1,60,850.746374218569,25.499815693674,25.7440992611608,0.0508474576271186,0.0299734638506055,18.2038271631064,31.1304011769594,0.140544824954166,ok,0.138498837939259,0.03,0.58,0.00487139765454117,0.62,0.5284,0,0,0,0,observe
high_risk_irregular,503,12532.403899612,12582.1242578089,208.873398326866,5.24739766666965,0,0,1,1,0,0,1,60,843.293301880162,29.5105897119446,29.7450940508437,0.101694915254237,0.0349944552460566,21.0329577103832,36.0466988814052,0.177845904493075,ok,0.162365965824403,0.03,0.58,0.0368569968301719,0.62,0.5284,0,0,0,0,observe
high_risk_irregular,504,12558.2604466802,12608.0063708581,209.304340778003,5.25822466403308,0,0,1,1,0,0,1,60,843.21383777469,28.5660375141115,27.3479521008853,0.101694915254237,0.0338775720160139,19.3379223821009,35.4694482119344,0.168471851589244,ok,0.166351757229236,0.03,0.58,0.00504784371430542,0.62,0.5284,0,0,0,0,observe
high_risk_irregular,505,12582.9506273703,12632.8901699054,209.715843789504,5.26856326495023,0,0,1,1,0,0,1,60,846.098534941458,29.4603938570437,29.5457621029251,0.101694915254237,0.0348191051519574,20.8920087383028,36.0465474532992,0.176949148550524,ok,0.172842179913406,0.03,0.58,0.00977849675504278,0.62,0.5284,0,0,0,0,observe
high_risk_irregular,506,12608.8937301283,12658.2175592228,210.148228835471,5.27942650606355,0,0,1,1,0,0,1,60,836.853139412183,26.1876786093168,28.0795781732822,0.0677966101694915,0.0312930398130685,19.8552601391856,31.2627200783139,0.153958885908258,ok,0.162070246456602,0.03,0.58,0.0193127632103441,0.62,0.5284,0,0,0,0,observe
high_risk_irregular,507,12633.7039478462,12683.5467368173,210.561732464103,5.28981537048189,0,0,1,1,0,0,1,60,844.276115199104,20.8056611514332,18.8980631236651,0,0.0246431952496094,13.3629485860351,26.2141693933548,0.104389246711247,ok,0.12906709639359,0.03,0.58,0.0587567849579589,0.62,0.5284,0,0,0,0,observe
high_risk_irregular,508,12659.0842004456,12708.2438007952,210.984736674093,5.30044292748909,0,0,1,1,0,0,1,60,833.770692873448,24.5015263522545,22.0200056405356,0.0338983050847458,0.0293864087112659,15.5704953101887,30.9549553864295,0.125675017014266,ok,0.128383199524464,0.03,0.58,0.00644805359570819,0.62,0.5284,0,0,0,0,observe
high_risk_irregular,509,12684.334302652,12733.8131105692,211.405571710867,5.31101598619233,0,0,1,1,0,0,1,60,837.772895864755,28.3271768820092,25.8465651627899,0.0338983050847458,0.0338124771305351,18.2762814969887,35.6487788690174,0.143642234408446,ok,0.138534183129157,0.03,0.58,0.0121620268554499,0.62,0.5284,0,0,0,0,observe
high_risk_irregular,510,12709.0727076822,12758.3246466194,211.81787846137,5.32137478024672,0,0,1,1,0,0,1,60,834.680763736397,27.4446319384901,24.3928047821881,0.0169491525423729,0.032880393475987,17.2483176736449,34.7694000797743,0.134257948778873,ok,0.137098905791138,0.03,0.58,0.00676418336253459,0.62,0.5284,0,0,0,0,observe
high_risk_irregular,511,12734.6455475211,12783.9320778423,212.244092458684,5.33208297994485,0,0,1,1,0,0,1,60,835.316121218532,27.4793134240897,23.9810453619865,0.0508474576271186,0.0328969030120044,16.9571597954029,34.9668423537484,0.14113569172615,ok,0.140521349207508,0.03,0.58,0.00146272028248073,0.62,0.5284,0,0,0,0,observe
high_risk_irregular,512,12759.1326708709,12808.8046533405,212.652211181182,5.34233655399119,0,0,1,1,0,0,1,60,841.333445352358,28.4818932237698,25.6121930476645,0.0677966101694915,0.0338532758695232,18.1105553850625,35.9783861070092,0.152162746668629,ok,0.148268221734929,0.03,0.58,0.00927267841357096,0.62,0.5284,0,0,0,0,observe
high_risk_irregular,513,12784.831422926,12833.6867178769,213.080523715433,5.35309747732754,0,0,1,1,0,0,1,60,829.244000577104,24.8485326666163,23.5112932019709,0.0338983050847458,0.0299652848248805,16.6249948575788,30.9597916232211,0.13016373449221,ok,0.138567259946432,0.03,0.58,0.0200083939386226,0.62,0.5284,0,0,0,0,observe
high_risk_irregular,514,12809.589824299,12859.0984749198,213.493163738317,5.36346464451661,0,0,1,1,0,0,1,60,838.230359655503,21.3555330866324,20.3058528453934,0.0169491525423729,0.0254769262895812,14.3584062447538,26.5697903066456,0.111737055673777,ok,0.124049846517642,0.03,0.58,0.0293161686758689,0.62,0.5284,0,0,0,0,observe
high_risk_irregular,515,12834.5480443524,12883.4319557983,213.90913407254,5.37391548244176,0,0,1,1,0,0,1,60,829.087298690281,26.9229796755074,20.7921379433361,0.0338983050847458,0.0324730335611678,14.702261735099,35.1217478079924,0.128480123063581,ok,0.128029350782042,0.03,0.58,0.00107326733699795,0.62,0.5284,0,0,0,0,observe
high_risk_irregular,516,12859.9127067627,12908.8564164527,214.331878446044,5.38453651131758,0,0,1,1,0,0,1,60,829.299025548309,26.7185623848718,23.419116366067,0.0508474576271186,0.0322182488604834,16.5598159918428,33.9637401671972,0.138293386217836,ok,0.135292151695095,0.03,0.58,0.00714579648271627,0.62,0.5284,0,0,0,0,observe
high_risk_irregular,517,12884.2610648998,12933.2172122386,214.737684414996,5.39473197974802,0,0,1,1,0,0,1,60,829.754274005108,28.0553362421673,23.6334009634425,0.0338983050847458,0.0338116200435438,16.7113380837509,35.9852047760285,0.137736589306617,ok,0.137836563287061,0.03,0.58,0.000238033286772937,0.62,0.5284,0,0,0,0,observe
high_risk_irregular,518,12909.6997835987,12958.1926684473,215.161663059979,5.40538401845821,0,0,1,1,0,0,1,60,822.27086657588,26.0503215177013,23.8704397969424,0.0508474576271186,0.0316809491575211,16.8789498503232,32.7465960719812,0.138230666645194,ok,0.139127661839944,0.03,0.58,0.00213570284464337,0.62,0.5284,0,0,0,0,observe
high_risk_irregular,519,12934.0177149033,12983.2393466398,215.566961915055,5.41556674616056,0,0,1,1,0,0,1,60,833.702240018935,24.4306168501447,23.7921031349722,0.0677966101694915,0.029303767793151,16.8235574654285,30.1774417995392,0.138745309942975,ok,0.139935880661336,0.03,0.58,0.00283469218657262,0.62,0.5284,0,0,0,0,observe
high_risk_irregular,520,12959.0373484091,13007.4494370892,215.983955806819,5.42604329994351,0,0,1,1,0,0,1,60,820.946144031993,27.6539882265835,22.5999725462842,0.0508474576271186,0.0336855083949402,15.9805938421074,35.6946319511161,0.138960629392219,ok,0.140379850732582,0.03,0.58,0.00337909842943698,0.62,0.5284,0,0,0,0,observe
high_risk_irregular,521,12984.0307339279,13032.8001513029,216.400512232131,5.43650886282013,0,0,1,1,0,0,1,60,826.013411052461,27.0650377921355,22.0507669987306,0.0338983050847458,0.032765857587773,15.5922468751669,34.9558919034159,0.131810410033106,ok,0.136408002888425,0.03,0.58,0.0109466496555216,0.62,0.5284,0,0,0,0,observe
high_risk_irregular,522,13008.2721553751,13057.0371444114,216.804535922918,5.44665955329719,0,0,1,1,0,0,1,60,826.461788702466,29.0908388965445,29.2427326071855,0.11864406779661,0.0351992545743908,20.6777345269658,35.5666291661402,0.182993903006996,ok,0.164526343284408,0.03,0.58,0.0439703802918768,0.62,0.5284,0,0,0,0,observe
high_risk_irregular,523,13033.6377889119,13082.0988596786,217.227296481866,5.45728098881603,0,0,1,1,0,0,1,60,821.645139594411,26.9282014307999,28.3387064616464,0.101694915254237,0.0327735175846017,20.0384915090852,32.3838682469496,0.168609395313908,ok,0.167284449610751,0.03,0.58,0.0031546326265649,0.62,0.5284,0,0,0,0,observe
high_risk_irregular,524,13057.8680785692,13106.5758979427,217.63113464282,5.4674270180419,0,0,1,1,0,0,1,60,825.645892188509,21.9779514370359,20.066551664431,0.0169491525423729,0.0266191010516382,14.1891947569494,27.6537059159669,0.112843548404742,ok,0.136029158781075,0.03,0.58,0.0552038342293642,0.62,0.5284,0,0,0,0,observe
high_risk_irregular,525,13082.9451860256,13130.9431349485,218.04908643376,5.47792763808203,0,0,1,1,0,0,1,60,814.071254498053,22.3459919055828,26.0241800216854,0.101694915254237,0.027449675666734,18.4018741681532,25.6915888101183,0.152454830934783,ok,0.146664113828943,0.03,0.58,0.0137874216805732,0.62,0.5284,0,0,0,0,observe
high_risk_irregular,526,13107.348977756,13155.9053469752,218.455816295933,5.48814631840408,0,0,1,1,0,0,1,60,822.157483875544,24.0851401330561,26.8103947127136,0.101694915254237,0.0292950445692251,18.9578119076478,28.2982211125036,0.157880587608479,ok,0.154009732952584,0.03,0.58,0.00921632060927249,0.62,0.5284,0,0,0,0,observe
high_risk_irregular,527,13131.786755338,13179.8954285648,218.863112588966,5.49837922973405,0,0,1,1,0,0,1,60,815.871560272198,25.3665678094731,21.598083682524,0.0338983050847458,0.0310913739915264,15.2721514325472,32.460543980139,0.127393977390761,ok,0.139227549456322,0.03,0.58,0.0281751715846679,0.62,0.5284,0,0,0,0,observe
high_risk_irregular,528,13156.7063228312,13205.0769988476,219.278438713854,5.50881388254502,0,0,1,1,0,0,1,60,819.527531206399,26.3883248297516,20.8269584513461,0.0169491525423729,0.0321994366570043,14.7268835524373,34.2900317216814,0.124139915426334,ok,0.131504187472629,0.03,0.58,0.0175339810626088,0.62,0.5284,0,0,0,0,observe
high_risk_irregular,529,13180.7254429246,13229.240614206,219.678757382077,5.51887148804189,0,0,1,1,0,0,1,60,822.419760687264,25.5058601307702,23.259295477236,0.0338983050847458,0.0310131897967237,16.4468055575752,32.1029654233396,0.131299337328342,ok,0.132607468864632,0.03,0.58,0.00311459889592977,0.62,0.5284,0,0,0,0,observe
high_risk_irregular,530,13205.8924310311,13254.1356055238,220.098207183851,5.5294097441035,0,0,1,1,0,0,1,60,817.643444602909,26.5946549312819,26.3181112771388,0.0677966101694915,0.0325259807399271,18.609714952087,32.683785754254,0.150873540263882,ok,0.144396082060808,0.03,0.58,0.0154225195311274,0.62,0.5284,0,0,0,0,observe
high_risk_irregular,531,13230.0521574097,13278.6365555389,220.500869290162,5.53952622613463,0,0,1,1,0,0,1,60,823.265688880592,26.8395293027547,25.4950177001858,0.0677966101694915,0.0326012970846008,18.0276999022724,33.402435579168,0.148939033652745,ok,0.147928212716199,0.03,0.58,0.00240671651558502,0.62,0.5284,0,0,0,0,observe
high_risk_irregular,532,13254.9777021585,13302.7040258439,220.916295035974,5.54996338182152,0,0,1,1,0,0,1,60,809.473672002232,27.2258279374694,24.8664501434059,0.0508474576271186,0.0336339882063445,17.5832355204395,34.2537770529636,0.144179390314311,ok,0.146562104762656,0.03,0.58,0.00567312963891611,0.62,0.5284,0,0,0,0,observe
high_risk_irregular,533,13279.4229278859,13327.7031459484,221.323715464765,5.56019941193803,0,0,1,1,0,0,1,60,817.776506825324,27.7024628262919,23.7782605839231,0.0169491525423729,0.0338753468644326,16.8137693037128,35.3857323661061,0.134242038796471,ok,0.14025910146225,0.03,0.58,0.0143263396804251,0.62,0.5284,0,0,0,0,observe
high_risk_irregular,534,13303.5238514831,13351.3486624948,221.725397524718,5.57029127128626,0,0,1,1,0,0,1,60,810.743944182395,30.3814884612466,21.7728455124951,0,0.0374735928393338,15.3957267076124,40.112856809086,0.133515919613947,ok,0.137349526633386,0.03,0.58,0.00912763576056766,0.62,0.5284,0,0,0,0,observe
high_risk_irregular,535,13328.4978961991,13376.0567050061,222.141631603319,5.58074873552467,0,0,1,1,0,0,1,60,805.892650962289,26.892327211334,21.6211375417454,0,0.0333696146493243,15.2884529727352,34.8232355099777,0.1246352409326,ok,0.131050032855769,0.03,0.58,0.0152733141027822,0.62,0.5284,0,0,0,0,observe
high_risk_irregular,536,13352.1519229886,13400.0557116405,222.535865383143,5.59065346429639,0,0,1,1,0,0,1,60,811.784152427626,25.5133458518749,24.0571057430723,0.0169491525423729,0.0314287311172282,17.0109426066482,31.8196396074512,0.130127442737838,ok,0.131748469759404,0.03,0.58,0.00385958814658416,0.62,0.5284,0,0,0,0,observe
high_risk_irregular,537,13376.8921223697,13424.2307410795,222.948202039495,5.60101300970526,0,0,1,1,0,0,1,60,802.900601222356,27.3000885230907,27.5463092388205,0.0847457627118644,0.0340018284723269,19.4781820594316,33.3345180015673,0.162186146827363,ok,0.150618261020883,0.03,0.58,0.0275425852535237,0.62,0.5284,0,0,0,0,observe
high_risk_irregular,538,13400.8185847112,13448.9429517389,223.346976411854,5.61103181631563,0,0,1,1,0,0,1,60,814.787334973725,29.0502456789739,30.422717111541,0.135593220338983,0.0356537766752483,21.5121095716907,35.0008955570148,0.194669653911866,ok,0.176908488719927,0.03,0.58,0.0422884885522355,0.62,0.5284,0,0,0,0,observe
high_risk_irregular,539,13425.0871393834,13472.6182027015,223.751452323057,5.6211938683776,0,0,1,1,0,0,1,60,806.457693700668,29.4409549312603,29.1082693136063,0.0847457627118644,0.0365065088487926,20.5826546202553,36.1924575472886,0.171954762145807,ok,0.174113233391195,0.03,0.58,0.00513921725092431,0.62,0.5284,0,0,0,0,observe
high_risk_irregular,540,13449.7318177652,13497.4019601474,224.162196962753,5.63151341596289,0,0,1,1,0,0,1,60,807.650140142124,27.7079754877002,26.0517354568641,0.0338983050847458,0.0343069035842974,18.4213588032266,34.5849295372532,0.144393607520559,ok,0.157024196904768,0.03,0.58,0.0300728318671644,0.62,0.5284,0,0,0,0,observe
high_risk_irregular,541,13473.4105918031,13521.1147045098,224.556843196718,5.64142850723169,0,0,1,1,0,0,1,60,808.27503013744,26.9647659514941,23.9611855638471,0.0169491525423729,0.0333608795844021,16.9431167974655,34.163255097036,0.133451503297514,ok,0.14393102485056,0.03,0.58,0.0249512417929685,0.62,0.5284,0,0,0,0,observe
high_risk_irregular,542,13498.2366552845,13545.5134044055,224.970610921408,5.65182400679892,0,0,1,1,0,0,1,60,801.857404301254,23.2488020542727,22.4764430000705,0.0338983050847458,0.0289936863207392,15.8932452623028,28.7822575374101,0.125440856412618,ok,0.134115665330319,0.03,0.58,0.020654306946909,0.62,0.5284,0,0,0,0,observe
high_risk_irregular,543,13521.9223010992,13569.8012315551,225.365371684986,5.66174197550952,0,0,1,1,0,0,1,60,811.442117422692,26.7543534882567,24.0435653628814,0.0508474576271186,0.0329713640859979,17.0013681119955,33.801543507207,0.140851238229083,ok,0.139178582845278,0.03,0.58,0.00398251281858228,0.62,0.5284,0,0,0,0,observe
high_risk_irregular,544,13546.3646090849,13593.492131246,225.772743484748,5.67197678387039,0,0,1,1,0,0,1,60,799.645447342143,30.4850377904801,27.1245286398316,0.0847457627118644,0.0381231930873941,19.1799381377136,38.6109444485302,0.169432075052354,ok,0.157754308037681,0.03,0.58,0.0278042071777924,0.62,0.5284,0,0,0,0,observe
high_risk_irregular,545,13570.5596697075,13618.1509558356,226.175994495125,5.68210806152622,0,0,1,1,0,0,1,60,805.828738007909,27.4999032236893,29.6233702290454,0.11864406779661,0.0341262379046842,20.9468859705577,32.7676261386297,0.181435897488438,ok,0.17205022135657,0.03,0.58,0.0223468479330177,0.62,0.5284,0,0,0,0,observe
high_risk_irregular,546,13594.2856986685,13641.6743078713,226.571428311142,5.69204294000508,0,0,1,1,0,0,1,60,803.036277087949,25.7798672743355,26.0898095951088,0.0508474576271186,0.0321029921186388,18.4482812845673,31.4462085315574,0.1443427042414,ok,0.156180195851586,0.03,0.58,0.0281845038337758,0.62,0.5284,0,0,0,0,observe
high_risk_irregular,547,13618.9485953068,13666.0020485215,226.982476588446,5.70237011618109,0,0,1,1,0,0,1,60,797.518211431912,23.1847438398655,22.8428476946611,0,0.0290711152516983,16.1523325065063,28.5336091029441,0.119498260706917,ok,0.135504932532218,0.03,0.58,0.0381111233935738,0.62,0.5284,0,0,0,0,observe
high_risk_irregular,548,13642.4713746822,13689.7401651503,227.374522911369,5.71221988728959,0,0,1,1,0,0,1,60,801.097621317012,22.6648976799584,22.3730361474791,0,0.0282923043045579,15.8201255756142,27.8768506194255,0.117139368994957,ok,0.125974181380795,0.03,0.58,0.0210352675853284,0.62,0.5284,0,0,0,0,observe
high_risk_irregular,549,13666.8027933969,13713.6993731535,227.780046556615,5.72240826261975,0,0,1,1,0,0,1,60,794.955410532986,25.3725092472908,25.3323807983264,0.0508474576271186,0.0319168961065118,17.9126982460965,31.0912156814751,0.141794140767963,ok,0.136511208454556,0.03,0.58,0.0125784102700158,0.62,0.5284,0,0,0,0,observe
high_risk_irregular,550,13690.5060343734,13738.0281629858,228.175100572889,5.73233359901055,0,0,1,1,0,0,1,60,804.799963924172,29.9785883865892,30.1294095988037,0.101694915254237,0.0372497387306217,21.3047098404612,36.6543430157852,0.182664035409054,ok,0.16437576563511,0.03,0.58,0.0435434994617717,0.62,0.5284,0,0,0,0,observe
high_risk_irregular,551,13714.5323547384,13761.3262532933,228.575539245641,5.74239421950096,0,0,1,1,0,0,1,60,793.781335662811,29.5108728766469,29.6645957801126,0.0677966101694915,0.0371775847463145,20.9760368372755,36.0803147780683,0.169294106698255,ok,0.167622134157729,0.03,0.58,0.00398088700125113,0.62,0.5284,0,0,0,0,observe
high_risk_irregular,552,13738.8090232671,13785.6621388656,228.980150387786,5.75255966910487,0,0,1,1,0,0,1,60,793.899597996938,25.5957490713924,28.1266772619114,0.0508474576271186,0.032240536632053,19.888564224143,30.2444995685747,0.15011274506619,ok,0.157778610703862,0.03,0.58,0.018252061042076,0.62,0.5284,0,0,0,0,observe
high_risk_irregular,553,13762.1264826185,13809.0939582986,229.368774710308,5.76232346588147,0,0,1,1,0,0,1,60,796.128416755055,23.5257296348126,26.1940715759543,0.0338983050847458,0.0295501694697713,18.5220056382431,27.6379307625858,0.135706369661391,ok,0.145536689909491,0.03,0.58,0.0234055244002387,0.62,0.5284,0,0,0,0,observe
high_risk_irregular,554,13786.453262131,13833.0438411367,229.774221035517,5.77250989862318,0,0,1,1,0,0,1,60,789.695037851365,23.4005674663279,23.526767934998,0.0338983050847458,0.0296324104175672,16.6359371462393,28.608018294854,0.128828103918953,ok,0.13671418544926,0.03,0.58,0.0187763845959691,0.62,0.5284,0,0,0,0,observe
high_risk_irregular,555,13809.8681644287,13856.9358913893,230.164469407144,5.78231449800656,0,0,1,1,0,0,1,60,797.365551512484,24.6915987400759,25.8308901669557,0.0677966101694915,0.0309664728972046,18.2651976011393,29.7612609489782,0.146215199535774,ok,0.143315576146117,0.03,0.58,0.00690386521347014,0.62,0.5284,0,0,0,0,observe
high_risk_irregular,556,13833.8632986416,13880.1547470872,230.564388310694,5.79236205981647,0,0,1,1,0,0,1,60,785.181765842504,27.4942763541607,27.6238110196964,0.0677966101694915,0.0350164478471544,19.532984094243,33.6204252925505,0.158559195820398,ok,0.153081323038318,0.03,0.58,0.0130425542430482,0.62,0.5284,0,0,0,0,observe
high_risk_irregular,557,13857.6827813145,13904.4496619735,230.961379688575,5.80233607047679,0,0,1,1,0,0,1,60,791.896176403052,29.2581255462071,28.6092555060182,0.0847457627118644,0.0369469210965297,20.2297985730041,36.0947512895008,0.17096096004909,ok,0.164129863164,0.03,0.58,0.0162645163930715,0.62,0.5284,0,0,0,0,observe
high_risk_irregular,558,13880.9357559943,13927.5834221142,231.348929266572,5.81207286537388,0,0,1,1,0,0,1,60,790.477917116822,26.5030798068164,25.7697710863457,0.0677966101694915,0.0335279192915133,18.2219798847801,32.7534109303386,0.15065283791512,ok,0.156713115967917,0.03,0.58,0.0144292334590403,0.62,0.5284,0,0,0,0,observe
high_risk_irregular,559,13905.2345761016,13951.7294111814,231.753909601693,5.82224759058146,0,0,1,1,0,0,1,60,787.995820132077,24.1769117047742,19.5194649175622,0.0169491525423729,0.0306815227785369,13.8023460083412,31.2816457979264,0.117866620651963,ok,0.134768978162272,0.03,0.58,0.0402437083578786,0.62,0.5284,0,0,0,0,observe
high_risk_irregular,560,13928.3769226094,13975.2606684709,232.139615376823,5.83193806177865,0,0,1,1,0,0,1,60,794.620772610976,25.4215089456142,25.6022327729601,0.0508474576271186,0.0319920014953596,18.1035124072765,31.0607320046303,0.142638746547233,ok,0.14047326557586,0.03,0.58,0.00515590707469712,0.62,0.5284,0,0,0,0,observe
high_risk_irregular,561,13952.5486220888,13998.6761658806,232.542477034814,5.84205955734584,0,0,1,1,0,0,1,60,782.445911653384,28.1204828524759,28.3162959335121,0.0847457627118644,0.0359392035074406,20.0226448726715,34.3601048312671,0.167742229506533,ok,0.157285338363139,0.03,0.58,0.024897359865224,0.62,0.5284,0,0,0,0,observe
high_risk_irregular,562,13976.0169567331,14022.9017093408,232.933615945552,5.85188653063224,0,0,1,1,0,0,1,60,794.01734783251,28.4501791669066,24.2465319673103,0.0338983050847458,0.0358306770558216,17.1448871743415,36.398876810106,0.142380176438515,ok,0.149212753920106,0.03,0.58,0.0162680416228357,0.62,0.5284,0,0,0,0,observe
high_risk_irregular,563,13999.4942123359,14045.9952223523,233.324903538932,5.86171723942105,0,0,1,1,0,0,1,60,788.650941195327,26.8571438086949,23.0090296053926,0,0.0340545384603087,16.2698408624952,34.3206151668487,0.128782205259593,ok,0.138138874298222,0.03,0.58,0.0222777834253062,0.62,0.5284,0,0,0,0,observe
high_risk_irregular,564,14023.680241076,14070.2173147983,233.728004017934,5.87184473512688,0,0,1,1,0,0,1,60,788.593424290555,25.1466029447211,23.872235222197,0.0169491525423729,0.0318879186284667,16.8802194076958,31.3011417054868,0.129995123306047,ok,0.134470399090445,0.03,0.58,0.0106554185342816,0.62,0.5284,0,0,0,0,observe
high_risk_irregular,565,14046.7830251711,14093.3651320619,234.113050419519,5.88151864022433,0,0,1,1,0,0,1,60,789.498495158975,26.4535685813513,24.5865467321118,0.0508474576271186,0.0335068005114114,17.3853139202362,33.1260236260158,0.142719499272798,ok,0.14040222313913,0.03,0.58,0.00551732412777928,0.62,0.5284,0,0,0,0,observe
high_risk_irregular,566,14070.9715286352,14117.1925908616,234.51619214392,5.89164717217949,0,0,1,1,0,0,1,60,782.921267721518,24.4964280713766,19.6610009377346,0.0169491525423729,0.0312884948733949,13.9024270879872,31.7312542704421,0.119138524003492,ok,0.129067141617354,0.03,0.58,0.0236395657472903,0.62,0.5284,0,0,0,0,observe
high_risk_irregular,567,14094.1364132212,14140.9212840191,234.902273553686,5.90134708082061,0,0,1,1,0,0,1,60,792.602532619972,27.3140202220513,27.0328406671743,0.0847457627118644,0.0344611821157875,19.1151049504944,33.5667121433249,0.161373633098954,ok,0.149088414707925,0.03,0.58,0.0292505199786415,0.62,0.5284,0,0,0,0,observe
high_risk_irregular,568,14117.9935495422,14164.1863982968,235.29989249237,5.9113368583174,0,0,1,1,0,0,1,60,783.230123919983,28.4370868998559,29.7923377629651,0.11864406779661,0.0363074478769169,21.0663640595927,34.2570303442755,0.185739521715,ok,0.171125028721389,0.03,0.58,0.0347964118895508,0.62,0.5284,0,0,0,0,observe
high_risk_irregular,569,14141.6989445108,14188.360909862,235.694982408514,5.92126309665647,0,0,1,1,0,0,1,60,790.660430714918,26.0382883277654,25.6232162188047,0.0677966101694915,0.0329323276039267,18.1183499441259,32.0579212267714,0.149132419777502,ok,0.158592964810156,0.03,0.58,0.0225251072206032,0.62,0.5284,0,0,0,0,observe
high_risk_irregular,570,14165.0111325424,14211.3255596819,236.083518875707,5.93102468615595,0,0,1,1,0,0,1,60,785.652689752247,28.4633787895569,25.9602963354149,0.0338983050847458,0.0362289586236035,18.3567015803842,35.82400551759,0.147433171831379,ok,0.152659742169249,0.03,0.58,0.0124442150901677,0.62,0.5284,0,0,0,0,observe
high_risk_irregular,571,14189.1414267974,14235.1821643417,236.485690446623,5.9411288439767,0,0,1,1,0,0,1,60,780.35424132861,25.2788969247255,24.0131919049902,0.0169491525423729,0.0323941302371682,16.9798908339525,31.459951791585,0.131093576247467,ok,0.14084034043195,0.03,0.58,0.0232065813916274,0.62,0.5284,0,0,0,0,observe
high_risk_irregular,572,14212.1071647274,14258.6446286539,236.868452745456,5.95074536328073,0,0,1,1,0,0,1,60,788.651149532825,24.9747022100563,25.0538327293337,0.0847457627118644,0.0316676165689362,17.7157350176253,30.5552652377174,0.150636643930411,ok,0.147509019882172,0.03,0.58,0.00744672392437784,0.62,0.5284,0,0,0,0,observe
high_risk_irregular,573,14235.9812338862,14281.980629253,237.266353898103,5.96074223112061,0,0,1,1,0,0,1,60,779.974415189318,23.9621493923997,26.692085458711,0.0847457627118644,0.0307217120533159,18.8741546318654,28.1449017397432,0.153157150629135,ok,0.15160370841438,0.03,0.58,0.00369867193989307,0.62,0.5284,0,0,0,0,observe
high_risk_irregular,574,14259.3910214912,14305.8966627829,237.656517024853,5.97054468881186,0,0,1,1,0,0,1,60,787.533902150387,24.1160706608897,27.9336844809752,0.0508474576271186,0.0306222634924541,19.752097720023,27.8033156997634,0.146482908713261,ok,0.149349231135688,0.03,0.58,0.00682457719625673,0.62,0.5284,0,0,0,0,observe
high_risk_irregular,575,14282.8005099125,14328.9613225738,238.046675165208,5.98034702122491,0,0,1,1,0,0,1,60,783.011555345708,26.3199758864583,30.5396620016025,0.101694915254237,0.0336137770978842,21.5948020964783,30.3174336602132,0.175992262227557,ok,0.165574588544353,0.03,0.58,0.02480398496001,0.62,0.5284,0,0,0,0,observe
high_risk_irregular,576,14306.665728659,14353.2775429658,238.444428810984,5.99034018310245,0,0,1,1,0,0,1,60,789.681336381278,28.6524190911267,26.1981013862323,0.0847457627118644,0.0362835206697763,18.5248551444175,36.0382016952215,0.162667876267213,ok,0.164252215792294,0.03,0.58,0.00377223696447881,0.62,0.5284,0,0,0,0,observe
high_risk_irregular,577,14329.7348679502,14376.3664778619,238.828914465836,6,0,0,1,1,0,0,1,60,790.085921468539,29.3575575416137,25.1946094834231,0.0508474576271186,0.0371574239508617,17.8152792150754,37.5013092585742,0.151660329482482,ok,0.157345765894637,0.03,0.58,0.0135367533622745,0.62,0.5284,0,0,0,0,observe
missing_burst,1,0.839606071584365,49.3970618907948,0.0139934345264061,0,0,0,1,1,0,0,1,60,823.28436484658,28.2995643490861,27.0861768097253,0.0847457627118644,0.0343739849284758,19.1528192985745,35.1411467885196,0.162153744445456,ok,0.169649171778365,0.293141550666545,0.58,0.0178462555545439,0.62,0.602079634186633,0,0,0,0,observe
missing_burst,2,26.0624865466212,74.2091802859766,0.434374775777019,0.0105471926251776,0,0,1,1,0,0,1,60,816.119049153582,27.3637027185034,29.5067738367357,0.135593220338983,0.0335290577359798,20.8644398708936,32.591710630268,0.187588362318219,ok,0.180314743162666,0.180140093381499,0.58,0.0173181408465567,0.62,0.57043922614682,0,0,0,0,observe
missing_burst,3,50.186997206474,99.0039762530592,0.836449953441233,0.0206350912364978,0,0,1,1,0,0,1,60,826.78190603774,24.7511580948763,26.0703553978749,0.0677966101694915,0.0299367437943743,18.4345250897807,29.7558051275607,0.145630997550268,ok,0.160190239179776,0.100860650557396,0.58,0.0346648610226375,0.62,0.548240982156071,0,0,0,0,observe
missing_burst,4,75.0767391563871,123.371763405688,1.25127898593979,0.0310429787494451,0,0,1,1,0,0,1,60,819.376385328523,23.6041991868537,22.3764840877563,0.0169491525423729,0.0288075170452829,15.8225636375654,29.3932461364941,0.121549095630844,ok,0.138277581894065,0.0443992359051027,0.58,0.0398297291981458,0.62,0.532431786053429,0,0,0,0,observe
missing_burst,5,99.7739657837198,148.76822918972,1.66289942972866,0.0413703641090969,0,0,1,1,0,0,1,60,829.40421561102,25.7616877508086,21.0164421313836,0.0169491525423729,0.0310604736097586,14.860868747516,33.2638496210139,0.122657244259682,ok,0.130269191002393,0.03,0.58,0.0181236827207386,0.62,0.5284,0,0,0,0,observe
missing_burst,6,124.225361233005,172.788503576562,2.07042268721675,0.0515949527722848,0,0,1,1,0,0,1,60,823.612336181236,29.3260099500611,22.7152254941234,0.0508474576271186,0.0356065695737806,16.0620899830762,38.2366183724154,0.143196902153458,ok,0.13902047985675,0.03,0.58,0.00994386261120903,0.62,0.5284,0,0,0,0,observe
missing_burst,7,149.579104231092,198.176799297159,2.4929850705182,0.0621968668333979,0,0,1,1,0,0,1,60,823.476168457306,29.5290403725288,24.7773699125279,0.0508474576271186,0.0358590102587283,17.520246285116,37.9073795025949,0.148826753483909,ok,0.145740802468112,0.03,0.58,0.00734750241856377,0.62,0.5284,0,0,0,0,observe
missing_burst,8,173.61118972602,222.981170279962,2.893519828767,0.0722461169636757,0,0,1,1,0,0,1,60,836.544445056672,23.4838680953984,26.6604419659088,0.0338983050847458,0.0280724691128724,18.8517793035245,27.3421750878629,0.13521882297179,ok,0.140501386138049,0.03,0.58,0.0125775313482351,0.62,0.5284,0,0,0,0,observe
missing_burst,9,199.020723551867,247.838551636371,3.31701205919778,0.0828713605016772,0,0,1,1,0,0,1,60,827.695872320203,26.7276605957257,24.3175090286322,0.0169491525423729,0.032291644176988,17.1950755357109,33.6610317602092,0.132763495553409,ok,0.137008774668279,0.03,0.58,0.0101078074163572,0.62,0.5284,0,0,0,0,observe
missing_burst,10,223.781912789325,273.051982365732,3.72969854648875,0.0932254924484397,0,0,1,1,0,0,1,60,834.513534762828,27.2810455921751,25.5302875830026,0.0677966101694915,0.0326909564144199,18.0526394755839,34.0971128567986,0.149477842934675,ok,0.145324213141148,0.03,0.58,0.0098895947464929,0.62,0.5284,0,0,0,0,observe
missing_burst,11,248.655653517597,297.419961957276,4.14426089195995,0.103626688895033,0,0,1,1,0,0,1,60,826.356838681757,26.4726787651155,27.7795290089584,0.0847457627118644,0.0320354083441071,19.6430933404029,31.8709009289385,0.159638458826076,ok,0.154500305467249,0.03,0.58,0.0122336984733968,0.62,0.5284,0,0,0,0,observe
missing_burst,12,273.859703281856,323.035519484153,4.56432838803093,0.114166007275474,0,0,1,1,0,0,1,60,833.058951973687,29.3460867323673,27.7442650704041,0.0677966101694915,0.0352269028054262,19.6181579703198,36.5720315385791,0.160639472484597,ok,0.158703614639537,0.03,0.58,0.00460918534538288,0.62,0.5284,0,0,0,0,observe
missing_burst,13,298.264565074679,347.561784233368,4.97107608457799,0.124371137437927,0,0,1,1,0,0,1,60,835.697037934858,29.3146575689684,31.2413073188524,0.101694915254237,0.0350780919858346,22.0909402582935,35.0811723760234,0.182529726816025,ok,0.173059428612983,0.03,0.58,0.0225483290548606,0.62,0.5284,0,0,0,0,observe
missing_burst,14,323.864315688536,372.958577545321,5.39773859480893,0.135075921974652,0,0,1,1,0,0,1,60,832.050967686123,26.6798176906579,28.5098712646148,0.0677966101694915,0.0320651242854181,20.1595233019646,31.8938703241082,0.156563019780735,ok,0.163666413889232,0.03,0.58,0.0169128431154693,0.62,0.5284,0,0,0,0,observe
missing_burst,15,348.382173092671,398.155443640234,5.80636955154452,0.14532830235024,0,0,1,1,0,0,1,60,843.227656781097,21.9428801139433,21.7299231240031,0.0169491525423729,0.0260224862615479,15.3653759956449,26.9608085172207,0.115845694991832,ok,0.136342003298732,0.03,0.58,0.048800734064046,0.62,0.5284,0,0,0,0,observe
missing_burst,16,373.833625616962,422.933933743674,6.23056042694936,0.155971074599426,0,0,1,1,0,0,1,60,832.922603305885,25.7809838086806,21.327926998383,0.0338983050847458,0.0309524362844224,15.0811218092083,33.1945480050976,0.126901299428206,ok,0.131966576570699,0.03,0.58,0.0120601836726018,0.62,0.5284,0,0,0,0,observe
missing_burst,17,398.945215102205,448.512938886572,6.64908691837009,0.166471729815525,0,0,1,1,0,0,1,60,839.291587438982,27.9861376678766,22.1558277416139,0.0338983050847458,0.0333449519651134,15.6665360388962,36.3456662020749,0.133516984157111,ok,0.134076255241236,0.03,0.58,0.00133159781934614,0.62,0.5284,0,0,0,0,observe
missing_burst,18,423.772859415135,473.249842096534,7.06288099025225,0.176853650598008,0,0,1,1,0,0,1,60,838.598472547667,26.1665459553432,19.8656220666655,0,0.0312027112043849,14.0471160758283,34.235285662871,0.117437584996029,ok,0.125583104866937,0.03,0.58,0.0193940949307326,0.62,0.5284,0,0,0,0,observe
missing_burst,19,449.352679903846,498.873146300757,7.48921133173076,0.187550101159192,0,0,1,1,0,0,1,60,839.336790236413,28.2394187259227,24.4870700171666,0.0508474576271186,0.0336449194821648,17.3149732605283,35.9877929434855,0.143990355520675,ok,0.137630616003458,0.03,0.58,0.0151422369457544,0.62,0.5284,0,0,0,0,observe
missing_burst,20,474.080583689178,523.932249557059,7.9013430614863,0.197890314470629,0,0,1,1,0,0,1,60,844.706791008757,29.0532343496363,28.817210532653,0.0847457627118644,0.0343944604907706,20.3768449825193,35.6786356368646,0.167784628888578,ok,0.156187651953541,0.03,0.58,0.0276118498453271,0.62,0.5284,0,0,0,0,observe
missing_burst,21,499.76615443632,549.120955884326,8.329435907272,0.20863098553022,0,0,1,1,0,0,1,60,837.463493059482,28.1284947738085,27.7153709418093,0.0677966101694915,0.0335877265181405,19.5977267360539,34.6172434381957,0.157344691034216,ok,0.157458805791103,0.03,0.58,0.000271701802112445,0.62,0.5284,0,0,0,0,observe
missing_burst,22,524.726257460163,574.804588798917,8.74543762433605,0.219068295210107,0,0,1,1,0,0,1,60,847.872320697634,24.7869939162208,23.5469870696959,0.0508474576271186,0.0292343473317137,16.6502342334939,30.8473634979607,0.133526837774609,ok,0.144146302435601,0.03,0.58,0.0252844396690275,0.62,0.5284,0,0,0,0,observe
missing_burst,23,549.989366981124,599.545483987256,9.16648944968541,0.229632310001846,0,0,1,1,0,0,1,60,840.408801715501,25.8677557619527,27.6178578061695,0.0847457627118644,0.0307799676885221,19.5287745365883,30.9339383431722,0.15714841788343,ok,0.152591042573965,0.03,0.58,0.0108508935939652,0.62,0.5284,0,0,0,0,observe
missing_burst,24,575.621528409646,625.557501736311,9.59369214016077,0.240350647435741,0,0,1,1,0,0,1,60,845.881882289902,31.7522051239626,31.8454282915161,0.135593220338983,0.0375373982925437,22.5181182947209,38.8502176175803,0.20424464597031,ok,0.183240838270981,0.03,0.58,0.0500090659507832,0.62,0.5284,0,0,0,0,observe
missing_burst,25,600.389191904312,650.19031425072,10.0064865317385,0.250707486656082,0,0,1,1,0,0,1,60,844.08050439106,32.1008640491805,24.0198985792175,0.0677966101694915,0.0380305715890676,16.9846331687778,42.1005128416506,0.15703391918512,ok,0.167959156076753,0.03,0.58,0.0260124687896019,0.62,0.5284,0,0,0,0,observe
missing_burst,26,626.399260241885,675.869100845487,10.4399876706981,0.261583849537075,0,0,1,1,0,0,1,60,838.526651819599,30.6774267500372,22.2169685272002,0.0508474576271186,0.036584915558101,15.7097691029913,40.4402297067969,0.144538391676288,ok,0.154678541991349,0.03,0.58,0.0241432150358596,0.62,0.5284,0,0,0,0,observe
missing_burst,27,651.000224144669,701.398702642926,10.8500037357445,0.271870981702828,0,0,1,1,0,0,1,60,853.473139870106,26.2048279751645,23.9017073454337,0.0508474576271186,0.0307037524100087,16.9010593458925,32.9809067704717,0.137189057767464,ok,0.145172741883314,0.03,0.58,0.0190087717044038,0.62,0.5284,0,0,0,0,observe
missing_burst,28,676.726514996302,726.25363245651,11.2787752499384,0.282628680269892,0,0,1,1,0,0,1,60,839.742193517054,24.0736285425806,22.367884455428,0.0508474576271186,0.0286678801284881,15.8164827792303,30.1482678591426,0.12954355066165,ok,0.13698545787929,0.03,0.58,0.0177188267086647,0.62,0.5284,0,0,0,0,observe
missing_burst,29,702.192323446078,752.374537061953,11.703205390768,0.293277455588852,0,0,1,1,0,0,1,60,849.597240317114,27.9213113989047,23.6733774045841,0.0508474576271186,0.0328641738389863,16.7396056963698,35.762897835596,0.140663629515859,ok,0.140202763889942,0.03,0.58,0.00109729910932707,0.62,0.5284,0,0,0,0,observe
missing_burst,30,727.11726086648,777.22023074897,12.1186210144413,0.303700060429868,0,0,1,1,0,0,1,60,849.443304874322,26.4243883058484,22.4366935794382,0,0.0311078893131755,15.8651381774254,33.8348043482996,0.123246529192255,ok,0.131371038115257,0.03,0.58,0.0193440688642909,0.62,0.5284,0,0,0,0,observe
missing_burst,31,753.204155831878,803.120915899767,12.553402597198,0.314608549112005,0,0,1,1,0,0,1,60,845.772980630228,26.6312547866856,21.117826425248,0,0.0314874740581584,14.9325582692133,34.5755139739568,0.120856158460048,ok,0.126497857754731,0.03,0.58,0.0134326173682932,0.62,0.5284,0,0,0,0,observe
missing_burst,32,778.01550889328,828.229760439867,12.9669251482213,0.324983657549318,0,0,1,1,0,0,1,60,850.15882818161,24.9600586980699,23.6684965062723,0.0169491525423729,0.029359288959519,16.7361543800752,31.0790958199958,0.126227264165064,ok,0.127689167457305,0.03,0.58,0.00348072212438347,0.62,0.5284,0,0,0,0,observe
missing_burst,33,803.93337282064,853.466199844543,13.3988895470107,0.335821464259997,0,0,1,1,0,0,1,60,839.08806574627,22.1850179642995,24.5724049080118,0.0169491525423729,0.0264394392793188,17.3753141405168,26.1237153305372,0.123329110319132,ok,0.12647856729724,0.03,0.58,0.00749870709073502,0.62,0.5284,0,0,0,0,observe
missing_burst,34,829.066165159702,879.420179836563,13.8177694193284,0.346330985655503,0,0,1,1,0,0,1,60,853.173656611613,26.0702358308366,24.6233340299926,0.0169491525423729,0.0305567754334736,17.4113264680293,32.4986169424881,0.130866067929011,ok,0.130372057767777,0.03,0.58,0.00117621466960488,0.62,0.5284,0,0,0,0,observe
missing_burst,35,854.346527865599,904.327428992166,14.23910879776,0.356902215034214,0,0,1,1,0,0,1,60,847.687152460396,26.7738850330586,24.1494290018629,0,0.0315846299608858,17.0762250090003,33.7947389244076,0.128271860813254,ok,0.130404567678406,0.03,0.58,0.00507787348845581,0.62,0.5284,0,0,0,0,observe
missing_burst,36,880.243351856523,930.301876526805,14.6707225309421,0.367731223690975,0,0,1,1,0,0,1,60,848.028278170706,26.7177499988775,24.7596306709946,0.0508474576271186,0.0315057300406429,17.5077027471347,33.4836777329345,0.140742536578588,ok,0.137650394535016,0.03,0.58,0.00736224296088681,0.62,0.5284,0,0,0,0,observe
missing_burst,37,905.196516235684,955.44399798798,15.0866086039281,0.378165631909148,0,0,1,1,0,0,1,60,851.9428165969,24.306859465276,24.6814386179063,0.0677966101694915,0.0285310926880869,17.4524126161611,29.6152009617462,0.139994412074005,ok,0.140077134765347,0.03,0.58,0.000196958788909352,0.62,0.5284,0,0,0,0,observe
missing_burst,38,931.162319859462,981.11774908808,15.5193719976577,0.389023485069836,0,0,1,1,0,0,1,60,846.931209354591,24.7240177603127,26.3142538492604,0.0338983050847458,0.0291924745330307,18.6069873386762,29.6029412491878,0.136409357869507,ok,0.138955880369673,0.03,0.58,0.00606314880991934,0.62,0.5284,0,0,0,0,observe
missing_burst,39,956.248712187595,1006.73411184509,15.9374785364599,0.399513603849785,0,0,1,1,0,0,1,60,854.83523095186,27.0227396804512,26.3912483283028,0.0338983050847458,0.0316116354380497,18.661430656921,33.3497814912151,0.141237588165706,ok,0.141313582706057,0.03,0.58,0.00018093938178676,0.62,0.5284,0,0,0,0,observe
missing_burst,40,982.018185295583,1031.88811267856,16.3669697549264,0.410289359497054,0,0,1,1,0,0,1,60,846.172726507933,26.1053688548294,24.9631688076285,0.0169491525423729,0.0308511111703677,17.6516259437786,32.425309059966,0.132132958992874,ok,0.136963718668218,0.03,0.58,0.0115018087508196,0.62,0.5284,0,0,0,0,observe
missing_burst,41,1007.57194076766,1058.08246707204,16.792865679461,0.420974910718193,0,0,1,1,0,0,1,60,855.80592044918,25.3965831902142,24.0693431548036,0,0.0296756339064404,17.0195957634676,31.6276182398089,0.124715699896843,ok,0.130944382070381,0.03,0.58,0.0148301956512817,0.62,0.5284,0,0,0,0,observe
missing_burst,42,1032.76486008129,1082.96676044604,17.2127476680215,0.431509574792521,0,0,1,1,0,0,1,60,851.310796124697,27.8368509343881,23.6397861485603,0,0.032698811128798,16.7158530914468,35.6421210832332,0.129239260533129,ok,0.131191613150601,0.03,0.58,0.0046484586130297,0.62,0.5284,0,0,0,0,observe
missing_burst,43,1058.92099321155,1108.80706742179,17.6486832201925,0.442447016086256,0,0,1,1,0,0,1,60,845.410005829183,24.7158834306216,22.613977270628,0,0.0292353807740661,15.9904966776595,31.0814060736304,0.120169088041529,ok,0.126028519935944,0.03,0.58,0.0139510283200366,0.62,0.5284,0,0,0,0,observe
missing_burst,44,1083.8125044846,1134.15312798879,18.0635417414099,0.452855643458869,0,0,1,1,0,0,1,60,853.106125712537,24.6208816365453,23.738625977627,0.0338983050847458,0.0288602799751101,16.7857434048312,30.5059738980533,0.129245454449749,ok,0.129254423251565,0.03,0.58,2.1354290037856e-05,0.62,0.5284,0,0,0,0,observe
missing_burst,45,1109.66536695454,1159.64166799337,18.4944227825757,0.463666269178346,0,0,1,1,0,0,1,60,847.243342859697,26.3399703719817,24.1331285348512,0.0508474576271186,0.0310890260678549,17.0646988382399,33.1116917712448,0.138346938817019,ok,0.135806870813589,0.03,0.58,0.00604778096054789,0.62,0.5284,0,0,0,0,observe
missing_burst,46,1134.95345825006,1185.66701770128,18.9158909708343,0.474240730341926,0,0,1,1,0,0,1,60,858.564828541539,24.4695778969164,19.6182084612442,0.0169491525423729,0.0285005594026993,13.8721682376771,31.7030508514891,0.115646583963991,ok,0.12522757129632,0.03,0.58,0.0228118746007833,0.62,0.5284,0,0,0,0,observe
missing_burst,47,1160.50044645167,1210.82969246579,19.3416741075279,0.484923451763147,0,0,1,1,0,0,1,60,853.13374120701,23.5580041973293,22.6100820620666,0.0508474576271186,0.0276134948829941,15.9877423492716,29.2292869926052,0.128556265858168,ok,0.128538479345524,0.03,0.58,4.23488396277538e-05,0.62,0.5284,0,0,0,0,observe
missing_burst,48,1186.47236025785,1237.36239731601,19.7745393376308,0.495783859955994,0,0,1,1,0,0,1,60,861.589660245493,30.6999669083197,28.5341778054404,0.101694915254237,0.0356317726695703,20.1767106218096,38.443156540893,0.1760681302573,ok,0.157402507194847,0.03,0.58,0.0444419596725069,0.62,0.5284,0,0,0,0,observe
missing_burst,49,1211.69697557087,1262.58836064858,20.1949495928478,0.506331778020534,0,0,1,1,0,0,1,60,862.644469713163,31.3678641865154,30.4057192050921,0.11864406779661,0.0363624474367122,21.5000902367747,38.8024732080043,0.19012449281696,ok,0.176950715674362,0.03,0.58,0.0313661360538033,0.62,0.5284,0,0,0,0,observe
missing_burst,50,1238.2569801039,1288.42871493195,20.637616335065,0.51743810206678,0,0,1,1,0,0,1,60,851.10529359891,25.8418792587214,29.8491420368441,0.11864406779661,0.0303627288574939,21.1065307468529,29.8348756839513,0.176034523262085,ok,0.176496166040248,0.03,0.58,0.00109914947181525,0.62,0.5284,0,0,0,0,observe
missing_burst,51,1263.41435613376,1314.36824096703,21.0569059355626,0.527957903371533,0,0,1,1,0,0,1,60,862.998005307356,25.495302102433,28.9365398412253,0.0847457627118644,0.0295427126663554,20.4612235458051,29.6876942452128,0.15923341087548,ok,0.166572064660468,0.03,0.58,0.0174729852023525,0.62,0.5284,0,0,0,0,observe
missing_burst,52,1289.32490739363,1339.36477076874,21.4887484565605,0.538792652219227,0,0,1,1,0,0,1,60,848.934263946612,29.0848839367735,27.0749410686106,0.0677966101694915,0.034260466530778,19.1448744298407,36.4051470302869,0.157188620560918,ok,0.161468051053285,0.03,0.58,0.010189120219922,0.62,0.5284,0,0,0,0,observe
missing_burst,53,1315.20678511163,1365.5513484761,21.9201130851938,0.549615410946693,0,0,1,1,0,0,1,60,853.051791817887,28.3215950241388,25.3073668493708,0.0508474576271186,0.0332003230000659,17.8950107131657,35.8328631426283,0.145581541631937,ok,0.152720880702361,0.03,0.58,0.0169984263581509,0.62,0.5284,0,0,0,0,observe
missing_burst,54,1340.26745318557,1390.61341005197,22.3377908864262,0.560094772879724,0,0,1,1,0,0,1,60,854.143988053746,27.1096424181225,23.7387091761705,0.0508474576271186,0.0317389606404589,16.7858022350855,34.4688593864307,0.138751536795104,ok,0.145306095042453,0.03,0.58,0.0156060910651148,0.62,0.5284,0,0,0,0,observe
missing_burst,55,1366.42361553357,1416.78481536994,22.7737269255595,0.571032226391142,0,0,1,1,0,0,1,60,853.891114897396,29.4323855125057,25.5790489882595,0.101694915254237,0.0344685463977949,18.0871189959012,37.4884883709869,0.165112089158979,ok,0.157667858034968,0.03,0.58,0.017724359819074,0.62,0.5284,0,0,0,0,observe
missing_burst,56,1391.43588975659,1442.3659243876,23.1905981626099,0.581491351965046,0,0,1,1,0,0,1,60,862.541905593843,25.8499695587382,25.72585019636,0.0677966101694915,0.0299695230934212,18.1909231256355,31.7101272184866,0.145512745431632,ok,0.151180662702552,0.03,0.58,0.0134950411212385,0.62,0.5284,0,0,0,0,observe
missing_burst,57,1417.66007148657,1467.78872822345,23.6276678581096,0.592457248442156,0,0,1,1,0,0,1,60,850.065214225104,22.9446591844738,24.7231649055506,0.0338983050847458,0.0269916458178911,17.4819175571081,27.3367395405851,0.128477519312171,ok,0.138739086836027,0.03,0.58,0.0244323036282276,0.62,0.5284,0,0,0,0,observe
missing_burst,58,1443.22698307345,1493.98351480423,24.0537830512242,0.60314830102057,0,0,1,1,0,0,1,60,860.293173610543,26.2575105244753,24.1619148786733,0.0508474576271186,0.0305215841877203,17.085053857162,32.9699052559108,0.137652913347117,ok,0.139148881224192,0.03,0.58,0.00356182827874771,0.62,0.5284,0,0,0,0,observe
missing_burst,59,1468.6764737003,1519.15261483908,24.4779412283383,0.613790252883271,0,0,1,1,0,0,1,60,856.064776927222,28.2654256073623,27.410605396793,0.0677966101694915,0.0330178584251753,19.3822249525009,34.9599474459175,0.155819223941862,ok,0.149847128193591,0.03,0.58,0.014219275591122,0.62,0.5284,0,0,0,0,observe
missing_burst,60,1494.81262465684,1545.26898365271,24.9135437442806,0.624719338436849,0,0,1,1,0,0,1,60,854.757814141336,26.2377238027613,26.3302949473277,0.0338983050847458,0.0306960911835815,18.6183301078973,32.096636657029,0.139344973001866,ok,0.144515730551912,0.03,0.58,0.0123113275001094,0.62,0.5284,0,0,0,0,observe
missing_burst,61,1520.01214974014,1570.52254984086,25.3335358290024,0.635256764777972,0,0,1,1,0,0,1,60,856.165583362996,27.1538840482413,28.8905046044257,0.11864406779661,0.0317156921229905,20.4286717176906,32.5167066238495,0.175771233463396,ok,0.163538125830664,0.03,0.58,0.0291264467445987,0.62,0.5284,0,0,0,0,observe
missing_burst,62,1546.13120861283,1596.36073936475,25.7688534768804,0.646178703110557,0,0,1,1,0,0,1,60,851.52926186739,28.3405863787065,32.0635765663473,0.135593220338983,0.0332819876519053,22.6723724191583,33.0505854935256,0.196153260995415,ok,0.182869743455287,0.03,0.58,0.0316274227145902,0.62,0.5284,0,0,0,0,observe
missing_burst,63,1571.3523242985,1622.15219392998,26.1892054049751,0.656725157771912,0,0,1,1,0,0,1,60,860.49406815193,27.6433985111337,28.0971535415657,0.0338983050847458,0.0321250308796469,19.8676878012807,33.6688274806466,0.147177595659363,ok,0.162095980198578,0.03,0.58,0.0355199631886063,0.62,0.5284,0,0,0,0,observe
missing_burst,64,1597.20233929119,1647.22245771495,26.6200389881865,0.667534592791096,0,0,1,1,0,0,1,60,847.69530583665,27.5193228020056,26.9297043239656,0.0338983050847458,0.0324636961093525,19.0421765428248,33.9414461606141,0.144195873218095,ok,0.152165099448894,0.03,0.58,0.0189743481685686,0.62,0.5284,0,0,0,0,observe
missing_burst,65,1622.97833788198,1673.26089378209,27.0496389646997,0.678313077132425,0,0,1,1,0,0,1,60,851.811664201858,27.0813047574086,26.7187506215179,0.0338983050847458,0.0317925967623179,18.8930097493076,33.3143860417666,0.142413932251922,ok,0.147210861968538,0.03,0.58,0.011421261230038,0.62,0.5284,0,0,0,0,observe
missing_burst,66,1648.10373204652,1698.22294572309,27.4683955341086,0.688819504909345,0,0,1,1,0,0,1,60,850.008133468993,27.9808896829123,26.3879775858676,0.0338983050847458,0.0329183787556464,18.6591178927656,34.8955254202956,0.143646461236801,ok,0.145969795822524,0.03,0.58,0.00553174901362413,0.62,0.5284,0,0,0,0,observe
missing_burst,67,1674.1367428014,1724.06952973457,27.90227904669,0.699705461385125,0,0,1,1,0,0,1,60,846.810599207956,24.1462695122309,23.404597073999,0.0338983050847458,0.0285143685433502,16.5495493019635,29.8696682374689,0.127697453878411,ok,0.136229398640211,0.03,0.58,0.0203141541947613,0.62,0.5284,0,0,0,0,observe
missing_burst,68,1699.03091218448,1749.35488687446,28.3171818697413,0.710115200272284,0,0,1,1,0,0,1,60,852.199019189518,19.0047267174312,17.6647067526447,0,0.0223008080148996,12.4908339324669,23.7978642503906,0.0985636628978418,ok,0.115486291063903,0.03,0.58,0.0402919718239562,0.62,0.5284,0,0,0,0,observe
missing_burst,69,1724.94146179395,1774.84386614893,28.7490243632325,0.720949948429846,0,0,1,1,0,0,1,60,846.238940239384,22.1567354116404,24.3831645175102,0.0508474576271186,0.0261825996867654,17.2415009771187,26.1643362663549,0.130415833981274,ok,0.125771171421168,0.03,0.58,0.0110587203812047,0.62,0.5284,0,0,0,0,observe
missing_burst,70,1750.1558711022,1800.78879616277,29.1692645183701,0.731493598754298,0,0,1,1,0,0,1,60,857.231821471875,27.370645966338,27.0895986799628,0.0677966101694915,0.0319291063172881,19.1552389262238,33.6360125893143,0.152810201490385,ok,0.1428203753415,0.03,0.58,0.0237853003544869,0.62,0.5284,0,0,0,0,observe
missing_burst,71,1775.72022664466,1825.82703081871,29.5953371107444,0.742183582497895,0,0,1,1,0,0,1,60,849.71941116309,29.0266848840243,25.9124413013961,0.0508474576271186,0.0341603175150404,18.3228629613155,36.7337659873547,0.149038127682658,ok,0.147363598240766,0.03,0.58,0.00398697486164737,0.62,0.5284,0,0,0,0,observe
missing_burst,72,1801.6190301384,1852.02200663759,30.0269838356399,0.753013418902995,0,0,1,1,0,0,1,60,853.886841246935,28.79351952093,26.80409137088,0.0677966101694915,0.0337205331316298,18.9533547718931,36.0403090399501,0.155467399849511,ok,0.15288624049817,0.03,0.58,0.00614561750319079,0.62,0.5284,0,0,0,0,observe
missing_burst,73,1826.68814523149,1877.13161399476,30.4448024205249,0.763496313039187,0,0,1,1,0,0,1,60,855.076386267379,26.1845804903749,21.9437102570958,0.0338983050847458,0.0306225045047462,15.5165463271852,33.622928203685,0.128181516371418,ok,0.1392407672441,0.03,0.58,0.0263315496968623,0.62,0.5284,0,0,0,0,observe
missing_burst,74,1852.88130738819,1902.98687087041,30.8813551231366,0.774449238380235,0,0,1,1,0,0,1,60,849.414403880317,26.3338051251506,21.4077721880317,0.0338983050847458,0.0310023058295831,15.137580884254,34.0263461116748,0.127540100104914,ok,0.133481512968821,0.03,0.58,0.0141462211045396,0.62,0.5284,0,0,0,0,observe
missing_burst,75,1877.96305226029,1928.47860386182,31.2993842043382,0.784937413781272,0,0,1,1,0,0,1,60,855.783164451118,24.9265839441617,25.6720524367768,0.0338983050847458,0.0291272193466777,18.1528823650215,30.218240122356,0.134739031756632,ok,0.135383139738937,0.03,0.58,0.00153359043405993,0.62,0.5284,0,0,0,0,observe
missing_burst,76,1903.87081958528,1953.39524145524,31.7311803264214,0.795770998499536,0,0,1,1,0,0,1,60,840.139509747229,24.3506342812803,24.0326266788418,0.0338983050847458,0.028984036578171,16.9936332943338,29.952015078439,0.12993995276698,ok,0.133350436173781,0.03,0.58,0.00812019858762036,0.62,0.5284,0,0,0,0,observe
missing_burst,77,1929.28907979979,1979.10243428092,32.1548179966632,0.806399891061774,0,0,1,1,0,0,1,60,843.730506984852,25.0804961294072,23.9985418516517,0.0677966101694915,0.0297257191979873,16.9695316818921,31.1463893042465,0.140211454359081,ok,0.138505395729676,0.03,0.58,0.00406204435572716,0.62,0.5284,0,0,0,0,observe
missing_burst,78,1954.26968899227,2003.66232780321,32.5711614832045,0.816845775595385,0,0,1,1,0,0,1,60,837.784772466182,27.0285550039688,23.5403541081657,0.0508474576271186,0.0322619315751049,16.6455440214166,34.4094672355766,0.138875819502612,ok,0.139765905545591,0.03,0.58,0.00211925248328379,0.62,0.5284,0,0,0,0,observe
missing_burst,79,1979.93661946204,2029.51291663437,32.9989436577007,0.827578652041818,0,0,1,1,0,0,1,60,840.174705890901,29.0113731320148,22.1550335385015,0.0508474576271186,0.0345301672718794,15.6659744524898,37.9196095241489,0.140121663992764,ok,0.140986144625202,0.03,0.58,0.00205828722009124,0.62,0.5284,0,0,0,0,observe
missing_burst,80,2004.49514267644,2054.78127343092,33.4082523779407,0.837848037221222,0,0,1,1,0,0,1,60,851.982427128414,23.1589070143678,21.0874135204931,0.0338983050847458,0.0271823763929315,14.9110530980256,29.1604259863969,0.12011459006263,ok,0.129863792134355,0.03,0.58,0.0232123858850607,0.62,0.5284,0,0,0,0,observe
missing_burst,81,2030.37871804234,2080.0499179245,33.8396453007056,0.848671505836655,0,0,1,1,0,0,1,60,842.283354835477,22.0055409334344,19.2075661284015,0,0.0261260546193896,13.5818002594818,28.0003993767528,0.107327342417484,ok,0.118056083736784,0.03,0.58,0.0255446221888095,0.62,0.5284,0,0,0,0,observe
missing_burst,82,2055.62021944696,2105.7283676244,34.2603369907826,0.859226484984525,0,0,1,1,0,0,1,60,849.118236557945,24.4490946619803,22.809983673048,0.0338983050847458,0.0287935102667081,16.1290941339667,30.5837993388426,0.126792529662149,ok,0.124684209063329,0.03,0.58,0.00501981094957184,0.62,0.5284,0,0,0,0,observe
missing_burst,83,2080.90558638059,2130.43878807746,34.6817597730099,0.869799806929705,0,0,1,1,0,0,1,60,839.814502549293,29.5271742531991,25.2877946574776,0.0508474576271186,0.0351591621287417,17.8811710835554,37.7355503396757,0.149161762699497,ok,0.14027514810391,0.03,0.58,0.0211586061799675,0.62,0.5284,0,0,0,0,observe
missing_burst,84,2106.54245838805,2155.99050769596,35.1090409731341,0.880520114137965,0,0,1,1,0,0,1,60,837.702334526079,27.7325060444357,30.5299651912319,0.0847457627118644,0.0331054419946496,21.5879454161093,32.7436161063559,0.170279044815255,ok,0.158678474464272,0.03,0.58,0.0276204055975793,0.62,0.5284,0,0,0,0,observe
missing_burst,85,2131.25282604574,2180.55164919722,35.5208804340956,0.890852994547185,0,0,1,1,0,0,1,60,835.214351996073,26.5010885676231,27.8235061859963,0.0677966101694915,0.031729685324837,19.6741899005038,31.8989285446536,0.153999372474893,ok,0.156501897753932,0.03,0.58,0.00595839352152208,0.62,0.5284,0,0,0,0,observe
missing_burst,86,2156.83491273925,2205.77276046411,35.9472485456542,0.901550392743936,0,0,1,1,0,0,1,60,829.70421280241,24.0834454665718,24.7969444091921,0.0338983050847458,0.0290265435500533,17.5340875444456,29.1989805484094,0.131752692570827,ok,0.142739510924332,0.03,0.58,0.0261590913178693,0.62,0.5284,0,0,0,0,observe
missing_burst,87,2181.37624271375,2231.01572845758,36.3562707118959,0.911812588402963,0,0,1,1,0,0,1,60,841.067987672673,23.4293385092234,24.9403424621537,0.0338983050847458,0.0278566523189819,17.6354852801037,28.050979749285,0.130329317807257,ok,0.136480563241135,0.03,0.58,0.0146458224616154,0.62,0.5284,0,0,0,0,observe
missing_burst,88,2206.64461637231,2255.69700619263,36.7774102728718,0.922378804445001,0,0,1,1,0,0,1,60,832.070762142025,21.8993754046032,19.4184278137004,0.0169491525423729,0.0263191262101639,13.730901987049,27.7601804181012,0.111100414005579,ok,0.122856766490836,0.03,0.58,0.0279913154410882,0.62,0.5284,0,0,0,0,observe
missing_burst,89,2231.84157756401,2281.49101198134,37.1973596260668,0.932915158669928,0,0,1,1,0,0,1,60,841.254725396057,26.8162902987087,23.6986250413118,0.0508474576271186,0.0318765404688619,16.7574584715089,34.0207941756934,0.138611575901936,ok,0.133434565433705,0.03,0.58,0.0123262154005501,0.62,0.5284,0,0,0,0,observe
missing_burst,90,2256.51622190262,2306.0326199067,37.608603698377,0.943233101026063,0,0,1,1,0,0,1,60,838.92689523456,29.1294801437043,26.8729722252492,0.0677966101694915,0.0347223105006781,19.0020608911115,36.5509905307013,0.15729626083436,ok,0.148447797717155,0.03,0.58,0.0210677693266768,0.62,0.5284,0,0,0,0,observe
missing_burst,91,2282.34573007604,2331.42702537588,38.0390955012673,0.954033960919455,0,0,1,1,0,0,1,60,832.266889908899,24.4630077878359,24.6995334857626,0.0508474576271186,0.0293932247989748,17.4652076199269,29.8637576813147,0.136391439612435,ok,0.142250225513945,0.03,0.58,0.0139494902416906,0.62,0.5284,0,0,0,0,observe
missing_burst,92,2306.84471126552,2356.3166881299,38.4474118544254,0.964278448022417,0,0,1,1,0,0,1,60,838.067803719971,23.5641064399038,23.7228064101574,0.0508474576271186,0.0281171837592479,16.774557281398,28.7949379689439,0.131830134898171,ok,0.137157867273845,0.03,0.58,0.0126850770849376,0.62,0.5284,0,0,0,0,observe
missing_burst,93,2332.26696460682,2381.10104408449,38.8711160767803,0.974909010349431,0,0,1,1,0,0,1,60,827.900311810172,25.4526309027321,30.0992971229925,0.101694915254237,0.0307435938115314,21.2834171046168,29.0291060160718,0.170275445950167,ok,0.157445684650811,0.03,0.58,0.0305470507127532,0.62,0.5284,0,0,0,0,observe
missing_burst,94,2357.136946572,2406.369518387,39.2856157762001,0.985308635032708,0,0,1,1,0,0,1,60,834.21383761826,26.1412515864314,31.5977992947063,0.101694915254237,0.0313363917111068,22.3430181518584,29.4536858283634,0.176295016880226,ok,0.168946666090671,0.03,0.58,0.0174960733084635,0.62,0.5284,0,0,0,0,observe
missing_burst,95,2381.96983158027,2430.83341773218,39.6994971930045,0.995692747262883,0,0,1,1,0,0,1,60,828.87289412822,25.1423099239717,27.4915894195663,0.0508474576271186,0.0303331308118304,19.4394893041717,29.7720968730637,0.145557332316082,ok,0.155659396515925,0.03,0.58,0.0240525338091489,0.62,0.5284,0,0,0,0,observe
missing_burst,96,2407.19200809305,2456.38547793076,40.1198668015509,1.0062396455194,0,0,1,1,0,0,1,60,833.599325729353,25.3387138874822,23.0733741521956,0.0338983050847458,0.0303967542983702,16.3153393278719,31.9047103976789,0.129966392062185,ok,0.141370837140554,0.03,0.58,0.0271534406627838,0.62,0.5284,0,0,0,0,observe
missing_burst,97,2431.65071927086,2480.73601998134,40.5275119878477,1.01646729332558,0,0,1,1,0,0,1,60,831.710037485952,28.0165655037525,24.0357843479958,0.0338983050847458,0.0336854964362814,16.9958661036053,35.7910103327698,0.138536191093974,ok,0.140700197337596,0.03,0.58,0.00515239581814667,0.62,0.5284,0,0,0,0,observe
missing_burst,98,2457.24178145332,2505.71722365653,40.9540296908886,1.02716844471026,0,0,1,1,0,0,1,60,822.195762096251,24.1413993200414,24.5370428131689,0.0169491525423729,0.0293621062440057,17.3503093634564,29.4037597468716,0.127854160125564,ok,0.13423985078171,0.03,0.58,0.0152040253717763,0.62,0.5284,0,0,0,0,observe
missing_burst,99,2481.5358285683,2530.6977675367,41.3589304761383,1.03732723663811,0,0,1,1,0,0,1,60,832.695792589438,21.6400219568204,21.4445964256812,0,0.0259879083687049,15.163619552408,26.5828091565426,0.111780753282683,ok,0.122366729992575,0.03,0.58,0.0252047064521244,0.62,0.5284,0,0,0,0,observe
missing_burst,100,2506.57961118566,2554.90082475973,41.7763268530943,1.04779953775335,0,0,1,1,0,0,1,60,819.726685053333,25.6645534490876,22.1484340734574,0,0.0313086714353062,15.6613079260049,32.7423585211725,0.122280709475982,ok,0.123769196497139,0.03,0.58,0.00354401671703843,0.62,0.5284,0,0,0,0,observe
missing_burst,101,2531.5316867338,2580.32573460129,42.1921947788967,1.05823349066625,0,0,1,1,0,0,1,60,827.132784409694,28.6267578391562,22.4989485478244,0.0169491525423729,0.0346096278357367,15.9091590877338,37.2274251847285,0.132866657051445,ok,0.130462739866909,0.03,0.58,0.00572361234413507,0.62,0.5284,0,0,0,0,observe
missing_burst,102,2555.77038229058,2604.43000877033,42.5961730381764,1.06836913680205,0,0,1,1,0,0,1,60,825.486400176586,30.130534405243,22.3358696129547,0.0338983050847458,0.0365003401616279,15.7938448670188,39.5759102410496,0.140041822106011,ok,0.137266946520942,0.03,0.58,0.00660684663111671,0.62,0.5284,0,0,0,0,observe
missing_burst,103,2581.13969396431,2629.74621630973,43.0189948994052,1.0789775610562,0,0,1,1,0,0,1,60,823.674695140648,29.1079354971464,22.473737657973,0.0169491525423729,0.0353391158777508,15.8913322965602,37.9737985412623,0.134205831643595,ok,0.136568372839753,0.03,0.58,0.00562509808609032,0.62,0.5284,0,0,0,0,observe
missing_burst,104,2605.24033197547,2654.17693105676,43.4206721995912,1.08905547708744,0,0,1,1,0,0,1,60,829.115371440569,25.5998986522595,21.6200711854657,0.0169491525423729,0.03087615974093,15.2876989449786,32.817615437134,0.123668979538511,ok,0.130181201729471,0.03,0.58,0.0155052909308562,0.62,0.5284,0,0,0,0,observe
missing_burst,105,2630.59423973451,2678.78740593977,43.8432373289084,1.09965746004495,0,0,1,1,0,0,1,60,817.353160500689,25.2208557180345,22.0309286866697,0.0169491525423729,0.0308567421487486,15.5782190701814,32.0858569606808,0.124321672649287,ok,0.128038108579382,0.03,0.58,0.00884865697641535,0.62,0.5284,0,0,0,0,observe
missing_burst,106,2655.00324681365,2703.74534655567,44.2500541135608,1.10986432359916,0,0,1,1,0,0,1,60,826.14025831508,26.4043029419168,22.3678698622509,0.0169491525423729,0.031961041331854,15.8164724602958,33.826226904722,0.127347392774689,ok,0.12894693307646,0.03,0.58,0.00380842928992994,0.62,0.5284,0,0,0,0,observe
missing_burst,107,2679.63264809743,2727.60430311432,44.6605441349572,1.12016334713218,0,0,1,1,0,0,1,60,813.61495290917,28.8103670778402,26.0421890900035,0.0508474576271186,0.0354103215222698,18.4146085024838,36.3452431003019,0.150953982704274,ok,0.142997559147065,0.03,0.58,0.0189438656124017,0.62,0.5284,0,0,0,0,observe
missing_burst,108,2704.57309889166,2752.79033955751,45.0762183148609,1.13059243904124,0,0,1,1,0,0,1,60,817.416550030698,29.3918375968775,26.9730871345321,0.0677966101694915,0.0359569886317737,19.0728528223632,36.9321881271461,0.159526633491399,ok,0.153516883776273,0.03,0.58,0.0143089278931576,0.62,0.5284,0,0,0,0,observe
missing_burst,109,2728.43840883838,2776.68050188488,45.4739734806397,1.14057195035506,0,0,1,1,0,0,1,60,817.936646176067,30.0352685346278,25.6416807931557,0.0508474576271186,0.0367207762056458,18.1314063698612,38.4120660072504,0.152748155595106,ok,0.153738395960034,0.03,0.58,0.00235771515459041,0.62,0.5284,0,0,0,0,observe
missing_burst,110,2753.60419605101,2801.32039324738,45.8934032675169,1.15109526887764,0,0,1,1,0,0,1,60,808.834228164469,28.7206291470478,25.3572469966546,0.0338983050847458,0.0355086717982065,17.9302813035567,36.4452203941729,0.144998004587023,ok,0.149330761385495,0.03,0.58,0.0103160876154089,0.62,0.5284,0,0,0,0,observe
missing_burst,111,2777.45932485955,2825.88539415751,46.2909887476592,1.16107052284957,0,0,1,1,0,0,1,60,820.081537877075,24.0862813497782,21.3671933584953,0.0338983050847458,0.0293705933340846,15.1088873187162,30.528993146052,0.123886057696566,ok,0.135345698059002,0.03,0.58,0.0272848580057987,0.62,0.5284,0,0,0,0,observe
missing_burst,112,2802.16629763607,2849.77263254912,46.7027716272678,1.17140198365623,0,0,1,1,0,0,1,60,807.537321695687,22.8688818183251,21.4582464406468,0.0338983050847458,0.0283192877950266,15.1732715705534,28.5612209313131,0.122056131884093,ok,0.128763038086468,0.03,0.58,0.0159688242913684,0.62,0.5284,0,0,0,0,observe
missing_burst,113,2826.67168350272,2874.78157999937,47.1111947250454,1.1816491489372,0,0,1,1,0,0,1,60,814.936430697766,27.2135774190092,22.0744496222257,0.0169491525423729,0.0333934972028534,15.6089930188366,35.1783588136047,0.129139118264865,ok,0.130272336030159,0.03,0.58,0.00269813753641487,0.62,0.5284,0,0,0,0,observe
missing_burst,114,2850.59742962345,2898.51250296226,47.5099571603909,1.19165393222459,0,0,1,1,0,0,1,60,812.331173552334,27.7991357659132,19.6116091906484,0,0.0342214316906579,13.8675018486879,36.786903799314,0.122077917588586,ok,0.126772710466086,0.03,0.58,0.011178078279764,0.62,0.5284,0,0,0,0,observe
missing_burst,115,2875.56126740766,2923.29655544113,47.9260211234609,1.20209280363082,0,0,1,1,0,0,1,60,808.582924029376,28.1905369582014,29.1443358704947,0.0847457627118644,0.0348641260165634,20.6081575272051,34.1279444343977,0.168741028890128,ok,0.152455662848285,0.03,0.58,0.0387746810520068,0.62,0.5284,0,0,0,0,observe
missing_burst,116,2899.28501329715,2947.36231033772,48.3214168882859,1.21201311855817,0,0,1,1,0,0,1,60,814.16345625777,29.9444373996941,35.4359240771106,0.169491525423729,0.03677939260174,25.0569822125366,34.1392194516662,0.230949840516143,ok,0.198676403191866,0.03,0.58,0.0768415174387544,0.62,0.5284,0,0,0,0,observe
missing_burst,117,2924.12959260112,2971.2693697999,48.7354932100187,1.22240212087176,0,0,1,1,0,0,1,60,799.546905979526,25.2776918332334,31.2158956791249,0.11864406779661,0.031615020512481,22.0729715155211,28.1195187957907,0.181525776798921,ok,0.188258394523523,0.03,0.58,0.0160300422014331,0.62,0.5284,0,0,0,0,observe
missing_burst,118,2948.15056800171,2995.85592807055,49.1358428000285,1.2324467252081,0,0,1,1,0,0,1,60,808.226962213883,24.641676376887,25.7710395965345,0.0508474576271186,0.0304885601804089,18.2228768569366,29.7043967853816,0.140653261767319,ok,0.160439305982932,0.03,0.58,0.0471096290847919,0.62,0.5284,0,0,0,0,observe
missing_burst,119,2972.0667852862,3019.62962037407,49.5344464214366,1.24244752392,0,0,1,1,0,0,1,60,806.004176236031,25.8476027049782,29.796075542714,0.0677966101694915,0.0320688198238429,21.0690070689997,29.8712917751348,0.159849180772001,ok,0.160589962849822,0.03,0.58,0.00176376685195473,0.62,0.5284,0,0,0,0,observe
missing_burst,120,2996.65816007936,3044.4203035831,49.9443026679894,1.25273064630637,0,0,1,1,0,0,1,60,809.406258542494,25.6906688183057,28.9537313583916,0.0847457627118644,0.0317401410566891,20.4733797841723,30.0143573790407,0.162147365928366,ok,0.161982389571562,0.03,0.58,0.000392800849532887,0.62,0.5284,0,0,0,0,observe
missing_burst,121,3020.43108400161,3068.0360878993,50.3405180666935,1.2626715255061,0,0,1,1,0,0,1,60,806.774458753879,27.4973167817087,23.5717499090619,0.0508474576271186,0.0340830283895951,16.6677442051311,35.1339033342382,0.141726395040905,ok,0.150687956526578,0.03,0.58,0.0213370511563633,0.62,0.5284,0,0,0,0,observe
missing_burst,122,3045.21660745972,3092.33609484924,50.7536101243287,1.27303583304375,0,0,1,1,0,0,1,60,798.59652110222,27.7572910229563,23.7942726165622,0.0508474576271186,0.0347575907100695,16.8250915205725,35.4661910161007,0.143401148943981,ok,0.147200271624202,0.03,0.58,0.00904553019100218,0.62,0.5284,0,0,0,0,observe
missing_burst,123,3068.82850958396,3116.60860721653,51.1471418263993,1.28290937941358,0,0,1,1,0,0,1,60,809.54198862044,28.1311897409036,24.7001859141849,0.0338983050847458,0.0347495128558343,17.4656689564886,35.7446230974645,0.141765844537563,ok,0.144874857069021,0.03,0.58,0.00740241078918685,0.62,0.5284,0,0,0,0,observe
missing_burst,124,3093.16759020937,3140.0804324081,51.5527931701561,1.29308700254152,0,0,1,1,0,0,1,60,795.738959314401,29.1081529125215,23.1674056914566,0.0338983050847458,0.0365800273717913,16.3818296669288,37.7651266212785,0.14131079032406,ok,0.143692851958804,0.03,0.58,0.00567157532081991,0.62,0.5284,0,0,0,0,observe
missing_burst,125,3117.3824675041,3164.61269619086,51.9563744584016,1.30321268883954,0,0,1,1,0,0,1,60,800.068149572301,29.1687662374952,24.7814432118334,0.0847457627118644,0.0364578520630877,17.5231265426767,37.3439939455413,0.159578744103144,ok,0.153821609533159,0.03,0.58,0.0137074632618675,0.62,0.5284,0,0,0,0,observe
missing_burst,126,3140.91670232845,3188.05864982145,52.3486117054741,1.31305375787304,0,0,1,1,0,0,1,60,799.636956889173,27.0348705338244,24.8871079432998,0.0677966101694915,0.0338089307915409,17.5978427908289,33.9423684894052,0.149100564757352,ok,0.151743099002956,0.03,0.58,0.00629174820381742,0.62,0.5284,0,0,0,0,observe
missing_burst,127,3165.40855045302,3212.4835875607,52.756809174217,1.32329526221558,0,0,1,1,0,0,1,60,797.848189497268,25.4251941529391,23.1711194722203,0.0169491525423729,0.0318672079320752,16.3844557064907,32.0067275214344,0.128442101141668,ok,0.138940594148534,0.03,0.58,0.02499641192111,0.62,0.5284,0,0,0,0,observe
missing_burst,128,3188.82847665253,3236.16589245795,53.1471412775422,1.33308853198658,0,0,1,1,0,0,1,60,801.787377274964,26.3466752349752,28.6015906213135,0.0677966101694915,0.0328599276837205,20.2243786810524,31.2932756169741,0.15762848717434,ok,0.150814269130959,0.03,0.58,0.0162243286747178,0.62,0.5284,0,0,0,0,observe
missing_burst,129,3213.29060785332,3259.98544648531,53.554843464222,1.3433176099086,0,0,1,1,0,0,1,60,791.697648743555,27.250302833818,31.0936764978873,0.11864406779661,0.0344200881195807,21.9865495036769,31.6504289069193,0.186273275366918,ok,0.172115973165715,0.03,0.58,0.0337078623838164,0.62,0.5284,0,0,0,0,observe
missing_burst,130,3236.96421850005,3284.14807853267,53.9494036416676,1.3532169602969,0,0,1,1,0,0,1,60,799.703101245253,27.4211620759551,25.5750732475776,0.0677966101694915,0.0342891781127975,18.0843077227048,34.3044905716746,0.151846639261041,ok,0.160558436977228,0.03,0.58,0.0207423755147312,0.62,0.5284,0,0,0,0,observe
missing_burst,131,3260.79509271197,3307.28843410627,54.3465848785328,1.3631820719735,0,0,1,1,0,0,1,60,788.383127015948,28.5486050226802,29.5838270747316,0.0677966101694915,0.0362115880520394,20.9189247379929,34.5317865927639,0.166871528993576,ok,0.164709957734884,0.03,0.58,0.00514659823498217,0.62,0.5284,0,0,0,0,observe
missing_burst,132,3284.93321355028,3331.66227718608,54.7488868925046,1.37327566181323,0,0,1,1,0,0,1,60,791.903310890211,28.1573088579318,31.5340014022045,0.101694915254237,0.0355564984647924,22.2979062294449,32.9919908769508,0.183246062621422,ok,0.175846207634157,0.03,0.58,0.0176187023506316,0.62,0.5284,0,0,0,0,observe
missing_burst,133,3308.10729809057,3355.05000355724,55.1351216348428,1.38296613050496,0,0,1,1,0,0,1,60,796.026157516239,25.1575110456456,26.6089289954586,0.0677966101694915,0.0316038748326337,18.8153541328001,30.1957475959925,0.149457216439328,ok,0.160645268308775,0.03,0.58,0.0266382187367799,0.62,0.5284,0,0,0,0,observe
missing_burst,134,3332.49579111527,3379.00984557295,55.5415965185879,1.39316441590793,0,0,1,1,0,0,1,60,789.126139781259,23.1324379758671,26.3882459601141,0.0338983050847458,0.029313992794966,18.6593076620152,26.8709808341441,0.135696705384629,ok,0.146662841051389,0.03,0.58,0.0261098468256197,0.62,0.5284,0,0,0,0,observe
missing_burst,135,3355.81218851744,3402.83714057748,55.9302031419573,1.40291439410607,0,0,1,1,0,0,1,60,796.452283670708,23.6638109079863,26.6176855031219,0.0508474576271186,0.0297115237072633,18.8215459187483,27.6713082922782,0.141348879581885,ok,0.144420839804582,0.03,0.58,0.00731419100642058,0.62,0.5284,0,0,0,0,observe
missing_burst,136,3379.82509135598,3426.29357118801,56.3304181892664,1.41295562282213,0,0,1,1,0,0,1,60,788.062093584376,26.2940785224186,30.4132117674601,0.101694915254237,0.0333654907861691,21.5053882784335,30.3360413646878,0.175241284416076,ok,0.163193292516173,0.03,0.58,0.028685694999769,0.62,0.5284,0,0,0,0,observe
missing_burst,137,3403.64353463825,3450.5418128283,56.7273922439708,1.42291553638468,0,0,1,1,0,0,1,60,795.07787084691,25.5646234048929,27.9023495334994,0.0677966101694915,0.03215360952967,19.7299405661747,30.2956991159341,0.15410090961933,ok,0.158343239464596,0.03,0.58,0.0101007853458732,0.62,0.5284,0,0,0,0,observe
missing_burst,138,3427.10105158333,3473.4148525244,57.1183508597222,1.43272452509131,0,0,1,1,0,0,1,60,785.354688939854,29.420066493072,25.3972898354951,0.0677966101694915,0.0374608656539455,17.9585958664387,37.5309133837625,0.157467061269714,ok,0.158380806477056,0.03,0.58,0.00217558382700692,0.62,0.5284,0,0,0,0,observe
missing_burst,139,3451.31842362431,3497.51235891114,57.5219737270718,1.44285125459171,0,0,1,1,0,0,1,60,782.842434713984,30.1165261829691,25.8341347356784,0.0508474576271186,0.0384707379767582,18.2674918576851,38.4747844683805,0.155945431503949,ok,0.157513092669433,0.03,0.58,0.00373252658448373,0.62,0.5284,0,0,0,0,observe
missing_burst,140,3474.20670771872,3521.0622994345,57.9034451286454,1.45242221304915,0,0,1,1,0,0,1,60,794.12411516819,25.5962356110516,25.4967969737406,0.0508474576271186,0.0322320341646224,18.0289580386686,31.3893489412071,0.142792164471954,ok,0.149541624379625,0.03,0.58,0.0160701426373128,0.62,0.5284,0,0,0,0,observe
missing_burst,141,3498.31024370124,3544.74840750125,58.305170728354,1.46250134089528,0,0,1,1,0,0,1,60,787.267476501796,24.9747340109407,24.3368573537858,0.0677966101694915,0.0317233148280371,17.2087568676316,30.8436924654818,0.143472369173031,ok,0.146789007425434,0.03,0.58,0.00789675774381682,0.62,0.5284,0,0,0,0,observe
missing_burst,142,3521.81868727042,3568.93499019322,58.6969781211737,1.47233162506476,0,0,1,1,0,0,1,60,797.878179312053,24.2885384317734,26.0648360529394,0.0508474576271186,0.0304414120620713,18.430622323549,28.9858303153483,0.141145642566504,ok,0.144352772820134,0.03,0.58,0.0076360244134035,0.62,0.5284,0,0,0,0,observe
missing_burst,143,3545.55015595789,3592.02039754855,59.0925025992982,1.48225516935514,0,0,1,1,0,0,1,60,787.866500788466,27.7617079712962,25.9898191100073,0.0169491525423729,0.0352365634831705,18.3775773344979,34.6942287748497,0.141889086683804,ok,0.143822144985995,0.03,0.58,0.00460251976712217,0.62,0.5284,0,0,0,0,observe
missing_burst,144,3569.71437766014,3616.25127786642,59.495239627669,1.49235967352481,0,0,1,1,0,0,1,60,788.604794553419,28.3333058980364,25.5450120189498,0.0508474576271186,0.0359283966997453,18.0630512240912,35.7670047208214,0.149987268006543,ok,0.148309598284266,0.03,0.58,0.00399445171970808,0.62,0.5284,0,0,0,0,observe
missing_burst,145,3592.7966501289,3639.33459544614,59.879944168815,1.50201175010646,0,0,1,1,0,0,1,60,788.569964959836,30.236871587221,29.0844693495828,0.101694915254237,0.0383439300642918,20.5658255043023,37.4911139883943,0.181317310191642,ok,0.168252669313781,0.03,0.58,0.0311062878044324,0.62,0.5284,0,0,0,0,observe
missing_burst,146,3617.06474639749,3663.26416212941,60.2844124399581,1.51215969043566,0,0,1,1,0,0,1,60,783.548071049722,30.6916085487835,27.582297944976,0.0847457627118644,0.0391700390604828,19.5036299176003,38.7757410072433,0.172508935463121,ok,0.171017336413691,0.03,0.58,0.00355142630816685,0.62,0.5284,0,0,0,0,observe
missing_burst,147,3640.11010771832,3687.03155759743,60.6685017953053,1.52179633226204,0,0,1,1,0,0,1,60,794.949369188134,26.9676161505017,23.6790882834211,0.0338983050847458,0.0339236902320499,16.743643897522,34.2659456416218,0.137181170133315,ok,0.151618723093448,0.03,0.58,0.0343751260955544,0.62,0.5284,0,0,0,0,observe
missing_burst,148,3664.08936763872,3710.10144040805,61.0681561273119,1.53182349286489,0,0,1,1,0,0,1,60,780.621304644047,27.3066827198893,28.5385955400971,0.0508474576271186,0.0349807039052576,20.1798344319428,32.9254327933404,0.156255304659944,ok,0.155023148580061,0.03,0.58,0.00293370495210321,0.62,0.5284,0,0,0,0,observe
missing_burst,149,3687.808366538,3734.44428638807,61.4634727756334,1.54174182279215,0,0,1,1,0,0,1,60,790.212146510643,29.3225065041877,27.5053172205296,0.0677966101694915,0.0371071320956882,19.4491963253236,36.6244117724133,0.162646632550991,ok,0.160074185938983,0.03,0.58,0.00612487288573368,0.62,0.5284,0,0,0,0,observe
missing_burst,150,3710.90781921482,3757.37401823971,61.8484636535803,1.55140108344478,0,0,1,1,0,0,1,60,787.876297194369,30.0666925809285,24.090719145969,0.0677966101694915,0.0381616919914918,17.0347108717753,38.9593458752473,0.155683661398176,ok,0.158029812219652,0.03,0.58,0.00558607338446782,0.62,0.5284,0,0,0,0,observe
missing_burst,151,3735.19034489252,3781.33490159201,62.2531724148753,1.56155505757164,0,0,1,1,0,0,1,60,781.510253399031,28.249239532286,27.0772356894178,0.0677966101694915,0.0361469851603626,19.1464969717737,35.0635240957722,0.15919107001797,ok,0.159256990474741,0.03,0.58,0.000156953468503196,0.62,0.5284,0,0,0,0,observe
missing_burst,152,3758.17413914318,3804.68540236861,62.6362356523863,1.57116595452923,0,0,1,1,0,0,1,60,788.523068815033,27.173759539595,28.0433139843678,0.0677966101694915,0.0344615910609069,19.82961748529,32.9182728194925,0.158758326710128,ok,0.159490489331302,0.03,0.58,0.00174324433612846,0.62,0.5284,0,0,0,0,observe
missing_burst,153,3782.17506332245,3828.07942200658,63.0362510553741,1.58120217425249,0,0,1,1,0,0,1,60,779.075340242806,25.8593531628962,26.5489743196386,0.0677966101694915,0.0331923651374165,18.7729597749639,31.3845228304393,0.151854824223193,ok,0.15557864323745,0.03,0.58,0.0088662357482312,0.62,0.5284,0,0,0,0,observe
missing_burst,154,3805.47198813205,3852.02016512,63.4245331355342,1.59094400979678,0,0,1,1,0,0,1,60,788.91271252306,24.3908005474047,24.3116802652475,0.0677966101694915,0.0309169825257338,17.1909539775957,29.904738822246,0.141990334349332,ok,0.148312842272758,0.03,0.58,0.0150535902938715,0.62,0.5284,0,0,0,0,observe
missing_burst,155,3828.87279496435,3875.05670066151,63.8145465827392,1.60072928461855,0,0,1,1,0,0,1,60,782.954644248833,23.7024118773395,22.5643485790009,0.0338983050847458,0.0302730331206855,15.9554038932686,29.4793782873512,0.127486493307248,ok,0.137032076247488,0.03,0.58,0.0227275784291445,0.62,0.5284,0,0,0,0,observe
missing_burst,156,3852.80522827425,3899.41609740563,64.2134204712375,1.61073686421909,0,0,1,1,0,0,1,60,789.93220476062,27.8404468919175,23.0612700969595,0,0.0352440965492148,16.3067804683346,35.8367113033673,0.13129243025684,ok,0.134785873251475,0.03,0.58,0.00831772141579934,0.62,0.5284,0,0,0,0,observe
missing_burst,157,3875.87733134618,3922.54427830415,64.5979555224364,1.62038468836861,0,0,1,1,0,0,1,60,791.459627377456,29.2139902706565,29.3153740226367,0.0677966101694915,0.036911535674231,20.7290997644264,35.7381991435562,0.167597401226725,ok,0.154955955471183,0.03,0.58,0.0300986803703384,0.62,0.5284,0,0,0,0,observe
missing_burst,158,3900.2321937118,3946.40095280324,65.0038698951966,1.63056891078461,0,0,1,1,0,0,1,60,783.080923293554,25.1052247662095,27.5427135247503,0.0677966101694915,0.0320595535141115,19.4756395056293,29.6857556240459,0.152625272246822,ok,0.15423526912318,0.03,0.58,0.00383332589608995,0.62,0.5284,0,0,0,0,observe
missing_burst,159,3923.31742179266,3969.91102888399,65.3886236965443,1.64022222328418,0,0,1,1,0,0,1,60,789.445842997246,23.8353565582639,25.8412003933033,0.0677966101694915,0.0301925163957663,18.2724880321053,28.3260414748641,0.144708154200756,ok,0.14935881368627,0.03,0.58,0.0110729987750334,0.62,0.5284,0,0,0,0,observe
missing_burst,160,3947.2039830675,3992.99032858408,65.786733051125,1.6502106210474,0,0,1,1,0,0,1,60,776.489596347248,26.7901536300829,29.0907415213384,0.101694915254237,0.0345016259794191,20.5702605994835,31.8164900942298,0.173072306685744,ok,0.163884797521071,0.03,0.58,0.0218750218206501,0.62,0.5284,0,0,0,0,observe
missing_burst,161,3970.69485717303,4017.25551510013,66.1782476195506,1.66003355837489,0,0,1,1,0,0,1,60,789.074770269049,29.8537308409753,27.5022119421815,0.101694915254237,0.0378338428318981,19.4470005619462,37.4740531487383,0.175594433322397,ok,0.171082489388309,0.03,0.58,0.0107427236525907,0.62,0.5284,0,0,0,0,observe
missing_burst,162,3993.80239479006,4040.11629102853,66.563373246501,1.66969619982385,0,0,1,1,0,0,1,60,785.432707407519,30.2324549893039,24.1078272501512,0.0847457627118644,0.0384914642644463,17.0468081282557,39.2098074720981,0.1617591756435,ok,0.165899688683734,0.03,0.58,0.00985836438151039,0.62,0.5284,0,0,0,0,observe
missing_burst,163,4018.02898016281,4064.02948823545,66.9671496693801,1.67982678196849,0,0,1,1,0,0,1,60,779.566218921931,25.8454113033154,19.0985718408794,0.0169491525423729,0.0331535803835334,13.5047296596643,33.9645822540845,0.12132730822938,ok,0.140403035865379,0.03,0.58,0.0454183991333305,0.62,0.5284,0,0,0,0,observe
missing_burst,164,4040.87889291085,4087.37055157868,67.3479815485142,1.68938169507449,0,0,1,1,0,0,1,60,787.571009169254,24.1019059406854,22.2571934911513,0.0338983050847458,0.030602835376214,15.7382124477741,30.2342919364093,0.127437156888861,ok,0.133880669555191,0.03,0.58,0.0153416968245954,0.62,0.5284,0,0,0,0,observe
missing_burst,165,4064.8357628671,4110.66589848688,67.7472627144517,1.69939949309621,0,0,1,1,0,0,1,60,777.273504190609,25.0444181581452,25.2047306700039,0.0508474576271186,0.0322208566522854,17.8224359747403,30.607295497746,0.141622858284939,ok,0.139533346145654,0.03,0.58,0.00497502890305962,0.62,0.5284,0,0,0,0,observe
missing_burst,166,4088.1283185623,4134.55289518529,68.1354719760383,1.70913950165285,0,0,1,1,0,0,1,60,786.372393443405,24.849460046529,26.4114620311833,0.0508474576271186,0.0316001175190255,18.6757239033007,29.7692570598556,0.143923026883377,ok,0.143099120650663,0.03,0.58,0.00196168150646261,0.62,0.5284,0,0,0,0,observe
missing_burst,167,4111.47122569161,4157.57864458634,68.5245204281935,1.71890056515105,0,0,1,1,0,0,1,60,781.879101657563,25.924635256808,25.4577733343352,0.0508474576271186,0.0331568335844358,18.0013641586185,31.9393850101387,0.144136427666941,ok,0.144630660879708,0.03,0.58,0.00117674574468205,0.62,0.5284,0,0,0,0,observe
missing_burst,168,4135.3351889276,4181.91819552215,68.9222531487933,1.72887951332469,0,0,1,1,0,0,1,60,789.421672281118,31.2291159520672,27.1244722492553,0.0508474576271186,0.0395594864552266,19.1798982635548,39.7824945031732,0.162106699755325,ok,0.155658070773397,0.03,0.58,0.0153538785283995,0.62,0.5284,0,0,0,0,observe
missing_burst,169,4158.38924648124,4205.08644224394,69.306487441354,1.73851979156534,0,0,1,1,0,0,1,60,791.796627626739,27.5692031666122,26.5681929513868,0.0508474576271186,0.0348185407776309,18.7865493997982,34.1641257481122,0.150601914208257,ok,0.153338916582126,0.03,0.58,0.00651667231873543,0.62,0.5284,0,0,0,0,observe
missing_burst,170,4182.69677878662,4228.85085094868,69.711612979777,1.74868422245663,0,0,1,1,0,0,1,60,782.210923775375,23.5742483111416,23.1674775770184,0.0338983050847458,0.0301379686662511,16.381880497697,29.0366037654182,0.12867941241338,ok,0.139708263466384,0.03,0.58,0.0262591691738188,0.62,0.5284,0,0,0,0,observe
missing_burst,171,4205.87354334535,4252.60890607778,70.0978923890893,1.75837581182412,0,0,1,1,0,0,1,60,792.041063897282,24.4247545523592,24.3805767005966,0.0338983050847458,0.0308377376700342,17.2396711142306,29.9321066709168,0.133118076930719,ok,0.136901307036345,0.03,0.58,0.00900769072768165,0.62,0.5284,0,0,0,0,observe
missing_burst,172,4229.64815047811,4275.94954459395,70.4941358413018,1.76831739487468,0,0,1,1,0,0,1,60,784.978227421204,25.4484472549189,25.6849446446823,0.0677966101694915,0.032419303320707,18.1619985326559,31.0707055708844,0.148204996505399,ok,0.144543533991081,0.03,0.58,0.00871776789123449,0.62,0.5284,0,0,0,0,observe
missing_burst,173,4253.35370369198,4300.11742185521,70.8892283948664,1.7782301023579,0,0,1,1,0,0,1,60,791.808596290449,26.6353125076558,26.4526863147397,0.101694915254237,0.0336385745651662,18.704873873753,32.6956791966151,0.164192370628116,ok,0.156833362183986,0.03,0.58,0.0175214486764998,0.62,0.5284,0,0,0,0,observe
missing_burst,174,4276.7198849366,4323.23371169803,71.2786647489434,1.78800089815363,0,0,1,1,0,0,1,60,788.069451734576,27.8949780028733,28.321541540077,0.101694915254237,0.035396598537699,20.0263540766449,33.9883029579063,0.172863207165083,ok,0.166714471545986,0.03,0.58,0.0146398467121363,0.62,0.5284,0,0,0,0,observe
missing_burst,175,4300.89755601558,4347.34221477732,71.6816259335929,1.7981110263109,0,0,1,1,0,0,1,60,787.079882035175,29.7587498198439,29.09622966017,0.0677966101694915,0.0378090591553373,20.5741412996674,36.7133639355131,0.168707372136211,ok,0.168205149205358,0.03,0.58,0.00119576888298456,0.62,0.5284,0,0,0,0,observe
missing_burst,176,4323.97692679723,4370.82574005814,72.0662821132871,1.80776188952388,0,0,1,1,0,0,1,60,793.200472668554,29.2750034407914,24.392614454456,0.0338983050847458,0.0369074457839162,17.2481830916149,37.6371071278708,0.144960824796372,ok,0.155020671288171,0.03,0.58,0.0239520154566643,0.62,0.5284,0,0,0,0,observe
missing_burst,177,4348.14986123291,4394.30273242626,72.4691643538818,1.81787003700772,0,0,1,1,0,0,1,60,782.675294149037,25.4676001537331,24.6116335247032,0.0677966101694915,0.0325391645093674,17.4030529613958,31.5330154410215,0.145570289336299,ok,0.150168928839623,0.03,0.58,0.0109491416745817,0.62,0.5284,0,0,0,0,observe
missing_burst,178,4371.60802202373,4418.49288466485,72.8601337003955,1.8276792949447,0,0,1,1,0,0,1,60,794.452410111772,24.1284776327257,24.3866557600237,0.0508474576271186,0.0303712057835296,17.2439696583748,29.4450738862537,0.136553372646976,ok,0.143023649241129,0.03,0.58,0.0154054204622696,0.62,0.5284,0,0,0,0,observe
missing_burst,179,4395.1216421992,4441.66133966038,73.2520273699867,1.83751174376241,0,0,1,1,0,0,1,60,789.310120568667,24.9861425984999,23.5309284843424,0.0169491525423729,0.0316556723997133,16.6388790988942,31.1731029292485,0.128743006197699,ok,0.135672680315063,0.03,0.58,0.0164992240889626,0.62,0.5284,0,0,0,0,observe
missing_burst,180,4419.24126663258,4466.06244463528,73.654021110543,1.84759759915064,0,0,1,1,0,0,1,60,792.825999507054,28.5254036959011,28.5995747335686,0.0677966101694915,0.0359793999107459,20.2229532331578,34.9060091468184,0.163554534663565,ok,0.152961204293255,0.03,0.58,0.0252222151674052,0.62,0.5284,0,0,0,0,observe
missing_burst,181,4442.43245823777,4489.26086090655,74.0405409706296,1.85729522132783,0,0,1,1,0,0,1,60,793.325354102757,28.4038499543613,28.2874026759861,0.0847457627118644,0.0358035323180687,20.0022142543443,34.8348792072407,0.167682645061421,ok,0.162181017590601,0.03,0.58,0.0130991130257616,0.62,0.5284,0,0,0,0,observe
missing_burst,182,4466.86153146674,4513.29100076858,74.4476921911123,1.86751047573763,0,0,1,1,0,0,1,60,787.142602221778,26.9754393845555,22.5525798440449,0.0338983050847458,0.0342700792822228,15.9470821409752,34.6560129150577,0.134937989078908,ok,0.146829099410536,0.03,0.58,0.0283121674562571,0.62,0.5284,0,0,0,0,observe
missing_burst,183,4490.00574993062,4537.46987622697,74.8334291655103,1.87718845563922,0,0,1,1,0,0,1,60,803.483588673718,24.7030919532155,23.1232447612183,0.0338983050847458,0.0307449863338118,16.3506031736938,30.8730186401401,0.130077879965537,ok,0.137949298827291,0.03,0.58,0.018741473480367,0.62,0.5284,0,0,0,0,observe
missing_burst,184,4514.11262672338,4560.89077780441,75.2352104453896,1.88726898047762,0,0,1,1,0,0,1,60,793.329617263776,25.4383136393163,25.1714773680661,0.0338983050847458,0.0320652514235558,17.7989223394433,31.2636204745855,0.137411902268694,ok,0.138697286492857,0.03,0.58,0.00306043862895938,0.62,0.5284,0,0,0,0,observe
missing_burst,185,4538.23315017781,4585.3633498278,75.6372191696302,1.89735521180024,0,0,1,1,0,0,1,60,798.224560013808,27.2166592054824,25.3413463593168,0.0508474576271186,0.0340964943561891,17.9190378550699,34.0646614391411,0.146038411415743,ok,0.143995967328511,0.03,0.58,0.00486296211245732,0.62,0.5284,0,0,0,0,observe
missing_burst,186,4561.68736838968,4608.60915853671,76.0281228064947,1.90716282110951,0,0,1,1,0,0,1,60,795.306345538347,30.1084639068243,27.0716974513391,0.0847457627118644,0.037857693548822,19.1425808460724,38.0342056076982,0.168571292548855,ok,0.159156957579632,0.03,0.58,0.022415083260055,0.62,0.5284,0,0,0,0,observe
missing_burst,187,4586.17657619394,4633.02965487445,76.436276269899,1.91740322137645,0,0,1,1,0,0,1,60,794.438417444174,33.4969549271278,28.5224747020719,0.0677966101694915,0.0421643190857921,20.1684352780568,42.8640431739109,0.17713393433004,ok,0.170108848763862,0.03,0.58,0.0167263942051859,0.62,0.5284,0,0,0,0,observe
missing_burst,188,4609.39273296061,4656.73651358867,76.8232122160102,1.92711128297857,0,0,1,1,0,0,1,60,802.122584199333,28.6433245569663,24.5626843054231,0.0169491525423729,0.0357094104083327,17.3684406365091,36.595318733514,0.139491375961009,ok,0.152599971549358,0.03,0.58,0.0312109418770209,0.62,0.5284,0,0,0,0,observe
missing_burst,189,4633.87009554183,4680.77852873724,77.2311682590305,1.93734673005036,0,0,1,1,0,0,1,60,795.814564379891,24.0308871348489,26.7649435414326,0.0338983050847458,0.0301965912794949,18.9256730762221,28.2273975348004,0.138392372391885,ok,0.14505004475498,0.03,0.58,0.0158516008645117,0.62,0.5284,0,0,0,0,observe
missing_burst,190,4657.55016959658,4705.19098477121,77.625836159943,1.94724878317554,0,0,1,1,0,0,1,60,807.574519709145,23.5143426486713,27.4628675313002,0.0508474576271186,0.0291172419074591,19.4191798622102,26.9952602113292,0.142907740245087,ok,0.144688247011417,0.03,0.58,0.00423930182459381,0.62,0.5284,0,0,0,0,observe
missing_burst,191,4681.60502212635,4728.6507229954,78.0267503687725,1.95730755356272,0,0,1,1,0,0,1,60,797.86990430255,28.2045317748911,27.1349987816529,0.0847457627118644,0.0353497877571229,19.1873416459955,34.9690884330938,0.163576277516821,ok,0.156533160879864,0.03,0.58,0.0167693253260895,0.62,0.5284,0,0,0,0,observe
missing_burst,192,4705.96297471453,4753.34710874154,78.4327162452421,1.96749306818532,0,0,1,1,0,0,1,60,802.602066172056,29.7803537327326,25.2667614350204,0.0508474576271186,0.0371047558782991,17.8662983493256,38.1383575968636,0.152113115427881,ok,0.154560898863541,0.03,0.58,0.00582805579919027,0.62,0.5284,0,0,0,0,observe
missing_burst,193,4729.43704842197,4777.05076132137,78.8239508070328,1.97730898026305,0,0,1,1,0,0,1,60,806.667305432878,28.7846896400931,24.8239161244097,0.0508474576271186,0.0356834712975586,17.5531594271762,36.7287803973546,0.148103334649021,ok,0.151456576967758,0.03,0.58,0.00798391028270784,0.62,0.5284,0,0,0,0,observe
missing_burst,194,4754.19364157675,4801.51676039018,79.2365606929458,1.98766119031316,0,0,1,1,0,0,1,60,802.827527477396,27.9250256735573,26.5568600426457,0.0677966101694915,0.0347833435175073,18.7785358231768,34.7416279134316,0.155565796710334,ok,0.154559218678865,0.03,0.58,0.00239661436064098,0.62,0.5284,0,0,0,0,observe
missing_burst,195,4777.85460882567,4825.79459881019,79.6309101470945,1.99755525374178,0,0,1,1,0,0,1,60,812.397291480421,26.7485248349321,25.2470184068579,0.0677966101694915,0.0329254234540697,17.8523379202308,33.3505800919842,0.148645015526568,ok,0.151770088539825,0.03,0.58,0.00744065003156463,0.62,0.5284,0,0,0,0,observe
missing_burst,196,4802.34001266409,4849.53038445258,80.0390002110682,2.00779406334343,0,0,1,1,0,0,1,60,800.227067706626,29.6175799942991,27.6441123323425,0.101694915254237,0.0370114698559001,19.547339290082,37.0446165605184,0.174583848633856,ok,0.16571346316316,0.03,0.58,0.0211199654064207,0.62,0.5284,0,0,0,0,observe
missing_burst,197,4826.58345506435,4874.31713705504,80.4430575844058,2.01793169441796,0,0,1,1,0,0,1,60,808.708970747587,28.7805352008132,27.5658520718382,0.0847457627118644,0.0355882477403557,19.4920009291821,35.730943349809,0.165583559955363,ok,0.165998140030926,0.03,0.58,0.000987095418007095,0.62,0.5284,0,0,0,0,observe
missing_burst,198,4850.34800456263,4897.99178346193,80.8391334093771,2.02786907177092,0,0,1,1,0,0,1,60,807.689983489223,28.3129416367636,26.707946785871,0.0847457627118644,0.0350542190884324,18.8853702838589,35.3070547836421,0.162053176837701,ok,0.164062908250076,0.03,0.58,0.00478507479136941,0.62,0.5284,0,0,0,0,observe
missing_burst,199,4875.17071757105,4922.71279886707,81.2528452928508,2.03824893048049,0,0,1,1,0,0,1,60,806.594363533801,27.2159041703098,22.3455000093872,0.0508474576271186,0.0337417485178959,15.8006545856417,35.0962988686872,0.138107850091376,ok,0.149410589230128,0.03,0.58,0.0269112836636958,0.62,0.5284,0,0,0,0,observe
missing_burst,200,4898.7774018271,4946.72399728342,81.6462900304516,2.04812029494803,0,0,1,1,0,0,1,60,812.203563691648,27.1190825141013,22.3197653095164,0.0338983050847458,0.0333895143119527,15.7824574048513,34.9543031839761,0.133304415732181,ok,0.14083986175272,0.03,0.58,0.017941538144139,0.62,0.5284,0,0,0,0,observe
missing_burst,201,4923.5572327638,4970.81404494093,82.05928721273,2.05848222210252,0,0,1,1,0,0,1,60,801.687434564386,26.6432958191496,27.5623822317978,0.0508474576271186,0.0332340194824519,19.4895473817598,32.2472939495328,0.150544336412674,ok,0.147455292539324,0.03,0.58,0.00735486636511695,0.62,0.5284,0,0,0,0,observe
missing_burst,202,4947.5302345335,4995.64988181609,82.458837242225,2.06850676579882,0,0,1,1,0,0,1,60,815.431408877786,24.7420966464127,25.886539880279,0.0338983050847458,0.0303423394991165,18.3045478908013,29.8209023913465,0.136654080987736,ok,0.142010716467412,0.03,0.58,0.0127538939992292,0.62,0.5284,0,0,0,0,observe
missing_burst,203,4971.63383113608,5019.38487665865,82.8605638522681,2.07858591899382,0,0,1,1,0,0,1,60,809.513861961906,27.9641795682376,27.3170721988643,0.101694915254237,0.0345444110128821,19.3160869939794,34.5091214186959,0.168831483372495,ok,0.158524091217382,0.03,0.58,0.0245414098931281,0.62,0.5284,0,0,0,0,observe
missing_burst,204,4996.40752474904,5044.61004996497,83.2734587458173,2.08894527976674,0,0,1,1,0,0,1,60,816.002802481132,33.4287423537705,26.9691469452797,0.101694915254237,0.0409664553260446,19.0700666878238,43.2584579849015,0.182078339308124,ok,0.172726748011334,0.03,0.58,0.0222656935637853,0.62,0.5284,0,0,0,0,observe
missing_burst,205,5020.17737428371,5068.74758356909,83.6696229047285,2.09888487338142,0,0,1,1,0,0,1,60,822.711781840662,25.6543579068131,21.0841516810269,0.0338983050847458,0.0311826796127999,14.9087466292199,33.0759948175024,0.126554969421274,ok,0.146130402379213,0.03,0.58,0.0466081737093805,0.62,0.5284,0,0,0,0,observe
missing_burst,206,5045.41748589585,5093.45892417334,84.0902914315976,2.10943927137406,0,0,1,1,0,0,1,60,814.147903472867,21.8294025794156,20.633730174424,0,0.0268125760519669,14.5902505275087,27.206069607588,0.110998435257727,ok,0.126607375308795,0.03,0.58,0.0371641429787333,0.62,0.5284,0,0,0,0,observe
missing_burst,207,5069.55970347431,5118.13170249133,84.4926617245717,2.11953457430549,0,0,1,1,0,0,1,60,823.068648703995,25.5545385307328,29.3634705771299,0.0677966101694915,0.0310478823011555,20.7631091642602,29.5797595810112,0.157017667666309,ok,0.145590839018372,0.03,0.58,0.0272067348760415,0.62,0.5284,0,0,0,0,observe
missing_burst,208,5094.27576094743,5142.1636462441,84.9045960157906,2.12986983396634,0,0,1,1,0,0,1,60,811.7453678461,27.8608049788864,33.1561644262616,0.152542372881356,0.0343220991242768,23.4449487039457,31.666753676568,0.208980741647329,ok,0.183224093399904,0.03,0.58,0.0613253529700594,0.62,0.5284,0,0,0,0,observe
missing_burst,209,5118.92516377968,5167.14373088085,85.315419396328,2.14017722134126,0,0,1,1,0,0,1,60,816.867139825309,27.4906898171326,29.5086239166853,0.101694915254237,0.0336538079166848,20.8657480749717,32.8039115124311,0.173705550395298,ok,0.177622091303555,0.03,0.58,0.00932509740061144,0.62,0.5284,0,0,0,0,observe
missing_burst,210,5143.00011208157,5191.04928248021,85.7166685346929,2.15024439497087,0,0,1,1,0,0,1,60,814.760603935151,26.811250836814,26.9180186737176,0.0677966101694915,0.0329069062830485,19.0339135402919,32.7932383001407,0.153188439565886,ok,0.163510496594858,0.03,0.58,0.0245763262594552,0.62,0.5284,0,0,0,0,observe
missing_burst,211,5167.95345736057,5216.14729724929,86.1325576226762,2.16067887883407,0,0,1,1,0,0,1,60,816.726106140698,28.4374780575049,26.6260680197141,0.0847457627118644,0.0348188674804108,18.8274732530741,35.5373967454978,0.161595102958,ok,0.16281510377129,0.03,0.58,0.00290476384116589,0.62,0.5284,0,0,0,0,observe
missing_burst,212,5191.85794012422,5240.63764503789,86.530965668737,2.17067477064202,0,0,1,1,0,0,1,60,826.47270929461,26.698005157867,27.4814165724278,0.0677966101694915,0.0323035532300318,19.4322960149761,32.3720995674567,0.153902868031821,ok,0.158079066427361,0.03,0.58,0.00994332951319149,0.62,0.5284,0,0,0,0,observe
missing_burst,213,5216.99559365377,5264.94662451752,86.9499265608961,2.18118632479158,0,0,1,1,0,0,1,60,813.322121136992,24.6900321075463,28.0285597126032,0.0677966101694915,0.0303570153397902,19.8191846396738,28.7470918731244,0.151592619679392,ok,0.15486933483957,0.03,0.58,0.007801702762328,0.62,0.5284,0,0,0,0,observe
missing_burst,214,5241.4677039787,5290.1034336715,87.3577950663117,2.19141957558136,0,0,1,1,0,0,1,60,824.429810560221,28.2329318061055,26.9850472932481,0.0847457627118644,0.0342454038469576,19.0813099316954,35.0727884267418,0.161642434075154,ok,0.159431025158251,0.03,0.58,0.00526525932595842,0.62,0.5284,0,0,0,0,observe
missing_burst,215,5265.79116499724,5314.23630759973,87.7631860832873,2.20159066721887,0,0,1,1,0,0,1,60,821.494718037016,29.8352313047515,25.8771096804762,0.0847457627118644,0.036318226580986,18.2978797325728,38.0193325994599,0.162796104327973,ok,0.161901109242702,0.03,0.58,0.00213094067921635,0.62,0.5284,0,0,0,0,observe
missing_burst,216,5290.95033590576,5339.74149353456,88.1825055984293,2.21211121906958,0,0,1,1,0,0,1,60,827.300997717652,31.1128713064342,22.8609480399512,0.0508474576271186,0.0376076801457607,16.1651313834028,40.923221393468,0.147936051560099,ok,0.154257467833876,0.03,0.58,0.015050991128041,0.62,0.5284,0,0,0,0,observe
missing_burst,217,5315.04796527984,5364.0073229731,88.584132754664,2.22218787700998,0,0,1,1,0,0,1,60,829.516922889394,28.769103921736,23.0076659449913,0.0338983050847458,0.0346817564872898,16.2688766089782,37.2913707820071,0.137959352375665,ok,0.1454532726787,0.03,0.58,0.0178426673881781,0.62,0.5284,0,0,0,0,observe
missing_burst,218,5340.56989408924,5389.01809269412,89.0094982348207,2.23286011960278,0,0,1,1,0,0,1,60,821.276652659314,24.7867651177872,26.3177240080153,0.0677966101694915,0.0301807740881554,18.6094411114636,29.7061635275859,0.14662508235669,ok,0.147003499820431,0.03,0.58,0.000900993961287927,0.62,0.5284,0,0,0,0,observe
missing_burst,219,5364.82339536319,5414.07400721849,89.4137232560532,2.24300195689311,0,0,1,1,0,0,1,60,834.444737423263,25.6332426348227,28.6402498901139,0.101694915254237,0.0307189217993959,20.2517149121768,30.0664979514957,0.165934980471721,ok,0.158815270402704,0.03,0.58,0.0169516906405156,0.62,0.5284,0,0,0,0,observe
missing_burst,220,5389.87501541265,5438.65337818259,89.8312502568776,2.25347753530677,0,0,1,1,0,0,1,60,827.254758141106,28.2473293383248,30.0934469688518,0.135593220338983,0.0341458650558848,21.2792804209529,33.8085115653148,0.190907075637433,ok,0.177962372624699,0.03,0.58,0.030820721458891,0.62,0.5284,0,0,0,0,observe
missing_burst,221,5414.86269792432,5464.12103868166,90.247711632072,2.26392637761755,0,0,1,1,0,0,1,60,834.117191052742,27.5636237536367,28.188288910134,0.135593220338983,0.0330452651609405,19.9321302384013,33.4995058623781,0.183154637532759,ok,0.181025234481232,0.03,0.58,0.00507000726554271,0.62,0.5284,0,0,0,0,observe
missing_burst,222,5439.50524344366,5488.57417955063,90.6584207240611,2.27423089754042,0,0,1,1,0,0,1,60,832.013356134012,26.3095442347281,25.6325474187894,0.0847457627118644,0.0316215407370101,18.1249480989117,32.4941608922278,0.15304504435394,ok,0.164770888298475,0.03,0.58,0.0279186760584176,0.62,0.5284,0,0,0,0,observe
missing_burst,223,5464.94364126203,5514.08660256164,91.0823940210339,2.28486821083744,0,0,1,1,0,0,1,60,832.759397999635,29.030971168342,29.270680118477,0.101694915254237,0.0348611750741896,20.6974964017173,35.4571320985653,0.175826924729605,ok,0.171567163043409,0.03,0.58,0.0101422897290379,0.62,0.5284,0,0,0,0,observe
missing_burst,224,5489.41505832344,5538.964678188,91.4902509720573,2.29510117173234,0,0,1,1,0,0,1,60,839.841643956126,26.4589851495565,29.182969874869,0.0847457627118644,0.031504731088256,20.6354758936826,31.2143064143695,0.163088751673664,ok,0.166862191940263,0.03,0.58,0.00898438158714074,0.62,0.5284,0,0,0,0,observe
missing_burst,225,5514.97780992091,5563.87123564384,91.9162968320152,2.30579048477075,0,0,1,1,0,0,1,60,829.743884703302,25.964624824054,27.5835950713794,0.0847457627118644,0.031292336469992,19.5045471244762,31.1110290086466,0.157761959224946,ok,0.161915129728485,0.03,0.58,0.00988850119890072,0.62,0.5284,0,0,0,0,observe
missing_burst,226,5539.74542507432,5589.45080063925,92.3290904179054,2.31614730377672,0,0,1,1,0,0,1,60,841.435374187481,29.0949873143072,29.1001210227824,0.0508474576271186,0.0345778038419199,20.5768929085587,35.6318404221436,0.158751374122546,ok,0.160535890207882,0.03,0.58,0.0042488478222297,0.62,0.5284,0,0,0,0,observe
missing_burst,227,5564.75975310419,5613.9532486947,92.7459958850699,2.32660728816992,0,0,1,1,0,0,1,60,834.700217514409,29.1158686227434,27.1098662134385,0.0169491525423729,0.0348818270461763,19.1695702365825,36.4416682968609,0.145529282750018,ok,0.152322553449083,0.03,0.58,0.016174454045391,0.62,0.5284,0,0,0,0,observe
missing_burst,228,5590.25030012616,5639.67636855032,93.1708383354359,2.33726640816329,0,0,1,1,0,0,1,60,837.092798517958,29.3042608717917,25.4348464450116,0.0338983050847458,0.0350071831028457,17.9851523997063,37.3364929210468,0.144959747508754,ok,0.148749597656775,0.03,0.58,0.0090234527333837,0.62,0.5284,0,0,0,0,observe
missing_burst,229,5614.80507387058,5664.32676150991,93.5800845645096,2.34753422546538,0,0,1,1,0,0,1,60,839.558546920208,26.7449671148843,26.977792451448,0.0847457627118644,0.0318559881416181,19.0761799838622,32.6601575191514,0.157332469221028,ok,0.154515173303091,0.03,0.58,0.00670784742365962,0.62,0.5284,0,0,0,0,observe
missing_burst,230,5640.52543430442,5689.84731934487,94.008757238407,2.3582894441706,0,0,1,1,0,0,1,60,836.182513242364,27.863647899506,22.0345650290099,0.0508474576271186,0.0333224475018767,15.5807903525089,36.1939873532395,0.137309311892998,ok,0.145177991317999,0.03,0.58,0.0187349510119072,0.62,0.5284,0,0,0,0,observe
missing_burst,231,5665.14541423394,5715.13367243952,94.4190902372323,2.36858452807276,0,0,1,1,0,0,1,60,846.781848826757,26.5303190785586,21.4624044785487,0.0338983050847458,0.0313307602369101,15.1762117473503,34.3132373555723,0.128219589397217,ok,0.136219632822732,0.03,0.58,0.0190477224417028,0.62,0.5284,0,0,0,0,observe
missing_burst,232,5690.73602708862,5739.8999458394,94.8456004514769,2.37928549156667,0,0,1,1,0,0,1,60,834.210441575555,25.3745554643149,26.7234068467659,0.0847457627118644,0.0304174512805072,18.8963021977552,30.5068171606658,0.153832665761575,ok,0.147538457180128,0.03,0.58,0.0149862109082075,0.62,0.5284,0,0,0,0,observe
missing_burst,233,5715.94809602303,5765.8807254369,95.2658016003838,2.38982816324105,0,0,1,1,0,0,1,60,845.784216622952,29.8043626898844,27.0562709082954,0.0847457627118644,0.0352387312320479,19.131672632876,37.5576779496391,0.164467088412541,ok,0.158175094173988,0.03,0.58,0.0149809386632203,0.62,0.5284,0,0,0,0,observe
missing_burst,234,5740.77585514892,5790.62238121445,95.6795975858153,2.40021013203369,0,0,1,1,0,0,1,60,845.373922917421,28.0338389263015,23.9569175495889,0.0338983050847458,0.0331614663834857,16.9400988556413,35.8444598320679,0.137650262592125,ok,0.146820679483323,0.03,0.58,0.0218343259314242,0.62,0.5284,0,0,0,0,observe
missing_burst,235,5766.72095764461,5816.32773149381,96.1120159607435,2.41105932881646,0,0,1,1,0,0,1,60,840.783434281749,27.475288671653,28.2467969330001,0.101694915254237,0.032678199345262,19.9735016581237,33.3292995230062,0.16862297616065,ok,0.160302130433193,0.03,0.58,0.019811537446326,0.62,0.5284,0,0,0,0,observe
missing_burst,236,5791.44363569265,5841.49058195612,96.5240605948774,2.42139735693506,0,0,1,1,0,0,1,60,847.803345694398,25.3124568401419,28.1745397978479,0.11864406779661,0.0298565191664933,19.9224081478685,29.7411935899997,0.170012177341609,ok,0.166430343953158,0.03,0.58,0.00852817473440795,0.62,0.5284,0,0,0,0,observe
missing_burst,237,5817.1665367478,5866.75719082125,96.9527756124633,2.43215363802578,0,0,1,1,0,0,1,60,840.490988790709,25.3761063744331,22.6000333828159,0.0508474576271186,0.030192002904093,15.9806368600315,32.1327371227676,0.1328075940091,ok,0.147271104317985,0.03,0.58,0.0344369293068681,0.62,0.5284,0,0,0,0,observe
missing_burst,238,5842.29717703519,5892.45324174373,97.3716196172532,2.44266225951996,0,0,1,1,0,0,1,60,849.377663126955,28.2463824347094,23.1453089345408,0.0677966101694915,0.0332553864563866,16.3662049002714,36.4398624923045,0.144915472518965,ok,0.14672960604574,0.03,0.58,0.00431936553994033,0.62,0.5284,0,0,0,0,observe
missing_burst,239,5867.64808611822,5917.17099446874,97.794134768637,2.45326298855195,0,0,1,1,0,0,1,60,840.230060791451,27.835702214364,26.6806422168666,0.101694915254237,0.0331286673891961,18.8660630379584,34.550315497565,0.165034550976811,ok,0.158184888033409,0.03,0.58,0.0163087212938149,0.62,0.5284,0,0,0,0,observe
missing_burst,240,5893.27386808591,5943.21803722919,98.2212311347651,2.46397865835229,0,0,1,1,0,0,1,60,846.079924757559,31.3491501642095,30.9127974459254,0.101694915254237,0.0370522325927926,21.85864869946,38.5712056989396,0.185995225196723,ok,0.174864624409689,0.03,0.58,0.0265014304453191,0.62,0.5284,0,0,0,0,observe
missing_burst,241,5918.01305533161,5968.12960639637,98.6335509221935,2.47432358995235,0,0,1,1,0,0,1,60,849.31019879379,27.9334326574499,27.2140367726583,0.0508474576271186,0.0328895528360799,19.2432299454067,34.5000205989037,0.150064329823435,ok,0.160609865014538,0.03,0.58,0.0251084171216725,0.62,0.5284,0,0,0,0,observe
missing_burst,242,5944.06519156843,5993.90972960427,99.0677531928072,2.4852175439343,0,0,1,1,0,0,1,60,844.861539584628,24.0402779078347,22.2883638764412,0,0.0284546955701806,15.7602532385848,30.1244807694261,0.118026777773748,ok,0.136400305816513,0.03,0.58,0.0437464953399175,0.62,0.5284,0,0,0,0,observe
missing_burst,243,5968.97376586534,6019.57481557967,99.4828960977557,2.49563330637618,0,0,1,1,0,0,1,60,857.420153054994,24.3517985837674,25.9900262211127,0.0338983050847458,0.0284012435408729,18.377723784165,29.1252374589751,0.134346311364349,ok,0.136307701327682,0.03,0.58,0.00466997610317393,0.62,0.5284,0,0,0,0,observe
missing_burst,244,5994.79070936676,6044.58880123746,99.913178489446,2.50642891222985,0,0,1,1,0,0,1,60,844.651193886513,26.0110139181877,28.5720473976736,0.0677966101694915,0.0307949767980587,20.2034884672784,30.7402788513192,0.154652057772256,ok,0.148048473992077,0.03,0.58,0.0157228185242355,0.62,0.5284,0,0,0,0,observe
missing_burst,245,6020.41084758079,6070.69190800425,100.340180793013,2.51714222203975,0,0,1,1,0,0,1,60,851.951540409605,26.7433401617806,28.5312697495379,0.0508474576271186,0.0313906823255731,20.1746543157608,31.9905581266874,0.15103705667384,ok,0.1505870304029,0.03,0.58,0.00107149112128774,0.62,0.5284,0,0,0,0,observe
missing_burst,246,6045.45585289904,6095.61296384458,100.757597548317,2.52761503443925,0,0,1,1,0,0,1,60,850.40271011867,26.7222980574883,26.3580680301082,0.0338983050847458,0.031423110180069,18.6379686430659,32.8753486948287,0.140685620960146,ok,0.145585419759949,0.03,0.58,0.0116661876185797,0.62,0.5284,0,0,0,0,observe
missing_burst,247,6071.52442134735,6121.77783944406,101.192073689122,2.53851585971014,0,0,1,1,0,0,1,60,851.432190663536,29.1261969081955,22.8755843812924,0.0338983050847458,0.0342084751170813,16.1754808396169,37.8817173881695,0.137273242158542,ok,0.141631604173182,0.03,0.58,0.0103770524158106,0.62,0.5284,0,0,0,0,observe
missing_burst,248,6096.47074863792,6147.07779284731,101.607845810632,2.54894740893327,0,0,1,1,0,0,1,60,857.74715004543,30.8368598806859,28.0570906347894,0.135593220338983,0.0359509907774717,19.8393590482251,38.8358556897839,0.189392448139031,ok,0.17029977724821,0.03,0.58,0.0454587402162399,0.62,0.5284,0,0,0,0,observe
missing_burst,249,6122.65468713532,6172.52946380917,102.044244785589,2.55989647731153,0,0,1,1,0,0,1,60,845.860406085215,27.1536883435068,24.4020182204166,0.101694915254237,0.0321018552803277,17.2548325582942,34.3062142285887,0.157131858809448,ok,0.162906830167073,0.03,0.58,0.0137499318038698,0.62,0.5284,0,0,0,0,observe
missing_burst,250,6147.89946497701,6198.51536988456,102.46499108295,2.57045282653341,0,0,1,1,0,0,1,60,857.292950620871,24.1114409712984,20.9542606330299,0,0.0281250895085937,14.8168997883658,30.7112789067199,0.114656294691634,ok,0.135352267471108,0.03,0.58,0.0492761256654152,0.62,0.5284,0,0,0,0,observe
missing_burst,251,6173.40680304103,6223.60514793012,102.890113384017,2.58111896786421,0,0,1,1,0,0,1,60,851.261402015758,25.5877366957348,24.3878001138882,0.0169491525423729,0.0300586125896745,17.2447788387524,31.8132384585886,0.129310351401769,ok,0.132973079010619,0.03,0.58,0.0087207800210731,0.62,0.5284,0,0,0,0,observe
missing_burst,252,6199.34647517595,6249.8830186745,103.322441252932,2.59196589388885,0,0,1,1,0,0,1,60,856.127479832317,26.4729760115046,22.8300589744029,0.0169491525423729,0.0309217688196268,16.1432895156891,33.7791521714805,0.127173326700622,ok,0.130794301079753,0.03,0.58,0.00862136756936011,0.62,0.5284,0,0,0,0,observe
missing_burst,253,6224.45415844846,6275.04952280604,103.740902640808,2.60246491568413,0,0,1,1,0,0,1,60,857.406247932002,25.3353548603258,22.0171220488025,0.0169491525423729,0.0295488339645678,15.5684563029201,32.270475362804,0.122768250312804,ok,0.127379175247713,0.03,0.58,0.0109783927021636,0.62,0.5284,0,0,0,0,observe
missing_burst,254,6250.75569351486,6300.7305714396,104.179261558581,2.6134631582107,0,0,1,1,0,0,1,60,847.459212751602,23.5632703044795,23.1889009921965,0.0508474576271186,0.0278046069355625,16.3970291398456,29.010219755648,0.130163803329399,ok,0.130320304318848,0.03,0.58,0.000372621403451734,0.62,0.5284,0,0,0,0,observe
missing_burst,255,6275.88231337998,6326.44760138271,104.598038556333,2.62397009852623,0,0,1,1,0,0,1,60,856.634642944568,27.8335519135836,30.2410964534571,0.101694915254237,0.0324917421246349,21.383684372756,33.0477119767565,0.174689265934969,ok,0.157306230387363,0.03,0.58,0.0413881798752511,0.62,0.5284,0,0,0,0,observe
missing_burst,256,6301.61184979965,6351.40577811466,105.026864163328,2.63472915425912,0,0,1,1,0,0,1,60,844.586777917709,31.0325786230884,33.6121132473764,0.152542372881356,0.0367429131433928,23.76735320723,36.8938313748938,0.216540844394231,ok,0.192234189505585,0.03,0.58,0.0578729878301095,0.62,0.5284,0,0,0,0,observe
missing_burst,257,6327.28568150545,6377.78582929068,105.454761358424,2.64546491652447,0,0,1,1,0,0,1,60,855.63713179944,32.0947685594837,27.5508357962291,0.0847457627118644,0.0375097893332271,19.4813828188706,40.9954151245996,0.17109247192934,ok,0.179663691735822,0.03,0.58,0.02040766620591,0.62,0.5284,0,0,0,0,observe
missing_burst,258,6352.31245408885,6402.81985360888,105.871874234814,2.65593010472868,0,0,1,1,0,0,1,60,856.901258237046,27.4433169461934,21.2570324974488,0,0.0320262301897586,15.0309918268489,35.7818469998357,0.122459127979305,ok,0.146493519725299,0.03,0.58,0.0572247422523677,0.62,0.5284,0,0,0,0,observe
missing_burst,259,6378.64139118115,6428.89550863642,106.310689853019,2.66693980567872,0,0,1,1,0,0,1,60,851.827989095671,26.8142496970589,24.9900292149327,0.0169491525423729,0.0314784792708276,17.6706191199289,33.5523053388414,0.133507682095402,ok,0.139806097202881,0.03,0.58,0.0149962264463797,0.62,0.5284,0,0,0,0,observe
missing_burst,260,6403.66902690144,6454.42288458511,106.727817115024,2.67740535481201,0,0,1,1,0,0,1,60,860.050516270365,25.2594156518736,25.3122311110353,0.0169491525423729,0.0293696883776221,17.8984502655741,30.9147478760382,0.130636615406538,ok,0.13550068411149,0.03,0.58,0.0115811159641702,0.62,0.5284,0,0,0,0,observe
missing_burst,261,6429.78586582285,6479.82642091866,107.163097763714,2.6883263648504,0,0,1,1,0,0,1,60,848.848538037316,24.4562167561585,24.0661946623567,0.0169491525423729,0.0288110489212898,17.0173694431079,30.1101679385085,0.126221898754974,ok,0.131240371365101,0.03,0.58,0.0119487443098258,0.62,0.5284,0,0,0,0,observe
missing_burst,262,6455.24582540482,6505.94531493684,107.587430423414,2.69897269440844,0,0,1,1,0,0,1,60,858.70717252887,26.9864714169039,25.0489100383317,0.0338983050847458,0.0314268615428348,17.7122541494361,33.8055517928125,0.13739213594667,ok,0.13603713746401,0.03,0.58,0.00322618686347442,0.62,0.5284,0,0,0,0,observe
missing_burst,263,6480.73476303639,6530.97445606498,108.012246050606,2.70963114141957,0,0,1,1,0,0,1,60,852.467252438683,27.5601467857794,22.4877050792931,0.0338983050847458,0.0323298598355974,15.9012087548914,35.5847571558495,0.132631642950256,ok,0.13516981478194,0.03,0.58,0.00604326626591356,0.62,0.5284,0,0,0,0,observe
missing_burst,264,6506.78364516024,6557.18017938503,108.446394086004,2.72052373466254,0,0,1,1,0,0,1,60,853.914407469876,28.6231955777112,24.7818976368113,0.0677966101694915,0.0335199820114535,17.5234478696602,36.4897715109196,0.149649823296706,ok,0.144697940387999,0.03,0.58,0.0117901974016825,0.62,0.5284,0,0,0,0,observe
missing_burst,265,6531.82845315503,6582.31352959869,108.863807552584,2.73099646454933,0,1,0.94,0.866666666666667,0.133333333333333,0,1,52,861.136029494422,24.512584524945,25.4041739695699,0.0784313725490196,0.0284654034732892,17.9634636843256,29.6487364426725,0.145247562568496,ok,0.146074936598328,0.0625508868342135,0.472506666666667,0.0015685013962235,0.62,0.54831424831358,0,0,0,0,observe
missing_burst,266,6558.02273237618,6608.0841823747,109.300378872936,2.74194985700173,0,1,0.715922619047619,0.583333333333333,0.416666666666667,0.0666666666666667,0.6875,33,907.394029990017,237.179072153158,337.549352610942,0.21875,0.261384871747247,238.683436216326,235.665105204043,0.855406509097652,ok,0.319432037986263,0.328698798708505,0.242220486111111,0.707296068695224,0.62,0.66316959220981,1,0,1,0,request_more_data
missing_burst,267,6583.12435764357,6634.22788350991,109.71873929406,2.75244634558329,0,1,0.578205128205128,0.5,0.5,0.133333333333333,0.230769230769231,27,986.087181897058,325.401624489193,492.070714431216,0.384615384615385,0.329992753645958,347.946538997622,301.173771168718,0.948364372141021,ok,0.417927960526311,0.563076105329375,0.167679487179487,0.637298256433934,0.62,0.753584386415302,1,0,1,0,request_more_data
missing_burst,268,6608.9041823747,6659.07520190599,110.148403039578,2.76322642986239,0,1,0.639094202898551,0.416666666666667,0.583333333333333,0.0666666666666667,0.565217391304348,24,919.209147137104,231.929436807963,340.381513122495,0.173913043478261,0.25231410885141,240.686076119454,222.82894802592,0.829311359077629,ok,0.469394376161312,0.715510762998421,0.154447765700483,0.425659076182897,0.62,0.785306057117819,1,0,1,0,request_more_data
missing_burst,269,6635.07319123591,6684.21336270669,110.584553187265,2.77416925526816,0,1,0.645781499202552,0.366666666666667,0.633333333333333,0.0333333333333333,0.736842105263158,20,918.273959839157,243.778029503041,347.983675502094,0.105263157894737,0.265474183266332,246.061616689749,241.472847601542,0.797423346531665,ok,0.499465624903644,0.827373818528041,0.137336198830409,0.345392632940031,0.62,0.815423999331392,1,0,1,0,request_more_data
missing_burst,270,6659.89520190599,6711.06236283772,110.9982533651,2.78454882028813,0,1,0.621412466843501,0.483333333333333,0.516666666666667,0.1,0.423076923076923,27,966.93188636055,326.438935801846,485.625029823023,0.269230769230769,0.337602824362877,343.388751701779,308.559431584222,0.886974170435692,ok,0.551141799581819,0.889971282431547,0.174202628205128,0.406676483026267,0.62,0.837337715049003,1,0,1,0,request_more_data
missing_burst,271,6685.03336270669,6736.92007622094,111.417222711778,2.79506058655805,0,1,0.60625,0.416666666666667,0.583333333333333,0.1,0.375,25,960.268540569878,308.955961604191,462.286183220001,0.291666666666667,0.321739126662255,326.88569500371,289.919497142711,0.900655526838659,ok,0.583343261799978,0.94985673324519,0.146510416666667,0.371782235231749,0.62,0.856834885308653,1,0,1,0,request_more_data
missing_burst,272,6711.88236283772,6761.1231055515,111.864706047295,2.8062877569225,0,1,0.631302889576883,0.316666666666667,0.683333333333333,0.0333333333333333,0.705882352941176,18,NaN,NaN,NaN,NaN,NaN,NaN,NaN,NaN,insufficient_beats,0.561948708160636,0.972235711905157,0.115949297385621,0.0242005957079987,0.62,0.858591479209605,0,0,1,0,request_more_data
missing_burst,273,6737.74007622094,6787.27541379971,112.295667937016,2.81710041109851,0,1,0.540104166666667,0.333333333333333,0.666666666666667,0.0833333333333333,0.21875,17,NaN,NaN,NaN,NaN,NaN,NaN,NaN,NaN,insufficient_beats,0.541424773900271,0.996105923826026,0.104420138888889,0.0229169224896382,0.62,0.881690908671287,0,0,1,0,request_more_data
missing_burst,274,6761.94808145637,6813.32406954111,112.69913469094,2.82722322377814,0,1,0.482083333333333,0.4,0.6,0.166666666666667,0,21,1047.18876140971,346.471043157597,566.894496157959,0.5,0.330858252041575,400.854942450624,281.779492877558,0.981025953497912,ok,0.571331125817456,1,0.111843333333333,0.461286666031657,0.62,0.893225,1,0,1,0,request_more_data
missing_burst,275,6788.1752583755,6838.26974076886,113.136254306258,2.8381903727227,0,1,0.552799043062201,0.366666666666667,0.633333333333333,0.1,0.210526315789474,20,968.716348457404,268.168183474312,415.011289820384,0.315789473684211,0.276828386246754,293.457297300969,240.231479861892,0.914600532267109,ok,0.590967010681453,1,0.117561929824561,0.366749273998701,0.62,0.880496172248804,1,0,1,0,request_more_data
missing_burst,276,6814.1440695411,6863.03450279111,113.569067825685,2.84904948351624,0,1,0.572395833333333,0.333333333333333,0.666666666666667,0.0666666666666667,0.53125,17,NaN,NaN,NaN,NaN,NaN,NaN,NaN,NaN,insufficient_beats,0.569037725373363,1,0.110663194444444,0.0246580206408872,0.62,0.87696875,0,0,1,0,request_more_data
missing_burst,277,6839.11804002922,6888.76957280012,113.985300667154,2.8594925920111,0,1,0.56,0.416666666666667,0.583333333333333,0.1,0.25,21,994.277715774303,347.831593816679,525.504892159556,0.3,0.349833440193118,371.588072792727,322.328930554317,0.905610138047033,ok,0.594403914696163,1,0.135333333333333,0.359914676196072,0.62,0.8792,1,0,1,0,request_more_data
missing_burst,278,6863.85450279111,6914.69122823893,114.397575046519,2.86983638434177,0,1,0.563260869565217,0.383333333333333,0.616666666666667,0.1,0.25,21,993.177402276933,364.718322268028,556.019659307167,0.35,0.367223742134974,393.165271569131,333.856224186372,0.932762320064005,ok,0.615026656423919,1,0.125231666666667,0.363222640249611,0.62,0.878613043478261,1,0,1,0,request_more_data
missing_burst,279,6889.58957280012,6941.12583444179,114.826492880002,2.88059775399882,0,1,0.618240740740741,0.45,0.55,0.1,0.5,26,964.086986218038,311.257829762106,411.171453731654,0.32,0.322852433661741,290.742123163983,330.502482584521,0.917031983515977,ok,0.641868664117331,1,0.161360833333333,0.328106926477493,0.62,0.868716666666667,1,0,1,0,request_more_data
missing_burst,280,6915.51122823893,6966.88444819923,115.258520470649,2.89143714616686,0,1,0.622225274725275,0.466666666666667,0.533333333333333,0.1,0.423076923076923,27,952.711850381709,300.150683960622,436.887785575738,0.307692307692308,0.315048756704732,308.926315798179,291.110627719811,0.910068583686832,ok,0.663992760075833,1,0.168415641025641,0.295912039416541,0.62,0.867999450549451,1,0,1,0,request_more_data
missing_burst,281,6941.94583444179,6990.00452779451,115.699097240697,2.90249103368254,0,1,0.603026315789474,0.316666666666667,0.683333333333333,0.0333333333333333,0.666666666666667,16,NaN,NaN,NaN,NaN,NaN,NaN,NaN,NaN,insufficient_beats,0.638169495759453,1,0.110755833333333,0.0290395656045499,0.62,0.871455263157895,0,0,1,0,request_more_data
missing_burst,282,6967.76959547799,7015.90561154148,116.129493257967,2.91328949035464,0,1,0.572011278195489,0.316666666666667,0.683333333333333,0.05,0.642857142857143,15,NaN,NaN,NaN,NaN,NaN,NaN,NaN,NaN,insufficient_beats,0.613567426884158,1,0.105059404761905,0.0274901697455672,0.62,0.877037969924812,0,0,1,0,request_more_data
missing_burst,283,6990.82452779451,7042.80589668104,116.513742129908,2.9229301343859,0,1,0.591174242424242,0.4,0.6,0.1,0.431818181818182,23,1002.23342984932,335.678354178059,420.510001563438,0.272727272727273,0.33493031082442,297.345473662272,370.061595170237,0.889135233885689,ok,0.62891606346472,1,0.137152424242424,0.30158185261458,0.62,0.873588636363636,1,0,1,0,request_more_data
missing_burst,284,7017.65001118266,7068.89377272696,116.960833519711,2.93414747099574,0,1,0.583659420289855,0.416666666666667,0.583333333333333,0.116666666666667,0.456521739130435,24,1002.42338272831,338.999957934058,405.230153859021,0.304347826086957,0.338180417351594,286.540989734982,384.36467600481,0.908147859958988,ok,0.645166235499081,1,0.141051026570048,0.306166760302151,0.62,0.874941304347826,1,0,1,0,request_more_data
missing_burst,285,7043.62589668104,7095.64505922341,117.393764944684,2.94500953999028,0,1,0.529927536231884,0.383333333333333,0.616666666666667,0.133333333333333,0.25,21,1049.48393058886,391.130554351483,484.102798570957,0.4,0.372688464255021,342.312371660909,434.497941655057,0.954391865523128,ok,0.656977765548117,1,0.117820555555556,0.337135604153991,0.62,0.884613043478261,1,0,1,0,request_more_data
missing_burst,286,7069.71377272696,7121.40947880029,117.828562878783,2.95591843892078,0,1,0.591174242424242,0.4,0.6,0.1,0.431818181818182,23,989.813307536368,313.282571092151,389.32841832381,0.318181818181818,0.316506727790827,275.296764705399,347.136327748851,0.916017786798773,ok,0.667812185916847,1,0.137152424242424,0.287658687183543,0.62,0.873588636363636,1,0,1,0,request_more_data
missing_burst,287,7096.4943885117,7146.09264768243,118.274906475195,2.96711701370616,0,1,0.717407407407407,0.466666666666667,0.533333333333333,0.0333333333333333,0.814814814814815,28,864.556730679397,138.319781964656,200.248337781001,0.111111111111111,0.159989248890538,141.59695756628,134.963053364515,0.785277077959848,ok,0.667035936100756,0.969361565647959,0.194178271604938,0.146733623198012,0.62,0.842287905048095,1,0,1,0,request_more_data
missing_burst,288,7122.22947880029,7171.09017079115,118.703824646672,2.97787839184332,0,1,0.73,0.4,0.6,0,1,24,840.028832952399,26.1936698664218,22.9125661523199,0,0.031181870001248,16.2016309006907,33.3125177418334,0.12430235556019,ok,0.550845485102642,1,0.16936,0.513511424374521,0.62,0.8486,0,0,1,0,request_more_data
missing_burst,289,7146.97441853481,7197.30834852158,119.116240308914,2.98822572890249,0,1,0.594642857142857,0.25,0.75,0.05,0.642857142857143,15,NaN,NaN,NaN,NaN,NaN,NaN,NaN,NaN,insufficient_beats,0.530513285380217,1,0.0862232142857143,0.0222507291061586,0.62,0.872964285714286,0,0,1,0,request_more_data
missing_burst,290,7171.91017079115,7223.42608791089,119.531836179853,2.99865285607226,0,1,0.496127450980392,0.283333333333333,0.716666666666667,0.116666666666667,0,16,NaN,NaN,NaN,NaN,NaN,NaN,NaN,NaN,insufficient_beats,0.511197134988715,1,0.0815302777777778,0.0210307971228131,0.62,0.890697058823529,0,0,0,0,observe
missing_burst,291,7198.12834852158,7248.43930047509,119.968805808693,3.00961624191861,0,1,0.592113526570048,0.45,0.55,0.1,0.347826086956522,24,974.206331396114,316.219086684853,488.461770447823,0.260869565217391,0.324591492062761,345.394630234043,284.062618049427,0.881773193067187,ok,0.551665759819123,1,0.154541630434783,0.390447886177795,0.62,0.873419565217391,1,0,1,0,request_more_data
missing_burst,292,7224.30308966714,7272.59707159958,120.405051494452,3.0205614643348,0,1,0.741274509803922,0.566666666666667,0.433333333333333,0.0333333333333333,0.833333333333333,31,876.160764151271,174.683280954809,250.139238936911,0.0666666666666667,0.199373548898898,176.875152093132,172.463555171245,0.781462143910864,ok,0.590784603244196,0.948069448450596,0.243632222222222,0.252096329680889,0.62,0.832030033801461,1,0,1,0,request_more_data
missing_burst,293,7249.25930047509,7298.01000881131,120.820988341251,3.03099714644678,0,1,0.703667781493868,0.433333333333333,0.566666666666667,0.0166666666666667,0.891304347826087,24,884.612847342696,207.929456233211,208.483453597043,0.0869565217391304,0.235051363834262,147.42006380366,254.433964570382,0.790176105009194,ok,0.605759907635517,0.953135395524611,0.176855169082126,0.224038577959649,0.62,0.840217710077995,1,0,1,0,request_more_data
missing_burst,294,7273.41707159958,7323.73780285917,121.223617859993,3.04109895324467,0,1,0.529040616246499,0.283333333333333,0.716666666666667,0.0833333333333333,0.285714285714286,15,NaN,NaN,NaN,NaN,NaN,NaN,NaN,NaN,insufficient_beats,0.582435221816725,0.994664809287299,0.0869390079365079,0.0255455944581311,0.62,0.883278835676074,0,0,1,0,request_more_data
missing_burst,295,7298.85591883463,7348.14098964596,121.647598647244,3.05173645446964,0,1,0.610294117647059,0.333333333333333,0.666666666666667,0.05,0.705882352941176,18,NaN,NaN,NaN,NaN,NaN,NaN,NaN,NaN,insufficient_beats,0.561138113151582,1,0.117990196078431,0.0241461133090035,0.62,0.870147058823529,0,0,1,0,request_more_data
missing_burst,296,7324.57685177054,7372.30358425936,122.076280862842,3.06249191257216,0,1,0.742142857142857,0.466666666666667,0.533333333333333,0,1,26,840.991592314802,28.8506367077664,31.2254297800657,0.12,0.0343054995690932,22.0797131429488,34.3104174327875,0.188338081158074,ok,0.467977870264126,0.989151142757863,0.200873333333333,0.349931745204413,0.62,0.843376605686487,0,0,0,0,observe
missing_burst,297,7348.96098964596,7397.86827427264,122.482683160766,3.07268837682713,0,1,0.724404761904762,0.5,0.5,0.0333333333333333,0.821428571428571,29,858.5270560923,158.336336712608,237.904826055365,0.107142857142857,0.18442789378508,168.224115780755,147.788490475138,0.792557671147722,ok,0.52251593073339,0.974055291938547,0.210077380952381,0.341858473099444,0.62,0.842342624599936,1,0,1,0,request_more_data
missing_burst,298,7373.12358425936,7421.73019700906,122.885393070989,3.08279220061378,0,1,0.703809523809524,0.466666666666667,0.533333333333333,0.0333333333333333,0.9,26,874.100490373302,164.772047927973,178.832937539815,0.08,0.188504696819932,126.453982833914,195.726967437287,0.783624410115782,ok,0.555620471390159,0.969398053534032,0.190497777777778,0.281659435226395,0.62,0.844745740703815,1,0,1,0,request_more_data
missing_burst,299,7398.68827427263,7445.73082788245,123.311471237877,3.0934823242196,0,1,0.69875,0.4,0.6,0,1,21,840.597790943811,27.9478379629924,27.7356137614474,0.05,0.0332475748379174,19.6120405710904,34.3151738775904,0.151811815744613,ok,0.471275332017073,0.99747816982796,0.16211,0.381271427362136,0.62,0.853518887551829,0,0,0,0,observe
missing_burst,300,7422.55019700906,7470.77440360029,123.709169950151,3.10346041913851,0,1,0.711630434782609,0.383333333333333,0.616666666666667,0,1,22,839.73666323747,24.454289722638,26.4668106967814,0,0.0291213791099205,18.7148613200748,29.0822718756256,0.129696587285176,ok,0.40251962817166,1,0.158219166666667,0.324102224810873,0.62,0.851906521739131,0,0,0,0,observe
missing_burst,301,7446.55082788245,7494.05584872026,124.109180464708,3.11349651621307,0,1,0.709166666666667,0.4,0.6,0,1,22,833.864583536792,31.6800799663355,26.8305153767082,0,0.0379918761292944,18.9720393656003,40.5871488978584,0.148198576218712,ok,0.349522480301841,1,0.164526666666667,0.240969874262648,0.62,0.85235,0,0,0,0,observe
missing_burst,302,7471.59440360029,7519.69474408943,124.526573393338,3.12396873081127,0,1,0.645781499202552,0.366666666666667,0.633333333333333,0.0333333333333333,0.736842105263158,20,865.017024457339,202.791251305403,283.935100148833,0.105263157894737,0.23443613891024,200.772434732122,204.790167400093,0.796818710503242,ok,0.40217798987442,1,0.137336198830409,0.457467579019511,0.62,0.863759330143541,1,0,1,0,request_more_data
missing_burst,303,7494.87584872026,7546.3428856288,124.914597478671,3.13370409337289,0,1,0.607857142857143,0.366666666666667,0.633333333333333,0.0833333333333333,0.523809523809524,22,960.319859479015,302.923376218513,372.011930741811,0.238095238095238,0.31544008303947,263.052158909835,338.125280646273,0.867547870706395,ok,0.450729387807464,1,0.129270952380952,0.47870056022444,0.62,0.870585714285714,1,0,1,0,request_more_data
missing_burst,304,7520.51474408943,7570.36257564668,125.341912401491,3.14442524666951,0,1,0.658219696969697,0.4,0.6,0.05,0.772727272727273,23,909.470937271526,249.126237684606,251.454429026486,0.136363636363636,0.273924352582394,177.805131924019,304.159661472812,0.810609624014641,ok,0.491922380729243,1,0.15270696969697,0.376123999475625,0.62,0.861520454545455,1,0,1,0,request_more_data
missing_burst,305,7547.1628856288,7595.57084642739,125.786048093813,3.15556842606161,0,1,0.681566332218506,0.433333333333333,0.566666666666667,0.0333333333333333,0.782608695652174,24,870.331699941235,177.690076813384,244.796419385227,0.173913043478261,0.204163627299088,173.09720815748,182.167185091,0.827072939859487,ok,0.533824386558432,1,0.171300338164251,0.353865901973998,0.62,0.857318060200669,1,0,1,0,request_more_data
missing_burst,306,7571.20365301579,7620.84733900602,126.186727550263,3.16562130660944,0,1,0.621154244306418,0.383333333333333,0.616666666666667,0.0666666666666667,0.523809523809524,22,905.21651633367,247.1374415919,362.652087583811,0.285714285714286,0.273014728667195,256.43375034197,237.477497373398,0.896948610196982,ok,0.565675433443259,1,0.138103293650794,0.384353686832056,0.62,0.868192236024845,1,0,1,0,request_more_data
missing_burst,307,7596.39084642739,7646.32737433239,126.606514107123,3.17615357634218,0,1,0.542023809523809,0.35,0.65,0.1,0.166666666666667,19,NaN,NaN,NaN,NaN,NaN,NaN,NaN,NaN,insufficient_beats,0.545081078796941,1,0.110030833333333,0.0231405260065956,0.62,0.882435714285714,0,0,1,0,request_more_data
missing_burst,308,7621.6741785696,7670.34725041332,127.02790297616,3.18672604741955,0,1,0.586464646464646,0.366666666666667,0.633333333333333,0.0666666666666667,0.444444444444444,19,NaN,NaN,NaN,NaN,NaN,NaN,NaN,NaN,insufficient_beats,0.525908221249629,1,0.124721481481481,0.0219048647278165,0.62,0.874436363636364,0,0,1,0,request_more_data
missing_burst,309,7647.14737433239,7694.31279701052,127.452456238873,3.19737791181524,0,1,0.675,0.333333333333333,0.666666666666667,0,1,18,NaN,NaN,NaN,NaN,NaN,NaN,NaN,NaN,insufficient_beats,0.507862189347036,0.997940539192997,0.1305,0.0207544932749778,0.62,0.857923350974039,0,0,0,0,observe
missing_burst,310,7671.16901703382,7720.88390406244,127.852816950564,3.20742279518992,0,1,0.571785714285714,0.416666666666667,0.583333333333333,0.1,0.285714285714286,22,961.211529505228,329.952955342668,495.956521203188,0.333333333333333,0.343267787801616,350.694219316464,307.817267249153,0.924258247574799,ok,0.548446980018382,1,0.138181547619048,0.436067789588585,0.62,0.877078571428571,1,0,1,0,request_more_data
missing_burst,311,7696.07251183409,7746.27134457007,128.267875197235,3.21783643359092,0,1,0.534166666666667,0.4,0.6,0.133333333333333,0.166666666666667,22,999.024889070882,362.323825656409,519.64476075237,0.380952380952381,0.362677476427418,367.444334136062,357.129907159702,0.946855596335635,ok,0.57845323737338,1,0.123926666666667,0.420515435118356,0.62,0.88385,1,0,1,0,request_more_data
missing_burst,312,7721.70390406244,7770.32205217617,128.695065067707,3.22855444937628,0,1,0.593392857142857,0.233333333333333,0.766666666666667,0.0333333333333333,0.791666666666667,13,NaN,NaN,NaN,NaN,NaN,NaN,NaN,NaN,insufficient_beats,0.556465930287275,1,0.0803058333333333,0.0239071942424027,0.62,0.873189285714286,0,0,1,0,request_more_data
missing_burst,313,7747.09134457007,7795.09468036994,129.118189076168,3.23917045437854,0,1,0.596897759103641,0.283333333333333,0.716666666666667,0.0333333333333333,0.642857142857143,15,NaN,NaN,NaN,NaN,NaN,NaN,NaN,NaN,insufficient_beats,0.536093631537888,1,0.0980901984126984,0.0225879558172365,0.62,0.872558403361345,0,0,1,0,request_more_data
missing_burst,314,7771.14205217617,7820.71708348557,129.519034202936,3.2492274915256,0,1,0.621154244306418,0.383333333333333,0.616666666666667,0.0666666666666667,0.523809523809524,22,901.137786791043,270.763318565086,402.78451205855,0.238095238095238,0.300468277475386,284.811659833515,255.945048367095,0.867521696447796,ok,0.56344998321979,1,0.138103293650794,0.35279368280218,0.62,0.868192236024845,1,0,1,0,request_more_data
missing_burst,315,7795.86978172854,7844.67630387811,129.931163028809,3.25956763197983,0,1,0.666392339544513,0.383333333333333,0.616666666666667,0.0333333333333333,0.761904761904762,22,864.164704916651,196.639530993313,284.027701526784,0.142857142857143,0.227548672000298,200.837913794418,192.349532573506,0.812750553713678,ok,0.580788408703341,1,0.14816123015873,0.272307569487076,0.62,0.860049378881988,1,0,1,0,request_more_data
missing_burst,316,7821.53708348557,7868.58926140467,130.358951391426,3.27030066368364,0,1,0.657222222222222,0.3,0.7,0,1,16,NaN,NaN,NaN,NaN,NaN,NaN,NaN,NaN,insufficient_beats,0.559491073768618,1,0.114356666666667,0.0240473045222005,0.62,0.8617,0,0,1,0,request_more_data
missing_burst,317,7845.49630387811,7893.87894923903,130.758271731302,3.28031944456314,0,1,0.641705043859649,0.316666666666667,0.683333333333333,0.0166666666666667,0.84375,17,NaN,NaN,NaN,NaN,NaN,NaN,NaN,NaN,insufficient_beats,0.539405214466731,1,0.117859826388889,0.022769464426117,0.62,0.864493092105263,0,0,1,0,request_more_data
missing_burst,318,7869.43843369577,7918.2564900147,131.157307228263,3.29033107885264,0,1,0.646481481481482,0.45,0.55,0.0666666666666667,0.583333333333333,25,885.889144401408,256.047770393835,375.275374875458,0.208333333333333,0.289029131931451,265.35976238676,246.384086242091,0.849248955567946,ok,0.57375993489171,1,0.168731666666667,0.331408053969219,0.62,0.863633333333333,1,0,1,0,request_more_data
missing_burst,319,7894.69894923903,7941.10856245978,131.57831582065,3.30089400894739,0,1,0.68008281573499,0.466666666666667,0.533333333333333,0.0333333333333333,0.782608695652174,24,836.23388419784,159.630326617507,227.755085965844,0.130434782608696,0.190891961727469,161.047165736173,158.200798861349,0.803128593701969,ok,0.59670444570976,0.989045262279273,0.184075748792271,0.252994254903761,0.62,0.854517766605898,1,0,1,0,request_more_data
missing_burst,320,7919.04125070591,7965.47705909842,131.984020845099,3.31107297890149,0,1,0.7075,0.416666666666667,0.583333333333333,0,1,22,810.480412896037,31.4313313990523,31.2934099813026,0.0952380952380952,0.0387811116702262,22.1277824042299,38.5515036400028,0.187513321928093,ok,0.506013888348013,1,0.170979166666667,0.384188857039082,0.62,0.85265,0,0,0,0,observe
missing_burst,321,7941.97352379498,7989.63928550971,132.366225396583,3.3206623317846,0,1,0.663928571428571,0.4,0.6,0.0333333333333333,0.761904761904762,22,843.214684087741,182.979281007157,255.145536318354,0.19047619047619,0.217002009642561,180.415138920187,185.507984206076,0.837125345759264,ok,0.540467608945937,1,0.154031428571429,0.350672290712131,0.62,0.860492857142857,1,0,1,0,request_more_data
missing_burst,322,7966.29705909842,8013.71338696252,132.77161765164,3.33083345448506,0,1,0.62374649859944,0.35,0.65,0.0333333333333333,0.705882352941176,18,NaN,NaN,NaN,NaN,NaN,NaN,NaN,NaN,insufficient_beats,0.521578108590052,1,0.126620539215686,0.0216280565367563,0.62,0.867725630252101,0,0,1,0,request_more_data
missing_burst,323,7990.46565071358,8037.22332004994,133.174427511893,3.34093978597629,0,1,0.692272727272727,0.366666666666667,0.633333333333333,0,1,20,798.201727011378,31.881262874408,22.7931405072932,0.0526315789473684,0.0399413604299977,16.1171842172448,42.1077928398249,0.152503217344245,ok,0.449764282400223,1,0.147223333333333,0.348580204730404,0.62,0.855390909090909,0,0,0,0,observe
missing_burst,324,8014.53338696252,8061.45116934975,133.575556449375,3.35100394381587,0,1,0.742142857142857,0.466666666666667,0.533333333333333,0,1,26,809.14547643215,33.0480205706906,24.9439233200676,0.04,0.0408431135479033,17.6380173290171,43.2809851087388,0.157109969377238,ok,0.378043285122106,0.98033554806281,0.200873333333333,0.276468456078972,0.62,0.840908239171873,0,0,0,0,observe
missing_burst,325,8038.04149317514,8085.07258990813,133.967358219586,3.36083408691642,0,1,0.742142857142857,0.466666666666667,0.533333333333333,0,1,26,813.433456084273,29.0102085586243,25.014412444535,0.04,0.0356638989233052,17.6878606669278,37.0178873824143,0.145997401226085,ok,0.321935754719912,0.9594205223532,0.200873333333333,0.220163286788695,0.62,0.835052031973182,0,0,0,0,observe
missing_burst,326,8062.27116934975,8107.30069298455,134.371186155829,3.37096596150989,0,1,0.696923076923077,0.433333333333333,0.566666666666667,0,1,21,800.929696895186,28.8834507930496,28.0432621630924,0.1,0.0360624046093142,19.8295808421148,35.7112752930369,0.173131921041317,ok,0.288846817937379,0.952421298701752,0.17516,0.140287688395401,0.62,0.841231809790337,0,0,0,0,observe
missing_burst,327,8085.89258990813,8132.26858494179,134.764876498469,3.38084348810548,0,1,0.59797619047619,0.35,0.65,0.0333333333333333,0.666666666666667,16,NaN,NaN,NaN,NaN,NaN,NaN,NaN,NaN,insufficient_beats,0.283108778332561,0.968228948821077,0.121389166666667,0.00653080907624276,0.62,0.863468391384187,0,0,0,0,observe
missing_burst,328,8109.02196667544,8156.95659043058,135.150366111257,3.3905152618074,0,1,0.473125,0.266666666666667,0.733333333333333,0.1,0,13,NaN,NaN,NaN,NaN,NaN,NaN,NaN,NaN,insufficient_beats,0.277374961034754,1,0.0731766666666667,0.00618652669995362,0.62,0.8948375,0,0,0,0,observe
missing_burst,329,8133.0885849418,8181.08314183018,135.551476415697,3.40057895215169,0,1,0.553026315789474,0.316666666666667,0.683333333333333,0.0666666666666667,0.333333333333333,16,NaN,NaN,NaN,NaN,NaN,NaN,NaN,NaN,insufficient_beats,0.272125900466451,1,0.1015725,0.00584249766208522,0.62,0.880455263157895,0,0,0,0,observe
missing_burst,330,8157.77579399104,8207.68810513556,135.962929899851,3.4109021485637,0,1,0.585492424242424,0.4,0.6,0.1,0.318181818181818,23,912.239769781517,281.409013569802,440.527077458388,0.318181818181818,0.308481413430595,311.499683767118,247.68934746905,0.916004056958537,ok,0.354809879152935,1,0.135834242424242,0.649405710520073,0.62,0.874611363636364,1,0,1,0,request_more_data
missing_burst,331,8181.8622708222,8232.44879408439,136.36437118037,3.42097414295988,0,1,0.560384615384615,0.433333333333333,0.566666666666667,0.133333333333333,0.166666666666667,25,930.226090168155,303.6031467369,473.825469363439,0.333333333333333,0.326375652054672,335.045202485786,268.50410370859,0.924250409667768,ok,0.42600043722134,1,0.140843333333333,0.579929123264009,0.62,0.879130769230769,1,0,1,0,request_more_data
missing_burst,332,8207.91810513556,8257.8417842075,136.798635085593,3.43186964332847,0,1,0.661195652173913,0.416666666666667,0.583333333333333,0.05,0.673913043478261,24,884.319961330667,256.08163387551,307.51668935507,0.130434782608696,0.289580293415717,217.447136371007,289.607232818434,0.807983499138182,ok,0.47463557217583,1,0.159788949275362,0.396743088150123,0.62,0.860984782608696,1,0,1,0,request_more_data
missing_burst,333,8233.26879408439,8283.21507898254,137.221146568073,3.44247028030921,0,1,0.655454545454546,0.383333333333333,0.616666666666667,0.05,0.659090909090909,23,888.09934339818,305.131243164337,385.894450226508,0.181818181818182,0.343577827674996,272.868582577418,334.294612209377,0.833955080885925,ok,0.511897075882173,1,0.145729393939394,0.376997643040645,0.62,0.862018181818182,1,0,1,0,request_more_data
missing_burst,334,8258.6617842075,8309.38878053908,137.644363070125,3.45308860593711,0,1,0.588409090909091,0.383333333333333,0.616666666666667,0.1,0.318181818181818,23,922.043318764578,318.177297360954,478.661486245295,0.363636363636364,0.345078469618186,338.464782816879,296.504934030725,0.939245867475457,ok,0.55049546823122,1,0.130822954545455,0.447262616146214,0.62,0.874086363636364,1,0,1,0,request_more_data
missing_burst,335,8284.03507898254,8332.43071159283,138.067251316376,3.46369869576379,0,1,0.609094202898551,0.383333333333333,0.616666666666667,0.0666666666666667,0.5,21,876.934886204342,253.273784530231,378.093056097442,0.25,0.288817092938886,267.352163886047,238.365350514667,0.874915602677552,ok,0.575209738563941,1,0.135421944444444,0.346649862540205,0.62,0.870363043478261,1,0,1,0,request_more_data
missing_burst,336,8310.20878053908,8357.11243938265,138.503479675651,3.47464348346573,0,1,0.700760869565217,0.383333333333333,0.616666666666667,0,1,21,805.888516360546,28.5086254773535,18.2665664385193,0,0.0353753960983346,12.9164129976716,38.1922731516415,0.121489672107145,ok,0.484500913513526,1,0.1558025,0.430007482142959,0.62,0.853863043478261,0,0,0,0,observe
missing_burst,337,8333.25042887298,8382.55819314637,138.887507147883,3.48427857267055,0,1,0.653508771929825,0.333333333333333,0.666666666666667,0.0333333333333333,0.736842105263158,20,866.374077676848,226.150442207012,325.633389690339,0.157894736842105,0.261030942677125,230.257578030801,221.967323676806,0.820915266033296,ok,0.511043470517786,1,0.126345029239766,0.354684407330581,0.62,0.862368421052632,1,0,1,0,request_more_data
missing_burst,338,8357.93243938265,8407.99546593129,139.298873989711,3.4945995952627,0,1,0.57,0.266666666666667,0.733333333333333,0.0666666666666667,0.333333333333333,16,NaN,NaN,NaN,NaN,NaN,NaN,NaN,NaN,insufficient_beats,0.49293194982837,1,0.08816,0.0198626082310671,0.62,0.8774,0,0,0,0,observe
missing_burst,339,8383.37819314637,8432.18065243095,139.722969885773,3.50523998451977,0,1,0.545707282913165,0.283333333333333,0.716666666666667,0.0666666666666667,0.285714285714286,15,NaN,NaN,NaN,NaN,NaN,NaN,NaN,NaN,insufficient_beats,0.475839817585272,1,0.0896778968253968,0.0187759169897022,0.62,0.88177268907563,0,0,0,0,observe
missing_burst,340,8408.22546593129,8456.22691187149,140.137091098855,3.51563011313859,0,1,0.636468253968254,0.35,0.65,0.0333333333333333,0.722222222222222,19,NaN,NaN,NaN,NaN,NaN,NaN,NaN,NaN,insufficient_beats,0.460382833033377,0.998470018908836,0.129203055555556,0.0177503890551163,0.62,0.865007319580188,0,0,0,0,observe
missing_burst,341,8432.92719431826,8479.53443233255,140.548786571971,3.52595938095279,0,1,0.700760869565217,0.383333333333333,0.616666666666667,0,1,21,788.275233409235,28.0931451422218,28.9502934721676,0.15,0.0356387514811558,20.4709488315104,34.0498144180195,0.196216234667264,ok,0.405023107390059,1,0.1558025,0.24734362838411,0.62,0.853863043478261,0,0,0,0,observe
missing_burst,342,8457.04691187149,8503.9682403598,140.950781864525,3.53604527527999,0,1,0.675833333333333,0.4,0.6,0.0166666666666667,0.875,21,834.825166110199,205.76421467151,222.474974296177,0.1,0.246475816763229,157.313562969129,244.806590974843,0.794999624263485,ok,0.454784366334045,1,0.156793333333333,0.40347790331683,0.62,0.85835,1,0,1,0,request_more_data
missing_burst,343,8480.32742254029,8527.15259877483,141.338790375672,3.54578024709177,0,1,0.643400076277651,0.383333333333333,0.616666666666667,0.0333333333333333,0.736842105263158,20,829.408322114225,212.613390770044,316.056237022883,0.210526315789474,0.256343450024803,223.485508435183,201.154506260581,0.850238285711613,ok,0.497225166633289,1,0.143049283625731,0.41194098135761,0.62,0.864187986270023,1,0,1,0,request_more_data
missing_burst,344,8504.7882403598,8550.90384189495,141.746470672663,3.55600877581065,0,1,0.645525846702317,0.366666666666667,0.633333333333333,0.0166666666666667,0.852941176470588,18,NaN,NaN,NaN,NaN,NaN,NaN,NaN,NaN,insufficient_beats,0.480804611720384,0.993080282637668,0.137281830065359,0.0190335099979974,0.62,0.86186782673213,0,0,0,0,observe
missing_burst,345,8527.97259877483,8577.20524803491,142.132876646247,3.56570354062296,0,1,0.544583333333333,0.4,0.6,0.116666666666667,0.25,21,944.888060003426,331.019191710932,452.908402570448,0.3,0.350326356869969,320.254602713931,341.444578229704,0.905609656155821,ok,0.518707899787557,1,0.126343333333333,0.44285332113866,0.62,0.881975,1,0,1,0,request_more_data
missing_burst,346,8551.72384189495,8604.16366853124,142.528730698249,3.57563535378455,0,1,0.499542606516291,0.35,0.65,0.15,0.0789473684210527,20,1052.49133181411,391.29034439744,538.413934334232,0.368421052631579,0.37177536058468,380.716144053064,401.586211036561,0.941424190028997,ok,0.543312723831627,1,0.101407149122807,0.443038764228693,0.62,0.890082330827068,1,0,1,0,request_more_data
missing_burst,347,8578.02524803491,8627.73497048727,142.967087467248,3.58663354239928,0,1,0.576388888888889,0.333333333333333,0.666666666666667,0.0833333333333333,0.444444444444444,19,NaN,NaN,NaN,NaN,NaN,NaN,NaN,NaN,insufficient_beats,0.523943109641348,1,0.111435185185185,0.0217987634298976,0.62,0.87625,0,0,1,0,request_more_data
missing_burst,348,8604.98366853123,8651.60513235146,143.416394475521,3.59790646795299,0,1,0.675,0.333333333333333,0.666666666666667,0,1,18,NaN,NaN,NaN,NaN,NaN,NaN,NaN,NaN,insufficient_beats,0.505999597611359,0.997926390389418,0.1305,0.0206365865784809,0.62,0.857919389309037,0,0,0,0,observe
missing_burst,349,8628.52360107748,8676.76387387372,143.808726684625,3.60774991954428,0,1,0.612794117647059,0.283333333333333,0.716666666666667,0.0333333333333333,0.666666666666667,16,NaN,NaN,NaN,NaN,NaN,NaN,NaN,NaN,insufficient_beats,0.488409360223385,1,0.1007025,0.0195599758566815,0.62,0.869697058823529,0,0,0,0,observe
missing_burst,350,8652.42513235146,8701.28931716609,144.207085539191,3.61774457715815,0,1,0.609191729323308,0.35,0.65,0.0666666666666667,0.605263157894737,20,873.709240731306,271.310602099625,330.736610114875,0.157894736842105,0.31052733501197,233.866099798879,304.18009959263,0.821149616317271,ok,0.513341812506717,1,0.123665921052632,0.351244817707289,0.62,0.870345488721805,1,0,1,0,request_more_data
missing_burst,351,8677.58387387372,8724.53249762128,144.626397897895,3.62826494945682,0,1,0.643400076277651,0.383333333333333,0.616666666666667,0.0333333333333333,0.736842105263158,20,836.931187378018,170.66786103505,244.298982209458,0.105263157894737,0.203921019564019,172.74546695728,168.564649990055,0.794631580312818,ok,0.53644066198112,1,0.143049283625731,0.301290276556504,0.62,0.864187986270023,1,0,1,0,request_more_data
missing_burst,352,8702.10931716609,8748.19652066756,145.035155286101,3.6385205019453,0,1,0.6625,0.333333333333333,0.666666666666667,0,1,17,NaN,NaN,NaN,NaN,NaN,NaN,NaN,NaN,insufficient_beats,0.517793468749578,0.999674706099597,0.128083333333333,0.0213864397188672,0.62,0.860658917707887,0,0,0,0,observe
missing_burst,353,8725.35249762128,8772.80369431651,145.422541627021,3.64823986376543,0,1,0.626960784313725,0.333333333333333,0.666666666666667,0.0333333333333333,0.705882352941176,18,NaN,NaN,NaN,NaN,NaN,NaN,NaN,NaN,insufficient_beats,0.499982546418601,1,0.121212418300654,0.0202676081249747,0.62,0.867147058823529,0,0,0,0,observe
missing_burst,354,8749.01652066756,8797.91700290633,145.816942011126,3.65813520500541,0,1,0.593055555555556,0.333333333333333,0.666666666666667,0.0666666666666667,0.444444444444444,19,NaN,NaN,NaN,NaN,NaN,NaN,NaN,NaN,insufficient_beats,0.482984895784764,1,0.114657407407407,0.0191989527851161,0.62,0.87325,0,0,0,0,observe
missing_burst,355,8773.564737065,8821.87169570239,146.226078951083,3.66840028028912,0,1,0.612794117647059,0.283333333333333,0.716666666666667,0.0333333333333333,0.666666666666667,16,NaN,NaN,NaN,NaN,NaN,NaN,NaN,NaN,insufficient_beats,0.466636482225744,1,0.1007025,0.0181790937470858,0.62,0.869697058823529,0,0,0,0,observe
missing_burst,356,8798.67473918158,8846.7617379354,146.64457898636,3.67890027173159,0,1,0.631302889576883,0.316666666666667,0.683333333333333,0.0333333333333333,0.705882352941176,18,NaN,NaN,NaN,NaN,NaN,NaN,NaN,NaN,insufficient_beats,0.451432411215349,1,0.115949297385621,0.0171981889335446,0.62,0.866365479876161,0,0,0,0,observe
missing_burst,357,8822.70085232196,8870.48677623831,147.045014205366,3.68894702446376,0,1,0.655476190476191,0.466666666666667,0.533333333333333,0.0666666666666667,0.6,26,842.8877129199,202.547695799924,304.638854305729,0.2,0.240302109872104,215.412199692481,188.808692520667,0.843687483466081,ok,0.50762799802717,1,0.177415555555556,0.408541016923653,0.62,0.862014285714286,1,0,1,0,request_more_data
missing_burst,358,8847.5817379354,8895.94902488999,147.459695632257,3.69935120861353,0,1,0.618690476190476,0.4,0.6,0.0666666666666667,0.523809523809524,22,873.058497935647,266.135731883125,399.166129555325,0.238095238095238,0.304831500423402,282.253077028558,248.977219997822,0.86752272315777,ok,0.542449824447071,1,0.14353619047619,0.379552405012231,0.62,0.868635714285714,1,0,1,0,request_more_data
missing_burst,359,8871.33445469876,8919.67915368402,147.855574244979,3.70928363799337,0,1,0.69375,0.416666666666667,0.583333333333333,0.0333333333333333,0.791666666666667,25,819.695097828662,209.23463797693,301.326694896843,0.125,0.255259106137372,213.070149314087,205.327491900004,0.805222913434123,ok,0.56840440438353,1,0.16765625,0.284520078453876,0.62,0.855125,1,0,1,0,request_more_data
missing_burst,360,8896.76902488999,8944.21125437645,148.279483748166,3.7199193507309,0,1,0.73,0.4,0.6,0,1,24,780.926228602725,26.4226620082639,30.090322011487,0.0434782608695652,0.0338350295335076,21.2770707424093,30.7180792991427,0.156844263436092,ok,0.479345124845243,1,0.16936,0.388255876684427,0.62,0.8486,0,0,0,0,observe
missing_burst,361,8920.49915368402,8967.69371277659,148.674985894734,3.72984233473182,0,1,0.671111111111111,0.3,0.7,0,1,17,NaN,NaN,NaN,NaN,NaN,NaN,NaN,NaN,insufficient_beats,0.463481749037245,1,0.116773333333333,0.0179607074907146,0.62,0.8592,0,0,0,0,observe
missing_burst,362,8945.03125437645,8992.45258345985,149.083854239608,3.74010067107685,0,1,0.663852657004831,0.45,0.55,0.05,0.782608695652174,24,853.805378475007,252.024018308251,267.78006711195,0.130434782608696,0.295177360862255,189.349101321448,301.958820764083,0.807984153771356,ok,0.50911029763962,1,0.173265543478261,0.361511309676346,0.62,0.86050652173913,1,0,1,0,request_more_data
missing_burst,363,8968.43449606929,9016.00927599618,149.473908267822,3.74988696405922,0,1,0.599060846560847,0.45,0.55,0.0833333333333333,0.523809523809524,22,913.889237254376,322.731617895792,414.512818856684,0.285714285714286,0.353140845454515,293.104825102312,349.858479790064,0.897081934903044,ok,0.553112419022924,1,0.156354880952381,0.407718255121801,0.62,0.872169047619048,1,0,1,0,request_more_data
missing_burst,364,8993.28916828498,9040.14049446154,149.88815280475,3.76028018682194,0,1,0.613541666666667,0.333333333333333,0.666666666666667,0.0333333333333333,0.6875,17,NaN,NaN,NaN,NaN,NaN,NaN,NaN,NaN,insufficient_beats,0.533381146060437,1,0.118618055555556,0.0223867451413755,0.62,0.8695625,0,0,1,0,request_more_data
missing_burst,365,9016.82927599618,9065.38247771134,150.28048793327,3.77012371166016,0,1,0.645277777777778,0.316666666666667,0.683333333333333,0.0333333333333333,0.722222222222222,19,NaN,NaN,NaN,NaN,NaN,NaN,NaN,NaN,insufficient_beats,0.514691156883846,1,0.118516018518518,0.0212028687636262,0.62,0.86385,0,0,0,0,observe
missing_burst,366,9040.96144474881,9088.48427521141,150.682690745814,3.7802148125774,0,1,0.708122710622711,0.466666666666667,0.533333333333333,0.0333333333333333,0.807692307692308,27,810.140027772829,156.765126994448,218.986831408422,0.0769230769230769,0.193503742094331,154.847073479451,158.659994699421,0.782567475091186,ok,0.549801178364515,0.988032943061453,0.191665213675214,0.287957787620371,0.62,0.849187136145119,1,0,1,0,request_more_data
missing_burst,367,9066.20247771134,9112.51465254892,151.103374628522,3.79076959584166,0,1,0.904791666666667,0.8,0.2,0,1,47,788.556911437915,26.3574252303752,27.0899483610395,0.0434782608695652,0.0334248864578627,19.1554861880844,31.9764769549077,0.14736057416057,ok,0.367974221539359,0.833928356357828,0.419823333333333,0.380252533502074,0.62,0.770637439780192,0,0,0,0,observe
missing_burst,368,9089.25863812779,9135.78992430785,151.487643968796,3.80041075341484,0,0,1,1,0,0,1,60,788.4274849406,25.335356115498,25.2446242537325,0.0338983050847458,0.0321340346441711,17.8506449983206,31.0663002647906,0.13762015843959,ok,0.229631914558701,0.593717489754525,0.58,0.219075609807407,0.62,0.686240897131267,0,0,0,0,observe
missing_burst,369,9113.32571284678,9159.34243527481,151.88876188078,3.81047463462924,0,0,1,1,0,0,1,60,780.463045431358,22.8768717986391,20.7903493483383,0,0.0293119218553073,14.7009970074473,28.819840623601,0.114877411141132,ok,0.161823578329632,0.407889783248544,0.58,0.111776588544047,0.62,0.634209139309592,0,0,0,0,observe
missing_burst,370,9136.54734020094,9183.29548824559,152.275789003349,3.82018498381068,0,0,1,1,0,0,1,60,791.759398962457,24.6437327593804,23.8578853029296,0.0508474576271186,0.0311252797146131,16.8700724824724,30.4963568818908,0.136511150508695,ok,0.147600416019582,0.263849005513491,0.58,0.0264030131211588,0.62,0.593877721543777,0,0,0,0,observe
missing_burst,371,9160.14284400395,9206.2538936233,152.669047400066,3.83005167306312,0,0,1,1,0,0,1,60,781.857639141582,27.1693145937842,22.0543366486969,0.0508474576271186,0.0347496951281489,15.5947709988646,35.11618470855,0.138775498967563,ok,0.143298433645717,0.158263551020615,0.58,0.010768892090844,0.62,0.564313794285772,0,0,0,0,observe
missing_burst,372,9184.05754451816,9230.44226233419,153.067625741969,3.84005183752278,0,0,1,1,0,0,1,60,785.779568143358,27.7307467041205,19.2227241872727,0.0169491525423729,0.0352907454308628,13.5925186256992,36.7863026539255,0.12589510147663,ok,0.134129380459774,0.0833024078728838,0.58,0.0196054261503447,0.62,0.543324674204407,0,0,0,0,observe
missing_burst,373,9207.03089652333,9253.44544057684,153.450514942055,3.84965836795392,0,0,1,1,0,0,1,60,786.525782559092,29.2240940946758,26.9536559396498,0.0677966101694915,0.0371559264078927,19.0591128926954,36.6721361124822,0.16108348330893,ok,0.150918699724698,0.03,0.58,0.0242018656767422,0.62,0.5284,0,0,0,0,observe
missing_burst,374,9231.23196188929,9277.2880216285,153.853866031488,3.85977827865968,0,0,1,1,0,0,1,60,780.762654905231,26.4985212753873,27.5002067579218,0.0677966101694915,0.0339392786129143,19.4455826825587,32.0345528094288,0.155983871535232,ok,0.154589348141745,0.03,0.58,0.00332029379401541,0.62,0.5284,0,0,0,0,observe
missing_burst,375,9254.23288176113,9300.9034122442,154.237214696019,3.86939633686222,0,0,1,1,0,0,1,60,790.966194456011,23.7704265940897,25.4171567100492,0.0338983050847458,0.0300523925809976,17.9726438681569,28.4086330772604,0.134394775478425,ok,0.143516844423847,0.03,0.58,0.0217192117748159,0.62,0.5284,0,0,0,0,observe
missing_burst,376,9278.07283332556,9324.15116864007,154.634547222093,3.879365244322,0,0,1,1,0,0,1,60,781.052450192804,23.5454256177047,23.9988535547078,0.0169491525423729,0.0301457675625913,16.9697520892368,28.6496361070708,0.127045990633101,ok,0.134883124745733,0.03,0.58,0.018659843125316,0.62,0.5284,0,0,0,0,observe
missing_burst,377,9301.64945182755,9348.36694277023,155.027490863792,3.88922403650226,0,0,1,1,0,0,1,60,791.058842100573,24.9724366074027,22.2088999274164,0,0.0315683679624781,15.7040637413695,31.6326976754828,0.122266865726355,ok,0.128702639770901,0.03,0.58,0.0153232715346347,0.62,0.5284,0,0,0,0,observe
missing_burst,378,9324.96775596581,9371.37905093034,155.416129266097,3.89897481202063,0,0,1,1,0,0,1,60,787.131371504491,27.2376817674039,24.0204119316911,0.0338983050847458,0.0346037303980693,16.984996163793,34.5730027831063,0.139162496239909,ok,0.136062050000699,0.03,0.58,0.00738201485526208,0.62,0.5284,0,0,0,0,observe
missing_burst,379,9349.08692541554,9395.43155552565,155.818115423592,3.90906047715302,0,0,1,1,0,0,1,60,784.410212590214,26.8945936633489,24.5262090598811,0.0508474576271186,0.0342863889731112,17.3426487430409,33.8507144859426,0.143946320445179,ok,0.14174216319848,0.03,0.58,0.00524799344452131,0.62,0.5284,0,0,0,0,observe
missing_burst,380,9372.1568960455,9418.9187943153,156.202614934092,3.91870740960121,0,0,1,1,0,0,1,60,792.329056415902,25.3687240952155,24.1789169620645,0.0169491525423729,0.0320179146401255,17.0970761456223,31.5409941458593,0.131084982117402,ok,0.136525095658853,0.03,0.58,0.0129526512891693,0.62,0.5284,0,0,0,0,observe
missing_burst,381,9396.2652788879,9442.37728123818,156.604421314798,3.92878856420891,0,0,1,1,0,0,1,60,782.428761875455,23.3204741128796,22.6434650673073,0,0.0298052362709433,16.0113476986537,28.832720485098,0.119991171939201,ok,0.128030987490852,0.03,0.58,0.0191424179801206,0.62,0.5284,0,0,0,0,observe
missing_burst,382,9419.6768634254,9466.30897921278,156.994614390423,3.93857834583286,0,0,1,1,0,0,1,60,789.836414958256,22.4338554774762,21.6029856780327,0,0.0284031668490011,15.2756176668128,27.8066763218104,0.115342989016735,ok,0.121981567491094,0.03,0.58,0.0158061392246659,0.62,0.5284,0,0,0,0,observe
missing_burst,383,9443.19502274205,9489.38472681057,157.386583712368,3.94841269273657,0,0,1,1,0,0,1,60,783.457426206673,24.836492075803,22.6564819138343,0.0169491525423729,0.0317011381155142,16.0205519991026,31.2577125027872,0.126587200072277,ok,0.126114898887405,0.03,0.58,0.00112452663064855,0.62,0.5284,0,0,0,0,observe
missing_burst,384,9467.06424817516,9513.41629591322,157.784404136253,3.95839384134907,0,0,1,1,0,0,1,60,785.121945007346,24.3850349110632,22.1557191371557,0.0169491525423729,0.0310589139255751,15.6664592439474,30.7216846866392,0.124290142635901,ok,0.12641444480957,0.03,0.58,0.00505786231825907,0.62,0.5284,0,0,0,0,observe
missing_burst,385,9490.18125047644,9536.58003927103,158.169687507941,3.96806044054775,0,0,1,1,0,0,1,60,786.588541007681,23.4554442616031,24.6151028720953,0.0508474576271186,0.0298192041185279,17.4055061604631,28.2376359902245,0.136016097661366,ok,0.133333759454411,0.03,0.58,0.00638651954037001,0.62,0.5284,0,0,0,0,observe
missing_burst,386,9514.19339543682,9560.33271024436,158.569889923947,3.97810135234969,0,0,1,1,0,0,1,60,781.940238852328,24.018923392344,25.5056725535787,0.0508474576271186,0.0307170832231337,18.0352340213591,28.7845044364045,0.139809455877535,ok,0.138265652641572,0.03,0.58,0.00367572199038932,0.62,0.5284,0,0,0,0,observe
missing_burst,387,9537.34391566765,9584.14084405182,158.955731927794,3.98778196739639,0,0,1,1,0,0,1,60,792.680079679846,23.5550578167624,21.9448429636646,0,0.0297157181321827,15.5173472716811,29.4769983402668,0.118402835570629,ok,0.127796924293858,0.03,0.58,0.022366877912448,0.62,0.5284,0,0,0,0,observe
missing_burst,388,9561.15371440945,9607.53578327161,159.352561906824,3.99773826616032,0,0,1,1,0,0,1,60,786.717883787438,26.3057451518306,22.2718890074519,0,0.0334373295611239,15.7486037470033,33.7040937573759,0.125797765779134,ok,0.127952929863113,0.03,0.58,0.0051313430570922,0.62,0.5284,0,0,0,0,observe
missing_burst,389,9584.89345250815,9631.92595706128,159.748224208469,4.00766526838539,0,0,1,1,0,0,1,60,796.418550157636,28.4601719964466,23.25753976829,0.0169491525423729,0.0357351947550863,16.4455640838737,36.7356257888422,0.136132510452389,ok,0.134008672772342,0.03,0.58,0.00505675638106273,0.62,0.5284,0,0,0,0,observe
missing_burst,390,9608.35185104672,9655.26859426208,160.139197517445,4.0174746257389,0,0,1,1,0,0,1,60,795.54684984119,25.4598580492434,25.3727975491717,0.0508474576271186,0.0320029650727997,17.9412772046927,31.2172919395585,0.142072578292547,ok,0.139844719420198,0.03,0.58,0.00530442588654512,0.62,0.5284,0,0,0,0,observe
missing_burst,391,9632.72137559789,9679.40803976125,160.545356259965,4.02766497929029,0,0,1,1,0,0,1,60,791.368044999312,25.3334734767615,25.7628529619912,0.0508474576271186,0.0320122522470357,18.2170880321359,30.849756245795,0.143031363101386,ok,0.142704885825898,0.03,0.58,0.000777326846400306,0.62,0.5284,0,0,0,0,observe
missing_burst,392,9656.05792987704,9703.02914179687,160.934298831284,4.03742338628245,0,0,1,1,0,0,1,60,796.009125579651,25.4768542428477,25.2870986564362,0.0677966101694915,0.0320057313718553,17.8806789364992,31.2797302576676,0.146636224577858,ok,0.145924899179222,0.03,0.58,0.00169363190151336,0.62,0.5284,0,0,0,0,observe
missing_burst,393,9680.23189982582,9726.82670301985,161.33719833043,4.04753196677616,0,0,1,1,0,0,1,60,790.311054310025,25.8954297983233,29.4780872773093,0.101694915254237,0.0327661237396346,20.8441554101943,30.1109241657484,0.171260376565427,ok,0.161478168603905,0.03,0.58,0.0232909713369581,0.62,0.5284,0,0,0,0,observe
missing_burst,394,9703.78512829211,9751.24443787768,161.729752138202,4.05738097818565,0,0,1,1,0,0,1,60,803.588268013499,27.8560611764153,29.3784906067939,0.0847457627118644,0.034664594152521,20.7737299290893,33.4719648864784,0.168916765608753,ok,0.166259305017898,0.03,0.58,0.00632728712108269,0.62,0.5284,0,0,0,0,observe
missing_burst,395,9727.68244772644,9774.67220893172,162.128040795441,4.06737387457782,0,0,1,1,0,0,1,60,797.425098531247,27.5726984773439,25.8900229092081,0.0677966101694915,0.0345771640849143,18.3070107641761,34.4290685253811,0.153198495727745,ok,0.159030301143158,0.03,0.58,0.0138852509890794,0.62,0.5284,0,0,0,0,observe
missing_burst,396,9752.03462228073,9799.305083383,162.533910371346,4.07755697305939,0,0,1,1,0,0,1,60,801.010758422143,27.2411914372192,25.1654645434339,0.0338983050847458,0.0340085212973666,17.7946706303717,34.1689145129756,0.141278112225206,ok,0.149262467981938,0.03,0.58,0.0190103708493626,0.62,0.5284,0,0,0,0,observe
missing_burst,397,9775.48474545013,9822.85140311089,162.924745757502,4.08736286998685,0,0,1,1,0,0,1,60,802.986569652863,28.5060752711138,24.715228008148,0.0169491525423729,0.035500064818565,17.4763053231331,36.3286582050238,0.139477775636774,ok,0.144361932228598,0.03,0.58,0.0116289442662477,0.62,0.5284,0,0,0,0,observe
missing_burst,398,9800.12795480223,9846.86578337086,163.335465913371,4.09766766749784,0,0,1,1,0,0,1,60,792.678333130945,28.9275217606548,25.450291252838,0.0508474576271186,0.0364933927819068,17.9960735280544,36.7388672661416,0.151016907577548,ok,0.149119897238829,0.03,0.58,0.00451669128266555,0.62,0.5284,0,0,0,0,observe
missing_burst,399,9823.62992507556,9870.9997037853,163.727165417926,4.10749524479573,0,0,1,1,0,0,1,60,802.471677906715,26.5413202920555,26.0316584760619,0.0677966101694915,0.0330744635889079,18.4071622339556,32.711767671341,0.150779160952549,ok,0.150860448782368,0.03,0.58,0.000193542451949857,0.62,0.5284,0,0,0,0,observe
missing_burst,400,9847.68294499548,9894.44495171393,164.128049083258,4.11755324885929,0,0,1,1,0,0,1,60,792.986139051212,26.4231585699692,26.9354676362734,0.0677966101694915,0.033321085033824,19.0462518200397,32.1497575299583,0.153503495756742,ok,0.153127732718189,0.03,0.58,0.000894673901316589,0.62,0.5284,0,0,0,0,observe
missing_burst,401,9871.77710503811,9919.048085841,164.529618417302,4.12762845606503,0,0,1,1,0,0,1,60,800.806367595098,29.0529002921655,25.6814912602387,0.0508474576271186,0.0362795570412536,18.1595566210978,36.8561057912819,0.151419992861563,ok,0.152814424736848,0.03,0.58,0.00332007589353478,0.62,0.5284,0,0,0,0,observe
missing_burst,402,9895.28014392185,9942.45697538317,164.921335732031,4.13745648021275,0,0,1,1,0,0,1,60,800.200394487113,29.4189386367599,24.1873624859825,0.0338983050847458,0.036764464051053,17.1030480328553,37.926687820224,0.144347516104627,ok,0.148588694226791,0.03,0.58,0.01009804314801,0.62,0.5284,0,0,0,0,observe
missing_burst,403,9919.87748671253,9966.95016935887,165.331291445209,4.14774209817528,0,0,1,1,0,0,1,60,798.368058631031,28.252648323858,25.4565846882951,0.0677966101694915,0.0353879993299119,18.0005236589431,35.6707922904303,0.153695765804566,ok,0.152342360647386,0.03,0.58,0.00322239323138265,0.62,0.5284,0,0,0,0,observe
missing_burst,404,9943.22456184186,9990.81789466413,165.720409364031,4.15750490456321,0,0,1,1,0,0,1,60,806.015321349509,22.9275657896759,23.0769677299471,0.0508474576271186,0.0284455706763592,16.3178803710687,28.0191599851837,0.130219118251397,ok,0.140207852569398,0.03,0.58,0.0237827007571457,0.62,0.5284,0,0,0,0,observe
missing_burst,405,9967.76801256462,10014.8048313177,166.129466876077,4.16776798703373,0,0,1,1,0,0,1,60,797.577699313467,21.7989969191221,22.0741834320777,0.0169491525423729,0.0273315025456279,15.6088047939778,26.5849157655856,0.117994899017603,ok,0.128327101624608,0.03,0.58,0.0246004823976315,0.62,0.5284,0,0,0,0,observe
missing_burst,406,9991.60278861541,10039.4109503128,166.52671314359,4.17773473030219,0,0,1,1,0,0,1,60,809.884260811202,23.5908694610659,22.8499092106188,0,0.0291286923361576,16.1573257523255,29.1890230804551,0.119848647315909,ok,0.124711755164623,0.03,0.58,0.011578828211222,0.62,0.5284,0,0,0,0,observe
missing_burst,407,10015.6334076574,10063.2016513428,166.927223460956,4.18778336722091,0,0,1,1,0,0,1,60,806.613667086143,24.8869277817001,25.2615801835962,0.0338983050847458,0.0308535905070925,17.8626346513085,30.3256431446554,0.135727241231339,ok,0.13249400085317,0.03,0.58,0.00769819137659411,0.62,0.5284,0,0,0,0,observe
missing_burst,408,10040.2152139384,10087.9578471443,167.336920232307,4.19806248844094,0,0,1,1,0,0,1,60,809.114947191371,25.9097193129091,27.474619554412,0.0677966101694915,0.0320222972061607,19.4274897974452,31.0676640563405,0.152949323378726,ok,0.145555239096493,0.03,0.58,0.0176049625767462,0.62,0.5284,0,0,0,0,observe
missing_burst,409,10064.0228454562,10111.8749277778,167.733714090936,4.20801788095906,0,0,1,1,0,0,1,60,811.221273915473,23.2303619921337,24.1721682597725,0.0338983050847458,0.0286362830205488,17.0923040924673,28.0562395445605,0.129139091540531,ok,0.136901881488803,0.03,0.58,0.0184828332101718,0.62,0.5284,0,0,0,0,observe
missing_burst,410,10088.7723911616,10136.3184565669,168.146206519359,4.21836714404972,0,0,1,1,0,0,1,60,806.010157043107,25.293022820798,22.5955491285314,0,0.0313805261630783,15.9774660134183,32.003040271463,0.123159116107054,ok,0.130017150153871,0.03,0.58,0.0163286524924212,0.62,0.5284,0,0,0,0,observe
missing_burst,411,10112.6528561284,10160.8886845523,168.544214268806,4.22835299258248,0,0,1,1,0,0,1,60,816.895946241658,29.2732151901728,29.5535270629173,0.0508474576271186,0.0358346926862006,20.897499394169,35.7370504408386,0.16203664606304,ok,0.149848025597312,0.03,0.58,0.0290205249184016,0.62,0.5284,0,0,0,0,observe
missing_burst,412,10137.1740495229,10184.6435478529,168.952900825382,4.23860676793488,0,0,1,1,0,0,1,60,805.418188100363,31.4394945268066,33.2549674149705,0.11864406779661,0.0390349944802698,23.5148129672633,37.7350924646651,0.203584346462359,ok,0.181774921453987,0.03,0.58,0.0519272024008861,0.62,0.5284,0,0,0,0,observe
missing_burst,413,10161.6959701858,10209.624381471,169.361599503097,4.24886084740162,0,0,1,1,0,0,1,60,812.26161531203,29.5870682464856,28.1779523642174,0.101694915254237,0.0364255403539163,19.9248211966896,36.793895079542,0.17524590743059,ok,0.177943365299776,0.03,0.58,0.00642251873615751,0.62,0.5284,0,0,0,0,observe
missing_burst,414,10185.4932712655,10233.3881566302,169.758221187758,4.25881192014665,0,0,1,1,0,0,1,60,812.410146288694,26.1246598711788,23.8604802476793,0.0677966101694915,0.0321569837483237,16.8719073855017,32.8684415198623,0.143644656367445,ok,0.15810194131347,0.03,0.58,0.0344221070143447,0.62,0.5284,0,0,0,0,observe
missing_burst,415,10210.431880295,10258.2157562397,170.173864671583,4.26924024190389,0,0,1,1,0,0,1,60,809.856246145775,27.7948737683902,26.7398506658301,0.0677966101694915,0.0343207500104742,18.9079297337241,34.4615758314393,0.155333191843029,ok,0.157047897699515,0.03,0.58,0.00408263299163236,0.62,0.5284,0,0,0,0,observe
missing_burst,416,10234.2080523677,10282.4361107165,170.570134206128,4.27918247934932,0,0,1,1,0,0,1,60,817.465901438739,26.7995183535654,29.02660797805,0.101694915254237,0.0327836528794636,20.5249113361227,31.8615188371565,0.170571003629258,ok,0.165469692116738,0.03,0.58,0.0121459797917143,0.62,0.5284,0,0,0,0,observe
missing_burst,417,10259.0361433646,10306.7938694575,170.983935722743,4.28956458691705,0,0,1,1,0,0,1,60,809.635220296634,27.402872191647,31.6095519061215,0.11864406779661,0.0338459487738282,22.3513285030866,31.6583783989418,0.187278406547522,ok,0.178484910245251,0.03,0.58,0.0209368959577883,0.62,0.5284,0,0,0,0,observe
missing_burst,418,10283.2203701787,10331.8159565142,171.387006169645,4.29967745641869,0,0,1,1,0,0,1,60,822.99742996177,28.1742640765146,31.576509644556,0.0847457627118644,0.0342337206056929,22.327964095868,33.0006110828267,0.175504036125811,ok,0.176794183517795,0.03,0.58,0.00307177950472542,0.62,0.5284,0,0,0,0,observe
missing_burst,419,10307.6269025033,10355.7226688887,171.793781708389,4.30988328513024,0,0,1,1,0,0,1,60,815.479990519749,27.702985171836,26.258995128213,0.0338983050847458,0.0339713855568416,18.5679135223039,34.4984544913272,0.14449389136883,ok,0.158140800646747,0.03,0.58,0.0324926411378975,0.62,0.5284,0,0,0,0,observe
missing_burst,420,10332.6383972157,10380.7495437907,172.210639953595,4.3203420847442,0,0,1,1,0,0,1,60,815.559787941552,26.4335126537201,26.123163042447,0.0508474576271186,0.0324114958149635,18.4718657333561,32.5000209039568,0.14530291718735,ok,0.151245680063998,0.03,0.58,0.0141494354205925,0.62,0.5284,0,0,0,0,observe
missing_burst,421,10356.5508617839,10404.8538669175,172.609181029731,4.33034131422129,0,0,1,1,0,0,1,60,818.85330047999,25.2543802856641,27.9026508622869,0.0677966101694915,0.0308411534408675,19.7301536378038,29.7705976536337,0.15221721153316,ok,0.152533777178499,0.03,0.58,0.000753727726998527,0.62,0.5284,0,0,0,0,observe
missing_burst,422,10381.5665820616,10429.6678027906,173.026109701026,4.34080188079646,0,0,1,1,0,0,1,60,815.304316664336,28.6409141895965,29.9362408298708,0.101694915254237,0.0351291089770939,21.1681188940352,34.5328057608942,0.177933947259928,ok,0.16795802464083,0.03,0.58,0.0237521967121384,0.62,0.5284,0,0,0,0,observe
missing_burst,423,10405.6631973921,10454.4412684217,173.427719956534,4.35087811470467,0,0,1,1,0,0,1,60,826.456691736014,26.5988589414759,32.1590986837133,0.152542372881356,0.0321842138946248,22.7399167561011,29.9648924560503,0.201815235247355,ok,0.187898664571666,0.03,0.58,0.0331346920849755,0.62,0.5284,0,0,0,0,observe
missing_burst,424,10430.494928383,10478.8191310407,173.841582139717,4.36126174437129,0,0,1,1,0,0,1,60,819.188804168729,21.3383889737307,24.663908784714,0.0677966101694915,0.0260481940977988,17.4400171522377,24.6272103519283,0.135256067479695,ok,0.157166911911117,0.03,0.58,0.0521686772176711,0.62,0.5284,0,0,0,0,observe
missing_burst,425,10455.2441611155,10504.1699576093,174.254069351925,4.3716108765893,0,0,1,1,0,0,1,60,828.811486460415,24.0236681131565,19.8118234400444,0,0.028985684327028,14.009074702126,30.9518833871613,0.113130842328677,ok,0.132201385373142,0.03,0.58,0.0454060548677721,0.62,0.5284,0,0,0,0,observe
missing_burst,426,10479.6702105643,10528.3650745822,174.661170176071,4.381824866576,0,0,1,1,0,0,1,60,825.765725691124,26.6657310260181,20.8246902745703,0,0.032292126200443,14.7252797092582,34.7172660183374,0.121265006159045,ok,0.127062810517562,0.03,0.58,0.0138042960917087,0.62,0.5284,0,0,0,0,observe
missing_burst,427,10505.0053825908,10553.5688134067,175.083423043179,4.39241901500484,0,0,1,1,0,0,1,60,823.314263290253,26.5968889374356,24.5211054610869,0.0508474576271186,0.032304661929632,17.339039953725,33.3788360459693,0.141069051847857,ok,0.136520447664091,0.03,0.58,0.0108300099613486,0.62,0.5284,0,0,0,0,observe
missing_burst,428,10529.1775689003,10578.2199299738,175.486292815005,4.40252684965246,0,0,1,1,0,0,1,60,830.914256527083,23.6870054658392,24.3763947926705,0.0508474576271186,0.0285071597698205,17.2367140587777,28.7235816766177,0.13400071862042,ok,0.136154689537626,0.03,0.58,0.00512850218382557,0.62,0.5284,0,0,0,0,observe
missing_burst,429,10554.4196907127,10602.9880102952,175.906994845212,4.4130820882299,0,0,1,1,0,0,1,60,823.653281474433,25.2969450905058,25.6335934530582,0.0508474576271186,0.0307130993823291,18.1256877568365,30.8436428647103,0.141017170710161,ok,0.140079830441348,0.03,0.58,0.00223176254479179,0.62,0.5284,0,0,0,0,observe
missing_burst,430,10579.0226185532,10628.2324726526,176.317043642553,4.42337004163526,0,0,1,1,0,0,1,60,833.542377980492,28.3295355341746,34.2081587664548,0.169491525423729,0.0339869169013476,24.1888210356662,31.9378475177748,0.221295066813116,ok,0.188190655809852,0.03,0.58,0.0788200261982492,0.62,0.5284,0,0,0,0,observe
missing_burst,431,10603.8566390946,10652.5688863502,176.73094398491,4.43375462869966,0,0,1,1,0,0,1,60,826.347934249999,27.1377880831018,33.3951208327716,0.169491525423729,0.0328406316011818,23.613916399397,30.2539590197544,0.216008587008709,ok,0.204118651378781,0.03,0.58,0.0283093705474486,0.62,0.5284,0,0,0,0,observe
missing_burst,432,10629.0448702203,10678.0757646653,177.150747837005,4.44428733236266,0,0,1,1,0,0,1,60,830.721533544597,29.2550508414833,29.7329278834854,0.0677966101694915,0.0352164349425916,21.0243549309431,35.6327447611501,0.1664701679483,ok,0.181674740974356,0.03,0.58,0.0362013643477543,0.62,0.5284,0,0,0,0,observe
missing_burst,433,10653.389339803,10702.49381252,177.556488996717,4.45446720893546,0,0,1,1,0,0,1,60,832.082102830395,27.5462387453025,25.1610590062837,0.0338983050847458,0.033105193167359,17.791555445178,34.6561840494242,0.140281163159342,ok,0.157624262369094,0.03,0.58,0.0412930933565527,0.62,0.5284,0,0,0,0,observe
missing_burst,434,10678.8941815181,10727.7321973469,177.981569691969,4.46513230639371,0,0,1,1,0,0,1,60,827.607211360529,24.9784168863013,22.2617058899556,0.0338983050847458,0.0301814877195651,15.7414031955681,31.6235805329865,0.127525294608331,ok,0.140730729656151,0.03,0.58,0.0314415120186176,0.62,0.5284,0,0,0,0,observe
missing_burst,435,10703.3050820595,10752.9654826025,178.388418034324,4.47533996171754,0,0,1,1,0,0,1,60,841.194501374334,23.8387127063491,24.5740102849623,0.0508474576271186,0.0283391209374309,17.3764493134448,28.8899196303656,0.13440900383262,ok,0.138053714291168,0.03,0.58,0.00867788204416126,0.62,0.5284,0,0,0,0,observe
missing_burst,436,10728.5993697287,10777.5040893193,178.809989495479,4.48591701395503,0,0,1,1,0,0,1,60,829.531532872628,26.1442321409672,26.1533508233823,0.0677966101694915,0.0315168635608474,18.4932117179644,32.0162906789046,0.148798004845976,ok,0.145342449212819,0.03,0.58,0.00822751341227831,0.62,0.5284,0,0,0,0,observe
missing_burst,437,10753.7639316152,10803.3370631457,179.229398860253,4.49643982009556,0,0,1,1,0,0,1,60,839.526342386984,31.9188479147742,28.2343966392778,0.0847457627118644,0.0380200671536058,19.964733326344,40.4849987973439,0.173679790985482,ok,0.162651477720801,0.03,0.58,0.0262578887254321,0.62,0.5284,0,0,0,0,observe
missing_burst,438,10778.3770600241,10827.7910242719,179.639617667068,4.50673203896778,0,0,1,1,0,0,1,60,838.115582544058,29.613891802788,22.8794907333275,0.0338983050847458,0.0353338995474783,16.1782430476307,38.6293881301045,0.139237323484173,ok,0.149508451024992,0.03,0.58,0.0244550655733799,0.62,0.5284,0,0,0,0,observe
missing_burst,439,10804.1619232045,10853.4030317783,180.069365386742,4.51751423012342,0,0,1,1,0,0,1,60,834.432810543609,26.2884912341805,21.3257466571207,0.0169491525423729,0.03150462314282,15.0795800751164,33.9819924003482,0.124286538657107,ok,0.135648128885789,0.03,0.58,0.0270514053063855,0.62,0.5284,0,0,0,0,observe
missing_burst,440,10828.5807531407,10878.269181971,180.476345885679,4.5277252012008,0,0,1,1,0,0,1,60,841.302628317165,26.7414448210985,21.6500062681521,0.0169491525423729,0.0317857616522472,15.3088662449416,34.5810404200654,0.125709112188955,ok,0.131001166353704,0.03,0.58,0.0126001289636867,0.62,0.5284,0,0,0,0,observe
missing_burst,441,10854.262093415,10903.2694130944,180.904368223584,4.53846410324706,0,0,1,1,0,0,1,60,831.106355267735,26.3264004029482,23.3121251067508,0.0338983050847458,0.031676331478018,16.4841617468526,33.3830964390108,0.13285217877699,ok,0.133309524167096,0.03,0.58,0.0010889175954916,0.62,0.5284,0,0,0,0,observe
missing_burst,442,10879.0777837495,10928.8952690965,181.317963062491,4.54884102535724,0,0,1,1,0,0,1,60,843.768118758762,24.6540231212127,23.8151823301969,0.0338983050847458,0.0292189555081559,16.8398769208763,30.5296619275799,0.129882559590325,ok,0.132498484703558,0.03,0.58,0.00622839312674511,0.62,0.5284,0,0,0,0,observe
missing_burst,443,10904.1275520408,10953.5969300337,181.73545920068,4.55931582944024,0,0,1,1,0,0,1,60,838.791948989587,24.1807436120801,23.3631700053695,0.0169491525423729,0.0288280587828821,16.5202559408109,29.9415742224153,0.124317264236898,ok,0.128950415018366,0.03,0.58,0.0110313113844469,0.62,0.5284,0,0,0,0,observe
missing_burst,444,10929.7405253343,10979.5583885313,182.162342088906,4.57002614316899,0,0,1,1,0,0,1,60,844.385323913761,28.3070739039889,26.4076250093053,0.0508474576271186,0.0335238819319886,18.6730107191113,35.4104438929496,0.148955484801687,ok,0.141839805034229,0.03,0.58,0.0169420946844235,0.62,0.5284,0,0,0,0,observe
missing_burst,445,10954.4684718782,11004.4466679139,182.574474531303,4.58036637436031,0,0,1,1,0,0,1,60,847.495631336959,27.498083061791,23.8816431517885,0.0169491525423729,0.0324462829600805,16.8868718185069,35.0303112223062,0.132443588280113,ok,0.137351636229979,0.03,0.58,0.0116858284520623,0.62,0.5284,0,0,0,0,observe
missing_burst,446,10980.4106107637,11029.9133390551,183.006843512728,4.59121433188069,0,0,1,1,0,0,1,60,839.249175397254,27.4057031277684,24.4761080268734,0.0169491525423729,0.0326550253859899,17.3072219628566,34.6785985268027,0.13414399225193,ok,0.136565941489716,0.03,0.58,0.00576654580425018,0.62,0.5284,0,0,0,0,observe
missing_burst,447,11005.2345939858,11055.3584395747,183.42057656643,4.60159472174245,0,0,1,1,0,0,1,60,848.529527679195,26.5380069358882,26.3644943730102,0.0338983050847458,0.0312752898634795,18.6425127537101,32.5728160048568,0.140381397965579,ok,0.139873444520176,0.03,0.58,0.00120941296524665,0.62,0.5284,0,0,0,0,observe
missing_burst,448,11030.7610109773,11080.1670426818,183.846016849622,4.61226884111223,0,0,1,1,0,0,1,60,837.561727111567,26.8987440084708,25.635642263804,0.0508474576271186,0.0321155362497691,18.1271364848082,33.443860143943,0.143950408675092,ok,0.143249272928119,0.03,0.58,0.00166937082612664,0.62,0.5284,0,0,0,0,observe
missing_burst,449,11056.1810093818,11106.0766506238,184.269683489697,4.6228984605155,0,0,1,1,0,0,1,60,845.303517484246,27.7067947705556,24.032518519401,0.0508474576271186,0.0327773328721206,16.9935568140597,35.3065430157456,0.141278803004822,ok,0.143032518694818,0.03,0.58,0.00417551354760975,0.62,0.5284,0,0,0,0,observe
missing_burst,450,11081.0411037964,11130.7502793972,184.684018396607,4.6332939506234,0,0,1,1,0,0,1,60,843.053945256134,26.1556916201836,22.475205524157,0.0169491525423729,0.031024932351437,15.8923702346928,33.4016912234056,0.126231133215443,ok,0.134219295645671,0.03,0.58,0.019019434357686,0.62,0.5284,0,0,0,0,observe
missing_burst,451,11106.9278586223,11156.4779442742,185.115464310372,4.64411874876094,0,0,1,1,0,0,1,60,840.021560840252,27.0956585351897,19.7811132615583,0,0.0322559084175013,13.987359326667,35.6749660403188,0.119285148261118,ok,0.126711163912359,0.03,0.58,0.0176809896458122,0.62,0.5284,0,0,0,0,observe
missing_burst,452,11131.5837567917,11181.7613978829,185.526395946529,4.65442885222423,0,0,1,1,0,0,1,60,850.185308095117,27.1096045030503,24.2022927631473,0.0677966101694915,0.0318867007520875,17.1136053330836,34.307227010166,0.144872387421442,ok,0.138587552217036,0.03,0.58,0.0149638933438245,0.62,0.5284,0,0,0,0,observe
missing_burst,453,11157.3568444415,11207.1224043265,185.955947407358,4.66520611932726,0,0,1,1,0,0,1,60,844.074334205677,29.8492591384343,29.9048662886011,0.11864406779661,0.0353633062027933,21.1459337431468,36.5349973088442,0.185863012573326,ok,0.167050912907815,0.03,0.58,0.0447907134893123,0.62,0.5284,0,0,0,0,observe
missing_burst,454,11182.5831399589,11232.9774901471,186.376385665981,4.6757547399856,0,0,1,1,0,0,1,60,853.601537735196,27.6463497225968,29.2548990462905,0.0847457627118644,0.0323878865025817,20.6863374985599,33.1770515094986,0.165323602997591,ok,0.166375390154608,0.03,0.58,0.00250425513575478,0.62,0.5284,0,0,0,0,observe
missing_burst,455,11207.9695448364,11257.9282766989,186.799492413941,4.68637031192907,0,0,1,1,0,0,1,60,846.7645395401,23.8132377836379,24.3704223935944,0.0338983050847458,0.0281226204826332,17.2324909348911,28.9340948304773,0.129425938492455,ok,0.145288048358664,0.03,0.58,0.0377669282528764,0.62,0.5284,0,0,0,0,observe
missing_burst,456,11233.8091875579,11284.1020479493,187.230153125966,4.69717540968225,0,0,1,1,0,0,1,60,852.075963370126,27.585538852157,23.4445333016058,0.0508474576271186,0.0323745065440537,16.5777884793193,35.3143148972577,0.139204206489805,ok,0.142634161256087,0.03,0.58,0.00816655896733851,0.62,0.5284,0,0,0,0,observe
missing_burst,457,11258.7756457115,11309.2397349625,187.646260761859,4.7076153768214,0,0,1,1,0,0,1,60,855.190971060154,27.5927439409749,27.9431790731132,0.135593220338983,0.0322650084890033,19.7588114105084,33.6497906089826,0.18144071335362,ok,0.166083580609003,0.03,0.58,0.0365646017728978,0.62,0.5284,0,0,0,0,observe
missing_burst,458,11284.9703196979,11334.9297479506,188.082838661631,4.71856893434871,0,0,1,1,0,0,1,60,847.128333355237,23.187377706762,27.0684580184729,0.101694915254237,0.0273717414396037,19.1402902211256,26.6262701121124,0.155778596168203,ok,0.160457383401992,0.03,0.58,0.0111399696042592,0.62,0.5284,0,0,0,0,observe
missing_burst,459,11310.0735072405,11360.7233381517,188.501225120675,4.72906607621084,0,0,1,1,0,0,1,60,858.060053153245,23.9290004812983,31.0334643814241,0.11864406779661,0.0278873260599451,21.9439731078162,25.7615250385413,0.175511649312407,ok,0.169681331568302,0.03,0.58,0.0138817089145339,0.62,0.5284,0,0,0,0,observe
missing_burst,460,11335.8279916501,11385.8245117474,188.930466527502,4.73983556418821,0,0,1,1,0,0,1,60,848.246063280196,27.907981700727,34.5880541668921,0.186440677966102,0.0329008089855506,24.457447649457,30.97650948203,0.230194053051772,ok,0.205038740473193,0.03,0.58,0.0598936013775672,0.62,0.5284,0,0,0,0,observe
missing_burst,461,11361.540523955,11411.7682909102,189.359008732584,4.75058750948524,0,0,1,1,0,0,1,60,850.749212640436,24.4034332407897,26.78694955353,0.101694915254237,0.0286846380557318,18.941233676603,28.8493461742841,0.157308029302833,ok,0.17672395173446,0.03,0.58,0.0462283867419691,0.62,0.5284,0,0,0,0,observe
missing_burst,462,11386.6723342287,11436.8066586426,189.777872237144,4.76109662022053,0,0,1,1,0,0,1,60,849.702448252874,22.7630707389907,25.693610639644,0.0847457627118644,0.0267894611646645,18.1681263164591,26.5750628425555,0.145042882094335,ok,0.158431487759479,0.03,0.58,0.0318776325360567,0.62,0.5284,0,0,0,0,observe
missing_burst,463,11412.5849262294,11462.8491102627,190.209748770491,4.77193222242387,0,0,1,1,0,0,1,60,851.346989208316,25.3881977978091,28.4247754487642,0.101694915254237,0.0298212105282924,20.099351473526,29.7512561950755,0.164024589044287,ok,0.162219013013129,0.03,0.58,0.00429899055037639,0.62,0.5284,0,0,0,0,observe
missing_burst,464,11437.6731301528,11488.1598461587,190.627885502547,4.78242309873998,0,0,1,1,0,0,1,60,855.886458601953,25.987278759193,26.5652470213744,0.0847457627118644,0.0303629979163847,18.7844663127095,31.5883070132396,0.153762555384748,ok,0.157762348460737,0.03,0.58,0.00952331684759333,0.62,0.5284,0,0,0,0,observe
missing_burst,465,11463.7155786634,11513.7737082933,191.061926311056,4.79331300170503,0,0,1,1,0,0,1,60,848.743300510882,25.6352768238422,23.4851132203322,0.0508474576271186,0.0302038046231548,16.6064828150308,32.2266902455733,0.135136484084814,ok,0.145199735941491,0.03,0.58,0.0239601234682785,0.62,0.5284,0,0,0,0,observe
missing_burst,466,11488.9880300591,11539.8289661315,191.483133834318,4.80388092289248,0,0,1,1,0,0,1,60,861.151999546367,24.0078915727742,21.8197257428611,0.0338983050847458,0.0278788083699753,15.4288760364078,30.2441316587752,0.123117126739349,ok,0.133268789258523,0.03,0.58,0.024170625045653,0.62,0.5284,0,0,0,0,observe
missing_burst,467,11514.6471297892,11564.9418126554,191.910785496487,4.81461052483904,0,0,1,1,0,0,1,60,852.801739368603,26.5919509154692,23.3112015259307,0.0338983050847458,0.0311818675876028,16.4835086765918,33.8017403204357,0.132416251393421,ok,0.133951943807449,0.03,0.58,0.00365641050959004,0.62,0.5284,0,0,0,0,observe
missing_burst,468,11540.6402442656,11591.1385786974,192.344004071094,4.8254797982982,0,0,1,1,0,0,1,60,855.160209431736,28.2325833972027,28.2038314264881,0.0847457627118644,0.0330143791605594,19.943120457112,34.5894416981993,0.163467935344613,ok,0.152231629915056,0.03,0.58,0.0267531081656106,0.62,0.5284,0,0,0,0,observe
missing_burst,469,11565.8042431781,11616.3481174603,192.763404052968,4.83600236902568,0,0,1,1,0,0,1,60,856.771746747978,26.9600435085332,27.9254045061318,0.0847457627118644,0.0314670081160643,19.7462428936632,32.6155451211299,0.159689843073516,ok,0.157257156473104,0.03,0.58,0.00579211095336293,0.62,0.5284,0,0,0,0,observe
missing_burst,470,11591.9884990203,11642.1627035346,193.199808317004,4.84695157010474,0,0,1,1,0,0,1,60,850.402080620576,26.3912617439455,25.1502821111813,0.0338983050847458,0.0310338630929579,17.783935029571,32.8135497582764,0.136724786162905,ok,0.145921501350066,0.03,0.58,0.0218969409218126,0.62,0.5284,0,0,0,0,observe
missing_burst,471,11617.1509934941,11667.8706065082,193.619183224901,4.85747351173659,0,0,1,1,0,0,1,60,858.708150798094,25.7803401018653,25.4561106497088,0.0508474576271186,0.0300222375645377,18.0001884630442,31.7056002439723,0.140037119716744,ok,0.143367338168718,0.03,0.58,0.00792909155231813,0.62,0.5284,0,0,0,0,observe
missing_burst,472,11643.0466338568,11693.141088811,194.050777230946,4.8683020254477,0,0,1,1,0,0,1,60,849.639754606873,24.9501217401575,25.2238015649656,0.0508474576271186,0.0293655300436147,17.835921133891,30.4449842667554,0.138051911596456,ok,0.141207533834954,0.03,0.58,0.00751338628213805,0.62,0.5284,0,0,0,0,observe
missing_burst,473,11668.6769282065,11719.4184642569,194.477948803442,4.87901958214446,0,0,1,1,0,0,1,60,859.130962478738,27.30560129538,27.027734632527,0.0677966101694915,0.0317828159941981,19.1114944387703,33.5550667488737,0.152400295063495,ok,0.148676905494867,0.03,0.58,0.0088652132586374,0.62,0.5284,0,0,0,0,observe
missing_burst,474,11694.0458229043,11744.3957932826,194.900763715072,4.88962783203607,0,0,1,1,0,0,1,60,854.24507452659,28.2875618105941,25.9859601955098,0.0508474576271186,0.0331141058393233,18.3748486698886,35.5350143201752,0.147247211464228,ok,0.148637024938626,0.03,0.58,0.00330907970094696,0.62,0.5284,0,0,0,0,observe
missing_burst,475,11720.2529238072,11770.3268112244,195.33754873012,4.90058658599932,0,0,1,1,0,0,1,60,848.472449458304,24.4133235075831,24.02816744202,0.0677966101694915,0.0287732660302282,16.9904801377381,30.0556868838651,0.138693747642378,ok,0.143660271078349,0.03,0.58,0.0118250557999298,0.62,0.5284,0,0,0,0,observe
missing_burst,476,11745.2187718965,11795.8750753063,195.753646198275,4.91102629803416,0,0,1,1,0,0,1,60,857.988033727644,23.2735119113986,27.9735054091548,0.101694915254237,0.0271256835719301,19.780255368372,26.3069232511522,0.158138576966278,ok,0.152973449662173,0.03,0.58,0.0122979221526297,0.62,0.5284,0,0,0,0,observe
missing_burst,477,11771.1602355398,11821.3828703405,196.186003925664,4.92187397319545,0,0,1,1,0,0,1,60,850.934318601418,24.8184547991129,28.4707330937491,0.0677966101694915,0.0291661227624526,20.1318484359422,28.7510013005368,0.151534471643364,ok,0.152819911479777,0.03,0.58,0.00306057103907856,0.62,0.5284,0,0,0,0,observe
missing_burst,478,11796.7085667031,11847.4829435742,196.611809445052,4.93255725618915,0,0,1,1,0,0,1,60,860.131137798156,26.0971654482759,25.597443075972,0.0508474576271186,0.0303409146599225,18.1001255800565,32.1637924202908,0.141027984314126,ok,0.146665531954409,0.03,0.58,0.0134227324768646,0.62,0.5284,0,0,0,0,observe
missing_burst,479,11822.2670411586,11872.5082825266,197.037784019311,4.94324478069908,0,0,1,1,0,0,1,60,852.090203101904,26.6273312949405,23.8275749889748,0.0338983050847458,0.0312494278164539,16.8486398539351,33.6771863262569,0.133797109549442,ok,0.140041875554277,0.03,0.58,0.0148684904877024,0.62,0.5284,0,0,0,0,observe
missing_burst,480,11848.2914535353,11898.7725051089,197.471524225589,4.95412714167945,0,0,1,1,0,0,1,60,854.826025578817,26.9554114384077,23.66965182716,0.0338983050847458,0.0315332133461376,16.7369713153094,34.2499956615791,0.134006740869028,ok,0.137548442172865,0.03,0.58,0.00843262215199278,0.62,0.5284,0,0,0,0,observe
missing_burst,481,11873.365143056,11923.9171548906,197.889419050933,4.96461194865698,0,0,1,1,0,0,1,60,856.814539400113,27.2153176635155,23.0180296605572,0.0169491525423729,0.0317633704985561,16.2762048625331,34.8773878942355,0.129235387981882,ok,0.133796649999339,0.03,0.58,0.0108601476606107,0.62,0.5284,0,0,0,0,observe
missing_burst,482,11899.6165067644,11949.7126131951,198.326941779406,4.97558921154256,0,0,1,1,0,0,1,60,849.001801437386,24.5345458584219,22.6598676378362,0.0169491525423729,0.0288981081275495,16.0229460675036,30.7758522266384,0.122946828456456,ok,0.128668077924483,0.03,0.58,0.0136220225429223,0.62,0.5284,0,0,0,0,observe
missing_burst,483,11924.766960879,11975.3998433432,198.746116014651,4.9861061183812,0,0,1,1,0,0,1,60,858.04480754304,22.7181189175853,25.7423403686063,0.0508474576271186,0.0264766113819129,18.2025834382537,26.4743613800316,0.134631696439559,ok,0.13342054109953,0.03,0.58,0.00288370319054468,0.62,0.5284,0,0,0,0,observe
missing_burst,484,11950.5800614626,12000.5865426335,199.176334357711,4.99690011728143,0,0,1,1,0,0,1,60,847.898823973494,23.6353744087764,28.5113442212341,0.101694915254237,0.0278752296152674,20.1605648395785,26.6610853536617,0.160796941590643,ok,0.150472655748667,0.03,0.58,0.0245816329570845,0.62,0.5284,0,0,0,0,observe
missing_burst,485,11976.2424555991,12026.8627426611,199.604040926652,5.00763109681602,0,0,1,1,0,0,1,60,857.714988632256,28.6743372076292,29.2225956664077,0.11864406779661,0.0334310786073056,20.6634955595895,34.8920503818919,0.180177556427423,ok,0.168445587217479,0.03,0.58,0.0279332600236754,0.62,0.5284,0,0,0,0,observe
missing_burst,486,12001.4576308783,12051.6211562797,200.024293847971,5.01817506743864,0,0,1,1,0,0,1,60,850.576894103484,33.745995027738,28.5690267663617,0.101694915254237,0.0396742437534781,20.2013525583943,43.2375960899272,0.184905401208959,ok,0.178283450534657,0.03,0.58,0.0157665492245286,0.62,0.5284,0,0,0,0,observe
missing_burst,487,12027.7262114504,12077.5083215368,200.462103524173,5.02915952972312,0,0,1,1,0,0,1,60,844.092981261551,30.3389970599236,28.2187690589281,0.0847457627118644,0.0359427192660458,19.9536829583052,37.9836809907037,0.169233846764727,ok,0.173077937394624,0.03,0.58,0.00915259673785063,0.62,0.5284,0,0,0,0,observe
missing_burst,488,12052.4675562077,12102.6381923745,200.874459270128,5.03950536350762,0,0,1,1,0,0,1,60,850.283934912652,31.4772335669067,28.4542871339172,0.0677966101694915,0.0370196733990279,20.120219386222,39.7090573786572,0.167056337145984,ok,0.169759845228068,0.03,0.58,0.00643692400496304,0.62,0.5284,0,0,0,0,observe
missing_burst,489,12078.3923859507,12127.8719952582,201.306539765845,5.05034608304184,0,0,1,1,0,0,1,60,839.394562023065,27.5123205249575,28.9036420088423,0.0677966101694915,0.0327763864214807,20.4379612654407,33.1080851250619,0.159279328945012,ok,0.163939197684148,0.03,0.58,0.0110949255693719,0.62,0.5284,0,0,0,0,observe
missing_burst,490,12103.4648256374,12153.7523818904,201.724413760624,5.06083036738916,0,0,1,1,0,0,1,60,851.903158597876,24.4009658052796,27.7897095716606,0.0508474576271186,0.028642886880993,19.6502920853259,28.3668871295782,0.143874939364209,ok,0.152706660076943,0.03,0.58,0.0210279064588906,0.62,0.5284,0,0,0,0,observe
missing_burst,491,12128.76306689,12178.713730931,202.146051114834,5.07140907285596,0,0,1,1,0,0,1,60,847.362261213424,26.9247055928102,26.7156021817552,0.0677966101694915,0.0317747282658706,18.8907834662013,33.0608203550987,0.151237243389894,ok,0.152542190564515,0.03,0.58,0.00310701708243258,0.62,0.5284,0,0,0,0,observe
missing_burst,492,12154.5945981165,12204.9804545324,202.576576635274,5.08221077870862,0,0,1,1,0,0,1,60,853.801210700684,30.2755317641751,25.3348077764178,0.0677966101694915,0.0354596964547861,17.9144143787627,38.8881653549397,0.155093551046009,ok,0.154713916441556,0.03,0.58,0.000903891915364802,0.62,0.5284,0,0,0,0,observe
missing_burst,493,12179.6054554374,12230.1306284871,202.993424257289,5.09266931179113,0,0,1,1,0,0,1,60,856.948292600847,26.9784085704998,27.9599853664411,0.0677966101694915,0.0314819561500264,19.7706952544872,32.6310996925914,0.15442858405818,ok,0.155185632964871,0.03,0.58,0.00180249739688279,0.62,0.5284,0,0,0,0,observe
missing_burst,494,12205.8515680833,12255.6300887407,203.430859468055,5.1036443788939,0,0,1,1,0,0,1,60,844.160570138106,21.3385479640796,26.714995702604,0.0508474576271186,0.0252778306863925,18.8903546206808,23.5334179569304,0.1351272752626,ok,0.144177107546839,0.03,0.58,0.021547219724378,0.62,0.5284,0,0,0,0,observe
missing_burst,495,12230.9369311976,12281.0900191121,203.848948853294,5.1141340672981,0,0,1,1,0,0,1,60,849.323177084255,23.0901044452484,26.5692264394677,0.0338983050847458,0.0271864763240269,18.7872801862286,26.7084995795178,0.133704279457776,ok,0.139005604145002,0.03,0.58,0.0126222016362526,0.62,0.5284,0,0,0,0,observe
missing_burst,496,12256.4801097024,12306.1240000629,204.27466849504,5.12481519565755,0,0,1,1,0,0,1,60,841.56518870302,25.6037783128355,30.1874172056281,0.0847457627118644,0.030423998825682,21.3457274126071,29.2483648946796,0.164210993647121,ok,0.154657788831777,0.03,0.58,0.0227457257508187,0.62,0.5284,0,0,0,0,observe
missing_burst,497,12281.9172848255,12332.2566697788,204.698621413759,5.13545199767267,0,0,1,1,0,0,1,60,852.777511111927,30.1253969466941,28.9381643976295,0.0677966101694915,0.035326209420572,20.462372280655,37.3680398608176,0.164916398488174,ok,0.161246406153926,0.03,0.58,0.00873807698630358,0.62,0.5284,0,0,0,0,observe
missing_burst,498,12306.9671023497,12356.9866538629,205.116118372495,5.14592682234287,0,0,1,1,0,0,1,60,847.710896666454,32.3218689880754,27.8976669957676,0.0677966101694915,0.0381284104229145,19.7266295119914,41.2342881333151,0.167824517150099,ok,0.165534301096627,0.03,0.58,0.00545289536540788,0.62,0.5284,0,0,0,0,observe
missing_burst,499,12333.0757309364,12382.8192093932,205.551262182273,5.15684439914998,0,0,1,1,0,0,1,60,842.708993572067,28.2295220662334,26.4662342147184,0.0847457627118644,0.033498541348864,18.7144536856988,35.2644446350961,0.15918966293549,ok,0.162218946575533,0.03,0.58,0.00721258009533998,0.62,0.5284,0,0,0,0,observe
missing_burst,500,12357.8035298536,12407.877812452,205.963392164227,5.16718456860979,0,0,1,1,0,0,1,60,848.185976485309,28.8950874647627,28.6945995477758,0.11864406779661,0.0340669243135773,20.2901459236647,35.4705812975903,0.179627386988464,ok,0.172763924561329,0.03,0.58,0.0163415772074637,0.62,0.5284,0,0,0,0,observe
missing_burst,501,12383.6720871345,12433.0355263024,206.394534785575,5.17800175726703,0,0,1,1,0,0,1,60,836.938615153664,28.6278334857532,33.5814438476223,0.169491525423729,0.0342054159856121,23.745666666689,32.7909898406638,0.219625728439137,ok,0.200126119911512,0.03,0.58,0.0464276393514869,0.62,0.5284,0,0,0,0,observe
missing_burst,502,12408.7214547674,12458.8282038933,206.812024246123,5.18847639381078,0,0,1,1,0,0,1,60,849.17319068919,27.0834823671394,28.8932916645279,0.101694915254237,0.0318939442084346,20.4306424667884,32.3978221900263,0.169224350964451,ok,0.181695915700446,0.03,0.58,0.0296942017523707,0.62,0.5284,0,0,0,0,observe
missing_burst,503,12433.9035754328,12483.71174535,207.231726257214,5.19900654232541,0,0,1,1,0,0,1,60,844.603650793322,26.5374407288659,23.6644427125255,0.0508474576271186,0.0314199929208685,16.7332879150274,33.5926866509503,0.137740499041696,ok,0.15615903696272,0.03,0.58,0.0438536617167231,0.62,0.5284,0,0,0,0,observe
missing_burst,504,12459.6369081472,12509.6628958274,207.660615135786,5.20976718551581,0,0,1,1,0,0,1,60,847.244865568321,28.5705413531612,25.0962363060979,0.0847457627118644,0.0337217049217483,17.7457188743019,36.2993268265354,0.156089116317855,ok,0.156719275257238,0.03,0.58,0.00150037842710188,0.62,0.5284,0,0,0,0,observe
missing_burst,505,12484.5632354611,12534.5057788359,208.076053924352,5.22019037155432,0,0,1,1,0,0,1,60,846.56722476503,29.6192698903606,25.8827998475042,0.101694915254237,0.0349874989532953,18.3019032882644,37.67814530604,0.16679413984087,ok,0.163149370979262,0.03,0.58,0.00867802109906629,0.62,0.5284,0,0,0,0,observe
missing_burst,506,12510.5283808046,12560.0198904273,208.508806346743,5.23104794944871,0,0,1,1,0,0,1,60,839.283243331457,24.8647616055296,24.5985539911475,0.0508474576271186,0.0296261861571681,17.3938043345238,30.5608951140495,0.136686651730362,ok,0.148225629666223,0.03,0.58,0.0274737569901444,0.62,0.5284,0,0,0,0,observe
missing_burst,507,12535.3340157302,12585.2768742366,208.922233595503,5.24142066679195,0,0,1,1,0,0,1,60,846.184923346197,24.0365271069279,21.984736374246,0,0.0284057614875441,15.5455561728279,30.2298685740049,0.11726186364696,ok,0.131067359507462,0.03,0.58,0.0328702282392891,0.62,0.5284,0,0,0,0,observe
missing_burst,508,12560.8917090741,12609.9822329172,209.348195151234,5.25210786467246,0,0,1,1,0,0,1,60,832.705708164729,25.1832912742732,24.0461498024664,0.0338983050847458,0.0302427268449699,17.0031955867515,31.2935721618424,0.132060128509417,ok,0.132876268069008,0.03,0.58,0.00194318942759661,0.62,0.5284,0,0,0,0,observe
missing_burst,509,12586.0792266844,12635.6487918714,209.767987111406,5.26264026997205,0,0,1,1,0,0,1,60,839.531960579501,25.7516090346201,26.9669432457975,0.101694915254237,0.0306737685327008,19.0685084369762,31.0271288025951,0.161143449257711,ok,0.150458751203117,0.03,0.58,0.0254397572728441,0.62,0.5284,0,0,0,0,observe
missing_burst,510,12610.8242436167,12660.0667994642,210.180404060279,5.27298763931224,0,0,1,1,0,0,1,60,834.742775783941,29.0420295371111,26.3222646923268,0.0677966101694915,0.0347915913496066,18.6126518601315,36.6121311862942,0.155804315803374,ok,0.154303618140948,0.03,0.58,0.00357308967244443,0.62,0.5284,0,0,0,0,observe
missing_burst,511,12636.5038687411,12685.4010694623,210.608397812352,5.28372582415189,0,0,1,1,0,0,1,60,829.204626513871,26.8190753918461,25.6331960565489,0.0169491525423729,0.0323431328459881,18.12540675507,33.3165910577645,0.136313191986977,ok,0.144516719794493,0.03,0.58,0.0195322090655134,0.62,0.5284,0,0,0,0,observe
missing_burst,512,12660.8830003827,12710.2774383789,211.014716673045,5.2939201950015,0,0,1,1,0,0,1,60,836.843981911282,26.2947868124158,26.1624493130581,0.0338983050847458,0.0314213728972044,18.4996453217127,32.2582508823963,0.139839157138051,ok,0.142697912114936,0.03,0.58,0.00680655946877221,0.62,0.5284,0,0,0,0,observe
missing_burst,513,12686.2888376684,12735.1713045586,211.438147294474,5.30454389279534,0,0,1,1,0,0,1,60,829.503918272129,24.8005658939789,23.6251177843851,0.0338983050847458,0.0298980696144739,16.7054809916696,30.8393100143331,0.130329016557608,ok,0.136463965306389,0.03,0.58,0.0146070208304312,0.62,0.5284,0,0,0,0,observe
missing_burst,514,12711.0957426591,12760.7322803352,211.851595710984,5.31491714122862,0,0,1,1,0,0,1,60,840.914032604829,25.086933658991,25.850164236532,0.0338983050847458,0.0298329349806201,18.2788264264378,30.4071206347031,0.136172470235647,ok,0.137392006239637,0.03,0.58,0.00290365715235932,0.62,0.5284,0,0,0,0,observe
missing_burst,515,12736.0633847054,12785.1076443038,212.267723078423,5.32535760342402,0,0,1,1,0,0,1,60,832.272329086731,30.2998375574352,27.4979143752049,0.0677966101694915,0.0364061575742687,19.4439617231944,38.1849795668516,0.162395456049008,ok,0.152967728571834,0.03,0.58,0.0224469701837492,0.62,0.5284,0,0,0,0,observe
missing_burst,516,12761.5588816956,12810.7374214708,212.69264802826,5.33601879329473,0,0,1,1,0,0,1,60,833.419018927045,30.1064923696978,28.4324366678181,0.101694915254237,0.0361240764681101,20.1047687734712,37.5313207625125,0.175979582875386,ok,0.166995817307884,0.03,0.58,0.0213899180178622,0.62,0.5284,0,0,0,0,observe
missing_burst,517,12785.9606651402,12835.2188429194,213.099344419004,5.34622263621598,0,0,1,1,0,0,1,60,835.186643592855,27.0235444292772,26.6141509784066,0.0677966101694915,0.0323562938135908,18.8190466323539,33.2624020613594,0.151780424859481,ok,0.158498595091651,0.03,0.58,0.0159956434099301,0.62,0.5284,0,0,0,0,observe
missing_burst,518,12811.566560523,12860.1290358619,213.52610934205,5.35692999024754,0,0,1,1,0,0,1,60,823.193573185222,22.0865792080938,25.6992733495155,0.0677966101694915,0.0268303591373207,18.1721304570091,25.4048742741278,0.139282654760126,ok,0.147895185103057,0.03,0.58,0.0205060246260258,0.62,0.5284,0,0,0,0,observe
missing_burst,519,12836.0059394721,12885.1518753532,213.933432324535,5.36714955409439,0,0,1,1,0,0,1,60,832.217207230334,24.3084232643241,22.8888211969339,0.0508474576271186,0.0292092293371629,16.1848406817183,30.3290259537371,0.131574865119024,ok,0.139238440847721,0.03,0.58,0.0182466088778502,0.62,0.5284,0,0,0,0,observe
missing_burst,520,12860.9857023926,12909.581171351,214.349761706543,5.37759508475115,0,0,1,1,0,0,1,60,824.202258151374,26.1984569465401,23.3181445777968,0.0508474576271186,0.0317864416014843,16.4884181556485,33.1790650785087,0.137112520966783,ok,0.139032598607414,0.03,0.58,0.00457161343007478,0.62,0.5284,0,0,0,0,observe
missing_burst,521,12885.9514983203,12935.1775468358,214.765858305339,5.38803477497413,0,0,1,1,0,0,1,60,833.761191376526,29.2498095600997,27.4035943113519,0.101694915254237,0.0350817594565762,19.377267366442,36.5461930714215,0.170829829337829,ok,0.158507370946148,0.03,0.58,0.0293391866468599,0.62,0.5284,0,0,0,0,observe
missing_burst,522,12910.4292636428,12959.3583063654,215.173821060714,5.39827039045611,0,0,1,1,0,0,1,60,829.618916907133,31.1840232290154,27.9373440833344,0.101694915254237,0.0375883705078365,19.7546854496676,39.4289108685522,0.177584240118033,ok,0.170113569317998,0.03,0.58,0.017787311428654,0.62,0.5284,0,0,0,0,observe
missing_burst,523,12935.9545043092,12984.5103001238,215.599241738486,5.40894401793408,0,0,1,1,0,0,1,60,822.212554800173,27.2356665455817,25.4007560821264,0.0508474576271186,0.0331248487834157,17.961046872937,34.0729197397639,0.1449008824996,ok,0.155739349016513,0.03,0.58,0.0258058726593189,0.62,0.5284,0,0,0,0,observe
missing_burst,524,12960.16090627,13009.2031125359,216.002681771167,5.41906616018884,0,0,1,1,0,0,1,60,830.746769507302,24.8501914516901,21.6388644154855,0.0169491525423729,0.0299130762391387,15.3009877653661,31.6376959302574,0.122003668171447,ok,0.136784022531159,0.03,0.58,0.0351913199040755,0.62,0.5284,0,0,0,0,observe
missing_burst,525,12985.3593599633,13033.7555111749,216.422655999388,5.42960313851782,0,0,1,1,0,0,1,60,820.753517517872,25.2096683841934,21.0281251550481,0,0.0307152730340196,14.8691298927739,32.4031439263819,0.118671688890427,ok,0.127367911651749,0.03,0.58,0.0207052922888626,0.62,0.5284,0,0,0,0,observe
missing_burst,526,13009.9693352673,13058.7962746051,216.832822254456,5.4398940388886,0,0,1,1,0,0,1,60,826.552701152952,24.9567631651449,25.8415416931922,0.0338983050847458,0.0301937954232476,18.2727293675711,30.1958178697278,0.136498721492177,ok,0.133990109985573,0.03,0.58,0.00597288453953329,0.62,0.5284,0,0,0,0,observe
missing_burst,527,13034.6130804244,13082.7307889183,217.243551340407,5.45019906045165,0,0,1,1,0,0,1,60,816.254629057139,27.4092826158285,26.1620227245779,0.0508474576271186,0.0335793288516956,18.4993436781056,34.0633502537265,0.147675583658224,ok,0.143087133944074,0.03,0.58,0.0109248802717848,0.62,0.5284,0,0,0,0,observe
missing_burst,528,13059.6135112582,13107.8675998155,217.660225187637,5.46065323359723,0,0,1,1,0,0,1,60,817.855420173856,28.0418413754324,23.6269787766303,0.0169491525423729,0.0342870398406987,16.7067969119059,35.9662713162506,0.134688509533291,ok,0.139146136010429,0.03,0.58,0.0106133963741392,0.62,0.5284,0,0,0,0,observe
missing_burst,529,13083.5630728294,13131.9439733969,218.059384547156,5.47066797554669,0,0,1,1,0,0,1,60,820.219741310497,27.1929375643319,25.3303790895755,0.0508474576271186,0.0331532346696322,17.9112828242648,34.030833876714,0.144721316837367,ok,0.143409258262591,0.03,0.58,0.00312394898756421,0.62,0.5284,0,0,0,0,observe
missing_burst,530,13108.6772521585,13156.6102229638,218.477954202642,5.4811697137312,0,0,1,1,0,0,1,60,812.377052471504,24.3551345616721,27.9599421278809,0.11864406779661,0.029980086817539,19.770664680208,28.204006402231,0.168880391234028,ok,0.159104602077807,0.03,0.58,0.0232756884671928,0.62,0.5284,0,0,0,0,observe
missing_burst,531,13132.7595686086,13181.3843699438,218.879326143477,5.49123996842361,0,0,1,1,0,0,1,60,824.00660911516,25.325313419024,27.7289897312703,0.11864406779661,0.0307343571506289,19.6073566744334,29.9715625849762,0.169808900887335,ok,0.165839659414972,0.03,0.58,0.00945057493419618,0.62,0.5284,0,0,0,0,observe
missing_burst,532,13157.4711668509,13205.3042055661,219.291186114182,5.50157336341372,0,0,1,1,0,0,1,60,811.566376705617,28.6856041408293,26.2131671742147,0.0677966101694915,0.0353459741115354,18.5355082652638,36.0854915886851,0.156002105122318,ok,0.160490718507976,0.03,0.58,0.0106871747277558,0.62,0.5284,0,0,0,0,observe
missing_burst,533,13182.1953816611,13230.3366578952,219.703256361018,5.51191203414435,0,0,1,1,0,0,1,60,815.871465855327,26.9644089082019,25.2381875820834,0.0508474576271186,0.0330498246803294,17.8460935841493,33.6997869329054,0.144172092921877,ok,0.151517549561637,0.03,0.58,0.0174891824756202,0.62,0.5284,0,0,0,0,observe
missing_burst,534,13206.1220240882,13254.0172629498,220.102033734804,5.52191719223098,0,0,1,1,0,0,1,60,811.884289727819,28.9332769228205,24.0706787071552,0.0169491525423729,0.0356371927488833,17.0205401415921,37.2098137629536,0.138371344398366,ok,0.144610508317987,0.03,0.58,0.0148551521895726,0.62,0.5284,0,0,0,0,observe
missing_burst,535,13231.1555692514,13278.6166479665,220.519259487523,5.53238521245523,0,0,1,1,0,0,1,60,804.666501188413,24.2927034692566,23.8281097202845,0.0338983050847458,0.0301897785397785,16.8490179660703,29.9396305466434,0.130841252464011,ok,0.137516155113068,0.03,0.58,0.0158926253548964,0.62,0.5284,0,0,0,0,observe
missing_burst,536,13254.7962501576,13302.6818746725,220.91327083596,5.54227079295247,0,0,1,1,0,0,1,60,811.076862044271,24.1782123473299,24.4685338947822,0.0677966101694915,0.0298100136729215,17.3018662426934,29.4926656839476,0.140883594191476,ok,0.140539862669695,0.03,0.58,0.00081840838519262,0.62,0.5284,0,0,0,0,observe
missing_burst,537,13279.4514537739,13326.7944476795,221.324190896231,5.55258060598161,0,0,1,1,0,0,1,60,802.963328550279,26.0432911123571,24.388540200084,0.0338983050847458,0.0324339732418133,17.2453021587201,32.5439023071972,0.136301911055775,ok,0.139076246194345,0.03,0.58,0.00660555985373856,0.62,0.5284,0,0,0,0,observe
missing_burst,538,13303.491078789,13351.6488893114,221.72485131315,5.56263300883554,0,0,1,1,0,0,1,60,816.116910648278,27.9933873859,28.6962644971176,0.0677966101694915,0.0343007074362222,20.2913232206347,33.9929651050018,0.16107499052233,ok,0.152866796500479,0.03,0.58,0.019543319099645,0.62,0.5284,0,0,0,0,observe
missing_burst,539,13327.6283683961,13375.053118258,222.127139473269,5.57272625108787,0,0,1,1,0,0,1,60,804.311176309287,32.0386069652515,28.7751668456091,0.0677966101694915,0.0398335966339121,20.3471156063045,40.4838184840734,0.172790056192223,ok,0.165106043849878,0.03,0.58,0.0182952674817727,0.62,0.5284,0,0,0,0,observe
missing_burst,540,13352.4415947706,13399.635419612,222.540693246177,5.58310214286926,0,0,1,1,0,0,1,60,799.775505010654,27.7033725033871,26.7148669350807,0.0508474576271186,0.034638935963684,18.8902635682918,34.3236309041354,0.150859399822865,ok,0.157218318009193,0.03,0.58,0.0151402813960207,0.62,0.5284,0,0,0,0,observe
missing_burst,541,13375.8512409375,13423.4810824745,222.930854015625,5.59289111394469,0,0,1,1,0,0,1,60,807.132736940388,26.030120512574,27.7944112645005,0.0677966101694915,0.0322501111914341,19.653616684216,31.1266718270386,0.154245457864468,ok,0.156068157511421,0.03,0.58,0.00433976106417394,0.62,0.5284,0,0,0,0,observe
missing_burst,542,13400.4826884291,13447.6592534073,223.341378140485,5.6031909931194,0,0,1,1,0,0,1,60,800.397229922034,27.7705350214433,25.8777566321825,0.0508474576271186,0.0346959409444088,18.2983371965114,34.7501954900571,0.148706318168507,ok,0.152401373123243,0.03,0.58,0.00879774989222823,0.62,0.5284,0,0,0,0,observe
missing_burst,543,13424.2300509572,13471.8168310664,223.737167515953,5.61312118357372,0,0,1,1,0,0,1,60,805.595809865762,26.125996611645,25.9476058358651,0.0847457627118644,0.0324306510680566,18.3477280420958,32.0701773240601,0.154798911379728,ok,0.154487430709299,0.03,0.58,0.000741620643879504,0.62,0.5284,0,0,0,0,observe
missing_burst,544,13448.5034650976,13495.4305855963,224.141724418294,5.62327134762271,0,0,1,1,0,0,1,60,796.188869815662,26.2320372519121,26.247470079745,0.0847457627118644,0.0329470032129255,18.5597640823787,32.1212501932577,0.156365049168509,ok,0.156219366161766,0.03,0.58,0.000346864301767891,0.62,0.5284,0,0,0,0,observe
missing_burst,545,13472.5998200422,13520.1685347532,224.543330334037,5.63334747264806,0,0,1,1,0,0,1,60,805.861728113518,30.132757047773,24.032406634798,0.0508474576271186,0.0373919693621786,16.9934776996983,39.0792503800941,0.149662082362919,ok,0.153015413531158,0.03,0.58,0.00798412182914132,0.62,0.5284,0,0,0,0,observe
missing_burst,546,13496.2612127732,13543.5566860949,224.937686879554,5.64324171399613,0,0,1,1,0,0,1,60,802.101674976558,30.4901443326787,22.0026845218463,0.0169491525423729,0.0380128171825222,15.5582474297058,40.2149069347576,0.138136484091668,ok,0.145065646035269,0.03,0.58,0.0164980046276212,0.62,0.5284,0,0,0,0,observe
missing_burst,547,13520.9593460435,13567.9412368815,225.349322434058,5.65356947847734,0,0,1,1,0,0,1,60,796.211702138809,26.9057338654109,25.0450825081596,0.0338983050847458,0.0337921859137914,17.7095476768963,33.6780188068179,0.140421319105245,ok,0.143252282135766,0.03,0.58,0.00674038816790737,0.62,0.5284,0,0,0,0,observe
missing_burst,548,13544.3435290401,13591.6524167149,225.739058817336,5.66334780188065,0,0,1,1,0,0,1,60,801.595510333135,28.136322495005,27.2209965258749,0.0677966101694915,0.0351003993065178,19.2481512341016,34.8254786206162,0.158021338474791,ok,0.152744377302579,0.03,0.58,0.0125641932671711,0.62,0.5284,0,0,0,0,observe
missing_burst,549,13568.7925240306,13615.4277952357,226.146542067176,5.67357138676863,0,0,1,1,0,0,1,60,791.442639235067,29.4334954225689,28.764855419161,0.101694915254237,0.0371896761223486,20.3398243267394,36.3173904891052,0.17797223409732,ok,0.168063375935504,0.03,0.58,0.0235925194328955,0.62,0.5284,0,0,0,0,observe
missing_burst,550,13592.4193802456,13639.6970228183,226.540323004093,5.68345118633688,0,0,1,1,0,0,1,60,800.743435057893,26.2057467410503,27.3655814079529,0.0847457627118644,0.0327267706405306,19.350388184676,31.6076699807893,0.159162707683395,ok,0.163201791275706,0.03,0.58,0.00961686569597919,0.62,0.5284,0,0,0,0,observe
missing_burst,551,13616.2368247383,13663.0072608649,226.937280412306,5.69341068224589,0,0,1,1,0,0,1,60,792.991093820375,24.9519667800631,24.6491291902254,0.0338983050847458,0.0314656330626017,17.4295664007517,30.6824299472603,0.134953396817797,ok,0.147241037349971,0.03,0.58,0.0292562869813661,0.62,0.5284,0,0,0,0,observe
missing_burst,552,13640.4897161406,13687.4264685069,227.34149526901,5.70355226451245,0,0,1,1,0,0,1,60,795.490761476725,25.0036050208188,21.85838698892,0.0169491525423729,0.0314316724111325,15.4562136656652,31.8035530592972,0.124496060081877,ok,0.134874476393257,0.03,0.58,0.0247105150270959,0.62,0.5284,0,0,0,0,observe
missing_burst,553,13663.8029135554,13710.6819967607,227.730048559256,5.71330090460475,0,0,1,1,0,0,1,60,794.578931596827,27.643930826928,21.7159727261924,0,0.0347906667640599,15.3555115747527,35.9524976518405,0.127351339805447,ok,0.131648220367217,0.03,0.58,0.0102306680042149,0.62,0.5284,0,0,0,0,observe
missing_burst,554,13688.22873975,13734.5328939862,228.137145662499,5.72351480123556,0,0,1,1,0,0,1,60,785.107091320535,23.3406885320336,22.5764681131367,0.0169491525423729,0.0297293054540815,15.9639736980408,28.8916428412625,0.122946239769551,ok,0.127819536467317,0.03,0.58,0.0116030873756335,0.62,0.5284,0,0,0,0,observe
missing_burst,555,13711.4789390444,13758.6763376175,228.524648984074,5.73323709805156,0,0,1,1,0,0,1,60,799.905680946398,21.0957000719915,24.0284456102905,0.0338983050847458,0.0263727344041767,16.9906768324086,24.5229285329362,0.124881566688734,ok,0.127430461676762,0.03,0.58,0.00606879759054355,0.62,0.5284,0,0,0,0,observe
missing_burst,556,13735.3403885815,13782.1712404691,228.922339809692,5.74321499509756,0,0,1,1,0,0,1,60,793.972441381221,24.0145915808245,22.3926465686607,0.0169491525423729,0.0302461273580831,15.8339922374136,30.0447317746912,0.123586700928998,ok,0.126525832808805,0.03,0.58,0.00699793304715887,0.62,0.5284,0,0,0,0,observe
missing_burst,557,13759.442743875,13806.4778426204,229.32404573125,5.7532936292271,0,0,1,1,0,0,1,60,796.691750048115,23.917793429459,20.8924997040174,0,0.0300213896127512,14.7732282166486,30.4281680869448,0.116638023904286,ok,0.122138452657402,0.03,0.58,0.01309625893599,0.62,0.5284,0,0,0,0,observe
missing_burst,558,13782.9550221565,13829.5343190507,229.715917035941,5.76312551691878,0,0,1,1,0,0,1,60,789.384643026668,28.7100451102953,23.9403383650118,0.0169491525423729,0.0363701591662778,16.9283756018003,36.9047893904674,0.138921311233009,ok,0.133330621624288,0.03,0.58,0.0133111657350515,0.62,0.5284,0,0,0,0,observe
missing_burst,559,13807.2884822413,13853.5901650386,230.121474704022,5.77330078976307,0,0,1,1,0,0,1,60,785.205373637837,25.7430951117532,22.6115058972334,0.0169491525423729,0.0327851743964589,15.9887491527733,32.7073966006962,0.128519594322721,ok,0.131716294124447,0.03,0.58,0.00761119000410934,0.62,0.5284,0,0,0,0,observe
missing_burst,560,13830.3203209463,13877.1582226358,230.505338682438,5.78293177697618,0,0,1,1,0,0,1,60,793.731726419092,21.8226324864173,22.5239243776383,0,0.027493713253557,15.926819666361,26.4346551441414,0.116052064987627,ok,0.123847790613156,0.03,0.58,0.018561251489353,0.62,0.5284,0,0,0,0,observe
missing_burst,561,13854.3839506679,13900.5378306446,230.906399177798,5.79299421763143,0,0,1,1,0,0,1,60,782.46109343306,22.9371393643496,27.328760875873,0.0169491525423729,0.0293140956871256,19.3243521367554,26.0536780308246,0.134519606707395,ok,0.131452479624363,0.03,0.58,0.00730268353102834,0.62,0.5284,0,0,0,0,observe
missing_burst,562,13877.9196844111,13924.5950682443,231.298661406851,5.80283591345241,0,0,1,1,0,0,1,60,790.614093475494,24.7548230472383,27.4057597222594,0.0169491525423729,0.0313108800507432,19.3787985431787,29.1558689670374,0.138397270962432,ok,0.136703856113909,0.03,0.58,0.00403194011553076,0.62,0.5284,0,0,0,0,observe
missing_burst,563,13901.3149860042,13947.6832968331,231.688583100071,5.81261888620494,0,0,1,1,0,0,1,60,785.757769808738,25.2016412684561,21.4695664694132,0,0.0320730411289352,15.1812760396574,32.245531520749,0.121375167355265,ok,0.128904279459825,0.03,0.58,0.0179264573918088,0.62,0.5284,0,0,0,0,observe
missing_burst,564,13925.3709178766,13972.0657411028,232.089515297944,5.82267810792973,0,0,1,1,0,0,1,60,791.17788097415,28.2437583966742,20.3911670793725,0,0.0356983670497697,14.4187325181322,37.2494285769589,0.12614091980348,ok,0.128589143016757,0.03,0.58,0.00582910288875546,0.62,0.5284,0,0,0,0,observe
missing_burst,565,13948.5100903514,13995.1725526099,232.475168172523,5.83235397780193,0,0,1,1,0,0,1,60,791.487596278806,29.7340995212018,23.3207356946759,0.0169491525423729,0.0375673600710829,16.4902503519645,38.6821017009547,0.139973187448563,ok,0.136487442383183,0.03,0.58,0.00829939301281146,0.62,0.5284,0,0,0,0,observe
missing_burst,566,13972.8811840094,14019.0174713439,232.881353066823,5.84254498749059,0,0,1,1,0,0,1,60,782.528837351978,26.4113709553225,25.5511271310383,0.0338983050847458,0.0337513069099111,18.0673752613168,32.6908394301227,0.141333795581768,ok,0.140394843690306,0.03,0.58,0.00223559974157661,0.62,0.5284,0,0,0,0,observe
missing_burst,567,13995.9384404523,14042.943921933,233.265640674205,5.85218660337788,0,0,1,1,0,0,1,60,796.189488718258,23.7652016707771,23.3978928982715,0.0338983050847458,0.029848675481807,16.5448087338443,29.2547248297761,0.129013588121331,ok,0.134791765399305,0.03,0.58,0.0137575649475564,0.62,0.5284,0,0,0,0,observe
missing_burst,568,14019.8328581324,14066.0975365761,233.663880968874,5.86217828637334,0,0,1,1,0,0,1,60,784.667753870461,27.2079727517809,22.4245472993549,0.0677966101694915,0.0346745136620876,15.8565494604123,35.0587706819962,0.144337411830865,ok,0.141467487841547,0.03,0.58,0.00683315235551793,0.62,0.5284,0,0,0,0,observe
missing_burst,569,14043.6909178116,14090.4075031496,234.061515296859,5.87215476591729,0,0,1,1,0,0,1,60,791.059686944398,29.8912455009909,23.8362055484966,0.0508474576271186,0.0377863339445989,16.8547425810984,38.7671351498395,0.149564279577839,ok,0.14713464635499,0.03,0.58,0.005784841006785,0.62,0.5284,0,0,0,0,observe
missing_burst,570,14066.8807022343,14113.3305927288,234.448011703905,5.88185179966748,0,0,1,1,0,0,1,60,787.217602545348,32.2704629800209,27.0637920590675,0.0338983050847458,0.0409930657999507,19.1369908895893,41.4311614799969,0.160931789072404,ok,0.155965196042944,0.03,0.58,0.0118252214987136,0.62,0.5284,0,0,0,0,observe
missing_burst,571,14091.190092835,14137.4207922209,234.853168213917,5.892017007623,0,0,1,1,0,0,1,60,783.554817854694,29.8952793301607,28.0360268926771,0.0338983050847458,0.0381533986505391,19.8244647333404,37.3422823417799,0.157231221688787,ok,0.157305167977251,0.03,0.58,0.000176062591580817,0.62,0.5284,0,0,0,0,observe
missing_burst,572,14114.089119054,14160.6995293026,235.234818650901,5.90159245800426,0,0,1,1,0,0,1,60,789.482276229682,29.7274581345482,26.3248176874444,0.0338983050847458,0.0376543705028023,18.6144571002915,37.6954310380454,0.151522733944332,ok,0.154523266005131,0.03,0.58,0.0071441239542834,0.62,0.5284,0,0,0,0,observe
missing_burst,573,14138.2354481294,14183.8884691943,235.637257468824,5.91168948019809,0,0,1,1,0,0,1,60,774.461282890077,26.511550763056,25.5694655796255,0.0677966101694915,0.0342322480784607,18.0803425026692,32.8454846624367,0.151080550270221,ok,0.153168504575554,0.03,0.58,0.00497131977460244,0.62,0.5284,0,0,0,0,observe
missing_burst,574,14161.4467750291,14207.8080363866,236.024112917152,5.92139552214439,0,0,1,1,0,0,1,60,785.141784733175,27.365303265952,26.4142652714081,0.0508474576271186,0.0348539637019216,18.677706093473,33.8948807456361,0.150074888223444,ok,0.152050360776026,0.03,0.58,0.00470350607757675,0.62,0.5284,0,0,0,0,observe
missing_burst,575,14184.7007649799,14230.8640710581,236.411679416331,5.93111940406014,0,0,1,1,0,0,1,60,782.926697730269,28.2862251321241,27.4745775750467,0.0677966101694915,0.0361288294474142,19.4274601135514,34.9684837816395,0.160316514252559,ok,0.157549060700859,0.03,0.58,0.00658917512309443,0.62,0.5284,0,0,0,0,observe
missing_burst,576,14208.5855007514,14255.0287402965,236.809758345857,5.94110703847143,0,0,1,1,0,0,1,60,787.011731831439,29.4842759673419,27.7137379955365,0.0677966101694915,0.0374635787178542,19.5965720686711,36.8051548263844,0.163901431613255,ok,0.161799199500387,0.03,0.58,0.00500531455444694,0.62,0.5284,0,0,0,0,observe
missing_burst,577,14231.6503777755,14278.0616248006,237.194172962926,5.95075184097882,0,0,1,1,0,0,1,60,786.625895707865,30.1830216753858,28.9302522238818,0.0508474576271186,0.0383702365254895,20.456777528944,37.4639806753755,0.164631910271228,ok,0.163900831920065,0.03,0.58,0.00174066274086437,0.62,0.5284,0,0,0,0,observe
missing_burst,578,14255.7867727342,14301.8099750554,237.596446212237,5.9608447091252,0,0,1,1,0,0,1,60,779.687245981178,25.1815198759758,28.4503920979612,0.0508474576271186,0.0322969498420956,20.1174651798845,29.3854637748744,0.150844020321429,ok,0.15673358022847,0.03,0.58,0.0140227616834324,0.62,0.5284,0,0,0,0,observe
missing_burst,579,14278.8307911682,14325.4847879404,237.980513186136,5.97048078941039,0,0,1,1,0,0,1,60,790.386052330319,23.6253197863242,25.1647049661943,0.0169491525423729,0.0298908612021543,17.7941335281548,28.2786188134138,0.129769624567251,ok,0.141680799723206,0.03,0.58,0.0283599408475114,0.62,0.5284,0,0,0,0,observe
missing_burst,580,14302.6019696148,14348.5951133956,238.37669949358,5.98042093872253,0,0,1,1,0,0,1,60,779.752305670459,26.1764202706678,24.3960943413352,0,0.0335701736055277,17.2506437432249,32.7540111561561,0.131059376446197,ok,0.136486018069516,0.03,0.58,0.0129205752936162,0.62,0.5284,0,0,0,0,observe
missing_burst,581,14326.2231066878,14372.809430996,238.770385111463,5.99029834677593,0,0,1,1,0,0,1,60,788.744050926358,29.3416832450059,29.527080767991,0.0847457627118644,0.0372005129047185,20.8787990396893,35.8600683485237,0.174164532874807,ok,0.159436109001233,0.03,0.58,0.0350676758894622,0.62,0.5284,0,0,0,0,observe
missing_burst,582,14349.4239382623,14395.8205943113,239.157065637705,6,0,0,1,1,0,0,1,60,787.091348594941,29.1282629669474,31.8163144422359,0.152542372881356,0.0370074744423822,22.4975316944685,34.5075712648639,0.20928062432721,ok,0.188864137943469,0.03,0.58,0.0486106818660512,0.62,0.5284,0,0,0,0,observe
near_threshold_noise,1,0.794602266126456,49.5314700217049,0.0132433711021076,0,0,0,1,1,0,0,1,60,825.524500361749,28.1794141842996,27.3911878253122,0.0508474576271186,0.0341351639738751,19.3684946560326,34.8284392745333,0.152427067041363,ok,0.164007698883991,0.294308751955036,0.58,0.0275729329586369,0.62,0.60240645054741,0,0,0,0,observe
near_threshold_noise,2,26.1511302449114,74.3684952799733,0.435852170748523,0.0106172332557213,0,0,1,1,0,0,1,60,817.910780850374,27.0349560985744,24.9117864939016,0.0677966101694915,0.0330536737398991,17.6152931613092,33.9334517746843,0.148152552437184,ok,0.155214719932966,0.180920063549278,0.58,0.0168146845137668,0.62,0.570657617793798,0,0,0,0,observe
near_threshold_noise,3,50.3592105945547,99.3125062167563,0.839320176575911,0.0207535908816726,0,0,1,1,0,0,1,60,829.68393658419,26.9308443327525,27.9964768160116,0.0847457627118644,0.0324591608265032,19.7964986059338,32.5367391712069,0.161150740698845,ok,0.159282201034865,0.0977963142309032,0.58,0.00444890396185696,0.62,0.547382967984653,0,0,0,0,observe
near_threshold_noise,4,75.2211331459063,123.525446256557,1.25368555243177,0.0311637239698553,0,0,1,1,0,0,1,60,819.282516276392,27.1731154310167,28.6471644699998,0.0677966101694915,0.0331669660845656,20.2566042585032,32.6561845347723,0.158777619694569,ok,0.159511632391415,0.0376230641596348,0.58,0.0017476492782042,0.62,0.530534457964698,0,0,0,0,observe
near_threshold_noise,5,100.111546285384,148.871338521649,1.66852577142306,0.0415857865785139,0,0,1,1,0,0,1,60,825.980538414882,28.3870139301489,26.4684892338792,0.0677966101694915,0.0343676546963511,18.7160482250391,35.5155551636032,0.155104398938783,ok,0.157471743852625,0.03,0.58,0.00563653550914717,0.62,0.5284,0,0,0,0,observe
near_threshold_noise,6,124.419754794306,173.003350270228,2.0736625799051,0.0517640696614293,0,0,1,1,0,0,1,60,824.63173356118,27.6168857045332,25.0557847980078,0.0677966101694915,0.033489962343881,17.7171153386221,34.806444462376,0.149544501555991,ok,0.153441655375491,0.03,0.58,0.0092789376654763,0.62,0.5284,0,0,0,0,observe
near_threshold_noise,7,149.709681084574,198.215956428139,2.49516135140957,0.0623534155950852,0,0,1,1,0,0,1,60,822.410298441495,26.2448866948861,24.0582984799425,0.0677966101694915,0.0319121571612385,17.0117859989773,32.9876839499201,0.143909524090541,ok,0.148582289514758,0.03,0.58,0.0111256319624202,0.62,0.5284,0,0,0,0,observe
near_threshold_noise,8,173.827258910774,222.969517718726,2.89712098184623,0.0724518781905166,0,0,1,1,0,0,1,60,832.769457474969,23.6273067303,23.9250736676303,0.0508474576271186,0.0283719659963757,16.9175818307691,28.8148342291708,0.132668838754167,ok,0.140144214377843,0.03,0.58,0.0177985133897053,0.62,0.5284,0,0,0,0,observe
near_threshold_noise,9,199.074569875303,247.775651631698,3.31790949792172,0.0830233803226073,0,0,1,1,0,0,1,60,825.99492005931,26.3773465181811,24.4480452106825,0.0508474576271186,0.0319340299529773,17.2873785552289,33.0556403866059,0.140244094431202,ok,0.14120651060647,0.03,0.58,0.00229146708397052,0.62,0.5284,0,0,0,0,observe
near_threshold_noise,10,223.757747704447,273.008744801966,3.72929579507412,0.0933586697882522,0,0,1,1,0,0,1,60,833.987118054003,26.4626919111189,23.5450604649121,0.0338983050847458,0.0317303365223027,16.6488719181866,33.516610661244,0.133589755620173,ok,0.137766388647135,0.03,0.58,0.00994436434990861,0.62,0.5284,0,0,0,0,observe
near_threshold_noise,11,248.630776576804,297.38653311803,4.14384627628007,0.103773453292329,0,0,1,1,0,0,1,60,826.8480247722,26.5968176432472,30.6843545603354,0.0847457627118644,0.0321665128855749,21.6971151859455,30.7248532967059,0.168691196178677,ok,0.156767064021521,0.03,0.58,0.0283907908503706,0.62,0.5284,0,0,0,0,observe
near_threshold_noise,12,273.83510248799,322.96044097819,4.56391837479984,0.114326956811272,0,0,1,1,0,0,1,60,832.528269603742,30.647753267405,32.2646222915516,0.135593220338983,0.0368128679666246,22.8145332147788,36.8519556451381,0.203623829151261,ok,0.184529457783428,0.03,0.58,0.045462788971031,0.62,0.5284,0,0,0,0,observe
near_threshold_noise,13,298.186155010319,347.5024976063,4.96976925017198,0.124523179451382,0,0,1,1,0,0,1,60,835.266074804499,28.9240238951745,27.3954423062079,0.101694915254237,0.0346285151135156,19.3715030283245,36.0269785993894,0.169916683441897,ok,0.175939906329198,0.03,0.58,0.0143410068745253,0.62,0.5284,0,0,0,0,observe
near_threshold_noise,14,323.843668213645,372.600565338189,5.39739447022741,0.13526644062142,0,0,1,1,0,0,1,60,827.335405999975,23.2898674068366,23.816332707302,0.0508474576271186,0.0281504541422192,16.8406903603282,28.3059533639765,0.131920961059556,ok,0.15051123243331,0.03,0.58,0.0442625508898898,0.62,0.5284,0,0,0,0,observe
near_threshold_noise,15,348.312964848075,397.650875101426,5.80521608080125,0.145512174193009,0,0,1,1,0,0,1,60,835.806291585433,20.2168291031742,21.5475491295886,0,0.0241884145964313,15.2364181074824,24.1928072209052,0.109268927536301,ok,0.127333812535726,0.03,0.58,0.0430116309510099,0.62,0.5284,0,0,0,0,observe
near_threshold_noise,16,373.498192941931,422.45223966809,6.22496988236552,0.15605768111315,0,0,1,1,0,0,1,60,830.861238831678,19.7767938920098,23.2166626179646,0.0169491525423729,0.0238027638884912,16.416659573683,22.6436843675201,0.11573153008717,ok,0.121931676639663,0.03,0.58,0.0147622536964118,0.62,0.5284,0,0,0,0,observe
near_threshold_noise,17,398.482035568395,448.147357338369,6.64136725947325,0.166518864324485,0,0,1,1,0,0,1,60,841.608037282396,23.621396246753,24.368966084964,0.0508474576271186,0.0280669803523121,17.2314611691831,28.6184812187363,0.133428739044489,ok,0.130063294583143,0.03,0.58,0.0080129630032055,0.62,0.5284,0,0,0,0,observe
near_threshold_noise,18,423.286408217849,472.817558507476,7.05477347029748,0.176904900236082,0,0,1,1,0,0,1,60,839.421980656439,24.3564785381213,22.9009607308143,0.0338983050847458,0.02901577406762,16.1934246284456,30.4014652995341,0.127209503990786,ok,0.12966650101608,0.03,0.58,0.00584999291736835,0.62,0.5284,0,0,0,0,observe
near_threshold_noise,19,448.966996899289,498.456675869342,7.48278328165481,0.187657823522867,0,0,1,1,0,0,1,60,838.488642182874,24.1653813119871,22.6825124957371,0.0169491525423729,0.0288201653502143,16.0389584000843,30.1775267599556,0.122659318621212,ok,0.126870739401452,0.03,0.58,0.0100271923339034,0.62,0.5284,0,0,0,0,observe
near_threshold_noise,20,473.654384062868,523.42613177952,7.89423973438113,0.197994875512371,0,0,1,1,0,0,1,60,843.476221200746,25.6487568136286,27.5825318696034,0.0847457627118644,0.0304083934661678,19.5037953272906,30.5829923323484,0.156431896770904,ok,0.145355068042817,0.03,0.58,0.0263734017335391,0.62,0.5284,0,0,0,0,observe
near_threshold_noise,21,499.347518655793,548.531021162372,8.32245864426321,0.208753051997415,0,0,1,1,0,0,1,60,834.572421550504,26.6729370936421,29.9819108509284,0.101694915254237,0.03196000299661,21.200412475622,31.1998983534606,0.172324519402192,ok,0.161870402116575,0.03,0.58,0.0248907554419438,0.62,0.5284,0,0,0,0,observe
near_threshold_noise,22,524.236217729871,574.058528572464,8.73727029549785,0.219174396896134,0,0,1,1,0,0,1,60,843.873279882398,25.1960676563788,28.9439884064435,0.0677966101694915,0.0298576436261735,20.466490476781,29.1685861545169,0.154032505623201,ok,0.157781288017081,0.03,0.58,0.00892567236637951,0.62,0.5284,0,0,0,0,observe
near_threshold_noise,23,549.402712261878,598.679971706165,9.1567118710313,0.229712059737778,0,0,1,1,0,0,1,60,835.815842396551,26.4840412693975,27.2803954871798,0.0677966101694915,0.0316864552285337,19.2901526424357,32.1044996059716,0.152381510644148,ok,0.155209328682749,0.03,0.58,0.00673290009190777,0.62,0.5284,0,0,0,0,observe
near_threshold_noise,24,574.871761984328,624.383143419406,9.58119603307214,0.240376407866634,0,0,1,1,0,0,1,60,838.743580782355,28.8275036676736,26.3924508534411,0.0508474576271186,0.0343698650316754,18.6622809706009,36.2459543176038,0.150470020243938,ok,0.153085254705434,0.03,0.58,0.00622674871784643,0.62,0.5284,0,0,0,0,observe
near_threshold_noise,25,599.50935977468,649.276103607616,9.99182266291133,0.25069261215216,0,0,1,1,0,0,1,60,843.268865024193,24.7103532659523,22.2543705034362,0.0169491525423729,0.0293030542106442,15.7362162940176,31.2021571979281,0.122592745729117,ok,0.136077851080593,0.03,0.58,0.0321073936939909,0.62,0.5284,0,0,0,0,observe
near_threshold_noise,26,625.220399552784,674.788520706686,10.4203399925464,0.261458285859524,0,0,1,1,0,0,1,60,840.089621454668,24.8579316040187,20.7471564441033,0.0169491525423729,0.0295896187373148,14.6704550119636,31.9470073246634,0.119623732626027,ok,0.127641300529714,0.03,0.58,0.01908944738973,0.62,0.5284,0,0,0,0,observe
near_threshold_noise,27,650.104554182021,700.141284220194,10.8350759030337,0.271877727917644,0,0,1,1,0,0,1,60,847.753010209638,23.8456613258256,20.6406732490699,0.0169491525423729,0.0281280762659031,14.5951600226731,30.400862356922,0.116984787556246,ok,0.122779962231753,0.03,0.58,0.0137980349416855,0.62,0.5284,0,0,0,0,observe
near_threshold_noise,28,675.658683390856,725.080153918764,11.2609780565143,0.282577700354093,0,0,1,1,0,0,1,60,838.193886867971,22.3542946726147,21.2276907386785,0.0169491525423729,0.0266695987919271,15.0102440702504,27.8230399771789,0.115673941650395,ok,0.120100415246325,0.03,0.58,0.0105392228474537,0.62,0.5284,0,0,0,0,observe
near_threshold_noise,29,700.968317688073,751.042214238544,11.6828052948012,0.293175298383894,0,0,1,1,0,0,1,60,848.348833639147,25.9262659595892,24.3128421958264,0.0508474576271186,0.0305608553127535,17.1917755865873,32.3849561586105,0.137844478729122,ok,0.13190144160214,0.03,0.58,0.0141500883975764,0.62,0.5284,0,0,0,0,observe
near_threshold_noise,30,725.932857751115,776.02018388496,12.0988809625186,0.303628399265563,0,0,1,1,0,0,1,60,849.000499436605,24.6067622148168,22.7839166394165,0.0338983050847458,0.0289832128852053,16.1106619577204,30.8452924232715,0.1270611885466,ok,0.130306178501553,0.03,0.58,0.00772616655941122,0.62,0.5284,0,0,0,0,observe
near_threshold_noise,31,751.894140533096,802.117246289893,12.5315690088849,0.314498854208947,0,0,1,1,0,0,1,60,851.250534189161,28.1437716430783,23.7743240991613,0.0338983050847458,0.0330616786865057,16.8109857886437,36.0767864617887,0.137148000728391,ok,0.13552671969488,0.03,0.58,0.00386019293693068,0.62,0.5284,0,0,0,0,observe
near_threshold_noise,32,776.86264578379,827.400891906782,12.9477107630632,0.324953615385837,0,0,1,1,0,0,1,60,856.345133697028,26.4804713987009,27.4106621085682,0.0677966101694915,0.0309226623200146,19.3822650537817,32.0430730795252,0.151783142358259,ok,0.146076171503329,0.03,0.58,0.0135880258450718,0.62,0.5284,0,0,0,0,observe
near_threshold_noise,33,802.991488326961,852.777468236735,13.383191472116,0.33589423060788,0,0,1,1,0,0,1,60,844.33703244737,22.6450778669805,24.2126064893555,0.0508474576271186,0.0268199510346504,17.1208982388247,27.0642558866677,0.130992426298402,ok,0.138182479762587,0.03,0.58,0.0171191749147264,0.62,0.5284,0,0,0,0,observe
near_threshold_noise,34,828.194457776779,878.917283892182,13.8032409629463,0.346447166152108,0,0,1,1,0,0,1,60,858.606533089999,24.2926051357695,19.5374805912402,0.0169491525423729,0.0282930588104705,13.8150850133665,31.4548049531115,0.115116866382749,ok,0.125858225512264,0.03,0.58,0.0255746645940833,0.62,0.5284,0,0,0,0,observe
near_threshold_noise,35,853.636852703087,903.929759658884,14.2272808783848,0.357100353439532,0,0,1,1,0,0,1,60,852.538190369144,26.0561800434802,19.014775866978,0,0.0305630649017589,13.4454769582825,34.3084273361634,0.114790163263936,ok,0.120803122125325,0.03,0.58,0.0143165687175917,0.62,0.5284,0,0,0,0,observe
near_threshold_noise,36,879.768094001527,929.948959425113,14.6628015666921,0.368041973063449,0,0,1,1,0,0,1,60,850.527925548853,24.7006298175245,25.2623927793318,0.0677966101694915,0.0290415271216227,17.8632092432636,30.0191269409379,0.142369820690201,ok,0.134803568615395,0.03,0.58,0.0180148858923957,0.62,0.5284,0,0,0,0,observe
near_threshold_noise,37,904.800574766905,954.995832546964,15.0800095794484,0.378523521936297,0,0,1,1,0,0,1,60,851.101214801328,25.9869171131443,26.4741828323177,0.0847457627118644,0.030533286360319,18.7200742071043,31.6259156985434,0.153721854420066,ok,0.146915124452996,0.03,0.58,0.0162064999215945,0.62,0.5284,0,0,0,0,observe
near_threshold_noise,38,930.802017569553,980.779700780563,15.5133669594926,0.389410792600955,0,0,1,1,0,0,1,60,847.179022590824,25.6742740848589,20.5719977612395,0.0169491525423729,0.0303056064895734,14.5465991195269,33.2675991563067,0.120680421953515,ok,0.132532735867081,0.03,0.58,0.0282197950323017,0.62,0.5284,0,0,0,0,observe
near_threshold_noise,39,955.816354841511,1006.64481646479,15.9302725806918,0.399884744467546,0,0,1,1,0,0,1,60,860.816398630483,24.4736307509233,22.3338635599651,0.0169491525423729,0.0284307208713259,15.7924263733464,30.7979946345133,0.121589562797035,ok,0.127381870542604,0.03,0.58,0.0137912089180219,0.62,0.5284,0,0,0,0,observe
near_threshold_noise,40,981.646145583547,1031.88479454565,16.3607690930591,0.410700141334346,0,0,1,1,0,0,1,60,851.751562751385,26.9572212698559,24.4940408252964,0.0338983050847458,0.0316491597418111,17.3199023662272,33.9618100107797,0.13622385214153,ok,0.133836196732307,0.03,0.58,0.00568489383148255,0.62,0.5284,0,0,0,0,observe
near_threshold_noise,41,1007.47164392784,1057.96227618297,16.791194065464,0.421513740897189,0,0,1,1,0,0,1,60,855.290995303027,26.2571227882404,27.0405227629426,0.0677966101694915,0.0306996366528301,19.1205370125059,31.8320288166943,0.150299157954901,ok,0.144548042083758,0.03,0.58,0.0136931330265325,0.62,0.5284,0,0,0,0,observe
near_threshold_noise,42,1032.7697591162,1082.9400485113,17.2128293186034,0.432106515669417,0,0,1,1,0,0,1,60,850.920899427589,27.476755810784,28.4128971231728,0.101694915254237,0.0322906110653381,20.0909522289512,33.2610561814399,0.16860540260564,ok,0.159394700525939,0.03,0.58,0.0219302430469076,0.62,0.5284,0,0,0,0,observe
near_threshold_noise,43,1058.81347925332,1109.12767806238,17.6468913208886,0.443011488612629,0,0,1,1,0,0,1,60,852.756697990112,29.3242797965423,22.5657402329473,0.0508474576271186,0.0343876276382908,15.9563879412112,38.2781981686883,0.141137584464325,ok,0.149324826756949,0.03,0.58,0.0194934340300578,0.62,0.5284,0,0,0,0,observe
near_threshold_noise,44,1083.80467716199,1134.54427933022,18.0634112860332,0.453475751612607,0,0,1,1,0,0,1,60,860.070513648629,25.3131452338324,22.0614118979827,0.0338983050847458,0.0294314766430579,15.5997739556131,32.2204546180212,0.12638410415294,ok,0.136792222012348,0.03,0.58,0.0247812329985923,0.62,0.5284,0,0,0,0,observe
near_threshold_noise,45,1109.99503109655,1160.15108084488,18.4999171849424,0.464442122757967,0,0,1,1,0,0,1,60,850.390046374972,24.1996165442804,31.769314024329,0.135593220338983,0.0284570787810113,22.4642973802479,25.8185635733711,0.186163891392103,ok,0.166516626257895,0.03,0.58,0.0467792027004956,0.62,0.5284,0,0,0,0,observe
near_threshold_noise,46,1135.37647906251,1186.14772444739,18.9229413177084,0.475069790459476,0,0,1,1,0,0,1,60,860.057418619469,26.5090569807446,31.4426804577327,0.11864406779661,0.0308224269762081,22.2333325703445,30.1850811963987,0.182141003779188,ok,0.175918546238546,0.03,0.58,0.0148153750967665,0.62,0.5284,0,0,0,0,observe
near_threshold_noise,47,1161.05475155671,1211.16363816547,19.3509125259451,0.485821743917102,0,0,1,1,0,0,1,60,850.209288676457,28.1075925864597,24.293253542175,0.0338983050847458,0.0330596159802201,17.177924316756,35.8467911838788,0.138416807407514,ok,0.154270390351336,0.03,0.58,0.0377466260567196,0.62,0.5284,0,0,0,0,observe
near_threshold_noise,48,1186.96779739605,1237.25488876506,19.7827966232675,0.496672001187053,0,0,1,1,0,0,1,60,851.786071961145,25.6451522468188,24.2406223161901,0.0508474576271186,0.0301075036220933,17.14070841996,31.9615985580657,0.136905027292243,ok,0.144846865940208,0.03,0.58,0.0189091396380125,0.62,0.5284,0,0,0,0,observe
near_threshold_noise,49,1212.01357651108,1262.53921033662,20.2002262751847,0.507159118317524,0,0,1,1,0,0,1,60,856.259536185797,23.944239624787,26.4119154374593,0.0508474576271186,0.0279637640375329,18.6760445099531,28.2463906345694,0.138911593413045,ok,0.14229026685276,0.03,0.58,0.00804446057075089,0.62,0.5284,0,0,0,0,observe
near_threshold_noise,50,1238.12819724334,1288.25835724203,20.6354699540556,0.518093778612143,0,0,1,1,0,0,1,60,850.057807949636,24.4499365517419,24.8987492943692,0.0169491525423729,0.0287626751064329,17.6060744691122,29.7594512139671,0.128281841276946,ok,0.135115665294098,0.03,0.58,0.0162710095646488,0.62,0.5284,0,0,0,0,observe
near_threshold_noise,51,1263.3959842805,1314.0153361878,21.0565997380083,0.528673854443263,0,0,1,1,0,0,1,60,857.935430853069,27.2933299984048,26.1203523732774,0.0169491525423729,0.0318128020091982,18.4698782901266,33.8927030605639,0.137288832841565,ok,0.137507187706218,0.03,0.58,0.0005198925348876,0.62,0.5284,0,0,0,0,observe
near_threshold_noise,52,1289.13061301576,1339.18246744896,21.4855102169293,0.539449405270262,0,0,1,1,0,0,1,60,848.735170115333,29.7581728277885,28.3400538726867,0.0338983050847458,0.0350617882651719,20.0394442725688,37.0070043821932,0.153499926653503,ok,0.147853795165447,0.03,0.58,0.0134431702096587,0.62,0.5284,0,0,0,0,observe
near_threshold_noise,53,1314.84282057887,1365.36703392012,21.9140470096478,0.550215567950162,0,0,1,1,0,0,1,60,855.86162887193,27.8068976257763,26.0342423094202,0.0338983050847458,0.0324899454394599,18.4089892800448,34.7499097096381,0.141989132357286,ok,0.145262375098544,0.03,0.58,0.00779343509823338,0.62,0.5284,0,0,0,0,observe
near_threshold_noise,54,1340.03673326534,1390.45602937631,22.3339455544223,0.560764711265065,0,0,1,1,0,0,1,60,854.559365455942,27.7791248340849,27.4057007970472,0.0847457627118644,0.0325069573361513,19.3787568767616,34.1734302493429,0.160154054845551,ok,0.154774937499325,0.03,0.58,0.0128074222529194,0.62,0.5284,0,0,0,0,observe
near_threshold_noise,55,1366.23900709433,1416.64101701785,22.7706501182389,0.571736073484115,0,0,1,1,0,0,1,60,854.566384962145,28.982755053483,27.404232732472,0.0677966101694915,0.0339151592708234,19.3777187983453,36.1179206925404,0.157566048450984,ok,0.157029453426304,0.03,0.58,0.00127760720161801,0.62,0.5284,0,0,0,0,observe
near_threshold_noise,56,1391.28154932944,1442.14704513761,23.1880258221574,0.58222183527488,0,0,1,1,0,0,1,60,861.516929355026,23.380211981846,22.4246609659584,0.0169491525423729,0.0271384243132049,15.8566298348384,29.0144087465698,0.119599666721963,ok,0.135899034911443,0.03,0.58,0.0388080194987632,0.62,0.5284,0,0,0,0,observe
near_threshold_noise,57,1417.53112611986,1467.66994471938,23.6255187686643,0.593213004092668,0,0,1,1,0,0,1,60,850.482128358826,22.3819159991956,20.9014598201317,0.0169491525423729,0.0263167387683806,14.7795639755133,27.9904415164142,0.114577975452514,ok,0.124644164745496,0.03,0.58,0.0239671173642429,0.62,0.5284,0,0,0,0,observe
near_threshold_noise,58,1442.96631941067,1493.9539630066,24.0494386568446,0.603863175926087,0,0,1,1,0,0,1,60,863.448631149696,26.4736448807612,20.4623914711408,0.0338983050847458,0.0306603588513553,14.4690957685374,34.5304650154931,0.125123214667528,ok,0.126316980748688,0.03,0.58,0.00284230019323789,0.62,0.5284,0,0,0,0,observe
near_threshold_noise,59,1468.57438342114,1519.04241012479,24.4762397236857,0.614585731831772,0,0,1,1,0,0,1,60,856.207756756997,27.7915160356797,23.079748702324,0.0508474576271186,0.0324588463680169,16.3198468154947,35.7547105573751,0.138583994939736,ok,0.134784661064629,0.03,0.58,0.00904603303596924,0.62,0.5284,0,0,0,0,observe
near_threshold_noise,60,1494.76770859962,1545.36096254028,24.9127951433269,0.625553347090276,0,0,1,1,0,0,1,60,856.783325561456,26.5526004204926,22.1900251245389,0.0338983050847458,0.0309910331215801,15.6907172402613,34.115723217702,0.129478105120635,ok,0.132846285158284,0.03,0.58,0.00801947628011612,0.62,0.5284,0,0,0,0,observe
near_threshold_noise,61,1519.91414867083,1570.49634942176,25.3319024778471,0.636082612769334,0,0,1,1,0,0,1,60,857.565654949502,29.5139292655206,27.1126214418576,0.0677966101694915,0.0344159413278492,19.1715184772813,37.0755569163239,0.157851367737562,ok,0.148537506668276,0.03,0.58,0.0221758596887755,0.62,0.5284,0,0,0,0,observe
near_threshold_noise,62,1546.22480825241,1596.28224157128,25.7704134708736,0.647099358047839,0,0,1,1,0,0,1,60,848.687983849946,26.8340018229543,28.8895808504379,0.101694915254237,0.0316182181597834,20.4280185249817,31.981609822078,0.168675920795207,ok,0.161010641693855,0.03,0.58,0.0182506645270268,0.62,0.5284,0,0,0,0,observe
near_threshold_noise,63,1571.31275313231,1622.07689827406,26.1885458855385,0.657604130740671,0,0,1,1,0,0,1,60,859.675814204923,24.8170419067428,23.7917517936109,0.0677966101694915,0.0288679075259259,16.8233090295695,30.8017436405419,0.138491320018227,ok,0.148427966951306,0.03,0.58,0.0236586831739975,0.62,0.5284,0,0,0,0,observe
near_threshold_noise,64,1597.15393607354,1647.0842324433,26.6192322678923,0.668424297725691,0,0,1,1,0,0,1,60,846.699847867078,27.9195392004397,22.1501241076766,0.0338983050847458,0.0329745414160306,15.6625029606617,36.2448250007783,0.132960119056028,ok,0.140252230404872,0.03,0.58,0.0173621698781992,0.62,0.5284,0,0,0,0,observe
near_threshold_noise,65,1622.87206061076,1673.25023380064,27.047867676846,0.679192937948824,0,0,1,1,0,0,1,60,852.888925443003,28.8404305251536,23.5304953974482,0.0338983050847458,0.0338149900471195,16.6385728602144,37.2384043552857,0.138098881953639,ok,0.140004932096954,0.03,0.58,0.00453821462694012,0.62,0.5284,0,0,0,0,observe
near_threshold_noise,66,1647.92712672713,1698.09558873507,27.4654521121189,0.6896839437134,0,0,1,1,0,0,1,60,850.189271529494,28.9772707593315,25.9491462030732,0.0169491525423729,0.0340833173620284,18.3488172461942,36.6426711224084,0.141125604181162,ok,0.141662797616951,0.03,0.58,0.00127903198997487,0.62,0.5284,0,0,0,0,observe
near_threshold_noise,67,1674.08681811848,1724.14259366008,27.9014469686413,0.700637475901718,0,0,1,1,0,0,1,60,848.205997657362,26.891430885913,26.5241730118393,0.0508474576271186,0.0317038914605458,18.7554226020368,33.0837155289831,0.145820164600133,ok,0.145040167967249,0.03,0.58,0.00185713484019842,0.62,0.5284,0,0,0,0,observe
near_threshold_noise,68,1698.93583274242,1749.35334892548,28.3155972123737,0.711042204209078,0,0,1,1,0,0,1,60,854.29600317341,23.9302266761258,23.7225298202734,0.0508474576271186,0.0280116336576941,16.7743617028154,29.3927250693883,0.131950154392802,ok,0.138328947861295,0.03,0.58,0.0151876034964125,0.62,0.5284,0,0,0,0,observe
near_threshold_noise,69,1725.02025836994,1774.74662676154,28.7503376394989,0.721964221271529,0,0,1,1,0,0,1,60,843.400551691073,20.3579706618082,18.7766655333299,0,0.0241379622303888,13.2771075266893,25.5462786851396,0.103358341612904,ok,0.119096106751124,0.03,0.58,0.0374708693767136,0.62,0.5284,0,0,0,0,observe
near_threshold_noise,70,1750.17947982558,1800.64309107343,29.169657997093,0.732498838745596,0,0,1,1,0,0,1,60,854.82903579923,23.4268074620178,23.9591523537353,0.0677966101694915,0.0274052547128499,16.9416791008078,28.4712157269435,0.136289118057057,ok,0.130602831418437,0.03,0.58,0.0135387777110011,0.62,0.5284,0,0,0,0,observe
near_threshold_noise,71,1775.60335786467,1825.55219065934,29.5933892977445,0.743144272680077,0,0,1,1,0,0,1,60,846.75939829654,27.1865950608143,24.9298179781523,0.0677966101694915,0.0321066351498509,17.6280433460978,34.1683185098342,0.147072397459562,ok,0.141399988370545,0.03,0.58,0.0135057359262314,0.62,0.5284,0,0,0,0,observe
near_threshold_noise,72,1801.50725247043,1851.77278860496,30.0251208745071,0.753990698164318,0,0,1,1,0,0,1,60,852.161625525478,28.489763978386,22.5905650409364,0.0169491525423729,0.033432347954906,15.9739417312819,36.9887346181766,0.131373177405578,ok,0.136557158303926,0.03,0.58,0.0123428116627343,0.62,0.5284,0,0,0,0,observe
near_threshold_noise,73,1826.41445043448,1876.71681980994,30.4402408405747,0.764419788880209,0,0,1,1,0,0,1,60,852.74381917673,27.3059648133747,21.7321488358717,0.0169491525423729,0.0320212990106887,15.3669498116002,35.4272251561745,0.126617754922198,ok,0.131887063953265,0.03,0.58,0.0125459738834924,0.62,0.5284,0,0,0,0,observe
near_threshold_noise,74,1852.63974938396,1902.47804883702,30.8773291563994,0.775400792130364,0,0,1,1,0,0,1,60,845.087670534391,27.4574150086397,22.1811921851178,0.0338983050847458,0.0324906112892134,15.6844714088988,35.5220584220113,0.132045765851971,ok,0.133191557042892,0.03,0.58,0.00272807426409816,0.62,0.5284,0,0,0,0,observe
near_threshold_noise,75,1877.54918171078,1928.18244726871,31.2924863618463,0.785830818414036,0,0,1,1,0,0,1,60,857.760457646231,26.5194305370139,23.939207340472,0.0677966101694915,0.030917058836899,16.9275758466785,33.4666635320875,0.142549922366384,ok,0.139798981693037,0.03,0.58,0.00654985874606523,0.62,0.5284,0,0,0,0,observe
near_threshold_noise,76,1903.34290295634,1953.06787511953,31.7223817159389,0.796631112335439,0,0,1,1,0,0,1,60,843.163771375235,26.1877646884014,22.2746172827699,0.0338983050847458,0.0310589301597815,15.7505329289817,33.518931235993,0.129495974483388,ok,0.134836303172776,0.03,0.58,0.012715068308066,0.62,0.5284,0,0,0,0,observe
near_threshold_noise,77,1928.98351077153,1979.15797827477,32.1497251795254,0.807367294916118,0,0,1,1,0,0,1,60,849.592183434363,28.3796988508577,21.2552639684197,0,0.033403907667955,15.0297412879797,37.2145333243231,0.124980866920474,ok,0.130258275306487,0.03,0.58,0.0125652580619357,0.62,0.5284,0,0,0,0,observe
near_threshold_noise,78,1953.95728736504,2003.85130147502,32.5659547894173,0.817824263298834,0,0,1,1,0,0,1,60,846.390439258103,31.1176179432471,27.8825532719951,0.0508474576271186,0.0367650867731009,19.7159424954229,39.3432828376201,0.159933677376565,ok,0.148723499969409,0.03,0.58,0.0266908985884672,0.62,0.5284,0,0,0,0,observe
near_threshold_noise,79,1980.0013243856,2029.64616512043,33.0000220730934,0.828729368926833,0,0,1,1,0,0,1,60,841.469780760945,29.148696561115,29.7047293645802,0.0677966101694915,0.0346402178991569,21.0044155670059,35.4698117997887,0.165494720544159,ok,0.159238975703535,0.03,0.58,0.0148946305729153,0.62,0.5284,0,0,0,0,observe
near_threshold_noise,80,2004.72260440233,2054.69571438956,33.4120434067054,0.839080612462113,0,0,1,1,0,0,1,60,847.406881908956,26.4595807801477,28.0204025274468,0.0677966101694915,0.0312241750037976,19.8134166387343,31.7434615507233,0.153896924151176,ok,0.156663763615438,0.03,0.58,0.00658771301014713,0.62,0.5284,0,0,0,0,observe
near_threshold_noise,81,2030.4962245367,2079.82020329979,33.8416037422783,0.849872489687574,0,0,1,1,0,0,1,60,836.233969655895,25.3417318305717,26.6798945488717,0.0508474576271186,0.0303045950656605,18.8655343568492,30.471271023306,0.143382921120509,ok,0.14954894812527,0.03,0.58,0.0146810166780022,0.62,0.5284,0,0,0,0,observe
near_threshold_noise,82,2055.49420104329,2105.54482126347,34.2582366840549,0.860339591008134,0,0,1,1,0,0,1,60,847.485114565148,26.6350609347872,25.813249180676,0.0508474576271186,0.0314283525185618,18.2527235401141,32.9498258776556,0.143351294342682,ok,0.146721675438612,0.03,0.58,0.00802471689507175,0.62,0.5284,0,0,0,0,observe
near_threshold_noise,83,2080.67947306462,2130.19711913345,34.6779912177437,0.870885116321496,0,0,1,1,0,0,1,60,839.615263894357,27.8933140451682,28.1818494454056,0.0338983050847458,0.0332215423476125,19.9275768492246,34.0435840910296,0.149053497251173,ok,0.148912745868844,0.03,0.58,0.000335122338877114,0.62,0.5284,0,0,0,0,observe
near_threshold_noise,84,2106.33997443442,2156.11470933039,35.1056662405737,0.881629628690455,0,0,1,1,0,0,1,60,842.831467782005,27.9330316699424,24.4281575170837,0.0169491525423729,0.033141894598989,17.273315832223,35.5266248989161,0.135064589098817,ok,0.141664213746334,0.03,0.58,0.0157133920178961,0.62,0.5284,0,0,0,0,observe
near_threshold_noise,85,2131.03271144959,2180.93851058481,35.5172118574932,0.891968920758816,0,0,1,1,0,0,1,60,845.689857522804,27.9274410467613,24.3632246063271,0.0508474576271186,0.0330232659151978,17.2274013307049,35.5401261988683,0.142604997860671,ok,0.143175930346242,0.03,0.58,0.00135936306088244,0.62,0.5284,0,0,0,0,observe
near_threshold_noise,86,2156.94189688149,2206.20437507854,35.9490316146916,0.902817561606901,0,0,1,1,0,0,1,60,834.827762469195,25.5961185945173,24.2437633918415,0.0338983050847458,0.0306603586335113,17.1429294958533,31.8816960419203,0.133361387222048,ok,0.138411461889484,0.03,0.58,0.0120239873034194,0.62,0.5284,0,0,0,0,observe
near_threshold_noise,87,2181.75054595778,2231.42822390084,36.3625090992963,0.913205388135148,0,0,1,1,0,0,1,60,841.495221933716,21.9767478126657,22.2689728044711,0.0169491525423729,0.0261163073061357,15.7465416801003,26.7955465322109,0.117214076098116,ok,0.127165009290875,0.03,0.58,0.0236926980779996,0.62,0.5284,0,0,0,0,observe
near_threshold_noise,88,2207.04417066764,2256.05006639745,36.7840695111273,0.923796282663448,0,0,1,1,0,0,1,60,830.761521981876,21.9382580342132,21.5238626387945,0,0.0264074074854562,15.2196692292193,27.0358280750672,0.112600709293577,ok,0.120049157058312,0.03,0.58,0.017734399439846,0.62,0.5284,0,0,0,0,observe
near_threshold_noise,89,2232.25265103482,2281.75036176473,37.2042108505803,0.934351525727663,0,0,1,1,0,0,1,60,838.702297731514,25.7016714068308,23.2695533910111,0,0.0306445701607681,16.4540589979664,32.4101183074182,0.124141075314246,ok,0.123933230888884,0.03,0.58,0.000494867679432312,0.62,0.5284,0,0,0,0,observe
near_threshold_noise,90,2256.8882979609,2306.2122255093,37.614804966015,0.944666913151314,0,0,1,1,0,0,1,60,836.035985197433,28.9395427501834,27.7232836533188,0.0677966101694915,0.0346151879375733,19.6033218680199,35.926369715269,0.159402266543972,ok,0.145918154150435,0.03,0.58,0.0321050295084204,0.62,0.5284,0,0,0,0,observe
near_threshold_noise,91,2282.58789571878,2331.62988009845,38.0431315953131,0.9554277958795,0,0,1,1,0,0,1,60,831.325305562085,27.7791849162416,31.3651648479112,0.152542372881356,0.0334155411009162,22.1785207569919,32.4265238077282,0.201705534762533,ok,0.179133697420861,0.03,0.58,0.053742469861124,0.62,0.5284,0,0,0,0,observe
near_threshold_noise,92,2307.02527637929,2356.42219244,38.4504212729882,0.965660165660117,0,0,1,1,0,0,1,60,836.8327821783,25.4852330116208,27.4461429981176,0.0847457627118644,0.0304543913125416,19.4073538313846,30.3701962551554,0.15598449435032,ok,0.165728990464941,0.03,0.58,0.0232011812252895,0.62,0.5284,0,0,0,0,observe
near_threshold_noise,93,2332.48281697531,2381.30186996967,38.8747136162552,0.976319694711217,0,0,1,1,0,0,1,60,827.866497853641,23.5428881506419,24.4726832879641,0.0508474576271186,0.0284380249855262,17.3048003067501,28.4443149203979,0.134070082761586,ok,0.147726453437279,0.03,0.58,0.0325151682754589,0.62,0.5284,0,0,0,0,observe
near_threshold_noise,94,2357.24348194923,2406.68358794783,39.2873913658205,0.986687429434789,0,0,1,1,0,0,1,60,837.689925130579,25.0000100590379,27.4336109107145,0.101694915254237,0.0298439903704714,19.3984923073995,29.5584083147884,0.160914671838249,ok,0.156188913483222,0.03,0.58,0.0112518056072074,0.62,0.5284,0,0,0,0,observe
near_threshold_noise,95,2382.16546598366,2431.02328136982,39.7027577663943,0.997122711343665,0,0,1,1,0,0,1,60,828.690190002468,29.176376302346,27.7864071459564,0.0677966101694915,0.0352078215168193,19.6479569177161,36.2833247819403,0.160598169170236,ok,0.159346321161913,0.03,0.58,0.0029805904960071,0.62,0.5284,0,0,0,0,observe
near_threshold_noise,96,2407.50163997239,2456.42908087635,40.1250273328731,1.00773142201852,0,0,1,1,0,0,1,60,829.091548808694,28.5290121001181,27.0267773369988,0.0508474576271186,0.0344099661142499,19.1108175286108,35.5328821826419,0.152047493130801,ok,0.155633473610588,0.03,0.58,0.00853804876139749,0.62,0.5284,0,0,0,0,observe
near_threshold_noise,97,2431.85084609143,2481.01430416505,40.5308474348571,1.01792687153644,0,0,1,1,0,0,1,60,833.183713253843,26.3929633459064,27.7779094504301,0.0677966101694915,0.0316772434771122,19.641948139585,31.7391068185381,0.153722469296946,ok,0.155139127573689,0.03,0.58,0.00337299589700618,0.62,0.5284,0,0,0,0,observe
near_threshold_noise,98,2457.29093410251,2505.83514998372,40.9548489017084,1.02857909287707,0,0,1,1,0,0,1,60,823.434485122791,23.1794829865741,26.3332417782394,0.0508474576271186,0.0281497598234759,18.620413832018,26.9788259895451,0.138407888622927,ok,0.14606150296739,0.03,0.58,0.0182228912963399,0.62,0.5284,0,0,0,0,observe
near_threshold_noise,99,2481.83537352056,2530.8000753387,41.3639228920094,1.0388562900805,0,0,1,1,0,0,1,60,829.762852894133,23.2942027257516,24.4071896005701,0.0508474576271186,0.0280733255827297,17.2584892762689,28.060369013214,0.133318865425174,ok,0.139526023318126,0.03,0.58,0.014778947364173,0.62,0.5284,0,0,0,0,observe
near_threshold_noise,100,2506.64403619588,2555.17630691406,41.7774006032646,1.04924412230291,0,0,1,1,0,0,1,60,822.352615505666,27.1237986111658,26.512379128123,0.0677966101694915,0.0329831730327596,18.7470830668845,33.4656208470946,0.152397188999442,ok,0.148011243625673,0.03,0.58,0.0104427270804028,0.62,0.5284,0,0,0,0,observe
near_threshold_noise,101,2531.58842811764,2580.47062258507,42.1931404686274,1.05968878679629,0,0,1,1,0,0,1,60,827.842454106154,27.5774283566632,26.5664722055208,0.0677966101694915,0.0333124113409228,18.7853326487277,34.1780687987257,0.153323921286574,ok,0.151898713329628,0.03,0.58,0.00339335227844148,0.62,0.5284,0,0,0,0,observe
near_threshold_noise,102,2556.05817089178,2604.51906264151,42.600969514863,1.06993470717458,0,0,1,1,0,0,1,60,822.379262124087,27.8640124835785,22.2643135129435,0.0169491525423729,0.033882192519799,15.7432470634656,36.1241824166129,0.130730183086114,ok,0.140329118212483,0.03,0.58,0.0228546074437367,0.62,0.5284,0,0,0,0,observe
near_threshold_noise,103,2581.30334793255,2629.65627757175,43.0217224655425,1.0805053157945,0,0,1,1,0,0,1,60,819.760916444595,26.7811535615049,24.009926102578,0.0169491525423729,0.0326694686514918,16.9775815629208,33.8559019440361,0.132521939068799,ok,0.136800660530192,0.03,0.58,0.0101874320509354,0.62,0.5284,0,0,0,0,observe
near_threshold_noise,104,2605.32151720611,2654.16816346561,43.4220252867686,1.09056215424518,0,0,1,1,0,0,1,60,827.485013735081,28.6924000801596,27.4033444321045,0.0508474576271186,0.0346742232232685,19.3770906751317,35.6515918534868,0.153602121948495,ok,0.147634131507447,0.03,0.58,0.0142095010501148,0.62,0.5284,0,0,0,0,observe
near_threshold_noise,105,2630.56434343248,2678.70885005615,43.842739057208,1.10113177853693,0,0,1,1,0,0,1,60,817.542874740033,27.3557594159889,26.7401029953722,0.0338983050847458,0.0334609477511349,18.9081081576544,33.7514235603385,0.144864659361402,ok,0.146843457548753,0.03,0.58,0.00471142425559751,0.62,0.5284,0,0,0,0,observe
near_threshold_noise,106,2654.94807245636,2703.78364122624,44.2491345409393,1.11134168341458,0,0,1,1,0,0,1,60,826.92462934378,24.4596685044868,23.8877525899887,0.0338983050847458,0.0295790784752622,16.8911918436875,30.1867256389047,0.130361562819338,ok,0.138119503475464,0.03,0.58,0.0184712872764898,0.62,0.5284,0,0,0,0,observe
near_threshold_noise,107,2679.54661004253,2727.73496695873,44.6591101673755,1.12164153249173,0,0,1,1,0,0,1,60,817.101948376337,28.2594933793714,27.0233951695776,0.0847457627118644,0.03458502752995,19.1084259750921,35.1007975532166,0.16223760641454,ok,0.153163391692547,0.03,0.58,0.0216052731476042,0.62,0.5284,0,0,0,0,observe
near_threshold_noise,108,2704.54213449606,2752.92027877521,45.0757022416009,1.13210760709367,0,0,1,1,0,0,1,60,818.943959149524,27.4653408920741,25.1416979207177,0.0677966101694915,0.0335375096002869,17.7778650902832,34.5345828622174,0.149718050322987,ok,0.15184137622755,0.03,0.58,0.00505553786800705,0.62,0.5284,0,0,0,0,observe
near_threshold_noise,109,2728.56439686385,2777.08085171467,45.4760732810641,1.14216615939635,0,0,1,1,0,0,1,60,822.431412598922,25.3910800337913,22.7948261732105,0.0508474576271186,0.0308731885052326,16.1183761630457,32.0875651994873,0.134122855931673,ok,0.142274231775007,0.03,0.58,0.0194080377222243,0.62,0.5284,0,0,0,0,observe
near_threshold_noise,110,2753.75369270464,2801.5342553118,45.8958948784107,1.15271336955513,0,0,1,1,0,0,1,60,810.23294227643,21.6465199283116,23.3916616531906,0.0508474576271186,0.026716415488481,16.5404025781924,25.7596337816535,0.128216845129755,ok,0.13507163688003,0.03,0.58,0.0163209327387518,0.62,0.5284,0,0,0,0,observe
near_threshold_noise,111,2777.86842271294,2826.00274342528,46.2978070452157,1.1628106397181,0,0,1,1,0,0,1,60,815.364861843584,20.3370895845134,19.9014023034361,0.0169491525423729,0.0249423178949975,14.0724165238812,25.0830922877432,0.109700660923181,ok,0.121488665575681,0.03,0.58,0.0280666777440471,0.62,0.5284,0,0,0,0,observe
near_threshold_noise,112,2802.37009860128,2849.88588063403,46.7061683100214,1.17306993106431,0,0,1,1,0,0,1,60,805.86042203714,25.5222119247433,21.9030965681717,0.0338983050847458,0.0316707598819974,15.487828112338,32.6020518284615,0.12893451909243,ok,0.127281746242888,0.03,0.58,0.00393517345128938,0.62,0.5284,0,0,0,0,observe
near_threshold_noise,113,2826.75949753633,2874.77794869253,47.1126582922721,1.1832822100355,0,0,1,1,0,0,1,60,812.920087787426,29.3642840190866,22.3623702403536,0.0169491525423729,0.0361219810658255,15.8125836403583,38.3990175723786,0.135264389883565,ok,0.13324017954916,0.03,0.58,0.00481954841525023,0.62,0.5284,0,0,0,0,observe
near_threshold_noise,114,2850.72280778444,2898.66970417734,47.5120467964074,1.19331607802785,0,0,1,1,0,0,1,60,813.063725721799,26.2159989722502,22.7242444223409,0,0.0322434738420742,16.0684673283778,33.411997275573,0.125225335340728,ok,0.129769917383631,0.03,0.58,0.0108204334354819,0.62,0.5284,0,0,0,0,observe
near_threshold_noise,115,2875.6079419866,2923.32542861104,47.92679903311,1.20373593025073,0,0,1,1,0,0,1,60,809.124665308492,26.4598790983104,22.2511551412579,0,0.0327018569977992,15.7339426896174,33.9513394615624,0.124885401757629,ok,0.128202696402482,0.03,0.58,0.00789832058298374,0.62,0.5284,0,0,0,0,observe
near_threshold_noise,116,2899.46989149543,2947.33905609813,48.3244981915904,1.21372735668275,0,0,1,1,0,0,1,60,811.155865346511,26.6111884268194,24.4660513384628,0.0508474576271186,0.0328065043522204,17.3001108102852,33.4218022393651,0.141595632884652,ok,0.137275891612798,0.03,0.58,0.0102850982663188,0.62,0.5284,0,0,0,0,observe
near_threshold_noise,117,2924.16125800057,2971.33141285284,48.7360209666762,1.22406607489397,0,0,1,1,0,0,1,60,800.099737363364,25.2899558685889,26.8177445080722,0.0847457627118644,0.0316085041496564,18.9630089977862,30.3243800500559,0.155527576538484,ok,0.148938516401053,0.03,0.58,0.0156882384224531,0.62,0.5284,0,0,0,0,observe
near_threshold_noise,118,2948.09046796877,2996.02396265496,49.1348411328128,1.23408566448723,0,0,1,1,0,0,1,60,811.415109280539,27.2158380555397,22.8457005676218,0.0169491525423729,0.033541201962176,16.1543497923227,34.9348059235772,0.131154313175868,ok,0.139406427917139,0.03,0.58,0.0196478922411219,0.62,0.5284,0,0,0,0,observe
near_threshold_noise,119,2972.16028765506,3019.42757066627,49.536004794251,1.24416412989253,0,0,1,1,0,0,1,60,801.602630223845,29.9444304273859,25.7579574024641,0.0338983050847458,0.0373557038092851,18.2136263487966,38.2308990538743,0.149722493844513,ok,0.146412704171504,0.03,0.58,0.00788045160240169,0.62,0.5284,0,0,0,0,observe
near_threshold_noise,120,2996.83721686915,3044.18366276594,49.9472869478192,1.25449680295092,0,0,1,1,0,0,1,60,802.661668516306,28.671069072501,22.814884173246,0.0338983050847458,0.0357199928651116,16.1325593108879,37.1994749102851,0.138879237707487,ok,0.142889693477252,0.03,0.58,0.00954870421372636,0.62,0.5284,0,0,0,0,observe
near_threshold_noise,121,3020.25139906837,3067.88102851186,50.3375233178061,1.26430074117579,0,0,1,1,0,0,1,60,807.557630759787,26.6087199521816,26.0704214968815,0.0847457627118644,0.0329496235793684,18.4345718288364,32.8057085958332,0.156161687464975,ok,0.151522629714505,0.03,0.58,0.0110453755963575,0.62,0.5284,0,0,0,0,observe
near_threshold_noise,122,3045.00287469076,3092.11011787854,50.7500479115127,1.27466462815299,0,0,1,1,0,0,1,60,798.774251876735,24.8046851844544,27.8089632080845,0.0847457627118644,0.031053436094335,19.6639064622038,29.0495369471784,0.157295049840436,ok,0.15558826311874,0.03,0.58,0.00406377790880191,0.62,0.5284,0,0,0,0,observe
near_threshold_noise,123,3068.67513005998,3116.45709018805,51.1445855009997,1.28457662624493,0,0,1,1,0,0,1,60,809.601027936635,24.6373514171783,25.1259040553754,0.0508474576271186,0.0304314724994478,17.7666971409985,29.9723646449044,0.1388749934308,ok,0.146509742469142,0.03,0.58,0.0181779739008152,0.62,0.5284,0,0,0,0,observe
near_threshold_noise,124,3092.90785035829,3139.90727772315,51.5484641726381,1.29472330105952,0,0,1,1,0,0,1,60,796.619330743517,29.6000200823434,25.2411277611402,0.0508474576271186,0.0371570447012834,17.8481726046982,37.8650909469812,0.151976889784717,ok,0.150524642401953,0.03,0.58,0.0034577318637235,0.62,0.5284,0,0,0,0,observe
near_threshold_noise,125,3117.25961816144,3164.44684885744,51.9543269693573,1.30491982320054,0,0,1,1,0,0,1,60,799.82931115655,28.203850023263,24.5205581934749,0.0508474576271186,0.0352623361382947,17.3386529770855,35.9205432198571,0.146276184997679,ok,0.148803316118945,0.03,0.58,0.00601697886015709,0.62,0.5284,0,0,0,0,observe
near_threshold_noise,126,3140.71752318469,3187.76077578211,52.3452920530782,1.31474206895638,0,0,1,1,0,0,1,60,797.558300982731,27.8464673009925,22.9882015427174,0.0338983050847458,0.0349146479532352,16.2551131981385,35.8695243515465,0.137521720030889,ok,0.143046146821675,0.03,0.58,0.0131533971209199,0.62,0.5284,0,0,0,0,observe
near_threshold_noise,127,3165.23491178725,3212.10190078962,52.7539151964542,1.32500793949798,0,0,1,1,0,0,1,60,794.250865536252,26.4115000149973,24.1112788585947,0.0338983050847458,0.0332533474762601,17.0492487839922,33.2333835470593,0.136947857912597,ok,0.140440376354504,0.03,0.58,0.00831552009977723,0.62,0.5284,0,0,0,0,observe
near_threshold_noise,128,3188.5834096469,3235.86790244103,53.1430568274483,1.33478437451124,0,0,1,1,0,0,1,60,801.78544431527,24.297775632702,27.2396048618195,0.0508474576271186,0.0303045856032625,19.2613093146346,28.456383552381,0.14422962008719,ok,0.143635040235328,0.03,0.58,0.00141566631395665,0.62,0.5284,0,0,0,0,observe
near_threshold_noise,129,3212.93090627445,3259.54080201925,53.5488484379074,1.3449791082344,0,0,1,1,0,0,1,60,790.648353827214,26.8144924568114,26.3641514725393,0.0338983050847458,0.0339145617985709,18.6422702864619,33.0227159694549,0.14403949027729,ok,0.144786018245736,0.03,0.58,0.00177744754391815,0.62,0.5284,0,0,0,0,observe
near_threshold_noise,130,3236.65497876011,3283.94759923872,53.9442496460019,1.35491280308279,0,0,1,1,0,0,1,60,801.328279961546,30.2158533291821,27.7141969122683,0.0677966101694915,0.037707209498,19.5968965718042,37.9731119290386,0.164863281243563,ok,0.157318223124683,0.03,0.58,0.0179644240925708,0.62,0.5284,0,0,0,0,observe
near_threshold_noise,131,3260.35916552759,3307.39001488813,54.3393194254599,1.36483817142416,0,0,1,1,0,0,1,60,797.486881147936,27.3256584377594,24.5158923486851,0.0508474576271186,0.0342647121648267,17.3353537265946,34.5379317459518,0.144210872305176,ok,0.150287540426627,0.03,0.58,0.0144682574320258,0.62,0.5284,0,0,0,0,observe
near_threshold_noise,132,3284.72697265554,3331.86127336644,54.745449544259,1.37504140951828,0,0,1,1,0,0,1,60,798.561235462066,24.7817622844222,18.4528488410103,0.0169491525423729,0.0310330143562289,13.0481345476887,32.5271835342169,0.116539272354118,ok,0.131462298925821,0.03,0.58,0.0355310156469119,0.62,0.5284,0,0,0,0,observe
near_threshold_noise,133,3308.16540016485,3355.37190787812,55.1360900027474,1.38485549968953,0,0,1,1,0,0,1,60,799.698216499855,26.8369467300607,24.3979580099674,0.0508474576271186,0.0335588427938748,17.2519615559526,33.8055208813023,0.142589414796699,ok,0.139139176197999,0.03,0.58,0.00821485380642767,0.62,0.5284,0,0,0,0,observe
near_threshold_noise,134,3332.70267191413,3379.64868273733,55.5450445319021,1.39512969566143,0,0,1,1,0,0,1,60,796.456822848076,26.929308205031,26.7289058832216,0.0677966101694915,0.0338113849144183,18.900190603723,33.062941126676,0.153959232414588,ok,0.148764501563431,0.03,0.58,0.0123684067884683,0.62,0.5284,0,0,0,0,observe
near_threshold_noise,135,3356.15505278001,3403.56595693163,55.9359175463335,1.40494962835346,0,0,1,1,0,0,1,60,803.234150891961,25.3546692141806,20.6301991028934,0.0338983050847458,0.0315657261161333,14.5877536828846,32.7553956533656,0.125827533983522,ok,0.136248194927685,0.03,0.58,0.0248110974861034,0.62,0.5284,0,0,0,0,observe
near_threshold_noise,136,3380.44478628869,3426.97126730919,56.3407464381448,1.41512017562226,0,0,1,1,0,0,1,60,788.709742864317,22.8314909423877,15.9140111409539,0,0.028947900224323,11.2529051936468,30.2642707165969,0.104719965903755,ok,0.119064367581628,0.03,0.58,0.0341533373282691,0.62,0.5284,0,0,0,0,observe
near_threshold_noise,137,3404.345955365,3451.5896590309,56.7390992560833,1.42512802399093,0,0,1,1,0,0,1,60,800.395034987706,35.7612360535045,32.6222815330186,0.11864406779661,0.0446794826182971,23.0674364897741,45.0069481518041,0.214757533871577,ok,0.176101981966741,0.03,0.58,0.0920370283448465,0.62,0.5284,0,0,0,0,observe
near_threshold_noise,138,3427.8126615722,3476.35102216495,57.1302110262033,1.43495395496042,0,0,1,1,0,0,1,60,822.995914262748,52.4220914594504,58.9504960749455,0.372881355932203,0.0636966606406678,41.6842955289049,61.307184344291,0.531279255061309,ok,0.382203030416029,0.0311932070415087,0.58,0.354943392012572,0.62,0.528734097971622,0,0,0,0,observe
near_threshold_noise,139,3452.30442780125,3500.95595376193,57.5384071300209,1.44520909695446,0,0,1,1,0,0,1,60,822.771578850508,61.5646328586233,67.9296038712155,0.491525423728814,0.0748259109103344,48.0334835406524,72.6167508016163,0.650137968972743,ok,0.532509778412439,0.03,0.58,0.280067120381676,0.62,0.5284,1,0,0,0,observe
near_threshold_noise,140,3477.09870928769,3524.78243851977,57.9516451547949,1.45559090751503,0,0,1,1,0,0,1,60,807.190272580249,57.2586717319178,57.3591866557608,0.423728813559322,0.0709357801709946,40.5590698476334,70.0861814489977,0.567768404516252,ok,0.544076535136657,0.03,0.58,0.0564092128085597,0.62,0.5284,0,0,0,0,observe
near_threshold_noise,141,3501.7805774475,3548.38044654701,58.3630096241249,1.46592564859862,0,0,1,1,0,0,1,60,790.408213084812,40.9700381720849,41.2514935819944,0.254237288135593,0.0518340238548214,29.1692108459016,50.0624129889034,0.341420996876783,ok,0.417361594260486,0.03,0.58,0.180810946151675,0.62,0.5284,0,0,0,0,observe
near_threshold_noise,142,3525.53401860407,3572.38177149176,58.7589003100679,1.47587164063651,0,0,1,1,0,0,1,60,793.322216199892,24.4534099603117,23.1521730175051,0.0508474576271186,0.0308240579438787,16.3710585398821,30.4618935665185,0.134273514361995,ok,0.247188995743997,0.03,0.58,0.268846384242862,0.62,0.5284,0,0,0,0,observe
near_threshold_noise,143,3549.18655064054,3595.54184577149,59.1531091773423,1.48577538021512,0,0,1,1,0,0,1,60,786.023320407948,23.626153361336,20.1636936147221,0,0.0300578274815993,14.2578844887379,30.2175938024943,0.114903279963028,ok,0.168770117898286,0.03,0.58,0.128254376036329,0.62,0.5284,0,0,0,0,observe
near_threshold_noise,144,3573.14976722019,3619.79936590826,59.5524961203365,1.4958092089868,0,0,1,1,0,0,1,60,790.293240275043,26.6628084805015,21.1539267007372,0,0.0337378673152033,14.9580850188145,34.6130958555533,0.123908320450787,ok,0.1430332684077,0.03,0.58,0.0455355903736022,0.62,0.5284,0,0,0,0,observe
near_threshold_noise,145,3596.34852383732,3642.9699844055,59.9391420639553,1.5055229446549,0,0,1,1,0,0,1,60,790.46897723345,26.4969922600338,20.5614741955991,0,0.033520597295001,14.5391578349003,34.5368511463978,0.1221875948189,ok,0.131874339362322,0.03,0.58,0.0230636774843375,0.62,0.5284,0,0,0,0,observe
near_threshold_noise,146,3620.57524172745,3666.64767574737,60.3429206954575,1.51566710615348,0,0,1,1,0,0,1,60,780.805163985141,21.2660266123793,22.5995093977171,0.0338983050847458,0.0272360219851005,15.9802663466148,25.4778111942156,0.122462105194855,ok,0.127628010193261,0.03,0.58,0.0122997738057276,0.62,0.5284,0,0,0,0,observe
near_threshold_noise,147,3643.7581335638,3690.47750052005,60.7293022260633,1.5253741989532,0,0,1,1,0,0,1,60,791.791935242489,24.202227311711,23.4184920590165,0.0677966101694915,0.030566397855895,16.5593745400939,29.9546779074045,0.139205274297866,ok,0.135662597517062,0.03,0.58,0.00843494471620118,0.62,0.5284,0,0,0,0,observe
near_threshold_noise,148,3667.47627413123,3713.54411021488,61.1246045688538,1.53530541000099,0,0,1,1,0,0,1,60,781.607241125124,27.8339598920736,27.245715757179,0.0847457627118644,0.0356111847838136,19.2656303701824,34.3262892399779,0.163974009569348,ok,0.153200519049958,0.03,0.58,0.0256511679033097,0.62,0.5284,0,0,0,0,observe
near_threshold_noise,149,3691.23176948497,3737.69028889951,61.5205294914162,1.54525226216809,0,0,1,1,0,0,1,60,786.879806324388,26.3681985394723,24.689104738799,0.0508474576271186,0.0335098172904466,17.4578333822297,32.9512949978049,0.142924398085529,ok,0.14791571581053,0.03,0.58,0.011884089821431,0.62,0.5284,0,0,0,0,observe
near_threshold_noise,150,3714.34039480786,3760.76584306686,61.9056732467977,1.554928258246,0,0,1,1,0,0,1,60,787.028880866331,24.7777366362806,19.3404176674426,0,0.0314826269259728,13.6757404836287,32.2621541106325,0.115715542568543,ok,0.130048139291752,0.03,0.58,0.0341252302933556,0.62,0.5284,0,0,0,0,observe
near_threshold_noise,151,3738.48905319082,3784.80636243091,62.3081508865138,1.56503973482825,0,0,1,1,0,0,1,60,785.267892190057,26.5671153139578,20.188521662663,0,0.0338319133867348,14.2754405698005,34.7539210557364,0.121852126715223,ok,0.126553238887213,0.03,0.58,0.011193124219024,0.62,0.5284,0,0,0,0,observe
near_threshold_noise,152,3761.52619540172,3808.32511489402,62.6921032566953,1.57468579964449,0,0,1,1,0,0,1,60,792.654530452716,23.6003266478579,23.4936584859733,0.0169491525423729,0.0297737863611009,16.6125252303126,28.947795101586,0.125378823887132,ok,0.127218936567208,0.03,0.58,0.0043812206668489,0.62,0.5284,0,0,0,0,observe
near_threshold_noise,153,3785.60219442844,3831.7577612558,63.0933699071407,1.5847668524505,0,0,1,1,0,0,1,60,782.52331374811,21.9943213786328,24.9901212965655,0.0338983050847458,0.0281069215347527,17.6706842314758,25.5977980421098,0.129831043798929,ok,0.130064041560113,0.03,0.58,0.000554756574246223,0.62,0.5284,0,0,0,0,observe
near_threshold_noise,154,3809.06402921068,3855.99610486168,63.4844004868447,1.59459074366695,0,0,1,1,0,0,1,60,794.516499460942,25.0642831879156,21.3524902453295,0.0338983050847458,0.0315465861375075,15.0984906476921,32.069801427661,0.127203074283049,ok,0.129663066692101,0.03,0.58,0.00585712478345743,0.62,0.5284,0,0,0,0,observe
near_threshold_noise,155,3832.58863935089,3878.96187674277,63.8764773225149,1.60444092005219,0,0,1,1,0,0,1,60,786.735258116151,28.656485430292,21.2083006913405,0.0338983050847458,0.0364245597672976,14.9965332362902,37.6495990061769,0.136166143671754,ok,0.134703342059659,0.03,0.58,0.00348286098117906,0.62,0.5284,0,0,0,0,observe
near_threshold_noise,156,3856.75007085196,3903.07850746443,64.2791678475327,1.61455774496819,0,0,1,1,0,0,1,60,784.706710045945,25.7403604461286,20.8030252056164,0.0169491525423729,0.0328025236901842,14.709960192086,33.2978885658007,0.124410008841826,ok,0.129874684573412,0.03,0.58,0.0130111326942528,0.62,0.5284,0,0,0,0,observe
near_threshold_noise,157,3879.77210090666,3926.04550672099,64.6628683484443,1.62419748205347,0,0,1,1,0,0,1,60,784.727166303665,28.0479010760764,22.1234282781684,0.0169491525423729,0.0357422328172881,15.6436261585871,36.4506031521716,0.133129628442612,ok,0.133025709966298,0.03,0.58,0.000247424943604385,0.62,0.5284,0,0,0,0,observe
near_threshold_noise,158,3903.86448610819,3950.02058441767,65.0644081018032,1.6342853960449,0,0,1,1,0,0,1,60,782.36794922067,30.771864215833,27.1845005323197,0.0677966101694915,0.0393317035117368,19.2223446695726,39.04249889594,0.166305637320735,ok,0.153511819940721,0.03,0.58,0.0304614699524146,0.62,0.5284,0,0,0,0,observe
near_threshold_noise,159,3926.80127315261,3973.72494699541,65.4466878858768,1.6438894403522,0,0,1,1,0,0,1,60,794.657337907061,26.9971014433272,26.7343751520556,0.0677966101694915,0.0339732613738032,18.9040579608037,33.1711254752862,0.154244180093186,ok,0.154604090966644,0.03,0.58,0.000856930651091631,0.62,0.5284,0,0,0,0,observe
near_threshold_noise,160,3950.84141968929,3996.9943248803,65.8473569948215,1.6539554810773,0,0,1,1,0,0,1,60,782.895674377089,24.5039673219146,22.1488820688888,0.0169491525423729,0.0312991476692104,15.6616247066124,30.912818386167,0.124657281288791,ok,0.13787491826113,0.03,0.58,0.0314705642198552,0.62,0.5284,0,0,0,0,observe
near_threshold_noise,161,3974.48031092779,4021.24081430939,66.2413385154632,1.66385350900903,0,0,1,1,0,0,1,60,791.931121899638,24.7536753988833,21.4283340694138,0,0.0312573590232262,15.1521203300132,31.5579172476791,0.119931636224202,ok,0.128529366739531,0.03,0.58,0.0204707869412603,0.62,0.5284,0,0,0,0,observe
near_threshold_noise,162,3997.80731172388,4044.36375687143,66.6301218620646,1.67362094281604,0,0,1,1,0,0,1,60,789.490533185464,27.3755442571125,24.316541883574,0.0169491525423729,0.0346749493583624,17.1943916608819,34.6870832177981,0.136440014424875,ok,0.134414602355194,0.03,0.58,0.00482240968971601,0.62,0.5284,0,0,0,0,observe
near_threshold_noise,163,4022.03647915969,4068.36695893363,67.0339413193281,1.68376612998336,0,0,1,1,0,0,1,60,785.435743737259,25.3838531273067,22.3000750281077,0.0169491525423729,0.0323181792141586,15.7685342733437,32.2495476874907,0.126922572937386,ok,0.131217977313515,0.03,0.58,0.0102271532764964,0.62,0.5284,0,0,0,0,observe
near_threshold_noise,164,4045.14925151846,4091.69420693593,67.4191541919742,1.6934438624996,0,0,1,1,0,0,1,60,788.840834408331,24.5696630198582,24.9168037419447,0.0508474576271186,0.0311465405290367,17.6188408914234,29.94850793381,0.139175334716977,ok,0.137062551579222,0.03,0.58,0.00503043604227288,0.62,0.5284,0,0,0,0,observe
near_threshold_noise,165,4069.16370466871,4115.21979196556,67.8193950778118,1.70349914494277,0,0,1,1,0,0,1,60,780.88055053226,23.1510697776245,26.5582427498142,0.0508474576271186,0.0296473894270313,18.7795135447921,26.8192828897018,0.140772588546214,ok,0.140296396720281,0.03,0.58,0.00113379006174558,0.62,0.5284,0,0,0,0,observe
near_threshold_noise,166,4092.44570899569,4139.26775978369,68.2074284832614,1.71324773792077,0,0,1,1,0,0,1,60,792.892547462711,23.553285793222,23.3907924398348,0,0.029705520462506,16.5397879515342,28.9127992043779,0.121821354288487,ok,0.13058140291249,0.03,0.58,0.0208572586285769,0.62,0.5284,0,0,0,0,observe
near_threshold_noise,167,4116.02836109267,4162.25909652312,68.6004726848778,1.7231222175148,0,0,1,1,0,0,1,60,783.988409292673,27.1761177728056,25.1853125309108,0.0338983050847458,0.0346639280003186,17.8087052769096,34.0577857583691,0.142181397774206,ok,0.138554748578891,0.03,0.58,0.00863487903646609,0.62,0.5284,0,0,0,0,observe
near_threshold_noise,168,4140.05136678295,4186.44792464842,69.0008561130491,1.73318108105995,0,0,1,1,0,0,1,60,786.336081078892,27.0512778407215,24.2210139658276,0.0338983050847458,0.0344016744133193,17.1268432224507,34.2083981920437,0.139249014387952,ok,0.140001843083958,0.03,0.58,0.00179244927620512,0.62,0.5284,0,0,0,0,observe
near_threshold_noise,169,4163.02896555716,4209.57596709832,69.3838160926193,1.74280221397082,0,0,1,1,0,0,1,60,788.614509586561,25.3358591695985,20.7058835065979,0,0.0321270517618057,14.6412706379741,32.702365569314,0.119837959357004,ok,0.129314744076609,0.03,0.58,0.0225637731419169,0.62,0.5284,0,0,0,0,observe
near_threshold_noise,170,4187.22676924366,4233.42215884495,69.7871128207277,1.75293426857351,0,0,1,1,0,0,1,60,782.903903275478,25.8453716187787,26.07472036422,0.0677966101694915,0.0330121889936274,18.4376115870829,31.5597995429218,0.1503114392506,ok,0.142770095726793,0.03,0.58,0.0179555798185878,0.62,0.5284,0,0,0,0,observe
near_threshold_noise,171,4210.33653840856,4257.30369978196,70.1722756401427,1.7626107435986,0,0,1,1,0,0,1,60,795.462211394186,28.2656975786293,28.4633459917383,0.0847457627118644,0.0355336773686443,20.1266249660171,34.5372014889793,0.167708690116512,ok,0.158172674060515,0.03,0.58,0.0227048001333258,0.62,0.5284,0,0,0,0,observe
near_threshold_noise,172,4234.25481300583,4280.47818526671,70.5709135500972,1.77262575435583,0,0,1,1,0,0,1,60,784.267107029355,31.1353807915412,28.9649584690718,0.0508474576271186,0.0396999702173865,20.4813185502674,38.978705269814,0.167594043315542,ok,0.164187116842105,0.03,0.58,0.00811172969865775,0.62,0.5284,0,0,0,0,observe
near_threshold_noise,173,4258.03597592334,4304.57547227216,70.967266265389,1.78258335399245,0,0,1,1,0,0,1,60,787.862874836691,29.0200322723598,30.8168843077632,0.0847457627118644,0.0368338618295411,21.7908278690607,34.777641768219,0.177397417758688,ok,0.172247576029302,0.03,0.58,0.0122615279271085,0.62,0.5284,0,0,0,0,observe
near_threshold_noise,174,4281.29516712396,4327.65760779205,71.354919452066,1.79232239470509,0,0,1,1,0,0,1,60,786.323708755739,26.8260653302787,28.4362358105246,0.0847457627118644,0.0341158037479597,20.1074551730417,32.170884486953,0.164569589259989,ok,0.167989704787162,0.03,0.58,0.00814313220755503,0.62,0.5284,0,0,0,0,observe
near_threshold_noise,175,4305.37407088281,4351.97544542668,71.7562345147136,1.80240466377456,0,0,1,1,0,0,1,60,789.999552575393,28.8207634637886,25.8060763780079,0.0508474576271186,0.0364819997300417,18.2476516027073,36.4457957007048,0.151862666641033,ok,0.158938682101771,0.03,0.58,0.0168476558588994,0.62,0.5284,0,0,0,0,observe
near_threshold_noise,176,4328.45980523722,4375.401516285,72.1409967539537,1.81207107499322,0,0,1,1,0,0,1,60,795.731808215923,29.17290181846,29.507152126676,0.0847457627118644,0.0366617263721898,20.8647073622756,35.5918584469203,0.173176710377004,ok,0.167727483712441,0.03,0.58,0.0129743492013394,0.62,0.5284,0,0,0,0,observe
near_threshold_noise,177,4352.79209908665,4398.99092684668,72.5465349847775,1.82225944304039,0,0,1,1,0,0,1,60,783.591356999992,25.633350636747,27.2130835903971,0.0847457627118644,0.0327126510620091,19.2425559437662,30.722326905426,0.158304329198824,ok,0.16257132150499,0.03,0.58,0.0101595054908707,0.62,0.5284,0,0,0,0,observe
near_threshold_noise,178,4376.16520188277,4422.98777165902,72.9360866980461,1.83204618058206,0,0,1,1,0,0,1,60,793.1042562336,23.3038461886105,22.5748344336825,0.0169491525423729,0.0293830804783207,15.9628185122205,28.8327404093116,0.122502256535173,ok,0.13977046652057,0.03,0.58,0.041114785679517,0.62,0.5284,0,0,0,0,observe
near_threshold_noise,179,4399.80332080356,4446.21721953431,73.330055346726,1.84194388513051,0,0,1,1,0,0,1,60,787.104878127127,25.0426570327208,24.9944489930361,0.0338983050847458,0.0318161629137765,17.6737443749971,30.6905213752426,0.136354305377741,ok,0.138802877301411,0.03,0.58,0.00582993315159533,0.62,0.5284,0,0,0,0,observe
near_threshold_noise,180,4423.77433555552,4470.5717273395,73.7295722592587,1.85198097913686,0,0,1,1,0,0,1,60,793.065928008019,27.4271448081483,24.641022045779,0.0677966101694915,0.0345836882401925,17.4238337839375,34.6540987608102,0.149819612611568,ok,0.146230751273306,0.03,0.58,0.00854490794824142,0.62,0.5284,0,0,0,0,observe
near_threshold_noise,181,4447.01944442545,4494.0184413035,74.1169907404241,1.86171412332495,0,0,1,1,0,0,1,60,796.687029486562,25.0967494844096,23.325143384681,0.0338983050847458,0.0315013908291988,16.4933670594564,31.4270983771723,0.131789572606558,ok,0.138705852714505,0.03,0.58,0.0164673335903502,0.62,0.5284,0,0,0,0,observe
near_threshold_noise,182,4471.34968985259,4517.868566842,74.5224948308765,1.87190163366094,0,0,1,1,0,0,1,60,788.28065837499,24.3849258806155,22.4093368568564,0.0169491525423729,0.0309343196760454,15.8457940533768,30.62939815315,0.124726783839246,ok,0.131638605278449,0.03,0.58,0.0164567177123889,0.62,0.5284,0,0,0,0,observe
near_threshold_noise,183,4494.78265329865,4541.8966703113,74.9130442216441,1.88171343593087,0,0,1,1,0,0,1,60,797.970483463164,26.1126062775366,24.3127239106963,0.0338983050847458,0.0327237746491684,17.1916919463697,32.683055873532,0.136538813810903,ok,0.135699433374256,0.03,0.58,0.00199852484916122,0.62,0.5284,0,0,0,0,observe
near_threshold_noise,184,4518.66379236954,4565.24992942766,75.3110632061589,1.89171289737685,0,0,1,1,0,0,1,60,789.689376427702,26.6130017811029,25.0214767105558,0.0169491525423729,0.0337005949117506,17.6928558573353,33.2184674422757,0.136351361325493,ok,0.137193925864942,0.03,0.58,0.00200610604630744,0.62,0.5284,0,0,0,0,observe
near_threshold_noise,185,4542.6605538686,4589.77508922542,75.7110092311434,1.90176077200822,0,0,1,1,0,0,1,60,797.973648568744,28.9503280429264,25.6974700229464,0.0169491525423729,0.0362798045961193,18.1708553125635,36.6887313053475,0.143514659019127,ok,0.141938664162573,0.03,0.58,0.00375236870608137,0.62,0.5284,0,0,0,0,observe
near_threshold_noise,186,4566.05118167226,4613.24182470676,76.100853027871,1.91155484758501,0,0,1,1,0,0,1,60,799.86492131821,26.3266393505769,28.734699277999,0.0508474576271186,0.0329138566386803,20.3185007148292,31.1984359815066,0.15330671087506,ok,0.149491276918918,0.03,0.58,0.00908436656224143,0.62,0.5284,0,0,0,0,observe
near_threshold_noise,187,4590.5483497127,4637.50495931355,76.5091391618783,1.92181225141441,0,0,1,1,0,0,1,60,795.497834802031,23.0396623560181,23.600483992773,0.0169491525423729,0.0289625707928568,16.6880622705743,27.9850077829553,0.124306337810167,ok,0.135652832057486,0.03,0.58,0.0270154624936163,0.62,0.5284,0,0,0,0,observe
near_threshold_noise,188,4614.0230145708,4661.26132023236,76.9003835761801,1.93164151481384,0,0,1,1,0,0,1,60,800.324925426707,23.0942188773853,27.1939226817735,0.0847457627118644,0.0288560535148549,19.2290071353447,26.3994540796211,0.151731396931267,ok,0.14609594831643,0.03,0.58,0.0134177347972305,0.62,0.5284,0,0,0,0,observe
near_threshold_noise,189,4638.30802389863,4685.05166916945,77.3051337316438,1.94181008398335,0,0,1,1,0,0,1,60,792.445164265154,24.8229120879548,27.2511487150482,0.0847457627118644,0.0313244539904201,19.2694720515337,29.3435065373555,0.156057871407171,ok,0.152728245811486,0.03,0.58,0.00792767998972713,0.62,0.5284,0,0,0,0,observe
near_threshold_noise,190,4662.04554043247,4709.33447932554,77.7007590072078,1.95174940809594,0,0,1,1,0,0,1,60,801.219318219687,26.5157059092896,23.6310975769741,0.0338983050847458,0.0330941919476025,16.7097093435594,33.5700898626982,0.135617091213201,ok,0.143491024350031,0.03,0.58,0.0187474598495958,0.62,0.5284,0,0,0,0,observe
near_threshold_noise,191,4685.8801344313,4732.7818416935,78.0980022405217,1.96172938028507,0,0,1,1,0,0,1,60,795.502875400753,27.7374395240855,26.4906839414454,0.0847457627118644,0.0348678054873304,18.7317422532656,34.465242416989,0.160752242985499,ok,0.154422557344982,0.03,0.58,0.0150706800964699,0.62,0.5284,0,0,0,0,observe
near_threshold_noise,192,4710.12345090113,4757.47867401284,78.5020575150188,1.97188049190681,0,0,1,1,0,0,1,60,802.403244788344,29.3266029753325,25.4486417938316,0.0677966101694915,0.0365484600988474,17.9949071844057,37.3668649952091,0.156183902995793,ok,0.156088689377359,0.03,0.58,0.000226699091509547,0.62,0.5284,0,0,0,0,observe
near_threshold_noise,193,4733.58031805296,4781.1113850027,78.8930053008826,1.98170230308726,0,0,1,1,0,0,1,60,805.492388486624,27.4488485536962,27.1859138834936,0.0847457627118644,0.0340771048194107,19.2233440597719,33.7244958006362,0.161378451960155,ok,0.159759316703071,0.03,0.58,0.00385508394543807,0.62,0.5284,0,0,0,0,observe
near_threshold_noise,194,4758.30763497083,4805.23870963601,79.3051272495138,1.99205607438138,0,0,1,1,0,0,1,60,796.000593719554,27.7449782164247,28.3540046925943,0.0847457627118644,0.0348554742739297,20.0493089919286,33.7282202525709,0.166035012877996,ok,0.16390928570361,0.03,0.58,0.00506125517710904,0.62,0.5284,0,0,0,0,observe
near_threshold_noise,195,4781.89862572617,4829.45314563905,79.6983104287696,2.0019340455213,0,0,1,1,0,0,1,60,805.696010605822,25.9686195024695,25.2747637638242,0.0338983050847458,0.0322312871860233,17.8719568502881,32.0831974103193,0.138273046221051,ok,0.149445752803995,0.03,0.58,0.0266016823403426,0.62,0.5284,0,0,0,0,observe
near_threshold_noise,196,4806.05787574864,4853.67115999202,80.1009645958107,2.01204995701306,0,0,1,1,0,0,1,60,807.207505933431,39.6087521973866,40.1462224736243,0.169491525423729,0.049068860121146,28.3876661501235,48.2892007784048,0.279402927661819,ok,0.225590881250872,0.03,0.58,0.128123920026064,0.62,0.5284,0,0,0,0,observe
near_threshold_noise,197,4830.24070455858,4878.38951283649,80.5040117426429,2.02217574136623,0,0,1,1,0,0,1,60,815.606119957461,52.6336185941718,56.2887098817982,0.355932203389831,0.0645331334651057,39.8021284616617,62.8998106718524,0.512955852477569,ok,0.391113674354834,0.03,0.58,0.290100424101749,0.62,0.5284,0,0,0,0,observe
near_threshold_noise,198,4854.39819293041,4902.97995598808,80.9066365488401,2.03229091522326,0,0,1,1,0,0,1,60,821.813266601079,55.8109014663513,60.3249172431509,0.440677966101695,0.0679119013217911,42.6561580571493,66.4090778792857,0.577378579811523,ok,0.493827254925972,0.03,0.58,0.198931725917979,0.62,0.5284,0,0,0,0,observe
near_threshold_noise,199,4879.13796054988,4927.50873534549,81.3189660091647,2.04264989984955,0,0,1,1,0,0,1,60,818.65370848333,54.0465757143814,55.979182578681,0.406779661016949,0.0660188491841198,39.5832596066652,65.3852449090165,0.538350385489579,ok,0.511742223828729,0.03,0.58,0.0633527658591649,0.62,0.5284,0,0,0,0,observe
near_threshold_noise,200,4903.76621486385,4951.58741682108,81.7294369143976,2.05296219185386,0,0,1,1,0,0,1,60,810.124347216651,39.6397908881519,42.2599484391444,0.220338983050847,0.0489305018721417,29.8822961139129,47.4307328877939,0.317432500225226,ok,0.390682680098214,0.03,0.58,0.174405190173779,0.62,0.5284,0,0,0,0,observe
near_threshold_noise,201,4928.36087707144,4975.88672232733,82.1393479511906,2.06326041824045,0,0,1,1,0,0,1,60,806.299783030586,26.1012992838802,23.8502701609836,0.0508474576271186,0.0323717057020343,16.8646877639627,32.8350111198004,0.139107486911585,ok,0.239459864511494,0.03,0.58,0.238934232380736,0.62,0.5284,0,0,0,0,observe
near_threshold_noise,202,4952.37758337764,5000.63028402539,82.5396263896273,2.07331664412045,0,0,1,1,0,0,1,60,817.381120071694,24.1897033135986,21.2906751703839,0.0169491525423729,0.0295941546967428,15.0547807890185,30.7186762116216,0.120381804963083,ok,0.168896201387726,0.03,0.58,0.115510467677721,0.62,0.5284,0,0,0,0,observe
near_threshold_noise,203,4976.72715914311,5024.31967174391,82.9454526523851,2.08351224841597,0,0,1,1,0,0,1,60,807.215823609688,25.5359192560272,25.9081883865591,0.0338983050847458,0.0316345622931873,18.3198556963945,31.1215236092959,0.138881698714565,ok,0.151767605562322,0.03,0.58,0.030680730589898,0.62,0.5284,0,0,0,0,observe
near_threshold_noise,204,5001.41973103931,5049.19948740169,83.3569955173219,2.09385147134605,0,0,1,1,0,0,1,60,809.486722938361,27.5226160654415,26.345380952706,0.0677966101694915,0.0340000833683065,18.6289975246013,34.1752723676022,0.153603067814813,ok,0.153543630008596,0.03,0.58,0.000141518586230349,0.62,0.5284,0,0,0,0,observe
near_threshold_noise,205,5025.14407992966,5073.17352610779,83.752401332161,2.10378528193005,0,0,1,1,0,0,1,60,814.23090606466,24.406818324279,24.5666612503716,0.0508474576271186,0.0299753032493473,17.3712527612505,29.8265844329093,0.13671506421115,ok,0.144449762369861,0.03,0.58,0.01841594799693,0.62,0.5284,0,0,0,0,observe
near_threshold_noise,206,5050.02889862616,5097.92920656382,84.167148310436,2.11420500204504,0,0,1,1,0,0,1,60,812.161986035663,28.1688376188413,24.9841558400249,0.0338983050847458,0.0346837676512532,17.6664660167031,35.7052209638026,0.142437098592729,ok,0.144178283367404,0.03,0.58,0.00414567803494048,0.62,0.5284,0,0,0,0,observe
near_threshold_noise,207,5073.96176226117,5122.85596391923,84.5660293710195,2.12422612149416,0,0,1,1,0,0,1,60,828.040630190682,28.5895490003752,28.5927169305248,0.0677966101694915,0.0345267465846351,20.2181040341215,35.0136101159984,0.161540331758392,ok,0.155150978693319,0.03,0.58,0.0152127453930327,0.62,0.5284,0,0,0,0,observe
near_threshold_noise,208,5098.76016125256,5146.97959669446,84.9793360208759,2.13460965612794,0,0,1,1,0,0,1,60,817.50650217726,29.1370225530956,30.167490166601,0.0847457627118644,0.0356413343202716,21.3316368681821,35.2546938015807,0.173718177162336,ok,0.166546149142277,0.03,0.58,0.0170762571906167,0.62,0.5284,0,0,0,0,observe
near_threshold_noise,209,5123.65250386732,5172.19627927369,85.3942083977887,2.14503252664252,0,0,1,1,0,0,1,60,822.338589241117,29.3937170637516,28.5464905683295,0.0847457627118644,0.0357440565824317,20.1854170599436,36.3390993801979,0.169142209157476,ok,0.168390900992707,0.03,0.58,0.00178882896373572,0.62,0.5284,0,0,0,0,observe
near_threshold_noise,210,5147.7966254614,5196.15928625904,85.7966104243567,2.15514210358986,0,0,1,1,0,0,1,60,819.661492743123,30.4933639617579,27.8880511876873,0.0847457627118644,0.0372023868776697,19.7198301088912,38.3512554147181,0.170235769780899,ok,0.169753474184842,0.03,0.58,0.00114832284775457,0.62,0.5284,0,0,0,0,observe
near_threshold_noise,211,5173.03751365121,5221.39112808886,86.2172918941869,2.16571091639092,0,0,1,1,0,0,1,60,819.914146919572,31.4495254256737,26.2655395767404,0.0677966101694915,0.0383570957323153,18.5725411462368,40.4129436489292,0.162831753017685,ok,0.165997088358433,0.03,0.58,0.00753651271606701,0.62,0.5284,0,0,0,0,observe
near_threshold_noise,212,5196.97033108027,5245.90118743266,86.6161721846712,2.17573201649278,0,0,1,1,0,0,1,60,829.031686226991,24.5961473272108,20.8514252909871,0.0169491525423729,0.0296685250224275,14.7441842206616,31.5047608838872,0.119768965867763,ok,0.139537650687212,0.03,0.58,0.0470682971891637,0.62,0.5284,0,0,0,0,observe
near_threshold_noise,213,5222.22564523204,5270.34309902744,87.0370940872006,2.18630686970297,0,0,1,1,0,0,1,60,815.866182309614,21.5169822675263,20.723988823366,0,0.0263731758149535,14.6540730302363,26.6686931705808,0.110520211570948,ok,0.123727187202461,0.03,0.58,0.0314451800750311,0.62,0.5284,0,0,0,0,observe
near_threshold_noise,214,5246.69424107309,5295.54055681802,87.4449040178848,2.1965523098398,0,0,1,1,0,0,1,60,827.322823089302,27.1235090568094,24.9999311154442,0.0169491525423729,0.0327846740109594,17.6776208209271,34.0421974793221,0.135450973796573,ok,0.131945058309544,0.03,0.58,0.00834741782625956,0.62,0.5284,0,0,0,0,observe
near_threshold_noise,215,5271.17567594996,5319.72329865949,87.8529279324993,2.2068031259113,0,0,1,1,0,0,1,60,823.003327200898,28.027191491099,24.7677926934664,0.0338983050847458,0.0340547730061089,17.5134741685727,35.5573501305173,0.140904188949078,ok,0.138352338611073,0.03,0.58,0.0060758341381062,0.62,0.5284,0,0,0,0,observe
near_threshold_noise,216,5296.36537600079,5345.31566008999,88.2727562666798,2.21735050532007,0,0,1,1,0,0,1,60,829.585054532866,30.8158800056032,24.8110818122646,0.0508474576271186,0.0371461368996762,17.5440841980265,39.8928819552063,0.151845107614879,ok,0.147227665700282,0.03,0.58,0.0109939093204706,0.62,0.5284,0,0,0,0,observe
near_threshold_noise,217,5320.5598119835,5369.54685672743,88.6759968663916,2.22748114980476,0,0,1,1,0,0,1,60,830.392634465775,31.7914017320261,29.4866665769243,0.0677966101694915,0.0382847828996928,20.8502218911299,39.8328343865309,0.17231881136882,ok,0.162606393012387,0.03,0.58,0.0231248056105553,0.62,0.5284,0,0,0,0,observe
near_threshold_noise,218,5346.1300598448,5394.53301552423,89.1021676640801,2.23818787141023,0,0,1,1,0,0,1,60,820.289257237488,27.951661370484,28.0565897726395,0.0677966101694915,0.0340753717348654,19.8390048852025,34.190709730939,0.15885507121832,ok,0.160868945267916,0.03,0.58,0.0047949382133238,0.62,0.5284,0,0,0,0,observe
near_threshold_noise,219,5370.35956697698,5419.61544178743,89.5059927829496,2.2483332008145,0,0,1,1,0,0,1,60,834.476417666735,25.2399154418393,26.506126460746,0.0677966101694915,0.0302464094940061,18.7426617633817,30.3779408954239,0.147534925014743,ok,0.153617316100324,0.03,0.58,0.0144818835370976,0.62,0.5284,0,0,0,0,observe
near_threshold_noise,220,5395.40691656052,5443.99545051299,89.923448609342,2.25882097552832,0,0,1,1,0,0,1,60,824.373916479296,25.2437276740495,23.7729984670614,0.0338983050847458,0.030621696258731,16.8100484251965,31.4946637655602,0.131888594517076,ok,0.141679501216312,0.03,0.58,0.0233116826172293,0.62,0.5284,0,0,0,0,observe
near_threshold_noise,221,5420.41119412149,5469.51694777434,90.3401865686915,2.26929071521341,0,0,1,1,0,0,1,60,831.691766448371,27.0245212274071,23.6897140842423,0.0169491525423729,0.0324934336464719,16.7511574733382,34.3518299140611,0.131675121515517,ok,0.1368426375592,0.03,0.58,0.0123036096278158,0.62,0.5284,0,0,0,0,observe
near_threshold_noise,222,5444.86658672194,5493.84571703197,90.7477764453657,2.27953062691648,0,0,1,1,0,0,1,60,830.837775316305,27.9252525402544,26.5664816956705,0.0338983050847458,0.0336109567594264,18.7853393592769,34.7383143521785,0.145017723670875,ok,0.14267175303748,0.03,0.58,0.00558564436522735,0.62,0.5284,0,0,0,0,observe
near_threshold_noise,223,5470.35259404052,5519.44408719862,91.1725432340086,2.29020207549511,0,0,1,1,0,0,1,60,832.118990404715,29.8965064617901,26.0420659439304,0.0677966101694915,0.0359281626865041,18.4145214250604,38.0592642851344,0.15733497418885,ok,0.15211709312873,0.03,0.58,0.0124235263336188,0.62,0.5284,0,0,0,0,observe
near_threshold_noise,224,5494.70443963675,5544.11438276095,91.5784073272792,2.3003986302095,0,0,1,1,0,0,1,60,837.811095482876,29.2786209797587,22.1048199939224,0.0508474576271186,0.0349465662816077,15.6304681146105,38.3427145553216,0.140795804684116,ok,0.14625339508401,0.03,0.58,0.0129942628568903,0.62,0.5284,0,0,0,0,observe
near_threshold_noise,225,5520.31135105426,5569.108691385,92.0051891842377,2.31112070350383,0,0,1,1,0,0,1,60,827.743403106255,30.4933469237321,24.662130041731,0.0508474576271186,0.0368391301087999,17.4387593910125,39.4408174880357,0.150740017031727,ok,0.149706050257569,0.03,0.58,0.00246182565275785,0.62,0.5284,0,0,0,0,observe
near_threshold_noise,226,5544.93842085471,5594.54096109964,92.4156403475786,2.32143249953108,0,0,1,1,0,0,1,60,840.442972311551,28.1523308576336,23.9719442443748,0.0508474576271186,0.0334970150088869,16.9507243334233,36.024719429964,0.142424582236602,ok,0.146246206338918,0.03,0.58,0.0090991050055122,0.62,0.5284,0,0,0,0,observe
near_threshold_noise,227,5569.98268470033,5619.06772351827,92.8330447450055,2.33191898219105,0,0,1,1,0,0,1,60,832.650535554456,24.4115341632161,22.0967723272138,0.0169491525423729,0.0293178628017823,15.6247775549081,30.7849366860381,0.122040231751379,ok,0.133057336678404,0.03,0.58,0.0262312022072038,0.62,0.5284,0,0,0,0,observe
near_threshold_noise,228,5595.38389553296,5644.80689470883,93.2563982588827,2.34255492495946,0,0,1,1,0,0,1,60,837.76556015321,27.4772904992482,23.582635948796,0.0338983050847458,0.0327983051657354,16.6754417976473,35.0988978062479,0.135818905674603,ok,0.135842001811904,0.03,0.58,5.49908030972046e-05,0.62,0.5284,0,0,0,0,observe
near_threshold_noise,229,5619.89508753077,5669.50137735542,93.6649181255128,2.35281820087145,0,0,1,1,0,0,1,60,840.560897285856,26.1689231206763,25.4593123302209,0.0677966101694915,0.031132691522024,18.0024523930454,32.3347612087651,0.146471359554633,ok,0.143119810857027,0.03,0.58,0.0079798778514433,0.62,0.5284,0,0,0,0,observe
near_threshold_noise,230,5645.64224287233,5694.79673165158,94.0940373812055,2.36359899681328,0,0,1,1,0,0,1,60,833.16394904573,23.7853108231667,23.6592306772629,0.0338983050847458,0.0285481757226887,16.7296024495494,29.1822278757009,0.128121550566886,ok,0.135350200655148,0.03,0.58,0.0172110716387194,0.62,0.5284,0,0,0,0,observe
near_threshold_noise,231,5670.28965014032,5720.14744931972,94.5048275023387,2.37391930850312,0,0,1,1,0,0,1,60,844.101199404889,24.8861161399967,20.7118614991839,0,0.0294823845263364,14.6454977170695,32.0022960064762,0.116244524121985,ok,0.125394083209404,0.03,0.58,0.0217846644938538,0.62,0.5284,0,0,0,0,observe
near_threshold_noise,232,5695.63761069238,5744.9992334556,94.9272935115396,2.38453295442353,0,0,1,1,0,0,1,60,836.70836340038,23.816605766743,20.5352931166215,0.0169491525423729,0.028464644084532,14.5206450164165,30.3909902570504,0.117125581383796,ok,0.121974421253674,0.03,0.58,0.0115448568330439,0.62,0.5284,0,0,0,0,observe
near_threshold_noise,233,5720.96942693502,5771.01192308578,95.3494904489171,2.39513984043191,0,0,1,1,0,0,1,60,847.741229434436,26.0824848375811,22.9292065438741,0.0169491525423729,0.0307670358972417,16.2133974344003,33.1318241912436,0.126935446774406,ok,0.126314060640106,0.03,0.58,0.00147949079595228,0.62,0.5284,0,0,0,0,observe
near_threshold_noise,234,5745.87230586678,5795.54404976498,95.7645384311131,2.40556712269148,0,0,1,1,0,0,1,60,842.413605156346,29.6322519885305,21.1893677519395,0,0.0351754195411302,14.983145626452,39.1362499859155,0.128255807853631,ok,0.12879315969582,0.03,0.58,0.00127940914806804,0.62,0.5284,0,0,0,0,observe
near_threshold_noise,235,5771.83392187458,5821.45764000578,96.197232031243,2.4164377171625,0,0,1,1,0,0,1,60,840.761948666602,31.1860220429402,26.2473357565,0.0847457627118644,0.0370925707239717,18.5596691015013,40.008431918388,0.166054005991213,ok,0.151694862922813,0.03,0.58,0.0341884358771421,0.62,0.5284,0,0,0,0,observe
near_threshold_noise,236,5796.35462010256,5846.58846814888,96.6059103350426,2.42670497350364,0,0,1,1,0,0,1,60,850.740306398224,28.4483464477816,28.7521570877266,0.101694915254237,0.0334395187742112,20.3308452504723,34.7170500277221,0.171869108494162,ok,0.16410921480854,0.03,0.58,0.0184759373467173,0.62,0.5284,0,0,0,0,observe
near_threshold_noise,237,5822.37553115265,5871.84274019547,97.0395921858774,2.43760039587283,0,0,1,1,0,0,1,60,839.751669828244,23.9366785846638,24.3224412473832,0.0338983050847458,0.0285044727443764,17.198563141036,29.1571361627784,0.129829019179917,ok,0.144627149130764,0.03,0.58,0.0352336427401107,0.62,0.5284,0,0,0,0,observe
near_threshold_noise,238,5847.42420355693,5897.55723753959,97.4570700592822,2.44808872447543,0,0,1,1,0,0,1,60,849.479489845281,20.5040830439027,22.8139722991042,0.0338983050847458,0.0241372314329063,16.1319145184986,24.0955634279502,0.119194585832272,ok,0.130767658259543,0.03,0.58,0.0275549343506464,0.62,0.5284,0,0,0,0,observe
near_threshold_noise,239,5872.6944220518,5922.26015341644,97.87824036753,2.45866981840152,0,0,1,1,0,0,1,60,840.290220349486,25.5101551426239,25.7003626509554,0.0508474576271186,0.0303587433541877,18.1729007094441,31.1653928357427,0.14090656286422,ok,0.137888877942115,0.03,0.58,0.00718496410024932,0.62,0.5284,0,0,0,0,observe
near_threshold_noise,240,5898.37883570415,5948.37194867296,98.3063139284024,2.46942434327226,0,0,1,1,0,0,1,60,846.911852222841,30.7234457075928,26.4073113762409,0.0508474576271186,0.036277028863104,18.6727889470446,39.2324761547616,0.154741156269711,ok,0.14872439964798,0.03,0.58,0.0143256110041232,0.62,0.5284,0,0,0,0,observe
near_threshold_noise,241,5923.11407357733,5973.30945823785,98.7185678929555,2.4797814312125,0,0,1,1,0,0,1,60,850.821747023434,28.1473500500166,25.1511991272616,0.0338983050847458,0.0330825465480742,17.7845834578599,35.6125711077809,0.14068370906304,ok,0.144848944237586,0.03,0.58,0.00991722660606045,0.62,0.5284,0,0,0,0,observe
near_threshold_noise,242,5949.19913422459,5998.90548563512,99.1533189037431,2.49070371416911,0,0,1,1,0,0,1,60,842.225616035944,26.9129619321423,24.5627426477733,0.0338983050847458,0.0319545753770967,17.3684818907805,33.8666632063377,0.136757692650971,ok,0.141041824922562,0.03,0.58,0.0102003149323599,0.62,0.5284,0,0,0,0,observe
near_threshold_noise,243,5974.13702546385,6024.70227476888,99.5689504243974,2.50114565671008,0,0,1,1,0,0,1,60,856.546942183764,26.416298539425,24.8322775089615,0.0338983050847458,0.030840456300126,17.5590718188929,32.9745455451173,0.135675144153042,ok,0.138910896088192,0.03,0.58,0.00770417127416623,0.62,0.5284,0,0,0,0,observe
near_threshold_noise,244,5999.81817913691,6049.81780148795,99.9969696522819,2.511898816569,0,0,1,1,0,0,1,60,848.538597547165,26.7941147662113,24.5031811458989,0.0338983050847458,0.031576777819729,17.3263655489075,33.6993505734967,0.136034586476282,ok,0.138278081931862,0.03,0.58,0.00534165584661786,0.62,0.5284,0,0,0,0,observe
near_threshold_noise,245,6025.52519892209,6075.8571338835,100.425419982035,2.52266280703319,0,0,1,1,0,0,1,60,852.580985243618,25.5507378582319,24.0281834983367,0.0338983050847458,0.0299686930631358,16.9904914912686,31.8904940238514,0.131937864482337,ok,0.135652148146455,0.03,0.58,0.00884353253361272,0.62,0.5284,0,0,0,0,observe
near_threshold_noise,246,6050.67856425668,6100.74396371267,100.844642737611,2.53319497244429,0,0,1,1,0,0,1,60,848.769370411899,25.5665230369879,19.9823504482944,0,0.030121872829342,14.129655506035,33.2813316392604,0.115916949833951,ok,0.125323298991912,0.03,0.58,0.0223960694237167,0.62,0.5284,0,0,0,0,observe
near_threshold_noise,247,6076.69293409275,6126.57723926272,101.278215568213,2.5440876558898,0,0,1,1,0,0,1,60,845.335089653687,23.4335448685258,18.6276395463576,0,0.02772101283306,13.1717302407282,30.4099913297572,0.108832680119244,ok,0.117136592911169,0.03,0.58,0.0197712209331528,0.62,0.5284,0,0,0,0,observe
near_threshold_noise,248,6101.57053146031,6151.96644322693,101.692842191005,2.5545043523048,0,0,1,1,0,0,1,60,853.707991904256,22.7859566686323,24.9925102439368,0.0508474576271186,0.0266905743939524,17.672373472362,26.9459989323634,0.132935084057653,ok,0.127883875634768,0.03,0.58,0.012026686721155,0.62,0.5284,0,0,0,0,observe
near_threshold_noise,249,6127.441832002,6177.46480298034,102.124030533367,2.56533713006955,0,0,1,1,0,0,1,60,848.126061960359,23.2998241102832,25.232451635687,0.0677966101694915,0.0274721237270176,17.8420376575559,27.702442119182,0.139539918935763,ok,0.135957707083349,0.03,0.58,0.00852907583908061,0.62,0.5284,0,0,0,0,observe
near_threshold_noise,250,6152.78702735564,6203.53620611347,102.546450455927,2.57594961815177,0,0,1,1,0,0,1,60,859.496048109033,24.0761709464666,20.0128842020694,0.0169491525423729,0.0280119623579844,14.1512461303844,30.9687947431644,0.115649874905703,ok,0.125289030201814,0.03,0.58,0.0229503697526453,0.62,0.5284,0,0,0,0,observe
near_threshold_noise,251,6178.34530936918,6228.5094167266,102.97242182282,2.58665132944207,0,0,1,1,0,0,1,60,850.743562437613,28.2491830230762,22.1055531314444,0.0338983050847458,0.0332052856704958,15.6309865211238,36.7655401608484,0.133416284844277,ok,0.131381554333356,0.03,0.58,0.00484459645457161,0.62,0.5284,0,0,0,0,observe
near_threshold_noise,252,6204.33501507018,6254.71444460545,103.405583584503,2.59753368557166,0,0,1,1,0,0,1,60,852.970641533069,28.0032841914591,22.2932835444928,0.0508474576271186,0.032830302507397,15.7637319692253,36.3300509966291,0.137364854370645,ok,0.136077053185783,0.03,0.58,0.00306619329728963,0.62,0.5284,0,0,0,0,observe
near_threshold_noise,253,6229.35923554653,6279.9492344663,103.822653925776,2.60801177571327,0,0,1,1,0,0,1,60,857.330295661672,23.7496877738813,20.1341962794143,0.0338983050847458,0.0277019112634434,14.2370267229148,30.4204274921426,0.11900674272882,ok,0.127283131380463,0.03,0.58,0.0197056872658156,0.62,0.5284,0,0,0,0,observe
near_threshold_noise,254,6255.59016913207,6305.65629809226,104.259836152201,2.61899513828665,0,0,1,1,0,0,1,60,849.030891446751,25.5336622131166,22.9382927901039,0.0677966101694915,0.0300738906797693,16.219822380725,32.2622561821831,0.138353597169924,ok,0.135032466627563,0.03,0.58,0.0079074536722889,0.62,0.5284,0,0,0,0,observe
near_threshold_noise,255,6280.77246543675,6331.47096139284,104.679541090613,2.62953941761406,0,0,1,1,0,0,1,60,858.695448775689,36.3152149773772,35.7533478558092,0.169491525423729,0.0422911464468046,25.2814347189642,44.7039006827928,0.246540102932106,ok,0.200840077525183,0.03,0.58,0.108809584302197,0.62,0.5284,0,0,0,0,observe
near_threshold_noise,256,6306.53968499165,6356.1888492784,105.108994749861,2.64032861480204,0,0,1,1,0,0,1,60,842.209186435728,52.8981284025965,55.1097616587261,0.406779661016949,0.0628087763165634,38.9684861784596,63.8582889056259,0.524746215568092,ok,0.388180467636436,0.03,0.58,0.32515654269442,0.62,0.5284,0,0,0,0,observe
near_threshold_noise,257,6332.20656960204,6380.63731685647,105.536776160034,2.65107579994837,0,0,1,1,0,0,1,60,819.439257727176,59.649407913306,67.2008555855391,0.576271186440678,0.0727929585394183,47.5181806860726,69.7002599213354,0.650081730800738,ok,0.534837052487293,0.03,0.58,0.274392091222489,0.62,0.5284,1,0,0,0,observe
near_threshold_noise,258,6356.93659099723,6405.33118809615,105.948943183287,2.66143070365567,0,0,1,1,0,0,1,60,819.038980295785,52.9174262074421,60.161680614727,0.457627118644068,0.0646091669389553,42.5407323302528,61.5694249254121,0.568717173347667,ok,0.54554562886363,0.03,0.58,0.0551703440096114,0.62,0.5284,0,0,0,0,observe
near_threshold_noise,259,6381.37383552773,6431.39107408975,106.356230592129,2.67166301643621,0,0,1,1,0,0,1,60,845.895953887997,41.4474060147305,42.6054411337028,0.254237288135593,0.0489982317851569,30.1265963410855,50.2808425108522,0.342132826992365,ok,0.418354453930933,0.03,0.58,0.181480064139447,0.62,0.5284,0,0,0,0,observe
near_threshold_noise,260,6406.17636015848,6456.99131927381,106.769606002641,2.68204827854921,0,0,1,1,0,0,1,60,861.002186294316,28.6029358750968,33.9779753133915,0.152542372881356,0.0332205148028735,24.0260567550882,32.5423489955946,0.210921184458596,ok,0.292036625397918,0.03,0.58,0.193132002236481,0.62,0.5284,0,0,0,0,observe
near_threshold_noise,261,6432.30922513612,6482.46157400896,107.205153752269,2.69299057803675,0,0,1,1,0,0,1,60,851.174998653536,27.3021362491831,26.5875171763767,0.0338983050847458,0.0320758202395183,18.8002136903298,33.7248462225679,0.142580143230566,ok,0.202528542780826,0.03,0.58,0.142734284643477,0.62,0.5284,0,0,0,0,observe
near_threshold_noise,262,6457.80975421135,6508.58979674814,107.630162570189,2.70366810713547,0,0,1,1,0,0,1,60,859.974624572178,27.2932371206295,23.413560759535,0.0169491525423729,0.0317372586827285,16.5558875847904,34.8675231601788,0.130219521222907,ok,0.160021590999156,0.03,0.58,0.0709573089910699,0.62,0.5284,0,0,0,0,observe
near_threshold_noise,263,6483.31158163829,6533.72870012722,108.055193027305,2.71434617987735,0,0,1,1,0,0,1,60,854.45210197101,26.1165677428523,21.4266923848467,0.0169491525423729,0.0305652799994381,15.1509594837232,33.6838039427937,0.123212410751855,ok,0.139175722362543,0.03,0.58,0.0380078847873513,0.62,0.5284,0,0,0,0,observe
near_threshold_noise,264,6509.43766390854,6559.89307822749,108.490627731809,2.72528563932359,0,0,1,1,0,0,1,60,855.054691322541,25.6164121486514,24.520572528833,0.0338983050847458,0.029958799605005,17.3386631137144,31.8083621736215,0.133216606971183,ok,0.136748207232018,0.03,0.58,0.00840857204960774,0.62,0.5284,0,0,0,0,observe
near_threshold_noise,265,6534.57928031989,6585.06179864563,108.909654671998,2.73581288524971,0,0,1,1,0,0,1,60,855.551641973406,27.7734883656382,26.2975213367446,0.0508474576271186,0.0324626673634523,18.59515566561,34.5970157349475,0.146840037926842,ok,0.143691414212769,0.03,0.58,0.00749672312874525,0.62,0.5284,0,0,0,0,observe
near_threshold_noise,266,6560.75450320381,6610.86166812712,109.34590838673,2.74677292075266,0,0,1,1,0,0,1,60,849.476498327132,24.4524081728326,21.9364164424762,0.0169491525423729,0.0287852674217433,15.511388821407,30.9069142382857,0.121066294654497,ok,0.131483821230809,0.03,0.58,0.0248036347055063,0.62,0.5284,0,0,0,0,observe
near_threshold_noise,267,6585.88442767035,6636.59401987585,109.764740461173,2.75729527105169,0,0,1,1,0,0,1,60,858.870353837071,22.7672944717871,20.0996596064766,0,0.0265084181449184,14.212605607281,28.8911965308123,0.110097132783273,ok,0.120302149636222,0.03,0.58,0.0242976591736877,0.62,0.5284,0,0,0,0,observe
near_threshold_noise,268,6611.7699948465,6661.70137649251,110.196166580775,2.76813402251229,0,0,1,1,0,0,1,60,847.328472756493,28.0194030138109,26.7911694489146,0.0508474576271186,0.0330679351806265,18.9442175932454,34.8035990995254,0.149182840837391,ok,0.138557336362067,0.03,0.58,0.0252988201793423,0.62,0.5284,0,0,0,0,observe
near_threshold_noise,269,6637.4113770511,6688.0569996435,110.623522950852,2.77887052934371,0,0,1,1,0,0,1,60,857.716329460837,31.2996900009667,29.4932702141727,0.11864406779661,0.0364918900642148,20.8548913678087,39.0437535894043,0.187424446481042,ok,0.167944615354749,0.03,0.58,0.0463805503006993,0.62,0.5284,0,0,0,0,observe
near_threshold_noise,270,6662.56426969796,6713.19166808733,111.042737828299,2.78940249683198,0,0,1,1,0,0,1,60,858.171526580361,28.6175643259596,27.8271335921882,0.101694915254237,0.0333471380016472,19.6767548640202,35.3660189153674,0.169167393021714,ok,0.168957622094649,0.03,0.58,0.000499454588250403,0.62,0.5284,0,0,0,0,observe
near_threshold_noise,271,6688.8974709999,6739.3736871958,111.481624516665,2.80042868073328,0,0,1,1,0,0,1,60,855.278125871577,28.075165850368,26.0488032844454,0.0338983050847458,0.0328257732790229,18.4192854442258,35.1732824566527,0.142674220054246,ok,0.15399151683443,0.03,0.58,0.0269459447147241,0.62,0.5284,0,0,0,0,observe
near_threshold_noise,272,6714.05306149433,6764.8600954434,111.900884358239,2.81096177785873,0,0,1,1,0,0,1,60,861.140455934534,26.9368773731654,24.8630131318274,0.0508474576271186,0.0312804690425707,17.5808051862453,33.7950590210638,0.140885376136603,ok,0.147045369005463,0.03,0.58,0.0146666496877609,0.62,0.5284,0,0,0,0,observe
near_threshold_noise,273,6740.22704459682,6790.43589208593,112.337117409947,2.82192129424295,0,0,1,1,0,0,1,60,851.036748168758,23.8425230841617,25.2955032091826,0.0508474576271186,0.0280158561136937,17.8866218527391,28.5832218746362,0.135908368726963,ok,0.141416365544995,0.03,0.58,0.0131142781381724,0.62,0.5284,0,0,0,0,observe
near_threshold_noise,274,6765.7258996573,6816.45557545566,112.762098327622,2.83259812240166,0,0,1,1,0,0,1,60,859.924666870919,20.6767152829287,23.3630439391382,0.0169491525423729,0.0240447984335266,16.5201667985239,24.1275195312644,0.116857446854314,ok,0.128144500292666,0.03,0.58,0.0268739367579819,0.62,0.5284,0,0,0,0,observe
near_threshold_noise,275,6791.33266132486,6841.46311093597,113.188877688748,2.843320132993,0,0,1,1,0,0,1,60,850.453647500712,26.2138445410116,24.0312856326411,0,0.030823366585643,16.9926850314714,32.9481402610505,0.126608635650395,ok,0.128560457392774,0.03,0.58,0.00464719462471092,0.62,0.5284,0,0,0,0,observe
near_threshold_noise,276,6817.30876979347,6867.60367192655,113.621812829891,2.8541967957174,0,0,1,1,0,0,1,60,852.468274514778,27.7533011696597,24.0855454662748,0,0.0325564035628854,17.0310525277798,35.361486131435,0.130097806782139,ok,0.130748396512308,0.03,0.58,0.00154902316706806,0.62,0.5284,0,0,0,0,observe
near_threshold_noise,277,6842.33248325642,6892.54572134241,114.03887472094,2.86467467356341,0,0,1,1,0,0,1,60,851.376840107249,28.4938042717061,24.9852241814729,0.0508474576271186,0.0334679109524716,17.6672214481856,36.2168890167193,0.145231257537766,ok,0.140389596314964,0.03,0.58,0.0115277648161971,0.62,0.5284,0,0,0,0,observe
near_threshold_noise,278,6868.5010317657,6918.29964545897,114.475017196095,2.87563191438593,0,0,1,1,0,0,1,60,844.93289220705,28.2107515885864,25.4884040202185,0.0508474576271186,0.0333881564426934,18.023023324319,35.5930279779188,0.146224064690265,ok,0.144771770145501,0.03,0.58,0.00345784415419942,0.62,0.5284,0,0,0,0,observe
near_threshold_noise,279,6893.37492365039,6943.98574408986,114.88958206084,2.88604705924876,0,0,1,1,0,0,1,60,857.333712457646,27.7189381739023,21.8081396635531,0.0169491525423729,0.0323315621106778,15.4206834411617,36.0399998499545,0.127504708480252,ok,0.13564462577199,0.03,0.58,0.0193807554565189,0.62,0.5284,0,0,0,0,observe
near_threshold_noise,280,6919.19750043389,6968.94512016924,115.319958340565,2.89685943550167,0,0,1,1,0,0,1,60,844.091245171252,28.9498053347903,27.2738355729972,0.101694915254237,0.0342970093581729,19.2855140826332,36.114421003431,0.169135928488667,ok,0.156187336778209,0.03,0.58,0.0308299802629957,0.62,0.5284,0,0,0,0,observe
near_threshold_noise,281,6944.79742073255,6995.01949566728,115.746623678876,2.9075785814891,0,0,1,1,0,0,1,60,850.562526290308,27.5414006200822,29.5229632112268,0.101694915254237,0.0323802187009142,20.8758874873794,32.882439353643,0.172100345107072,ok,0.166016960722139,0.03,0.58,0.0144842485355562,0.62,0.5284,0,0,0,0,observe
near_threshold_noise,282,6969.81170566802,7019.98575826638,116.1635284278,2.91805251144146,0,0,1,1,0,0,1,60,850.677301618863,25.9091465443504,24.7022029121974,0.0338983050847458,0.0304570798997981,17.4670951894609,32.2097552762444,0.134499636252968,ok,0.148089285119822,0.03,0.58,0.0323563068258419,0.62,0.5284,0,0,0,0,observe
near_threshold_noise,283,6995.87927316022,7045.90783040016,116.597987886004,2.92896746970016,0,0,1,1,0,0,1,60,848.138912214682,25.7803590443268,23.0569425060069,0.0169491525423729,0.0303963875174746,16.3037203994258,32.6104665107103,0.126568030882976,ok,0.136411107677432,0.03,0.58,0.0234358971296571,0.62,0.5284,0,0,0,0,observe
near_threshold_noise,284,7020.82315332595,7071.25044351271,117.013719222099,2.93941191991211,0,0,1,1,0,0,1,60,854.411420772278,22.0267355115526,21.2209395344468,0,0.025780010631931,15.005470247957,27.2981687523076,0.111292283908022,ok,0.122940629977703,0.03,0.58,0.0277341573087639,0.62,0.5284,0,0,0,0,observe
near_threshold_noise,285,7046.76759974861,7096.4224033142,117.446126662477,2.95027532516974,0,0,1,1,0,0,1,60,841.909548567276,18.4565338124539,20.7648039275379,0,0.0219222288710971,14.6829336671711,21.5800542090598,0.104287753046838,ok,0.113559857482363,0.03,0.58,0.0220764391322023,0.62,0.5284,0,0,0,0,observe
near_threshold_noise,286,7072.0955758691,7122.35105824936,117.868259597818,2.96088060325006,0,0,1,1,0,0,1,60,851.676912277404,23.2578219165486,20.1350001527588,0,0.0273082686418687,14.2375951472079,29.6503532024153,0.11137832336865,ok,0.113968859287854,0.03,0.58,0.00616794266477109,0.62,0.5284,0,0,0,0,observe
near_threshold_noise,287,7097.27060191982,7147.20030962028,118.28784336533,2.97142183839168,0,0,1,1,0,0,1,60,846.298438434629,28.8459284564093,25.6964123490957,0.0338983050847458,0.0340848182465806,18.1701074242113,36.5242710155479,0.144016205921494,ok,0.133060305081311,0.03,0.58,0.0260854781909113,0.62,0.5284,0,0,0,0,observe
near_threshold_noise,288,7123.22218940257,7173.16003258599,118.720369823376,2.9822882337393,0,0,1,1,0,0,1,60,846.816238943882,28.5207278375183,27.3210975352109,0.0508474576271186,0.0336799491151567,19.3189333366067,35.4068163988142,0.151875254211547,ok,0.145155855888799,0.03,0.58,0.0159985674351148,0.62,0.5284,0,0,0,0,observe
near_threshold_noise,289,7148.03323498124,7197.88695586315,119.133887249687,2.9926770637261,0,0,1,1,0,0,1,60,844.777437381149,29.7901338434766,23.4615271174352,0.0508474576271186,0.0352638843383737,16.5898049217305,38.7257346151551,0.144888135766496,ok,0.145878650649466,0.03,0.58,0.00235836876897491,0.62,0.5284,0,0,0,0,observe
near_threshold_noise,290,7173.99825437976,7223.37681962242,119.566637572996,3.00354908325788,0,0,1,1,0,0,1,60,836.946450607084,27.5161693943481,26.0313716970573,0.0508474576271186,0.0328768577420803,18.4069594505768,34.2850258868466,0.14646630559743,ok,0.147079348522918,0.03,0.58,0.0014596260130682,0.62,0.5284,0,0,0,0,observe
near_threshold_noise,291,7198.72623466013,7248.82719019198,119.978770577669,3.01390313231378,0,0,1,1,0,0,1,60,849.003905480609,25.9002010836739,24.053384387178,0.0169491525423729,0.0305065747241907,17.0083112106602,32.4400706243192,0.129238355771742,ok,0.137561173144458,0.03,0.58,0.0198162318398015,0.62,0.5284,0,0,0,0,observe
near_threshold_noise,292,7224.25857744249,7273.47346691226,120.404309624041,3.02459398238253,0,0,1,1,0,0,1,60,834.944121497399,27.2860965893353,22.9100612695098,0.0169491525423729,0.0326801469545053,16.1998596810696,35.0232305831248,0.130217191152176,ok,0.134371122025694,0.03,0.58,0.00989031160361514,0.62,0.5284,0,0,0,0,observe
near_threshold_noise,293,7249.64641223203,7299.30809106372,120.827440203867,3.03522432436168,0,0,1,1,0,0,1,60,841.34834786218,28.0272642505659,23.5339427737976,0,0.0333123186392196,16.6410105234084,35.9740441360422,0.129936927557962,ok,0.132949136959362,0.03,0.58,0.00717192714619,0.62,0.5284,0,0,0,0,observe
near_threshold_noise,294,7274.34664531977,7323.89278248007,121.23911075533,3.04556675517013,0,0,1,1,0,0,1,60,840.321926130188,27.1311311406493,22.7442480040284,0,0.0322865919560047,16.0826119966371,34.8359892253378,0.125999402879348,ok,0.130103972941578,0.03,0.58,0.00977278586245278,0.62,0.5284,0,0,0,0,observe
near_threshold_noise,295,7300.13586284811,7349.52251095655,121.668931047468,3.05636516330432,0,0,1,1,0,0,1,60,836.906998213805,25.7300513344174,20.1593513265319,0,0.030744218162033,14.2548140273128,33.4794169661038,0.117177568204263,ok,0.123864038075807,0.03,0.58,0.0159201663608204,0.62,0.5284,0,0,0,0,observe
near_threshold_noise,296,7324.69668671206,7374.5662588287,122.078278111868,3.06664922096925,0,0,1,1,0,0,1,60,844.557939143646,23.0810677884643,20.0645538029649,0,0.0273291703490086,14.1877820555588,29.3969083553923,0.111136714685959,ok,0.117896816750185,0.03,0.58,0.0160954811052996,0.62,0.5284,0,0,0,0,observe
near_threshold_noise,297,7350.38750023613,7399.39981050644,122.506458337269,3.07740642558112,0,0,1,1,0,0,1,60,831.288325831591,22.6272215237271,23.8080534171626,0.0338983050847458,0.0272194626348105,16.8348360181272,27.2134269067754,0.126217432125342,ok,0.124287773885672,0.03,0.58,0.00459442438016824,0.62,0.5284,0,0,0,0,observe
near_threshold_noise,298,7375.35511132462,7424.99770724803,122.922585188744,3.08786081235625,0,0,1,1,0,0,1,60,840.52414032224,27.3648176222215,28.0213543835868,0.101694915254237,0.0325568491247977,19.8140897026656,33.2425681355939,0.167724045634287,ok,0.15088475959795,0.03,0.58,0.040093538181756,0.62,0.5284,0,0,0,0,observe
near_threshold_noise,299,7400.30032493466,7449.36783620934,123.338338748911,3.09830582090525,0,0,1,1,0,0,1,60,832.800428381599,30.2930021270262,26.5283546953442,0.0847457627118644,0.0363748637664552,18.7583794987999,38.5156481746709,0.16502394408639,ok,0.159819190659377,0.03,0.58,0.0123922700643168,0.62,0.5284,0,0,0,0,observe
near_threshold_noise,300,7425.83616279812,7475.15970626277,123.763936046635,3.10899813442718,0,0,1,1,0,0,1,60,836.033316912319,31.6962734156831,26.8226665647768,0.0677966101694915,0.0379126917247094,18.9664894174593,40.6150190946758,0.163904256147268,ok,0.162697085037737,0.03,0.58,0.00287421692745404,0.62,0.5284,0,0,0,0,observe
near_threshold_noise,301,7450.22267385376,7499.75739212158,124.170377897563,3.11920920419145,0,0,1,1,0,0,1,60,839.825931870772,30.6488844553071,24.8912079639113,0.0508474576271186,0.0364943297083415,17.6007419432062,39.6096215553518,0.150956623738976,ok,0.156323650941505,0.03,0.58,0.0127786361964972,0.62,0.5284,0,0,0,0,observe
near_threshold_noise,302,7476.02299235631,7525.04121049066,124.600383205939,3.13001226050273,0,0,1,1,0,0,1,60,831.358403798151,28.9373963805595,28.7842556904384,0.0847457627118644,0.0348073661712636,20.3535423901164,35.5032270469175,0.168165536920694,ok,0.163788588805708,0.03,0.58,0.0104213050356792,0.62,0.5284,0,0,0,0,observe
near_threshold_noise,303,7500.61001667253,7550.16230032632,125.010166944542,3.14030728876716,0,0,1,1,0,0,1,60,840.081803412315,27.7117170319105,29.8411969796969,0.0677966101694915,0.0329869268913441,21.1009127430672,33.024687782367,0.162559455887131,ok,0.16348421927503,0.03,0.58,0.00220181759023466,0.62,0.5284,0,0,0,0,observe
near_threshold_noise,304,7525.89086067199,7574.73719513035,125.431514344533,3.15089283178269,0,0,1,1,0,0,1,60,828.266410661527,28.5316443745661,30.7979099243137,0.11864406779661,0.0344474241708996,21.7774109538547,33.9684240667764,0.186341725273654,ok,0.177157770428501,0.03,0.58,0.0218665591551259,0.62,0.5284,0,0,0,0,observe
near_threshold_noise,305,7550.93549013348,7600.26092785264,125.848924835558,3.16137946753259,0,0,1,1,0,0,1,60,834.977125438644,30.1341645856259,31.3312387954788,0.169491525423729,0.0360898085319347,22.1545314152581,36.404841550507,0.215915380177232,ok,0.199708808267967,0.03,0.58,0.0385870759744416,0.62,0.5284,0,0,0,0,observe
near_threshold_noise,306,7575.55271245846,7624.54673960684,126.259211874308,3.17168714024515,0,0,1,1,0,0,1,60,830.159074608173,30.1651696551778,28.3571997981983,0.0677966101694915,0.0363366137621461,20.0515682727678,37.6538116324743,0.1646691792207,ok,0.178889161452199,0.03,0.58,0.0338571005511888,0.62,0.5284,0,0,0,0,observe
near_threshold_noise,307,7601.07862495212,7649.69268799278,126.684643749202,3.18237529783664,0,0,1,1,0,0,1,60,823.862669002374,23.0430355430724,24.2913164723148,0,0.0279695104658347,17.1765546015223,27.6934820147182,0.121683763638796,ok,0.14573802385183,0.03,0.58,0.0572720481262718,0.62,0.5284,0,0,0,0,observe
near_threshold_noise,308,7625.37325938348,7674.37592435747,127.089554323058,3.19254789720971,0,0,1,1,0,0,1,60,830.486412510522,20.2700246484184,22.0315096915537,0,0.0244074127439882,15.5786299026748,24.0635427327413,0.110633867044142,ok,0.126241014702305,0.03,0.58,0.0371598753765777,0.62,0.5284,0,0,0,0,observe
near_threshold_noise,309,7650.55466100671,7698.98407326589,127.509244350112,3.20309180191794,0,0,1,1,0,0,1,60,821.523087885185,23.505553485666,24.6364967173571,0,0.0286121642012222,17.4206338935233,28.3115454202493,0.123607843248336,ok,0.126068501688505,0.03,0.58,0.0058587105718305,0.62,0.5284,0,0,0,0,observe
near_threshold_noise,310,7675.17925055745,7724.21316972727,127.919654175957,3.21340255942012,0,0,1,1,0,0,1,60,830.620756163333,27.4595269596835,30.5260467405536,0.0847457627118644,0.033059042596672,21.585174653063,32.2820612244004,0.169998677963133,ok,0.152907077685239,0.03,0.58,0.0406942863759387,0.62,0.5284,0,0,0,0,observe
near_threshold_noise,311,7699.82844870923,7748.3248005965,128.330474145154,3.22372362098514,0,0,1,1,0,0,1,60,822.345455510151,28.3017029800073,28.2296874577657,0.101694915254237,0.034415831923641,19.9614034321629,34.6917159586485,0.17153966471622,ok,0.16439671980554,0.03,0.58,0.0170070116920947,0.62,0.5284,0,0,0,0,observe
near_threshold_noise,312,7725.03451636538,7773.65985106189,128.750575272756,3.23427785380395,0,0,1,1,0,0,1,60,824.111355576983,26.9160272207556,20.7917235820833,0.0169491525423729,0.0326606678073389,14.7019687374474,35.1112112855714,0.125049932316551,ok,0.141968785722826,0.03,0.58,0.0402829843006568,0.62,0.5284,0,0,0,0,observe
near_threshold_noise,313,7749.15040237146,7797.75502954791,129.152506706191,3.24437560800394,0,0,1,1,0,0,1,60,823.837149190099,30.3912465023596,25.6660799633774,0.0508474576271186,0.0368898714172294,18.1486591885804,38.9600038191878,0.153354551250664,ok,0.149530916328757,0.03,0.58,0.0091038926712072,0.62,0.5284,0,0,0,0,observe
near_threshold_noise,314,7774.49829406376,7822.37192545423,129.574971567729,3.25498922509154,0,0,1,1,0,0,1,60,811.867906539111,34.8466475352403,39.1305636065708,0.186440677966102,0.0429215728994475,27.6694868778577,40.779617271458,0.268550396272859,ok,0.219330035604852,0.03,0.58,0.117191334923827,0.62,0.5284,0,0,0,0,observe
near_threshold_noise,315,7798.54378486485,7847.14150773852,129.975729747747,3.26505750355605,0,0,1,1,0,0,1,60,823.107969843532,53.9878585602864,60.4555627386947,0.457627118644068,0.0655902512650305,42.7485383729798,63.2608900571661,0.574063090107072,ok,0.424084090318897,0.0314511427966215,0.58,0.357092856638512,0.62,0.528806319983054,0,0,0,0,observe
near_threshold_noise,316,7823.10244474594,7871.67338488007,130.385040745766,3.27534065512253,0,0,1,1,0,0,1,60,821.690990430628,62.8317839399228,68.5572609077196,0.593220338983051,0.0764664389310076,48.4773040874239,74.4689004522137,0.671682458580893,ok,0.561540224834819,0.03,0.58,0.26224341368113,0.62,0.5284,1,0,0,0,observe
near_threshold_noise,317,7847.89260010925,7896.3010623389,130.798210001821,3.2857207380013,0,0,1,1,0,0,1,60,819.325910006383,55.4513287910173,62.6110158089434,0.474576271186441,0.067679208131701,44.272673855482,64.7273518619843,0.595422270139848,ok,0.571576997445898,0.03,0.58,0.0567744587951186,0.62,0.5284,0,0,0,0,observe
near_threshold_noise,318,7872.43546275369,7920.2416976515,131.207257712562,3.29599727498133,0,0,1,1,0,0,1,60,809.471879523694,40.7874794293588,44.4194736561289,0.203389830508475,0.0503877657286363,31.4093110389859,48.3807000409975,0.320811159766479,ok,0.416265071256198,0.03,0.58,0.227271217832666,0.62,0.5284,0,0,0,0,observe
near_threshold_noise,319,7897.11318597164,7945.09226294724,131.618553099527,3.30633028050339,0,0,1,1,0,0,1,60,813.186676805495,27.2996588143779,21.9211213012209,0.0169491525423729,0.0335712076858186,15.5005735233062,35.3592274125363,0.129087618750508,ok,0.243748269007242,0.03,0.58,0.273001548230319,0.62,0.5284,0,0,0,0,observe
near_threshold_noise,320,7921.02695863933,7969.32927428779,132.017115977322,3.31634340622193,0,0,1,1,0,0,1,60,818.126277271564,25.07272097127,21.0033451839605,0.0169491525423729,0.0306465171304448,14.8516078071803,32.1980188730305,0.121628534698653,ok,0.171312366729278,0.03,0.58,0.118294838168154,0.62,0.5284,0,0,0,0,observe
near_threshold_noise,321,7945.89725777618,7993.5881058985,132.431620962936,3.32675704673677,0,0,1,1,0,0,1,60,808.26404918778,23.1988753118473,22.5131364919363,0.0338983050847458,0.0287020996853191,15.9191914792265,28.68719181302,0.125151598141118,ok,0.144758049306567,0.03,0.58,0.0466820265844033,0.62,0.5284,0,0,0,0,observe
near_threshold_noise,322,7970.10393161291,8018.4178158355,132.835065526882,3.33689281543053,0,0,1,1,0,0,1,60,818.142359128467,21.8002843489971,21.8493862465586,0.0338983050847458,0.0266460770619676,15.4498491797057,26.6797105628717,0.12038259345782,ok,0.131508382071768,0.03,0.58,0.0264899728903532,0.62,0.5284,0,0,0,0,observe
near_threshold_noise,323,7994.43221366686,8042.09373017197,133.240536894448,3.34707950366694,0,0,1,1,0,0,1,60,808.427071224416,26.59966887865,25.6481084249687,0.0508474576271186,0.032902991284499,18.1359513919032,32.9571242073421,0.144792629739365,ok,0.140435234490766,0.03,0.58,0.0103747505919028,0.62,0.5284,0,0,0,0,observe
near_threshold_noise,324,8019.22621363476,8067.10569477733,133.653770227246,3.35746119635064,0,0,1,1,0,0,1,60,811.464649030441,28.7363267375416,25.9687788428418,0.0508474576271186,0.035412912653529,18.3626996189072,36.2541612982466,0.150701328219057,ok,0.147386600944007,0.03,0.58,0.00789220779773717,0.62,0.5284,0,0,0,0,observe
near_threshold_noise,325,8042.91558335233,8090.97741854933,134.048593055872,3.36738036052734,0,0,1,1,0,0,1,60,814.72813962271,27.3422949363229,25.8078389765986,0.0508474576271186,0.0335600227935968,18.2488979481234,34.0907598690425,0.14664442900444,ok,0.147777998875269,0.03,0.58,0.00269897588292739,0.62,0.5284,0,0,0,0,observe
near_threshold_noise,326,8067.92739391677,8115.50756391536,134.46545656528,3.37785325441615,0,0,1,1,0,0,1,60,806.697818967301,27.1667782055963,29.4366857432863,0.101694915254237,0.0336765236831482,20.8148801047351,32.2925446871198,0.173273952052542,ok,0.163377646146431,0.03,0.58,0.023562633109789,0.62,0.5284,0,0,0,0,observe
near_threshold_noise,327,8091.77089403104,8139.96981195647,134.862848233851,3.38783695575562,0,0,1,1,0,0,1,60,816.539890118908,23.5976320365202,24.1528871138565,0.0677966101694915,0.0288995459034877,17.0786702634411,28.6708126409884,0.13861084658019,ok,0.149431785715121,0.03,0.58,0.0257641407974551,0.62,0.5284,0,0,0,0,observe
near_threshold_noise,328,8116.34501784921,8163.86465708629,135.272416964154,3.39812658235003,0,0,1,1,0,0,1,60,805.951552848678,21.1338100668527,19.4895467501054,0,0.0262221841897991,13.7811906692518,26.520834067226,0.107482963916927,ok,0.125871788072147,0.03,0.58,0.0437829146552864,0.62,0.5284,0,0,0,0,observe
near_threshold_noise,329,8140.7423165026,8188.56658220304,135.679038608377,3.40834216907505,0,0,1,1,0,0,1,60,809.94617077618,25.1431295099642,26.0256869983908,0.0677966101694915,0.0310429636155564,18.4029397616007,30.4250839150948,0.147146370038932,ok,0.139575076553464,0.03,0.58,0.0180268892511138,0.62,0.5284,0,0,0,0,observe
near_threshold_noise,330,8164.70107931743,8212.27837781384,136.078351321957,3.41837413297548,0,0,1,1,0,0,1,60,806.895345459306,27.169595793383,28.5181359220497,0.0847457627118644,0.033671771619797,20.165367297281,32.7067551572665,0.164463158230322,ok,0.155028871996895,0.03,0.58,0.0224625862700657,0.62,0.5284,0,0,0,0,observe
near_threshold_noise,331,8189.3833102337,8236.95162062333,136.489721837228,3.42870902595171,0,0,1,1,0,0,1,60,806.417307004926,25.965558511073,28.1127844521814,0.0677966101694915,0.0321986622627315,19.8787405241732,30.874846279075,0.155054353739157,ok,0.155672923833085,0.03,0.58,0.0014727859379238,0.62,0.5284,0,0,0,0,observe
near_threshold_noise,332,8213.05309893736,8260.93397376727,136.884218315623,3.43861999120653,0,0,1,1,0,0,1,60,810.926599223893,24.8852368637694,26.8847477563721,0.0677966101694915,0.0306874097946548,19.0103874490206,29.6168059819072,0.148881033461629,ok,0.152346669737047,0.03,0.58,0.00825151494147103,0.62,0.5284,0,0,0,0,observe
near_threshold_noise,333,8237.79314952601,8284.79869853318,137.2965524921,3.44897909431709,0,0,1,1,0,0,1,60,797.451298497545,24.4109391134081,27.5729295445499,0.0338983050847458,0.0306111973977597,19.4970054581302,28.4895537866545,0.141433381914558,ok,0.14671382672263,0.03,0.58,0.0125724876382662,0.62,0.5284,0,0,0,0,observe
near_threshold_noise,334,8261.70276384638,8309.38668690138,137.695046064106,3.45899047886099,0,0,1,1,0,0,1,60,807.545218901749,24.7551751303325,25.0016244843388,0.0169491525423729,0.0306548469991554,17.6788182135556,30.2174912598469,0.131041048388633,ok,0.138462426855501,0.03,0.58,0.017669948730639,0.62,0.5284,0,0,0,0,observe
near_threshold_noise,335,8285.63674655526,8332.68375850909,138.093945775921,3.46901206688641,0,0,1,1,0,0,1,60,798.084332931755,27.9353095809738,24.8692684087672,0.0338983050847458,0.0350029544852155,17.5852283349876,35.3768679673037,0.142404347406944,ok,0.14179548761858,0.03,0.58,0.00144966616277309,0.62,0.5284,0,0,0,0,observe
near_threshold_noise,336,8310.13520746542,8357.39337422003,138.502253457757,3.47927001206356,0,0,1,1,0,0,1,60,800.111455310802,31.504863438383,30.1242338940025,0.0677966101694915,0.0393755935242109,21.3010500644988,39.1328264592789,0.175720948206753,ok,0.162435008471732,0.03,0.58,0.0316331898452879,0.62,0.5284,0,0,0,0,observe
near_threshold_noise,337,8333.49068077219,8380.77423389029,138.891511346203,3.4890493678217,0,0,1,1,0,0,1,60,801.507923020072,31.7741106136474,30.9793404970241,0.101694915254237,0.0396429151865686,21.9057017421328,39.2342763634214,0.190522125165355,ok,0.179168173940546,0.03,0.58,0.0270332172019276,0.62,0.5284,0,0,0,0,observe
near_threshold_noise,338,8358.19382962179,8404.97344965574,139.303230493696,3.49939301951197,0,0,1,1,0,0,1,60,793.001257261975,28.8191962936676,28.7639379440345,0.101694915254237,0.0363419301416655,20.3391755738558,35.3186931666753,0.17623968666798,ok,0.177490613339156,0.03,0.58,0.00297839683613321,0.62,0.5284,0,0,0,0,observe
near_threshold_noise,339,8381.53516618952,8429.04951434953,139.692252769825,3.50916645596381,0,0,1,1,0,0,1,60,804.588007653883,27.4308525955373,25.2508183366905,0.0508474576271186,0.0340930418233843,17.8550248763834,34.4398233865959,0.145956293440566,ok,0.159263944341827,0.03,0.58,0.0316848830982407,0.62,0.5284,0,0,0,0,observe
near_threshold_noise,340,8405.79542871563,8452.68417516446,140.096590478594,3.51932466320339,0,0,1,1,0,0,1,60,795.178758478456,26.628638058584,24.0168218453142,0.0508474576271186,0.0334876124074754,16.9824575893709,33.6119750079545,0.141380026381878,ok,0.149413820527642,0.03,0.58,0.0191280812994397,0.62,0.5284,0,0,0,0,observe
near_threshold_noise,341,8429.83199854211,8477.11637286542,140.497199975702,3.52938920629575,0,0,1,1,0,0,1,60,801.114308598075,26.2849437989655,26.6305754678561,0.0677966101694915,0.0328104785008314,18.8306605002212,32.0500041521832,0.151879510199607,ok,0.151614692260085,0.03,0.58,0.00063051890362345,0.62,0.5284,0,0,0,0,observe
near_threshold_noise,342,8453.48957022415,8500.44596321148,140.891492837069,3.53929505606439,0,0,1,1,0,0,1,60,796.029800783586,26.2982200667704,23.8258861446182,0.0169491525423729,0.0330367280733501,16.8474456606381,33.1565428244926,0.132195312363249,ok,0.141066761674966,0.03,0.58,0.0211224983612311,0.62,0.5284,0,0,0,0,observe
near_threshold_noise,343,8477.90595396574,8524.57707877814,141.298432566096,3.54951863405829,0,0,1,1,0,0,1,60,791.011765212043,23.5814008706605,25.5174646917292,0,0.0298116942221955,18.04357232221,28.0462908759563,0.127380892739187,ok,0.134110075298005,0.03,0.58,0.0160218632352815,0.62,0.5284,0,0,0,0,observe
near_threshold_noise,344,8501.23321902706,8548.42807987308,141.687220317118,3.5592861785179,0,0,1,1,0,0,1,60,799.701944360037,21.746482802641,27.4273514366484,0.0169491525423729,0.0271932348745802,19.3940661908407,23.8681634223585,0.131595851068915,ok,0.133808251347623,0.03,0.58,0.00526761971120943,0.62,0.5284,0,0,0,0,observe
near_threshold_noise,345,8525.38407410675,8572.16773448971,142.089734568446,3.56939857489649,0,0,1,1,0,0,1,60,793.17759519287,20.9366248958019,23.312338751035,0.0338983050847458,0.02639588538896,16.4843128161748,24.5957710802796,0.123043557302259,ok,0.128728760867352,0.03,0.58,0.0135361989645068,0.62,0.5284,0,0,0,0,observe
near_threshold_noise,346,8549.19888152809,8596.33900610774,142.486648025468,3.57937026209057,0,0,1,1,0,0,1,60,798.515437244449,21.5759839715936,21.2364659188763,0.0169491525423729,0.0270201212966514,15.0164490596744,26.5622368471319,0.11559976127921,ok,0.122405976332372,0.03,0.58,0.0162052739361012,0.62,0.5284,0,0,0,0,observe
near_threshold_noise,347,8573.00110134566,8619.65577277683,142.883351689094,3.58933667862908,0,0,1,1,0,0,1,60,791.467304785495,24.7004792668917,23.6992047021369,0.0338983050847458,0.031208464477994,16.7578683536091,30.649652531006,0.132063850657058,ok,0.129458912837114,0.03,0.58,0.00620223290462787,0.62,0.5284,0,0,0,0,observe
near_threshold_noise,348,8597.15028941659,8643.9508102176,143.285838156943,3.59944837700119,0,0,1,1,0,0,1,60,793.530068497543,26.0863537316927,25.8053069325048,0.0508474576271186,0.0328738062580088,18.2471075225743,32.0630436654041,0.144802027515369,ok,0.139631554747007,0.03,0.58,0.0123106494484821,0.62,0.5284,0,0,0,0,observe
near_threshold_noise,349,8620.47455860281,8667.32081661962,143.674575976714,3.60921466703414,0,0,1,1,0,0,1,60,794.417397379618,24.5549054475369,22.4179773976283,0.0169491525423729,0.0309093249071975,15.8519038383497,30.8966649943754,0.124831196654105,ok,0.132064631873499,0.03,0.58,0.0172224648080812,0.62,0.5284,0,0,0,0,observe
near_threshold_noise,350,8644.73932250649,8691.3556135976,144.078988708441,3.61937475908128,0,0,1,1,0,0,1,60,790.080056333397,25.0848906708335,23.8785328511615,0.0338983050847458,0.0317498087310891,16.884672503842,31.1995402910578,0.1334606156313,ok,0.134082273729811,0.03,0.58,0.0014801383297893,0.62,0.5284,0,0,0,0,observe
near_threshold_noise,351,8668.05256565957,8715.18957202054,144.467542760993,3.6291364323163,0,0,1,1,0,0,1,60,797.812590015405,27.2715741060066,25.2214733283381,0.0508474576271186,0.0341829327429893,17.8342748219835,34.1967271827698,0.145882697522812,ok,0.142083646231761,0.03,0.58,0.0090453602167897,0.62,0.5284,0,0,0,0,observe
near_threshold_noise,352,8692.16270989357,8738.36353478652,144.869378498226,3.63923178233329,0,0,1,1,0,0,1,60,783.465353148687,29.203087617974,25.478950102263,0.0338983050847458,0.0372742553331925,18.0163383948238,37.1625107290846,0.148260679666842,ok,0.146621817739068,0.03,0.58,0.00390205220898684,0.62,0.5284,0,0,0,0,observe
near_threshold_noise,353,8715.97055410529,8762.54299532526,145.266175901755,3.64920055390656,0,0,1,1,0,0,1,60,789.223721745327,28.7458744469591,26.7853033745693,0.0677966101694915,0.0364229731759572,18.9400696522969,35.9711600731311,0.159162269261273,ok,0.154736409814922,0.03,0.58,0.0105377605865498,0.62,0.5284,0,0,0,0,observe
near_threshold_noise,354,8739.14576693158,8785.47412914613,145.65242944886,3.65890443136698,0,0,1,1,0,0,1,60,785.176572660248,30.3407592188387,26.0476972185696,0.0677966101694915,0.03864195682258,18.4185033375446,38.7541233258598,0.161741198369268,ok,0.159435829649107,0.03,0.58,0.00548897314324062,0.62,0.5284,0,0,0,0,observe
near_threshold_noise,355,8763.35489047568,8809.40651576832,146.055914841261,3.66904122579716,0,0,1,1,0,0,1,60,781.058674051007,28.490572108162,24.8313035413756,0.0338983050847458,0.0364768653811805,17.5583831198082,36.2647015749308,0.144835602048023,ok,0.15148591473332,0.03,0.58,0.0158340778221375,0.62,0.5284,0,0,0,0,observe
near_threshold_noise,356,8786.26229590982,8832.82621091128,146.43770493183,3.67863296749702,0,0,1,1,0,0,1,60,789.201362752503,25.2305970290509,24.970761231323,0.0508474576271186,0.0319697839104763,17.6569945980587,31.0063960280591,0.140817979318778,ok,0.146017067141606,0.03,0.58,0.012378780530543,0.62,0.5284,0,0,0,0,observe
near_threshold_noise,357,8810.23540525706,8856.36282513483,146.837256754284,3.688670938548,0,0,1,1,0,0,1,60,782.605156108597,25.5397148380331,26.2034544956332,0.0508474576271186,0.0326342276672773,18.5286403643753,31.0039280457127,0.145172350295252,ok,0.146383501278752,0.03,0.58,0.0028836928178578,0.62,0.5284,0,0,0,0,observe
near_threshold_noise,358,8833.59364446282,8880.50605581492,147.226560741047,3.69845145243768,0,0,1,1,0,0,1,60,794.664081727374,27.3143863951986,24.4518558999573,0.0338983050847458,0.0343722423389577,17.2900731194561,34.5427963520078,0.139989516670211,ok,0.143522125973574,0.03,0.58,0.00841097453181594,0.62,0.5284,0,0,0,0,observe
near_threshold_noise,359,8857.16759701418,8903.52319291103,147.619459950236,3.70832228937586,0,0,1,1,0,0,1,60,786.006129603344,28.6849277667439,24.0268440756707,0.0508474576271186,0.0364945344398518,16.9895443764186,36.8375561600974,0.147165275733469,ok,0.146554395259779,0.03,0.58,0.00145447731830919,0.62,0.5284,0,0,0,0,observe
near_threshold_noise,360,8881.28516444677,8927.70050836823,148.021419407446,3.71842074761931,0,0,1,1,0,0,1,60,786.574209221763,28.3578793555388,26.4121695859674,0.0677966101694915,0.0360523889838647,18.6762242200866,35.4899604390824,0.157295237986715,ok,0.153626913280855,0.03,0.58,0.0087341064425229,0.62,0.5284,0,0,0,0,observe
near_threshold_noise,361,8904.31262425912,8950.77956172444,148.405210404319,3.72806275824155,0,0,1,1,0,0,1,60,787.606146890114,28.0323782683693,25.5226895961467,0.0508474576271186,0.0355918733989774,18.0472668875546,35.2976574385789,0.149216131680893,ok,0.1517332617382,0.03,0.58,0.00599316680311113,0.62,0.5284,0,0,0,0,observe
near_threshold_noise,362,8928.50981775025,8974.53182598061,148.808496962504,3.73819455734448,0,0,1,1,0,0,1,60,780.521960206289,23.4689462218202,23.0648836419226,0.0508474576271186,0.030068271513613,16.3093356304822,28.9065467466742,0.132474715498237,ok,0.141275626723219,0.03,0.58,0.0209545505356706,0.62,0.5284,0,0,0,0,observe
near_threshold_noise,363,8951.54542102514,8998.22039132586,149.192423683752,3.74783997778061,0,0,1,1,0,0,1,60,790.680493356952,25.2184682124953,26.5265063815522,0.0847457627118644,0.0318946381305381,18.7570725435838,30.3333893187689,0.155038417851134,ok,0.150233899783984,0.03,0.58,0.0114393287313083,0.62,0.5284,0,0,0,0,observe
near_threshold_noise,364,8975.35025908137,9021.55355170201,149.58917098469,3.75780749062263,0,0,1,1,0,0,1,60,783.695428689948,26.8844830939565,31.5381007399745,0.135593220338983,0.0343047593615514,22.3008048989804,30.7932616543957,0.194704990390867,ok,0.17677723806142,0.03,0.58,0.0426851245939213,0.62,0.5284,0,0,0,0,observe
near_threshold_noise,365,8999.00909707037,9045.73568440933,149.983484951173,3.76771387061672,0,0,1,1,0,0,1,60,791.921551391249,26.2835410534114,27.4920796214518,0.0847457627118644,0.0331895766786956,19.4398359292491,31.681885039508,0.160190481610497,ok,0.167238132920737,0.03,0.58,0.0167801221672371,0.62,0.5284,0,0,0,0,observe
near_threshold_noise,366,9022.3284216168,9068.72244209465,150.37214036028,3.77747809024026,0,0,1,1,0,0,1,60,786.148173210748,27.4755839797455,20.8597016244157,0.0169491525423729,0.0349496251673918,14.7500364721524,35.9479047251195,0.128715482580181,ok,0.145216594773612,0.03,0.58,0.0392883623653121,0.62,0.5284,0,0,0,0,observe
near_threshold_noise,367,9046.49871665661,9092.62009929712,150.774978610943,3.78759862647897,0,0,1,1,0,0,1,60,781.406914796534,23.6260840311519,22.0970770765738,0.0338983050847458,0.0302353147684951,15.6249930452471,29.5337651786913,0.126295703182056,ok,0.135119019462214,0.03,0.58,0.0210078959051394,0.62,0.5284,0,0,0,0,observe
near_threshold_noise,368,9069.51351778755,9116.04150944269,151.158558629792,3.79723533668416,0,0,1,1,0,0,1,60,788.651122467407,21.5330080550065,21.5386577150941,0.0338983050847458,0.0273035914634059,15.230130927999,26.3701343134608,0.120241996526569,ok,0.127621346869092,0.03,0.58,0.0175698817679125,0.62,0.5284,0,0,0,0,observe
near_threshold_noise,369,9093.4248731782,9139.34513440388,151.557081219637,3.80724745024542,0,0,1,1,0,0,1,60,778.750585112656,22.9697634177782,26.8310081165459,0.0677966101694915,0.0294956611999917,18.9723877852809,26.3679457801006,0.146001583047142,ok,0.13960182591126,0.03,0.58,0.015237516990195,0.62,0.5284,0,0,0,0,observe
near_threshold_noise,370,9116.81004483665,9163.34652757514,151.946834080611,3.81703924123631,0,0,1,1,0,0,1,60,788.416968874057,27.1228550379098,34.6363902510194,0.11864406779661,0.0344016632171732,24.4916264223194,29.5204804500957,0.19821043466718,ok,0.17461285297673,0.03,0.58,0.0561847183105958,0.62,0.5284,0,0,0,0,observe
near_threshold_noise,371,9140.17813098728,9186.20067658444,152.336302183121,3.8268238782185,0,0,1,1,0,0,1,60,780.925703009179,29.2653279888548,30.931637846668,0.0508474576271186,0.0374751757767549,21.8719708745854,35.1359607048362,0.168740233819236,ok,0.17134248997037,0.03,0.58,0.00619584797888947,0.62,0.5284,0,0,0,0,observe
near_threshold_noise,372,9164.09600676996,9210.27545875679,152.734933446166,3.83683872198491,0,0,1,1,0,0,1,60,782.148853027529,28.5707539557792,27.4828110364492,0.0338983050847458,0.0365285378162839,19.4332820499417,35.4248996042439,0.152168748485346,ok,0.160439889161803,0.03,0.58,0.0196931920868017,0.62,0.5284,0,0,0,0,observe
near_threshold_noise,373,9186.97632684781,9234.27740562101,153.11627211413,3.84641912256007,0,0,1,1,0,0,1,60,801.278817276054,36.4823884516796,42.7936735847894,0.169491525423729,0.0455302045493994,30.2596967836882,41.7885161837285,0.280731128940212,ok,0.230701723026403,0.03,0.58,0.119117633128118,0.62,0.5284,0,0,0,0,observe
near_threshold_noise,374,9211.07470182872,9258.84886996995,153.517911697145,3.85650954457961,0,0,1,1,0,0,1,60,809.556853552636,55.2847471525725,60.4418312554166,0.389830508474576,0.0682901354116916,42.7388287480381,65.469069435067,0.560870014372808,ok,0.420921648587053,0.03,0.58,0.33321039472799,0.62,0.5284,0,0,0,0,observe
near_threshold_noise,375,9234.98584368004,9283.31679597173,153.916430728001,3.86652156872812,0,0,1,1,0,0,1,60,817.323172512131,59.8323914622868,65.1699247476778,0.559322033898305,0.07320530418633,46.0820957185,70.9666864830511,0.640801819785126,ok,0.542380922337541,0.03,0.58,0.234335470113296,0.62,0.5284,1,0,0,0,observe
near_threshold_noise,376,9259.57369803405,9307.34339668438,154.326228300567,3.87681694454427,0,0,1,1,0,0,1,60,808.242111907182,54.5503126091304,59.4869032981349,0.491525423728814,0.067492539432782,42.0635927138996,64.6693697163262,0.582262762942011,ok,0.556380390645227,0.03,0.58,0.0616246959447216,0.62,0.5284,0,0,0,0,observe
near_threshold_noise,377,9284.1187287155,9331.46674974015,154.735312145258,3.8870943893203,0,0,1,1,0,0,1,60,802.499229473695,37.5824183715717,44.3210389125755,0.23728813559322,0.046831718949088,31.339707164315,42.9266711517058,0.330777327758583,ok,0.416045828326714,0.03,0.58,0.20302023944793,0.62,0.5284,0,0,0,0,observe
near_threshold_noise,378,9308.15863461233,9354.66603373596,155.135977243539,3.89716032928518,0,0,1,1,0,0,1,60,788.710617526371,25.7730797782279,25.5846208947624,0.0508474576271186,0.0326774855130769,18.0910589287735,31.6420111457133,0.143731338063298,ok,0.252155069100099,0.03,0.58,0.258151740563814,0.62,0.5284,0,0,0,0,observe
near_threshold_noise,379,9332.23588926717,9378.52705316274,155.537264821119,3.90724190784521,0,0,1,1,0,0,1,60,784.33839037649,24.0681141743354,26.3493224924619,0.0508474576271186,0.0306858805709898,18.6317846140911,28.4851688060964,0.142073344500117,ok,0.186489361090787,0.03,0.58,0.105752420453976,0.62,0.5284,0,0,0,0,observe
near_threshold_noise,380,9355.42657028875,9402.08488775786,155.923776171479,3.91695226211655,0,0,1,1,0,0,1,60,790.314233698228,22.8437661949638,24.2105050617227,0.0338983050847458,0.0289046625012278,17.1194123050953,27.3970989389112,0.129301654654505,ok,0.153156959458256,0.03,0.58,0.0567983447708346,0.62,0.5284,0,0,0,0,observe
near_threshold_noise,381,9379.34261732901,9425.48216930151,156.322376955483,3.92696634015569,0,0,1,1,0,0,1,60,782.585268979481,22.4029550359799,19.0405345672578,0,0.0286268550201491,13.4636911099249,28.6795015714152,0.110053723596619,ok,0.128833527280159,0.03,0.58,0.044713818294141,0.62,0.5284,0,0,0,0,observe
near_threshold_noise,382,9402.84645506415,9449.46177014674,156.714107584402,3.9368078187622,0,0,1,1,0,0,1,60,789.614706481399,26.4307032790315,23.0117716084345,0.0169491525423729,0.0334729116138291,16.2717797514401,33.651052515026,0.13088264286751,ok,0.131311409433363,0.03,0.58,0.00102087277583862,0.62,0.5284,0,0,0,0,observe
near_threshold_noise,383,9426.28590749196,9472.6314102305,157.104765124866,3.94662233808522,0,0,1,1,0,0,1,60,785.82068214988,25.3252861422633,25.2094372203666,0.0338983050847458,0.0322278182765276,17.8257640084178,31.0641654304638,0.137642307614923,ok,0.136210282860947,0.03,0.58,0.00340958274756201,0.62,0.5284,0,0,0,0,observe
near_threshold_noise,384,9450.25889265161,9496.92325024053,157.504314877527,3.95666025713664,0,0,1,1,0,0,1,60,791.024668229809,24.9249265158128,22.7175031293099,0.0338983050847458,0.0315096703261997,16.0637005143616,31.3761286557509,0.130218756939162,ok,0.133838698698216,0.03,0.58,0.00861890895012757,0.62,0.5284,0,0,0,0,observe
near_threshold_noise,385,9473.4371413804,9520.09375127322,157.890619023007,3.9663654057839,0,0,1,1,0,0,1,60,791.039017378682,28.9791034230214,26.1534591430877,0.0677966101694915,0.0366342276251447,18.4932883115626,36.5728746180795,0.15791938624274,ok,0.148968762266845,0.03,0.58,0.0213110094664168,0.62,0.5284,0,0,0,0,observe
near_threshold_noise,386,9497.71721527279,9543.86186356396,158.295286921213,3.97653190839804,0,0,1,1,0,0,1,60,782.31022205721,26.1184091764659,27.9769837785139,0.0677966101694915,0.0333862557845446,19.7827149469332,31.1927360958762,0.156333136471818,ok,0.154022086496605,0.03,0.58,0.00550249994098384,0.62,0.5284,0,0,0,0,observe
near_threshold_noise,387,9520.86871988236,9567.75990349735,158.681145331373,3.9862258588027,0,0,1,1,0,0,1,60,794.435870402215,24.8883523080998,27.9574190214371,0.0677966101694915,0.0313283340233607,19.7688805745319,29.1213241809862,0.152733583214529,ok,0.153929398013287,0.03,0.58,0.00284717809227922,0.62,0.5284,0,0,0,0,observe
near_threshold_noise,388,9544.72279730298,9591.2857262218,159.078713288383,3.99621398905013,0,0,1,1,0,0,1,60,790.397710964142,23.8717320170053,23.1616293317483,0.0508474576271186,0.030202177569424,16.3777451638085,29.5209864728938,0.13313774198109,ok,0.142527216684678,0.03,0.58,0.0223558921513994,0.62,0.5284,0,0,0,0,observe
near_threshold_noise,389,9568.52183455642,9615.58632981592,159.475363909274,4.00617907299194,0,0,1,1,0,0,1,60,797.107105309585,23.0201775078406,23.5954984823774,0.0508474576271186,0.0288796541324266,16.684536982366,27.9550240684755,0.132050659326464,ok,0.13739512755646,0.03,0.58,0.0127249243571326,0.62,0.5284,0,0,0,0,observe
near_threshold_noise,390,9592.09384663023,9638.68202115137,159.86823077717,4.01604909741735,0,0,1,1,0,0,1,60,789.938248826208,28.2090843198631,26.6543867710487,0.0677966101694915,0.0357104930186376,18.8474976341775,35.1607268022144,0.157357379856797,ok,0.150046876676232,0.03,0.58,0.017405959953724,0.62,0.5284,0,0,0,0,observe
near_threshold_noise,391,9616.36227858741,9662.9949632312,160.272704643123,4.02621072534431,0,0,1,1,0,0,1,60,790.143890254709,26.9934215133962,24.0495501018262,0.0338983050847458,0.0341626656186567,17.0055999614869,34.177465967354,0.138447385932082,ok,0.144073990752384,0.03,0.58,0.0133966781435765,0.62,0.5284,0,0,0,0,observe
near_threshold_noise,392,9639.4728054595,9686.58689150883,160.657880090992,4.03588751763499,0,0,1,1,0,0,1,60,798.414505957624,22.4407130525916,18.4145217963289,0,0.0281065948641251,13.0210332344916,28.9417328113534,0.108210115103567,ok,0.12417827830911,0.03,0.58,0.0380194362036743,0.62,0.5284,0,0,0,0,observe
near_threshold_noise,393,9663.81746689658,9710.27060912288,161.063624448276,4.04608106421303,0,0,1,1,0,0,1,60,787.927431528,22.1965912479741,21.1715818413772,0.0338983050847458,0.0281708573147771,14.9705690884838,27.5909294375201,0.120814330122878,ok,0.123633895747706,0.03,0.58,0.00671325148768503,0.62,0.5284,0,0,0,0,observe
near_threshold_noise,394,9687.37092966254,9734.51436166281,161.456182161042,4.05594332171041,0,0,1,1,0,0,1,60,798.791169232903,23.9941886122025,27.1052608075446,0.0847457627118644,0.0300381245266452,19.1663137228447,28.0016891025057,0.153489234055267,ok,0.142370417793249,0.03,0.58,0.0264733720524234,0.62,0.5284,0,0,0,0,observe
near_threshold_noise,395,9711.06262092219,9757.65465406063,161.851043682037,4.06586345795842,0,0,1,1,0,0,1,60,789.734082295618,28.007154679394,29.0451633880169,0.0677966101694915,0.0354640318903068,20.538031992338,33.8672506760248,0.163749431219521,ok,0.155718511052097,0.03,0.58,0.0191212384938669,0.62,0.5284,0,0,0,0,observe
near_threshold_noise,396,9735.28820675208,9782.11781364469,162.254803445868,4.07600714544307,0,0,1,1,0,0,1,60,793.390866364737,29.2806333263957,24.550217344452,0.0338983050847458,0.0369056849123529,17.3596251638656,37.5946058652003,0.145364081385094,ok,0.150324835366723,0.03,0.58,0.0118113190038769,0.62,0.5284,0,0,0,0,observe
near_threshold_noise,397,9758.44669114167,9805.63854807195,162.640778185695,4.08570401840687,0,0,1,1,0,0,1,60,799.731566855408,25.8682949871802,23.2228670059815,0.0338983050847458,0.0323462222316618,16.4210467385229,32.6907723233757,0.133169346112639,ok,0.141122465748113,0.03,0.58,0.0189359991320807,0.62,0.5284,0,0,0,0,observe
near_threshold_noise,398,9782.93934920232,9829.92568102828,163.048989153372,4.09595953382681,0,0,1,1,0,0,1,60,796.797789726466,28.4037922054415,31.4523881490284,0.0847457627118644,0.0356474284588469,22.2401969446894,33.4503282967631,0.177249386851741,ok,0.163055793851365,0.03,0.58,0.0337942690485155,0.62,0.5284,0,0,0,0,observe
near_threshold_noise,399,9806.42644136009,9854.01876627034,163.440440689335,4.10579400075959,0,0,1,1,0,0,1,60,806.336969973135,28.7901148356008,33.6673534812727,0.11864406779661,0.0357048180943012,23.8064139512124,33.0302297793655,0.197883680157943,ok,0.183682961904126,0.03,0.58,0.03381123393766,0.62,0.5284,0,0,0,0,observe
near_threshold_noise,400,9830.74516856526,9877.52606308522,163.845752809421,4.11597668820937,0,0,1,1,0,0,1,60,793.339700949034,27.9724388060012,28.7434117131483,0.0677966101694915,0.0352590936424071,20.324661336804,33.9385150979708,0.162530824665843,ok,0.171321911665938,0.03,0.58,0.0209311595240354,0.62,0.5284,0,0,0,0,observe
near_threshold_noise,401,9854.79349868495,9902.13486469069,164.246558311416,4.12604615554752,0,0,1,1,0,0,1,60,801.934973672644,26.5233330000422,21.4154179014703,0.0169491525423729,0.0330741691917645,15.1429872200734,34.31711416939,0.126697101342375,ok,0.145658209504289,0.03,0.58,0.0451454956236066,0.62,0.5284,0,0,0,0,observe
near_threshold_noise,402,9878.35972655555,9925.64570282059,164.639328775926,4.13591375802326,0,0,1,1,0,0,1,60,801.993995589526,24.9184333266162,23.6821941499166,0.0338983050847458,0.0310705983631452,16.7458400767824,31.0069908089911,0.13199815215568,ok,0.138600789362588,0.03,0.58,0.015720564778352,0.62,0.5284,0,0,0,0,observe
near_threshold_noise,403,9902.94251074371,9950.15193819957,165.049041845729,4.14620701086999,0,0,1,1,0,0,1,60,800.284558481337,26.4778648747898,26.4318767006562,0.0508474576271186,0.03308556262167,18.6901592545207,32.4473820776948,0.147062975399125,ok,0.144552117371842,0.03,0.58,0.00597823339829201,0.62,0.5284,0,0,0,0,observe
near_threshold_noise,404,9926.43310230337,9974.14758963648,165.440551705056,4.15604294306514,0,0,1,1,0,0,1,60,808.364780264739,27.6097021701106,26.1431426668993,0.0508474576271186,0.0341550038351108,18.4859934612918,34.3927223928769,0.148555976055713,ok,0.147767642050717,0.03,0.58,0.00187698572618161,0.62,0.5284,0,0,0,0,observe
near_threshold_noise,405,9950.9957764865,9998.09823870471,165.849929608108,4.16632777549192,0,0,1,1,0,0,1,60,799.105008419015,26.9836627911193,28.7206739572904,0.135593220338983,0.0337673553623509,20.3085833154479,32.3078559946212,0.18525652430922,ok,0.170323449180971,0.03,0.58,0.0355549407815463,0.62,0.5284,0,0,0,0,observe
near_threshold_noise,406,9974.91811254652,10022.5936963849,166.248635209109,4.17634448685648,0,0,1,1,0,0,1,60,807.43511247358,23.4967129037889,26.0733456544607,0.101694915254237,0.0291004348718582,18.4366395204899,27.6456390368838,0.155238328470333,ok,0.16181792824944,0.03,0.58,0.0156657137597798,0.62,0.5284,0,0,0,0,observe
near_threshold_noise,407,9998.93785000741,10045.9600299011,166.64896416679,4.18640198193533,0,0,1,1,0,0,1,60,797.696519940182,26.6444754670081,25.1607583206006,0.0508474576271186,0.0334017697219064,17.7913428282925,33.2163252963081,0.144202840864319,ok,0.152059365774184,0.03,0.58,0.018706011690155,0.62,0.5284,0,0,0,0,observe
near_threshold_noise,408,10023.3668895816,10070.7460367893,167.05611482636,4.19663085915344,0,0,1,1,0,0,1,60,802.539006740501,29.7502895894255,25.1300242515077,0.0338983050847458,0.0370702100951526,17.7696105596235,38.1366018657755,0.147482382249548,ok,0.150108819312386,0.03,0.58,0.00625342157818443,0.62,0.5284,0,0,0,0,observe
near_threshold_noise,409,10046.7534990045,10094.5492538008,167.445891650076,4.20642325216212,0,0,1,1,0,0,1,60,809.820398328267,23.9174555902406,24.8404656988119,0.0338983050847458,0.02953427159851,17.5648617434617,28.90614114259,0.132359598762848,ok,0.140567529146982,0.03,0.58,0.0195426913907945,0.62,0.5284,0,0,0,0,observe
near_threshold_noise,410,10071.5513156242,10118.8896439715,167.859188593737,4.21680654294642,0,0,1,1,0,0,1,60,802.393453036715,25.1457106057413,26.8190884642311,0.0508474576271186,0.0313383795824549,18.9639593182998,30.0829149303929,0.14492045502779,ok,0.144085924423347,0.03,0.58,0.00198697762962718,0.62,0.5284,0,0,0,0,observe
near_threshold_noise,411,10095.3337995069,10143.0494466955,168.255563325114,4.22676469569483,0,0,1,1,0,0,1,60,808.336548245069,26.8905808103303,27.4080996784903,0.0338983050847458,0.0332665656015565,19.3804531420973,32.7200964032929,0.146132827298482,ok,0.146178162795457,0.03,0.58,0.000107941659463928,0.62,0.5284,0,0,0,0,observe
near_threshold_noise,412,10119.6975963719,10167.0308747599,168.661626606199,4.23696625461992,0,0,1,1,0,0,1,60,802.353846472567,26.9766720295272,30.2385637662407,0.0508474576271186,0.0336219140073002,21.3818934924506,31.5958272285257,0.159318641258542,ok,0.154651950601601,0.03,0.58,0.0111111682308123,0.62,0.5284,0,0,0,0,observe
near_threshold_noise,413,10143.8373632996,10192.0507552708,169.063956054993,4.2470740081903,0,0,1,1,0,0,1,60,816.688476253849,29.8610883891648,29.7429227798989,0.0508474576271186,0.0365636215734763,21.0314223899744,36.6203286689989,0.164144258696042,ok,0.160796260141216,0.03,0.58,0.00797142513053783,0.62,0.5284,0,0,0,0,observe
near_threshold_noise,414,10167.8590171938,10215.816436407,169.46431695323,4.25713230571417,0,0,1,1,0,0,1,60,813.092694118291,27.2118894399692,24.9599968419448,0.0169491525423729,0.0334671429676015,17.649383025334,34.197560331276,0.136319978577713,ok,0.147083951078826,0.03,0.58,0.0256285059550303,0.62,0.5284,0,0,0,0,observe
near_threshold_noise,415,10192.865437873,10240.7315357002,169.881090631217,4.26760294276132,0,0,1,1,0,0,1,60,811.346340489828,26.9047682285877,23.3463189361681,0,0.033160645319907,16.5083404355084,34.2813039853124,0.128430689079073,ok,0.137094543551783,0.03,0.58,0.0206282249350229,0.62,0.5284,0,0,0,0,observe
near_threshold_noise,416,10216.631032384,10264.8500866804,170.277183873067,4.27755402362678,0,0,1,1,0,0,1,60,817.22750455751,27.4272774455656,27.8887025799351,0.0338983050847458,0.0335613734151253,19.7202907127669,33.4009166095188,0.148303984823921,ok,0.144677236992118,0.03,0.58,0.00863511388524443,0.62,0.5284,0,0,0,0,observe
near_threshold_noise,417,10241.5570288074,10289.3721517736,170.69261714679,4.28799098559492,0,0,1,1,0,0,1,60,810.676934557702,27.7345558013459,30.8696415326243,0.0847457627118644,0.0342116009708326,21.8281328605165,32.5874789884026,0.172851724945904,ok,0.161908573633112,0.03,0.58,0.026055122173313,0.62,0.5284,0,0,0,0,observe
near_threshold_noise,418,10265.6265178659,10314.2291418642,171.093775297765,4.29806931256041,0,0,1,1,0,0,1,60,822.984253063281,25.8235799177302,27.8553048657706,0.0847457627118644,0.0313779757287101,19.6966749626051,30.7531389447043,0.158549822965042,ok,0.160416402190077,0.03,0.58,0.00444423625008369,0.62,0.5284,0,0,0,0,observe
near_threshold_noise,419,10290.1816898208,10338.1125881437,171.503028163679,4.30835100366959,0,0,1,1,0,0,1,60,812.340606168271,27.3853173460921,26.9757117186974,0.0508474576271186,0.0337116194095798,19.0747086836244,33.7055885711437,0.150077371661827,ok,0.154913271148502,0.03,0.58,0.0115140463968459,0.62,0.5284,0,0,0,0,observe
near_threshold_noise,420,10315.0241260863,10363.1571741832,171.917068768105,4.31875297750025,0,0,1,1,0,0,1,60,815.467205315674,27.791634406281,25.5920894867744,0.0338983050847458,0.0340806279211715,18.0963400208311,34.8894305455855,0.142915910908183,ok,0.148586987776175,0.03,0.58,0.0135025639714089,0.62,0.5284,0,0,0,0,observe
near_threshold_noise,421,10338.9074074598,10387.2395840966,172.315123457663,4.32875333596678,0,0,1,1,0,0,1,60,818.783265882198,26.0835569432844,23.8181826238159,0.0338983050847458,0.0318564851410106,16.8419984488398,32.8184547758787,0.134151927549137,ok,0.141006260752533,0.03,0.58,0.0163198409604675,0.62,0.5284,0,0,0,0,observe
near_threshold_noise,422,10363.9586611083,10411.9667447752,172.732644351805,4.33924274538265,0,0,1,1,0,0,1,60,813.492843200438,25.9243927453878,23.2779207826897,0.0338983050847458,0.0318680034644144,16.4599756373631,32.7599981753914,0.132725249063567,ok,0.137185916201969,0.03,0.58,0.0106206360438141,0.62,0.5284,0,0,0,0,observe
near_threshold_noise,423,10388.0459688538,10436.7858453457,173.134099480896,4.34932853335212,0,0,1,1,0,0,1,60,825.771020817644,23.4650423675008,20.7189565761554,0,0.0284159189120813,14.6505146941091,29.7754738974026,0.11404620062511,ok,0.124843796079101,0.03,0.58,0.0257085606047402,0.62,0.5284,0,0,0,0,observe
near_threshold_noise,424,10412.8129535663,10461.0338539717,173.546882559438,4.35969891426364,0,0,1,1,0,0,1,60,817.78515327447,27.5616381459911,26.8389994880027,0.0847457627118644,0.0337027861604388,18.978038538229,34.0458785732224,0.159984453773883,ok,0.146615313880881,0.03,0.58,0.0318312854595277,0.62,0.5284,0,0,0,0,observe
near_threshold_noise,425,10437.5619779328,10486.3994425218,173.959366298879,4.370061774856,0,0,1,1,0,0,1,60,826.893286268443,29.7041502261774,27.2384205563559,0.101694915254237,0.0359225920919307,19.2604718842103,37.3323894777199,0.1719190038905,ok,0.162132748176662,0.03,0.58,0.0233006088424712,0.62,0.5284,0,0,0,0,observe
near_threshold_noise,426,10461.8543259826,10510.5093897489,174.364238766377,4.38023341688012,0,0,1,1,0,0,1,60,824.592262953073,27.5449007532384,25.2597025119696,0.0508474576271186,0.0334042677705866,17.8613069369686,34.6181575118449,0.145134648630617,ok,0.152724105185904,0.03,0.58,0.0180701346554452,0.62,0.5284,0,0,0,0,observe
near_threshold_noise,427,10487.2531022661,10535.6956360598,174.787551704434,4.39086834025909,0,0,1,1,0,0,1,60,821.603225632456,28.6017706819002,23.9785994884021,0.0338983050847458,0.0348121450714644,16.9554303016054,36.723779156936,0.140389776479349,ok,0.146257547085417,0.03,0.58,0.013970882395401,0.62,0.5284,0,0,0,0,observe
near_threshold_noise,428,10511.309512782,10560.2267258466,175.188491879701,4.40094119100416,0,0,1,1,0,0,1,60,828.622268295705,26.9421112120319,25.1626582338924,0.0508474576271186,0.0325143460933604,17.7926862698648,33.6923586058493,0.143253021534549,ok,0.145365232079361,0.03,0.58,0.00502907272574327,0.62,0.5284,0,0,0,0,observe
near_threshold_noise,429,10536.5333730661,10585.0883005499,175.608889551102,4.41150287391555,0,0,1,1,0,0,1,60,823.211074836165,25.1827055377587,25.4902554608254,0.0677966101694915,0.0305908245254967,18.0243324905271,30.7158062676833,0.145179081781258,ok,0.146130061058061,0.03,0.58,0.00226423637334131,0.62,0.5284,0,0,0,0,observe
near_threshold_noise,430,10561.0292066239,10610.288998834,176.017153443732,4.42175971897314,0,0,1,1,0,0,1,60,834.371216456509,23.991992778597,24.6463765557591,0.0508474576271186,0.0287545786640251,17.4276199942544,29.1120163560061,0.13518117696734,ok,0.14063323074678,0.03,0.58,0.0129810804272376,0.62,0.5284,0,0,0,0,observe
near_threshold_noise,431,10585.9223157818,10634.4306097424,176.432038596363,4.43218291045306,0,0,1,1,0,0,1,60,822.371819874423,27.2011838670297,27.2617780246945,0.0847457627118644,0.0330765028782033,19.2769881084639,33.2897362110614,0.160060900213407,ok,0.152893321622605,0.03,0.58,0.0170656633114342,0.62,0.5284,0,0,0,0,observe
near_threshold_noise,432,10611.076246712,10659.8332700649,176.851270778533,4.44271531268919,0,0,1,1,0,0,1,60,825.737853848388,41.9693300077406,35.8683624660582,0.135593220338983,0.0508264575883747,25.3627623298068,53.6617145607463,0.25191564839216,ok,0.211009359444057,0.03,0.58,0.0973959260669113,0.62,0.5284,0,0,0,0,observe
near_threshold_noise,433,10635.2787566148,10684.6076095693,177.254645943579,4.45284933786908,0,0,1,1,0,0,1,60,836.283330448756,54.4600878794116,52.5151951939701,0.389830508474576,0.0651215753041351,37.1338506369915,67.475028570102,0.513599812337998,ok,0.385730386264553,0.03,0.58,0.304451014460585,0.62,0.5284,0,0,0,0,observe
near_threshold_noise,434,10660.550380129,10708.8393840941,177.675839668817,4.46343102010201,0,0,1,1,0,0,1,60,816.768567154077,63.6905673278725,64.0839403364846,0.559322033898305,0.0779787199081301,45.3141887770824,77.8434392133818,0.654153569620749,ok,0.53623142687728,0.03,0.58,0.28076700653207,0.62,0.5284,1,0,0,0,observe
near_threshold_noise,435,10685.3578397937,10733.4526864727,178.089297329895,4.47381834860228,0,0,1,1,0,0,1,60,814.08461505637,60.5073404027304,63.5352855558982,0.508474576271186,0.0743256158925699,44.9262312611993,72.8279495103976,0.630578897359426,ok,0.581975927799617,0.03,0.58,0.115721356094782,0.62,0.5284,1,0,0,0,observe
near_threshold_noise,436,10709.6199176227,10758.0837931156,178.493665293711,4.48397731594174,0,0,1,1,0,0,1,60,820.74015035854,39.8751182533072,47.0484621986773,0.305084745762712,0.048584339679115,33.2682866650837,45.5331880478436,0.390444595823309,ok,0.460757961872808,0.03,0.58,0.167412776308331,0.62,0.5284,0,0,0,0,observe
near_threshold_noise,437,10734.2671514436,10783.7207029121,178.90445252406,4.49429755500616,0,0,1,1,0,0,1,60,837.800273990842,29.2166384964827,32.9410193251043,0.11864406779661,0.03487303526091,23.2928181439783,34.1272406294424,0.194545074006836,ok,0.299279386271349,0.03,0.58,0.249367410153604,0.62,0.5284,0,0,0,0,observe
near_threshold_noise,438,10758.9759586456,10808.2201799329,179.316265977427,4.50464357595011,0,0,1,1,0,0,1,60,835.606446953791,29.7570602017017,30.5808118476763,0.0847457627118644,0.0356113339122517,21.6238994316818,36.102246980817,0.175474266061519,ok,0.22446657601561,0.03,0.58,0.116648357033549,0.62,0.5284,0,0,0,0,observe
near_threshold_noise,439,10784.5739818118,10833.8439864742,179.742899696863,4.51536192757411,0,0,1,1,0,0,1,60,835.388059367084,28.3079158082812,27.454434446333,0.0677966101694915,0.0338859473640648,19.4132167706436,35.0114725402043,0.157140470040944,ok,0.18429687683471,0.03,0.58,0.064658111413729,0.62,0.5284,0,0,0,0,observe
near_threshold_noise,440,10809.0388884655,10858.6993204359,180.150648141092,4.52560582298202,0,0,1,1,0,0,1,60,841.319008383363,24.6196039815545,24.7454555641333,0.0508474576271186,0.0292631020293507,17.497679432949,30.1011796260362,0.136460678370816,ok,0.156443600429417,0.03,0.58,0.0475783858538116,0.62,0.5284,0,0,0,0,observe
near_threshold_noise,441,10834.6762562506,10883.7287182194,180.577937604177,4.53634064890398,0,0,1,1,0,0,1,60,831.412195754207,25.3970266696808,26.5363742515721,0.0508474576271186,0.0305468536537909,18.7640501813907,30.625615881337,0.143324231852605,ok,0.149427987924045,0.03,0.58,0.0145327525510468,0.62,0.5284,0,0,0,0,observe
near_threshold_noise,442,10859.4840494006,10909.5848221572,180.991400823343,4.5467281170405,0,0,1,1,0,0,1,60,848.091695355874,30.4383657353016,27.1310852288739,0.0677966101694915,0.0358904183379948,19.1845743462869,38.5349234386648,0.160729208309458,ok,0.156753110451899,0.03,0.58,0.00946689966085601,0.62,0.5284,0,0,0,0,observe
near_threshold_noise,443,10884.5639216031,10934.28449916,181.409398693386,4.55722950955848,0,0,1,1,0,0,1,60,842.596349009887,29.6722322425233,24.0819986963033,0.0338983050847458,0.0352152395122414,17.0285445826816,38.3524627879892,0.142064583421751,ok,0.148819586391025,0.03,0.58,0.0160833404030339,0.62,0.5284,0,0,0,0,observe
near_threshold_noise,444,10910.3863330711,10960.1146692367,181.839772217852,4.56804181659082,0,0,1,1,0,0,1,60,842.16411799154,27.3829025311023,25.6443264921784,0.0508474576271186,0.032514924283888,18.1332771615812,34.2174072868909,0.144852940847586,ok,0.147304678398777,0.03,0.58,0.00583747035997756,0.62,0.5284,0,0,0,0,observe
near_threshold_noise,445,10935.1185446985,10984.9722149227,182.251975744975,4.57839763738763,0,0,1,1,0,0,1,60,844.795262711162,25.4184073465933,26.6690894412243,0.0677966101694915,0.0300882456005012,18.8578939919603,30.6034425884195,0.147915522082388,ok,0.148482889839622,0.03,0.58,0.00135087561246169,0.62,0.5284,0,0,0,0,observe
near_threshold_noise,446,10960.952569673,11010.4880584953,182.682542827883,4.58921480720353,0,0,1,1,0,0,1,60,839.556487643124,28.1071115047036,27.6082285664269,0.0847457627118644,0.0334785233851367,19.5219656358686,34.6253128792744,0.162268401842542,ok,0.157272717977357,0.03,0.58,0.0118944853932973,0.62,0.5284,0,0,0,0,observe
near_threshold_noise,447,10985.7907835693,11035.8840892031,183.096513059489,4.59961501305245,0,0,1,1,0,0,1,60,848.531238007538,27.1492456114383,26.1551057243995,0.0677966101694915,0.0319955758790781,18.494452620374,33.6469656405023,0.150150899312768,ok,0.153714790658866,0.03,0.58,0.00848545558594752,0.62,0.5284,0,0,0,0,observe
near_threshold_noise,448,11011.3681306857,11060.9675809994,183.522802178096,4.61032470724342,0,0,1,1,0,0,1,60,841.32537506739,22.1113316608705,23.9387691864067,0.0169491525423729,0.0262815461367718,16.9272660249677,26.2923875019747,0.121510088029858,ok,0.135698450409438,0.03,0.58,0.0337818151894758,0.62,0.5284,0,0,0,0,observe
near_threshold_noise,449,11036.7362055216,11086.9135320966,183.94560342536,4.62094677537539,0,0,1,1,0,0,1,60,850.490714890694,21.9755856473376,19.7410361521838,0,0.0258387131835554,13.9590205308579,27.7668592913572,0.108109045953789,ok,0.120812994874844,0.03,0.58,0.0302474974310827,0.62,0.5284,0,0,0,0,observe
near_threshold_noise,450,11061.8153191218,11111.6999671006,184.363588652029,4.63144785025293,0,0,1,1,0,0,1,60,845.539768353747,25.9112080944735,18.2242877967299,0,0.0306445764755952,12.886517483363,34.3033391520592,0.113199371327163,ok,0.117888605746343,0.03,0.58,0.0111648438551905,0.62,0.5284,0,0,0,0,observe
near_threshold_noise,451,11087.7802005006,11137.5095159948,184.796336675009,4.64231981199337,0,0,1,1,0,0,1,60,843.266398302829,26.6117639116783,20.858366366298,0.0169491525423729,0.0315579560210599,14.7490923020827,34.6242145506068,0.123548410020753,ok,0.122736499360693,0.03,0.58,0.00193312061919021,0.62,0.5284,0,0,0,0,observe
near_threshold_noise,452,11112.5280572725,11162.7049235055,185.208800954542,4.65268218369296,0,0,1,1,0,0,1,60,850.082606749064,24.7798277238213,23.0591020544609,0.0338983050847458,0.0291499055822184,16.305247430782,31.0196490996514,0.128036799228628,ok,0.127253713500206,0.03,0.58,0.00186448982957649,0.62,0.5284,0,0,0,0,observe
near_threshold_noise,453,11138.3568521271,11188.0388638045,185.639280868785,4.6634971635638,0,0,1,1,0,0,1,60,842.155796829778,22.8281273312735,22.633521687057,0.0508474576271186,0.0271067745626261,16.0043166670508,28.0376290532284,0.127567317920057,ok,0.128764810483514,0.03,0.58,0.00285117277013647,0.62,0.5284,0,0,0,0,observe
near_threshold_noise,454,11163.5032250849,11214.0930490076,186.058387084748,4.67402640114127,0,0,1,1,0,0,1,60,856.468758367784,23.5794060218365,21.1630235571545,0.0338983050847458,0.0275309587086084,14.9645174676746,29.7999998933709,0.120950494646062,ok,0.125523634073607,0.03,0.58,0.0108884272084409,0.62,0.5284,0,0,0,0,observe
near_threshold_noise,455,11188.91305986,11239.0746432355,186.481884330999,4.68466595490912,0,0,1,1,0,0,1,60,850.596323849534,26.7285654643406,21.7723733088587,0,0.0314233258655239,15.395392809219,34.5226636256957,0.122325082607773,ok,0.125041278644769,0.03,0.58,0.00646713342141808,0.62,0.5284,0,0,0,0,observe
near_threshold_noise,456,11214.9391177894,11265.2165601612,186.915651963157,4.69556353236907,0,0,1,1,0,0,1,60,852.058519226347,28.1176009002724,26.8081331921673,0.0508474576271186,0.0329996124277974,18.9562127711336,34.9551277804774,0.149214854486635,ok,0.140446912411203,0.03,0.58,0.0208760525605529,0.62,0.5284,0,0,0,0,observe
near_threshold_noise,457,11239.9364457702,11290.4141180493,187.332274096169,4.70603036214021,0,0,1,1,0,0,1,60,855.657913562908,25.7897239196765,29.6335670514289,0.0677966101694915,0.0301402271993134,20.9540962128116,29.8520614298327,0.156885301084788,ok,0.15097791564912,0.03,0.58,0.0140652034182568,0.62,0.5284,0,0,0,0,observe
near_threshold_noise,458,11266.0399353408,11316.2289729438,187.76733225568,4.71696036161772,0,0,1,1,0,0,1,60,850.206879711023,25.4886062844682,28.8266881084928,0.0677966101694915,0.0299792990302919,20.3835466406649,29.7296001822611,0.154034089965407,ok,0.153481853278208,0.03,0.58,0.00131484925523398,0.62,0.5284,0,0,0,0,observe
near_threshold_noise,459,11291.2602094525,11342.0924361169,188.187670157541,4.72752054293438,0,0,1,1,0,0,1,60,861.30530112678,23.9079067411315,26.8145641451002,0.0677966101694915,0.0277577610515744,18.960760141562,27.994027654831,0.144536343393786,ok,0.148961714842632,0.03,0.58,0.0105365986877302,0.62,0.5284,0,0,0,0,observe
near_threshold_noise,460,11317.1264713405,11367.1648987243,188.618774522342,4.73835121092445,0,0,1,1,0,0,1,60,848.932096341682,24.2230126498618,22.9696757920504,0.0338983050847458,0.0285335102233105,16.2420135142153,30.1613275681754,0.12671769036202,ok,0.136842345429843,0.03,0.58,0.0241063215900543,0.62,0.5284,0,0,0,0,observe
near_threshold_noise,461,11342.908873009,11393.1819811526,189.048481216817,4.74914676513582,0,0,1,1,0,0,1,60,851.492417261198,23.9301813954765,20.2192253029144,0.0169491525423729,0.0281038103339162,14.2971513220294,30.6740709283234,0.116099549816754,ok,0.12589909686942,0.03,0.58,0.0233322548872979,0.62,0.5284,0,0,0,0,observe
near_threshold_noise,462,11368.0183373862,11418.1458389002,189.466972289771,4.75966054842832,0,0,1,1,0,0,1,60,849.68233626454,24.515869266908,18.8295202386046,0,0.0288529821329312,13.3144814472066,32.012189484886,0.111273090472172,ok,0.118779355917907,0.03,0.58,0.0178720605850819,0.62,0.5284,0,0,0,0,observe
near_threshold_noise,463,11394.0454767298,11444.0117735652,189.900757945497,4.77055857869577,0,0,1,1,0,0,1,60,847.163206877214,22.9614155057101,18.4231285913717,0,0.027103886617491,13.0271191576307,29.7447032344351,0.107420600990652,ok,0.113734038290968,0.03,0.58,0.0150319935721807,0.62,0.5284,0,0,0,0,observe
near_threshold_noise,464,11418.9713805921,11469.4604160722,190.316189676536,4.78099550190691,0,0,1,1,0,0,1,60,855.242952866939,23.1669919032224,23.0847541016226,0.0169491525423729,0.0270881997046128,16.3233861672813,28.4071486024513,0.120976869115511,ok,0.11960478240427,0.03,0.58,0.00326687312200125,0.62,0.5284,0,0,0,0,observe
near_threshold_noise,465,11444.9018550711,11494.9228076978,190.748364251184,4.79185305686099,0,0,1,1,0,0,1,60,848.517235542625,28.4652794700457,32.3307345443198,0.101694915254237,0.0335470845820146,22.8612816370307,33.1346657222911,0.183344204544526,ok,0.158095606729031,0.03,0.58,0.0601157090845115,0.62,0.5284,0,0,0,0,observe
near_threshold_noise,466,11470.3204358683,11520.8826034863,191.172007264472,4.80249627274527,0,0,1,1,0,0,1,60,857.036456901291,29.8442196759676,34.1893178538611,0.152542372881356,0.0348225789412421,24.1754984986075,34.596245005472,0.214839585471879,ok,0.191559105110311,0.03,0.58,0.0554297151465902,0.62,0.5284,0,0,0,0,observe
near_threshold_noise,467,11495.7808936432,11545.9289756764,191.596348227386,4.81315702327149,0,0,1,1,0,0,1,60,850.102799643249,27.6877881434644,29.1826181963161,0.0677966101694915,0.0325699293721697,20.635227219393,33.2778398060744,0.159980042014847,ok,0.172951959066162,0.03,0.58,0.0308855167888455,0.62,0.5284,0,0,0,0,observe
near_threshold_noise,468,11521.7082234026,11572.1567430887,192.028470390044,4.8240132614751,0,0,1,1,0,0,1,60,854.568993373617,27.0825577972241,25.5380445437666,0.0169491525423729,0.0316914819133668,18.0581244751415,33.7762344573853,0.135415555036051,ok,0.15135845536023,0.03,0.58,0.0379592864861415,0.62,0.5284,0,0,0,0,observe
near_threshold_noise,469,11546.7698705591,11597.3833016381,192.446164509318,4.83450702283923,0,0,1,1,0,0,1,60,857.572099361615,24.6678845044027,21.8031617766916,0.0338983050847458,0.0287647936806313,15.4171635436059,31.2940908178335,0.124552267723985,ok,0.13653263345613,0.03,0.58,0.0285246803146316,0.62,0.5284,0,0,0,0,observe
near_threshold_noise,470,11573.0178229094,11623.2371318532,192.883630381824,4.84549751147482,0,0,1,1,0,0,1,60,851.339812741654,24.7185519347416,26.8841208575709,0.0508474576271186,0.0290348830922613,19.0099441646271,29.3365922076644,0.14198752421123,ok,0.140791847730994,0.03,0.58,0.00284684876246782,0.62,0.5284,0,0,0,0,observe
near_threshold_noise,471,11598.2332954067,11649.2389745078,193.303888256778,4.85605568226936,0,0,1,1,0,0,1,60,864.261214495337,25.1650415543765,27.4806127915145,0.0338983050847458,0.0291174023921355,19.4317276560417,29.8155428119029,0.139876221621148,ok,0.141248830024462,0.03,0.58,0.00326811524598603,0.62,0.5284,0,0,0,0,observe
near_threshold_noise,472,11624.1272099635,11674.4791348725,193.735453499391,4.86689792892802,0,0,1,1,0,0,1,60,854.033383653959,27.8201193236822,25.4453629804272,0.0338983050847458,0.0325749787492552,17.9925887132132,34.9883527729584,0.140537076284755,ok,0.141812542338816,0.03,0.58,0.00303682393823942,0.62,0.5284,0,0,0,0,observe
near_threshold_noise,473,11650.0820007094,11700.7914853744,194.168033345157,4.87776566553943,0,0,1,1,0,0,1,60,859.208514443797,29.9638780881782,26.520624849699,0.0677966101694915,0.0348738141958184,18.7529136725266,37.9999501178248,0.157205156255824,ok,0.151702582343742,0.03,0.58,0.0131013664573369,0.62,0.5284,0,0,0,0,observe
near_threshold_noise,474,11675.3339643377,11725.8484362443,194.588899405628,4.88833911582532,0,0,1,1,0,0,1,60,856.155022864166,29.7105217728109,23.1224352868674,0.0508474576271186,0.0347022688407735,16.3500307888911,38.7053833623652,0.143213986181069,ok,0.147492291494329,0.03,0.58,0.0101864412220484,0.62,0.5284,0,0,0,0,observe
near_threshold_noise,475,11701.6434849855,11751.9641776251,195.027391416425,4.89935538421181,0,0,1,1,0,0,1,60,852.878204177603,27.6391745874467,20.4223023146313,0.0169491525423729,0.0324069421073998,14.4407484541175,36.3223447458396,0.124452574816196,ok,0.134948450075355,0.03,0.58,0.0249901791884732,0.62,0.5284,0,0,0,0,observe
near_threshold_noise,476,11726.6608489143,11777.5685504267,195.444347481905,4.90983060339393,0,0,1,1,0,0,1,60,862.001903040627,26.3872326435048,26.5581345884833,0.0338983050847458,0.030611571216289,18.7794370631815,32.2475555159596,0.139973112441571,ok,0.138998053305862,0.03,0.58,0.00232156937073744,0.62,0.5284,0,0,0,0,observe
near_threshold_noise,477,11752.8769495558,11803.021148721,195.881282492596,4.92080775514747,0,0,1,1,0,0,1,60,850.949518265804,22.4649139547321,25.5718529437387,0.0338983050847458,0.0263998198160033,18.0820306240228,26.1224977078941,0.12973537339381,ok,0.134658948013564,0.03,0.58,0.0117227967137001,0.62,0.5284,0,0,0,0,observe
near_threshold_noise,478,11778.407591603,11829.081983944,196.306793193384,4.93149789308792,0,0,1,1,0,0,1,60,858.557225287404,25.1458860166907,20.1128665043042,0.0169491525423729,0.029288538114944,14.2219442942932,32.5939790086884,0.118087395975793,ok,0.126190042341715,0.03,0.58,0.0192920151569571,0.62,0.5284,0,0,0,0,observe
near_threshold_noise,479,11803.9061996294,11854.1654811797,196.731769993824,4.94217461780902,0,0,1,1,0,0,1,60,852.405540978326,27.9320467911899,23.0142049996243,0.0338983050847458,0.0327684950981567,16.2735004188517,35.9940503418006,0.134741649703766,ok,0.132505985544694,0.03,0.58,0.00532300990255444,0.62,0.5284,0,0,0,0,observe
near_threshold_noise,480,11829.9166627324,11880.4908552733,197.165277712206,4.95306566543527,0,0,1,1,0,0,1,60,856.814522154731,27.4474493097857,25.5293873800313,0.0508474576271186,0.0320342951713288,18.0520029359584,34.363500072412,0.143972293675596,ok,0.140353293424891,0.03,0.58,0.00861666726358434,0.62,0.5284,0,0,0,0,observe
near_threshold_noise,481,11855.0297370569,11905.659669377,197.583828950949,4.9635809602775,0,0,1,1,0,0,1,60,858.236469955097,27.0299559285405,24.6652109539857,0.0338983050847458,0.0314947649916983,17.44093792496,34.0154482448104,0.136518923548593,ok,0.139128455902331,0.03,0.58,0.00621317227080453,0.62,0.5284,0,0,0,0,observe
near_threshold_noise,482,11881.3428472548,11931.5075674921,198.022380787581,4.97459873167304,0,0,1,1,0,0,1,60,850.278536979905,25.4133794493439,24.837232984302,0.0169491525423729,0.0298882993561256,17.5625758691102,31.3565884450847,0.130131213263944,ok,0.134940018083327,0.03,0.58,0.0114495352842475,0.62,0.5284,0,0,0,0,observe
near_threshold_noise,483,11906.4822453556,11957.2881840417,198.441370755927,4.9851250487527,0,0,1,1,0,0,1,60,860.475244412249,24.7749925084306,25.6490327283353,0.0508474576271186,0.0287922199613694,18.1366049730816,29.9777261918907,0.138375061442782,ok,0.138067854776111,0.03,0.58,0.000731444444453944,0.62,0.5284,0,0,0,0,observe
near_threshold_noise,484,11932.4254298677,11982.4175361793,198.873757164462,4.99598792562575,0,0,1,1,0,0,1,60,848.499478120754,24.6964585651844,22.9979755075151,0.0508474576271186,0.0291060386034436,16.262024434926,30.9091684230037,0.131977793470946,ok,0.135592309278757,0.03,0.58,0.00860599001859827,0.62,0.5284,0,0,0,0,observe
near_threshold_noise,485,11958.1278459842,12008.6668938691,199.302130766403,5.00674998845125,0,0,1,1,0,0,1,60,856.311830455873,28.3063232565063,25.1148619492527,0.0338983050847458,0.0330560927103353,17.7588891928805,35.8764229994944,0.140676507519085,ok,0.139660218064323,0.03,0.58,0.00241973679705293,0.62,0.5284,0,0,0,0,observe
near_threshold_noise,486,11983.3256056156,12033.6850273307,199.722093426927,5.01730074255104,0,0,1,1,0,0,1,60,854.458185855803,30.0948264578022,29.399350834529,0.0847457627118644,0.0352209469766622,20.7884803375778,37.13807001319,0.171529883503825,ok,0.159161186524013,0.03,0.58,0.0294492785233619,0.62,0.5284,0,0,0,0,observe
near_threshold_noise,487,12009.5118359358,12059.6591295862,200.15853059893,5.02826538706507,0,0,1,1,0,0,1,60,849.870595285842,30.4799203737796,31.1915848991716,0.135593220338983,0.0358641898459002,22.0557811981602,37.0350321685128,0.198584678450376,ok,0.182551949940899,0.03,0.58,0.038173163117804,0.62,0.5284,0,0,0,0,observe
near_threshold_noise,488,12034.5256302215,12085.0807663727,200.575427170358,5.03873911157354,0,0,1,1,0,0,1,60,856.595650700137,28.7478252964039,27.2997442463698,0.101694915254237,0.0335605548229283,19.3038342812665,35.7803982731679,0.168049718888893,ok,0.174076346792225,0.03,0.58,0.0143491140555522,0.62,0.5284,0,0,0,0,observe
near_threshold_noise,489,12060.5309032407,12110.5481195697,201.008848387344,5.0496279860186,0,0,1,1,0,0,1,60,848.149833057106,22.8226743732949,19.1095415310839,0.0338983050847458,0.0269087765908435,13.5124864019954,29.3114592324365,0.115363547141763,ok,0.140172199055793,0.03,0.58,0.0590682188429276,0.62,0.5284,0,0,0,0,observe
near_threshold_noise,490,12085.9027552377,12136.6478424769,201.431712587295,5.06025163571573,0,0,1,1,0,0,1,60,859.451268404512,24.3381707452619,22.0743012698699,0.0508474576271186,0.0283182672944836,15.6088881178798,30.6766315323987,0.12862951575082,ok,0.134481103322703,0.03,0.58,0.0139323513616254,0.62,0.5284,0,0,0,0,observe
near_threshold_noise,491,12111.4480180646,12161.3444951426,201.857466967743,5.07094789563896,0,0,1,1,0,0,1,60,846.606259547999,40.2626048540598,39.1318959849705,0.203389830508475,0.0475576507969075,27.6704290116593,49.7644658122544,0.292265800159802,ok,0.227143303684488,0.03,0.58,0.155053563036461,0.62,0.5284,0,0,0,0,observe
near_threshold_noise,492,12137.458469665,12186.2765457758,202.290974494417,5.0818389384489,0,0,1,1,0,0,1,60,827.145054980963,53.5886623456954,59.5576902374927,0.423728813559322,0.064787502534158,42.1136466387389,63.0073823515097,0.557696371351768,ok,0.417676071678661,0.03,0.58,0.33338166588835,0.62,0.5284,0,0,0,0,observe
near_threshold_noise,493,12162.0809275482,12210.9580218417,202.701348792469,5.09214880338361,0,0,1,1,0,0,1,60,826.892111652067,64.203961973121,69.0242293878141,0.542372881355932,0.0776449080459195,48.8075006662991,76.5645175313026,0.673956951056426,ok,0.560329544711463,0.03,0.58,0.270541443678484,0.62,0.5284,1,0,0,0,observe
near_threshold_noise,494,12187.0075173771,12236.0211595169,203.116791956285,5.10258601382131,0,0,1,1,0,0,1,60,829.076895685156,62.9878431670498,65.9284151251114,0.406779661016949,0.0759734633721715,46.618429407848,75.9055914489784,0.623998677915365,ok,0.587673337442997,0.03,0.58,0.0864889058865902,0.62,0.5284,1,0,0,0,observe
near_threshold_noise,495,12211.7605865529,12261.6702369516,203.529343109215,5.1129505680479,0,0,1,1,0,0,1,60,845.203585165422,47.4110685588708,48.3741841248934,0.152542372881356,0.0560942586981473,34.2057136290788,57.667911345161,0.331065303322541,ok,0.428567309549569,0.03,0.58,0.232147633873876,0.62,0.5284,0,0,0,0,observe
near_threshold_noise,496,12236.874353986,12286.6126126519,203.947905899767,5.12346615310711,0,0,1,1,0,0,1,60,843.190885583235,24.6979912735756,23.0825614978603,0.0169491525423729,0.0292911032316153,16.3218357622925,30.8800780965331,0.124535716636222,ok,0.245965089459179,0.03,0.58,0.289117554340373,0.62,0.5284,0,0,0,0,observe
near_threshold_noise,497,12262.4950310277,12312.5519702419,204.374917183795,5.1341939903153,0,0,1,1,0,0,1,60,848.028888171073,25.1590870082796,22.8504622678611,0.0169491525423729,0.0296677240117843,16.1577168228519,31.6999606506522,0.124747938548951,ok,0.173996821676875,0.03,0.58,0.117259245542677,0.62,0.5284,0,0,0,0,observe
near_threshold_noise,498,12287.4922255698,12337.4376260337,204.791537092829,5.14466076421328,0,0,1,1,0,0,1,60,847.083556363245,26.3263928372671,27.3711759365688,0.0508474576271186,0.0310788618661107,19.3543441137978,31.8051455517643,0.146981263192322,ok,0.158479077849577,0.03,0.58,0.0273757491839407,0.62,0.5284,0,0,0,0,observe
near_threshold_noise,499,12313.4191943362,12363.2533007243,205.223653238937,5.15551685126263,0,0,1,1,0,0,1,60,845.022174707555,27.9078886144838,25.5502248393052,0.0508474576271186,0.0330262204351527,18.0667372447137,35.0897919510411,0.145673269985551,ok,0.151594036526633,0.03,0.58,0.0140970631930514,0.62,0.5284,0,0,0,0,observe
near_threshold_noise,500,12338.2452063913,12388.3789882666,205.637420106522,5.16591194798168,0,0,1,1,0,0,1,60,849.022703881925,27.4358784008441,22.6166488990792,0.0508474576271186,0.0323146581067868,15.9923858042541,35.3510741497298,0.137020203463202,ok,0.143857043629372,0.03,0.58,0.0162781908718329,0.62,0.5284,0,0,0,0,observe
near_threshold_noise,501,12364.1218726776,12413.6143717381,206.06869787796,5.17674697247997,0,0,1,1,0,0,1,60,839.35118356303,25.6081563480613,24.5751065018439,0.0338983050847458,0.0305094659417232,17.3772244558354,31.7740053078774,0.134024885860041,ok,0.1390651946237,0.03,0.58,0.0120007351515683,0.62,0.5284,0,0,0,0,observe
near_threshold_noise,502,12389.1751833808,12439.3387649619,206.486253056347,5.18723724322156,0,0,1,1,0,0,1,60,849.329611588243,23.3515981292106,23.5188261255091,0.0169491525423729,0.0274941528125262,16.6303214388948,28.5311527845502,0.122609835011778,ok,0.130552643144268,0.03,0.58,0.0189114479345,0.62,0.5284,0,0,0,0,observe
near_threshold_noise,503,12414.494072151,12463.883888339,206.90823453585,5.19783871626526,0,0,1,1,0,0,1,60,837.825276681442,28.958986995813,23.6335433939797,0.0508474576271186,0.0345644704233766,16.7114387973496,37.3894860752294,0.143668472496124,ok,0.139405897561109,0.03,0.58,0.0101489879405129,0.62,0.5284,0,0,0,0,observe
near_threshold_noise,504,12440.1711240509,12489.7380554555,207.336185400848,5.20859015863813,0,0,1,1,0,0,1,60,839.988174893663,30.094209667457,21.7415860626301,0.0338983050847458,0.0358269444343865,15.3736229386367,39.6859500170822,0.137666109482638,ok,0.139419791857056,0.03,0.58,0.00417543422480435,0.62,0.5284,0,0,0,0,observe
near_threshold_noise,505,12464.7624110033,12514.3702465624,207.746040183388,5.21888697174483,0,0,1,1,0,0,1,60,841.439303723035,28.7771416758526,23.46803153052,0.0508474576271186,0.0341999019400748,16.5944042363304,37.1601064867345,0.14261704574495,ok,0.142296820357237,0.03,0.58,0.000762441399317304,0.62,0.5284,0,0,0,0,observe
near_threshold_noise,506,12490.594436068,12539.798232226,208.176573934467,5.22970330416263,0,0,1,1,0,0,1,60,834.336279508436,26.8506767006324,25.1778234134814,0.0677966101694915,0.0321820797681865,17.8034096711901,33.5403679562932,0.147566640903055,ok,0.146303436400809,0.03,0.58,0.00300762976725286,0.62,0.5284,0,0,0,0,observe
near_threshold_noise,507,12515.1851013381,12565.1066056105,208.586418355635,5.23999985695976,0,0,1,1,0,0,1,60,845.60598413545,24.434152671552,22.8329984109161,0.0338983050847458,0.0288954349069958,16.1453680111804,30.5513129887567,0.126957357229099,ok,0.135931863883917,0.03,0.58,0.0213678729876619,0.62,0.5284,0,0,0,0,observe
near_threshold_noise,508,12540.6679656787,12590.0703806374,209.011132761311,5.25066998951712,0,0,1,1,0,0,1,60,837.869140189416,24.6999661811898,22.2387881602651,0.0169491525423729,0.0294795034169726,15.7251979134946,31.1912617456438,0.122760334233277,ok,0.129402893716671,0.03,0.58,0.0158156178176046,0.62,0.5284,0,0,0,0,observe
near_threshold_noise,509,12565.9363039207,12615.8582505762,209.432271732011,5.2612502961476,0,0,1,1,0,0,1,60,845.860749428222,26.3089756790618,25.7781330401996,0.0677966101694915,0.031103199547734,18.2278926790542,32.4356028315155,0.147383323912071,ok,0.141106590308343,0.03,0.58,0.0149446038184007,0.62,0.5284,0,0,0,0,observe
near_threshold_noise,510,12590.9258323472,12640.1847041875,209.848763872454,5.27171386010544,0,0,1,1,0,0,1,60,835.238725835505,33.1023687106206,26.6085215162365,0.0847457627118644,0.0396322245206096,18.815066001479,42.8663844972694,0.17259726644556,ok,0.160351296392159,0.03,0.58,0.0291570715557172,0.62,0.5284,0,0,0,0,observe
near_threshold_noise,511,12616.6588096523,12665.6355773059,210.277646827538,5.28248871944898,0,0,1,1,0,0,1,60,829.622112162327,29.0134410711511,23.3412219573374,0.0169491525423729,0.0349718753222844,16.5047363272136,37.5653191700466,0.135693948950622,ok,0.146545182206985,0.03,0.58,0.0258362696580074,0.62,0.5284,0,0,0,0,observe
near_threshold_noise,512,12641.0011086888,12690.445000128,210.683351811481,5.29268127684754,0,0,1,1,0,0,1,60,837.671599008271,26.5528045335449,26.7820640573471,0.0338983050847458,0.0316983464223701,18.9377791091227,32.4262760675252,0.142079824503343,ok,0.144798336147257,0.03,0.58,0.00647264677122217,0.62,0.5284,0,0,0,0,observe
near_threshold_noise,513,12666.4621476728,12715.3523826253,211.107702461214,5.30334227073647,0,0,1,1,0,0,1,60,828.613421988942,23.9272431307947,26.6294716864825,0.0338983050847458,0.0288762437293878,18.8298800089269,28.115147990536,0.136362284344508,ok,0.140792508030752,0.03,0.58,0.0105481516339131,0.62,0.5284,0,0,0,0,observe
near_threshold_noise,514,12691.276434538,12740.6028338728,211.521273908967,5.31373245790808,0,0,1,1,0,0,1,60,835.963895747075,22.131633800015,26.1840509802082,0.0169491525423729,0.0264743895192228,18.5149200070395,25.2352167902093,0.127582211859352,ok,0.134118565048965,0.03,0.58,0.0155627456895551,0.62,0.5284,0,0,0,0,observe
near_threshold_noise,515,12716.1878094841,12765.0565630518,211.936463491401,5.32416329760129,0,0,1,1,0,0,1,60,828.403007109515,24.1133796776366,27.0776043894059,0.0169491525423729,0.0291082715425836,19.1467576820355,28.2189976650682,0.134338651609017,ok,0.135402427414561,0.03,0.58,0.00253279953700961,0.62,0.5284,0,0,0,0,observe
near_threshold_noise,516,12741.3879157233,12790.7424811406,212.356465262054,5.33471503426785,0,0,1,1,0,0,1,60,835.660787795298,28.8166083689804,25.1928013764233,0.0169491525423729,0.0344836191787896,17.8140006903547,36.6531746945121,0.139539563472397,ok,0.138925825157259,0.03,0.58,0.00146128170270901,0.62,0.5284,0,0,0,0,observe
near_threshold_noise,517,12765.9062644868,12815.1078143972,212.765104408113,5.34498130684608,0,0,1,1,0,0,1,60,834.187522422996,30.7068880438319,27.3479663325975,0.0847457627118644,0.0368105338649038,19.3379324454411,38.8827765907787,0.168291809037172,ok,0.156993165013646,0.03,0.58,0.0269015333893491,0.62,0.5284,0,0,0,0,observe
near_threshold_noise,518,12791.5896355855,12840.1806055716,213.193160593092,5.35573539518089,0,0,1,1,0,0,1,60,823.968740517142,23.8450613247938,24.0206968885831,0.0677966101694915,0.028939279067587,16.9851976587437,29.1320606833736,0.138489561137713,ok,0.146840847007261,0.03,0.58,0.0198840139751142,0.62,0.5284,0,0,0,0,observe
near_threshold_noise,519,12815.9496175993,12865.2179104187,213.599160293321,5.3659353567593,0,0,1,1,0,0,1,60,835.168267025524,21.2030820132746,25.6543222454303,0.101694915254237,0.0253877965081097,18.1403452264886,23.876122984838,0.148498868772927,ok,0.148638110286764,0.03,0.58,0.00033152741389797,0.62,0.5284,0,0,0,0,observe
near_threshold_noise,520,12840.9971697453,12889.5310154558,214.016619495754,5.37642321628965,0,0,1,1,0,0,1,60,822.506831403742,25.0250291491575,27.2439757545373,0.135593220338983,0.0304253146523394,19.2644000025152,29.6881636410112,0.175257001090025,ok,0.164867386573429,0.03,0.58,0.0247371774204662,0.62,0.5284,0,0,0,0,observe
near_threshold_noise,521,12866.020666092,12914.9609358664,214.4336777682,5.38690100322519,0,0,1,1,0,0,1,60,829.050424127345,27.560541155453,23.2407667994177,0.0677966101694915,0.0332435040781302,16.4337038038434,35.3426121961914,0.144606942795726,ok,0.153497671040711,0.03,0.58,0.0211684005832973,0.62,0.5284,0,0,0,0,observe
near_threshold_noise,522,12890.3734037757,12939.0721082602,214.839556729595,5.39709793147262,0,0,1,1,0,0,1,60,825.684880073293,30.5074203022616,30.3899971084034,0.135593220338983,0.0369480185946405,21.4889730355916,37.4116215215713,0.197623574230034,ok,0.179758553580293,0.03,0.58,0.0425357634517664,0.62,0.5284,0,0,0,0,observe
near_threshold_noise,523,12915.7908097285,12964.1588527642,215.263180162141,5.40774065542842,0,0,1,1,0,0,1,60,819.965281629724,27.493067298513,30.3748719247941,0.135593220338983,0.033529550475441,21.4782779156948,32.4102001958845,0.19037751364397,ok,0.185923634867002,0.03,0.58,0.0106044732784949,0.62,0.5284,0,0,0,0,observe
near_threshold_noise,524,12939.8928362919,12988.6814313075,215.664880604865,5.41783260643107,0,0,1,1,0,0,1,60,826.822050788895,26.9376614621335,27.4912555566094,0.0847457627118644,0.0325797569578986,19.4392532274108,32.7626409811178,0.159861414428691,ok,0.170658271414133,0.03,0.58,0.0257068023462913,0.62,0.5284,0,0,0,0,observe
near_threshold_noise,525,12965.0427295805,13013.2263810031,216.084045493008,5.42836331803422,0,0,1,1,0,0,1,60,817.792137316342,26.9101117014312,27.4751704235494,0.0847457627118644,0.0329058087911423,19.4278793207478,32.7240848407632,0.160223961182382,ok,0.164841783040081,0.03,0.58,0.0109948139469026,0.62,0.5284,0,0,0,0,observe
near_threshold_noise,526,12989.4927986117,13038.1888694415,216.491546643528,5.43860100066331,0,0,1,1,0,0,1,60,825.123968900382,25.7925579120199,24.4829596371855,0.0169491525423729,0.0312590094145402,17.3120667829704,32.1061431970857,0.131186389605029,ok,0.145703641915141,0.03,0.58,0.0345648864526478,0.62,0.5284,0,0,0,0,observe
near_threshold_noise,527,13014.09916632,13062.1898374751,216.901652771999,5.44890412835309,0,0,1,1,0,0,1,60,816.057607865954,27.1159192828752,23.5214933379106,0.0169491525423729,0.0332279474163413,16.6322074428708,34.5530871658108,0.13229764403493,ok,0.138792431368357,0.03,0.58,0.0154637793653022,0.62,0.5284,0,0,0,0,observe
near_threshold_noise,528,13038.9704495262,13087.3496457301,217.316174158771,5.45931818091546,0,0,1,1,0,0,1,60,819.346271476234,27.3625233487134,24.2248555618447,0.0677966101694915,0.033395554848152,17.1295596410451,34.6986102678717,0.147096594462806,ok,0.144647276692655,0.03,0.58,0.00583170897655047,0.62,0.5284,0,0,0,0,observe
near_threshold_noise,529,13063.0166407082,13111.5105746806,217.716944011804,5.46938675264201,0,0,1,1,0,0,1,60,822.012286758456,26.3866016088155,27.4334808261265,0.0677966101694915,0.0321000087637,19.3984003237052,31.8780105057697,0.153275718234575,ok,0.150542661414313,0.03,0.58,0.00650727814347907,0.62,0.5284,0,0,0,0,observe
near_threshold_noise,530,13088.1553273087,13136.2748182335,218.135922121811,5.47991277180373,0,0,1,1,0,0,1,60,815.419541723524,25.8772169521341,27.9586576605893,0.0508474576271186,0.0317348501330228,19.7697564246759,30.7963868868512,0.149173267977815,ok,0.150490738153504,0.03,0.58,0.00313683375163956,0.62,0.5284,0,0,0,0,observe
near_threshold_noise,531,13112.2842779974,13160.7932461055,218.538071299957,5.49001599642078,0,0,1,1,0,0,1,60,821.3778570819,24.4385125918132,25.6439008049309,0.0508474576271186,0.0297530696513242,18.1329761552418,29.4223889436915,0.139277376066861,ok,0.144730621541783,0.03,0.58,0.0129839177974325,0.62,0.5284,0,0,0,0,observe
near_threshold_noise,532,13137.1202771137,13184.8373434586,218.952004618561,5.50041527490154,0,0,1,1,0,0,1,60,809.375420418062,21.7983578476049,21.5167519801273,0.0169491525423729,0.0269323200306053,15.2146412342571,26.8114061887347,0.116270060856963,ok,0.129112284681734,0.03,0.58,0.030576723392313,0.62,0.5284,0,0,0,0,observe
near_threshold_noise,533,13161.5938434227,13209.7788547598,219.359897390378,5.51066279626249,0,0,1,1,0,0,1,60,816.426810905098,23.896515508756,23.9838378456872,0.0169491525423729,0.0292696359178408,16.959134379564,29.2313986667817,0.126182853902708,ok,0.12869558525592,0.03,0.58,0.00598269369812174,0.62,0.5284,0,0,0,0,observe
near_threshold_noise,534,13185.6682535475,13233.4851178776,219.761137559125,5.52074318376675,0,0,1,1,0,0,1,60,810.796240316635,27.1515173061947,25.2195310485349,0.0338983050847458,0.0334874731234464,17.8329014227637,34.0058437757862,0.140648559153178,ok,0.13692118136788,0.03,0.58,0.00887470901261389,0.62,0.5284,0,0,0,0,observe
near_threshold_noise,535,13210.5554588557,13258.3220726345,220.175924314262,5.53116390319891,0,0,1,1,0,0,1,60,809.053631244063,25.5906426125795,21.2751377609002,0.0169491525423729,0.0316303414561398,15.0437941814105,32.9157444891788,0.123834316936424,ok,0.130416386227165,0.03,0.58,0.0156715935493833,0.62,0.5284,0,0,0,0,observe
near_threshold_noise,536,13234.2769563818,13282.3112520464,220.571282606364,5.54109651986552,0,0,1,1,0,0,1,60,813.768902812128,24.8199252413981,22.1186968265363,0.0169491525423729,0.0304999676881586,15.6402805170532,31.4235421829728,0.123804928173669,ok,0.127831247623213,0.03,0.58,0.00958647487986614,0.62,0.5284,0,0,0,0,observe
near_threshold_noise,537,13259.1435672825,13306.4127017892,220.985726121374,5.55150861604968,0,0,1,1,0,0,1,60,801.510485911318,24.9816808186784,24.2970262064187,0.0508474576271186,0.031168252016409,17.1805919932259,30.8706334858058,0.137898766072442,ok,0.134985060883661,0.03,0.58,0.00693739330662205,0.62,0.5284,0,0,0,0,observe
near_threshold_noise,538,13283.0954491422,13331.324203031,221.38492415237,5.56153769877076,0,0,1,1,0,0,1,60,816.882516410632,29.1741251158088,25.643609773206,0.0847457627118644,0.0357139790970181,18.1327703647356,37.0602454315335,0.160771539303715,ok,0.151075594833024,0.03,0.58,0.0230855820730739,0.62,0.5284,0,0,0,0,observe
near_threshold_noise,539,13307.2396171432,13355.0067504839,221.787326952387,5.5716472951495,0,0,1,1,0,0,1,60,809.900811578362,30.2927781482212,28.0418442502336,0.0847457627118644,0.037403071728235,19.8285782263172,37.9754170668014,0.170812600925567,ok,0.163251953376907,0.03,0.58,0.0180015417825243,0.62,0.5284,0,0,0,0,observe
near_threshold_noise,540,13332.1279487778,13379.6540374682,222.202132479631,5.58206848619473,0,0,1,1,0,0,1,60,805.497240620866,24.7481139739693,27.3549517772399,0.0677966101694915,0.0307240207984993,19.3428719007173,29.1683320944065,0.150153775993238,ok,0.156077061269281,0.03,0.58,0.0141030601810549,0.62,0.5284,0,0,0,0,observe
near_threshold_noise,541,13355.8132633659,13403.2011504796,222.596887722765,5.59198595241594,0,0,1,1,0,0,1,60,803.239999929073,27.9563759401911,26.5376081472201,0.0677966101694915,0.0348045116561173,18.7649226773707,34.7993618954557,0.155566211154467,ok,0.156383626258703,0.03,0.58,0.00194622643865672,0.62,0.5284,0,0,0,0,observe
near_threshold_noise,542,13380.4658138951,13427.6591339599,223.007763564919,5.60230841768154,0,0,1,1,0,0,1,60,800.084941527765,29.2722092774964,26.6494102638369,0.0508474576271186,0.0365863769684266,18.8439787121814,36.8595840761388,0.154667156668626,ok,0.155983206514739,0.03,0.58,0.00313345201455484,0.62,0.5284,0,0,0,0,observe
near_threshold_noise,543,13403.9855245358,13451.8530709787,223.399758742264,5.61215654255842,0,0,1,1,0,0,1,60,810.86534165198,27.6337601351608,25.0468261590579,0.0338983050847458,0.0340793455037336,17.7107806242704,34.8364413810333,0.141360322520633,ok,0.148107156993986,0.03,0.58,0.0160638916032215,0.62,0.5284,0,0,0,0,observe
near_threshold_noise,544,13428.489351159,13475.4785114596,223.80815585265,5.62241673445589,0,0,1,1,0,0,1,60,796.989624995671,26.718292907884,21.9795064221385,0.0169491525423729,0.0335240159594664,15.5418580382274,34.4410365776432,0.128727953087489,ok,0.137670918371969,0.03,0.58,0.021292774486858,0.62,0.5284,0,0,0,0,observe
near_threshold_noise,545,13452.6343209495,13500.1625500522,224.210572015825,5.63252666655829,0,0,1,1,0,0,1,60,805.157984557352,25.9124034702086,19.2422620987304,0,0.0321830050340422,13.6063340153811,34.0260632731387,0.117204636436291,ok,0.126867167706302,0.03,0.58,0.0230060268333603,0.62,0.5284,0,0,0,0,observe
near_threshold_noise,546,13476.3151751756,13523.6899795469,224.605252919594,5.64244226514591,0,0,1,1,0,0,1,60,803.524468120469,25.2876952609018,21.232924753161,0.0169491525423729,0.0314709710334677,15.0139450773838,32.4579191635844,0.123324270886105,ok,0.126151234924389,0.03,0.58,0.00673086675781946,0.62,0.5284,0,0,0,0,observe
near_threshold_noise,547,13500.9782350557,13548.1412775082,225.016303917595,5.65276913086529,0,0,1,1,0,0,1,60,799.645457601277,23.3716291063869,20.9161289228596,0.0169491525423729,0.029227489363218,14.7899365975261,29.5588205044481,0.118566599765743,ok,0.12310913541228,0.03,0.58,0.0108155610631824,0.62,0.5284,0,0,0,0,observe
near_threshold_noise,548,13524.4910386078,13571.9900111835,225.408183976797,5.66261436362025,0,0,1,1,0,0,1,60,805.000527277675,24.8691950557516,21.5489901290171,0.0169491525423729,0.0308933897718719,15.23743704795,31.6981740428657,0.123019616365692,ok,0.12449086415287,0.03,0.58,0.00350297092185052,0.62,0.5284,0,0,0,0,observe
near_threshold_noise,549,13548.9842294083,13595.7882777436,225.816403823472,5.67287010210793,0,0,1,1,0,0,1,60,794.116670589206,26.2421488233919,26.0496501242673,0.0677966101694915,0.0330457095226589,18.4198842504064,32.218141068965,0.150572546630026,ok,0.141017070212968,0.03,0.58,0.0227511343263283,0.62,0.5284,0,0,0,0,observe
near_threshold_noise,550,13572.7763978607,13620.3131909837,226.212939964345,5.68283230995949,0,0,1,1,0,0,1,60,805.386330003105,27.5513753392184,27.6263466328643,0.0677966101694915,0.0342088936859807,19.5347770435085,33.7127431696888,0.157492430955823,ok,0.151555149274457,0.03,0.58,0.0141363849556337,0.62,0.5284,0,0,0,0,observe
near_threshold_noise,551,13596.6331697278,13643.5581757236,226.610552828796,5.69282156841999,0,0,1,1,0,0,1,60,796.16496633342,30.7822511735751,29.7905319036264,0.0847457627118644,0.0386631571034037,21.0650871242084,38.0966675586677,0.178361618290508,ok,0.16781971154205,0.03,0.58,0.0250997779725177,0.62,0.5284,0,0,0,0,observe
near_threshold_noise,552,13621.0772136543,13668.0957179251,227.017953560904,5.70305672822964,0,0,1,1,0,0,1,60,796.375449022969,29.3305950497185,29.4708022072063,0.101694915254237,0.0368301095741997,20.8390040877231,35.8650738263983,0.179488450750122,ok,0.174894523551872,0.03,0.58,0.0109379219005953,0.62,0.5284,0,0,0,0,observe
near_threshold_noise,553,13644.3362662735,13691.4955126246,227.405604437891,5.71279571091575,0,0,1,1,0,0,1,60,798.955615016176,30.4019754662242,28.6830065089735,0.0677966101694915,0.0380521456947376,20.281948407313,37.9104575717689,0.168366085391224,ok,0.171236687425189,0.03,0.58,0.00683476674753603,0.62,0.5284,0,0,0,0,observe
near_threshold_noise,554,13668.8834237113,13715.4779844656,227.814723728522,5.72307404620283,0,0,1,1,0,0,1,60,789.704442341728,27.1051448901205,26.9748158425863,0.0338983050847458,0.0343231510889632,19.0740752035511,33.249923521087,0.146500702926328,ok,0.157110651892735,0.03,0.58,0.0252617832533495,0.62,0.5284,0,0,0,0,observe
near_threshold_noise,555,13692.2866188428,13739.3789602457,228.204776980714,5.73287338394531,0,0,1,1,0,0,1,60,798.057460352396,22.300524137267,23.5120132481224,0.0169491525423729,0.0279435068841031,16.6255040070953,26.7996151111115,0.12243225448203,ok,0.137573992966829,0.03,0.58,0.0360517582971407,0.62,0.5284,0,0,0,0,observe
near_threshold_noise,556,13716.2779616357,13762.7483402993,228.604632693928,5.74291898966714,0,0,1,1,0,0,1,60,787.839263895109,21.4822579244374,21.6999036943585,0.0338983050847458,0.0272673106164171,15.3441490533759,26.2208295233368,0.120537149141109,ok,0.128761758925148,0.03,0.58,0.0195824042477102,0.62,0.5284,0,0,0,0,observe
near_threshold_noise,557,13740.147947558,13787.1405441326,229.002465792634,5.75291378108972,0,0,1,1,0,0,1,60,796.026398114332,23.1433976813435,21.3495009004488,0.0508474576271186,0.0290736560196581,15.0963768616557,29.0401983141386,0.127069352441063,ok,0.129071366839465,0.03,0.58,0.00476670094857548,0.62,0.5284,0,0,0,0,observe
near_threshold_noise,558,13763.5596024953,13810.0668300262,229.392660041588,5.76271666110463,0,0,1,1,0,0,1,60,788.641495447562,31.59470928132,23.4840195659247,0.0677966101694915,0.0400621948803109,16.6057094845829,41.4813418497509,0.158416285837119,ok,0.14737482141375,0.03,0.58,0.0262892010080221,0.62,0.5284,0,0,0,0,observe
near_threshold_noise,559,13787.9668488874,13834.2637168294,229.799447481457,5.77293641312638,0,0,1,1,0,0,1,60,785.386211614776,31.7010980297367,24.0792409517149,0.0338983050847458,0.0403637058569673,17.0265945627825,41.4730552307951,0.151494103488031,ok,0.150586159517207,0.03,0.58,0.00216177135910617,0.62,0.5284,0,0,0,0,observe
near_threshold_noise,560,13810.8551491655,13857.8344725001,230.180919152759,5.78252015515459,0,0,1,1,0,0,1,60,796.127374565263,26.6969678090965,26.3687344710081,0.0677966101694915,0.033533538303057,18.6455109557573,32.8298812303456,0.152422015461793,ok,0.152392184745233,0.03,0.58,7.10255156183837e-05,0.62,0.5284,0,0,0,0,observe
near_threshold_noise,561,13835.0756598854,13881.3741306445,230.584594331424,5.79266171759959,0,0,1,1,0,0,1,60,785.173563583616,26.1663032423241,26.9603575128281,0.101694915254237,0.0333255021003233,19.0638516205344,31.7162483930361,0.164837419300811,ok,0.160306137731889,0.03,0.58,0.0107887656402926,0.62,0.5284,0,0,0,0,observe
near_threshold_noise,562,13858.5791025281,13905.4161366876,230.976318375469,5.80250303077382,0,0,1,1,0,0,1,60,793.027736458662,28.3251820178732,25.8023324571543,0.0677966101694915,0.0357177696512381,18.2450042508835,35.6616277331327,0.155139511082538,ok,0.157805779604422,0.03,0.58,0.00634825838543712,0.62,0.5284,0,0,0,0,observe
near_threshold_noise,563,13882.1740864967,13928.6156962156,231.369568108278,5.81238267394377,0,0,1,1,0,0,1,60,787.359426186382,28.5592210967599,26.9664239799596,0.0847457627118644,0.0362721523956195,19.0681412605809,35.6042723303506,0.164696100114793,ok,0.162361459854406,0.03,0.58,0.00555866728663673,0.62,0.5284,0,0,0,0,observe
near_threshold_noise,564,13906.1935384969,13952.8108571267,231.769892308282,5.82244004949512,0,0,1,1,0,0,1,60,789.91200731918,26.4215271250488,26.954618056664,0.0677966101694915,0.0334486966652383,19.0597932121605,32.139049051723,0.153726558905095,ok,0.157797708515474,0.03,0.58,0.00969321335804652,0.62,0.5284,0,0,0,0,observe
near_threshold_noise,565,13929.4138356246,13975.8998702768,232.15689726041,5.83216280456151,0,0,1,1,0,0,1,60,788.069567686257,29.7507456630617,28.2064265435769,0.0508474576271186,0.037751420538175,19.9449554820034,37.0460859718982,0.161200694367623,ok,0.160330938055131,0.03,0.58,0.00207084836307686,0.62,0.5284,0,0,0,0,observe
near_threshold_noise,566,13953.6001875907,13999.7347432638,232.560003126512,5.84229006412338,0,0,1,1,0,0,1,60,782.064768950533,28.1011077367474,26.102787265039,0.0338983050847458,0.0359319443253489,18.4574578829789,35.1946979041252,0.147110580335818,ok,0.15315879093894,0.03,0.58,0.0144005014360044,0.62,0.5284,0,0,0,0,observe
near_threshold_noise,567,13976.6629808795,14023.4595689572,232.944383014658,5.85194686950623,0,0,1,1,0,0,1,60,792.661644673124,26.2464456087689,27.1849610940197,0.0338983050847458,0.0331117896080267,19.2226703358738,31.7528071097099,0.144825451700425,ok,0.14900185264894,0.03,0.58,0.0099438117821786,0.62,0.5284,0,0,0,0,observe
near_threshold_noise,568,14000.5603931548,14046.7689012912,233.342673219247,5.86195314483491,0,0,1,1,0,0,1,60,783.902633790967,27.4459707446505,28.5426734451342,0.0677966101694915,0.0350119639373085,20.1827179462476,33.1544946656504,0.161189183329559,ok,0.156851657756946,0.03,0.58,0.0103274418395557,0.62,0.5284,0,0,0,0,observe
near_threshold_noise,569,14024.2246503791,14070.8842133516,233.737077506318,5.87186179396004,0,0,1,1,0,0,1,60,790.410739905726,27.4708096296941,27.1261467642861,0.0677966101694915,0.034755106734722,19.1810823244882,33.7842691837931,0.156765834996209,ok,0.157385218780244,0.03,0.58,0.00147472329531981,0.62,0.5284,0,0,0,0,observe
near_threshold_noise,570,14047.5853989057,14093.8330184724,234.126423315095,5.8816433585474,0,0,1,1,0,0,1,60,784.401953019341,27.8884708482317,25.3681149258243,0.0508474576271186,0.0355538008808911,17.93796608997,35.1249624207689,0.148643504976184,ok,0.152884917260627,0.03,0.58,0.0100986006772455,0.62,0.5284,0,0,0,0,observe
near_threshold_noise,571,14071.6791983517,14117.8224334636,234.527986639195,5.89173186470834,0,0,1,1,0,0,1,60,782.303668534687,24.8588843869211,21.8157617159547,0.0338983050847458,0.0317765151651195,15.4260730461014,31.5905767009873,0.128407344535837,ok,0.139371225165281,0.03,0.58,0.0261044776891524,0.62,0.5284,0,0,0,0,observe
near_threshold_noise,572,14094.6027137741,14141.3494875634,234.910045229569,5.90133035194938,0,0,1,1,0,0,1,60,791.941151516846,22.6556231925623,23.6763141090944,0.0508474576271186,0.0286077104961256,16.7416822600434,27.3179537958186,0.131697255807364,ok,0.135944168063524,0.03,0.58,0.0101116958479996,0.62,0.5284,0,0,0,0,observe
near_threshold_noise,573,14118.6247710806,14164.7212354588,235.310412851343,5.91138881838919,0,0,1,1,0,0,1,60,781.646699919807,24.7526389998762,29.6088022201942,0.101694915254237,0.031667298029168,20.9365848327106,28.0543346108778,0.169437174840032,ok,0.156480318958698,0.03,0.58,0.0308496568603192,0.62,0.5284,0,0,0,0,observe
near_threshold_noise,574,14142.0917095397,14188.6518835003,235.701528492328,5.92121484660671,0,0,1,1,0,0,1,60,788.373265615245,25.2232510205782,29.376043059311,0.0677966101694915,0.0319940466282733,20.7719992516668,28.9991177655968,0.158026254239977,ok,0.157969657384081,0.03,0.58,0.000134754418801369,0.62,0.5284,0,0,0,0,observe
near_threshold_noise,575,14165.5209885624,14211.5185289776,236.092016476041,5.93102510614249,0,0,1,1,0,0,1,60,779.954891978995,25.6797430106424,22.2302367104413,0,0.0329246515083515,15.7191511253352,32.7384588837676,0.12457026726024,ok,0.139153175746174,0.03,0.58,0.0347212106807962,0.62,0.5284,0,0,0,0,observe
near_threshold_noise,576,14189.4219713478,14235.6494173294,236.49036618913,5.94103287650781,0,0,1,1,0,0,1,60,783.292230484419,27.1270879772814,22.9227891701549,0.0338983050847458,0.0346321422855234,16.2088596659261,34.7711183683333,0.136430304169868,ok,0.138603250203113,0.03,0.58,0.00517368103153537,0.62,0.5284,0,0,0,0,observe
near_threshold_noise,577,14212.3106858087,14258.7766738116,236.871844763478,5.95061679196176,0,0,1,1,0,0,1,60,787.635747234453,25.5251374695838,23.6933221881248,0.0338983050847458,0.0324072866921134,16.7537087880607,31.9746544551644,0.13415765859749,ok,0.137068005166733,0.03,0.58,0.00692939659343622,0.62,0.5284,0,0,0,0,observe
near_threshold_noise,578,14236.4531228254,14282.5561210688,237.274218713757,5.96072566354635,0,0,1,1,0,0,1,60,781.778395657636,27.1836783823345,26.0415963888959,0.0508474576271186,0.0347715906877516,18.4141893995114,33.7464423243002,0.148810674623615,ok,0.144960639721523,0.03,0.58,0.00916674976688567,0.62,0.5284,0,0,0,0,observe
near_threshold_noise,579,14259.51156839,14306.4111329506,237.658526139833,5.97038064845904,0,0,1,1,0,0,1,60,793.907652315616,25.4629343998906,24.9829376859985,0.0508474576271186,0.032072917203433,17.6656046517305,31.3791087954234,0.141145100222729,ok,0.14363061869124,0.03,0.58,0.00591790111550242,0.62,0.5284,0,0,0,0,observe
near_threshold_noise,580,14283.3714504194,14329.4302924446,238.056190840323,5.9803712092003,0,0,1,1,0,0,1,60,781.236189595578,26.6505386372247,25.6865667015176,0.0338983050847458,0.0341132924871553,18.1631455000437,33.0242723591702,0.142360043474007,ok,0.143810193474226,0.03,0.58,0.00345273809575872,0.62,0.5284,0,0,0,0,observe
near_threshold_noise,581,14307.1960136198,14353.6710787135,238.453266893663,5.99034698131413,0,0,1,1,0,0,1,60,787.665762716038,30.8460894221671,29.8557603682474,0.101694915254237,0.0391613941880669,21.1112106138683,38.1743271282881,0.185436973590331,ok,0.168865709066016,0.03,0.58,0.0394553917245584,0.62,0.5284,0,0,0,0,observe
near_threshold_noise,582,14330.2497633578,14376.5700778823,238.837496055963,6,0,0,1,1,0,0,1,60,785.663090627897,30.5185294026826,27.0623735603191,0.0847457627118644,0.0388442956869621,19.1359878595051,38.6855947666011,0.170387914415969,ok,0.170029172300525,0.03,0.58,0.000854147893913998,0.62,0.5284,0,0,0,0,observe
