scenario,window_id,day0_6,risk_proxy,mspc_risk,hybrid_risk,q,coverage,true_risk,true_low_quality
normal,1,0,0.153215779361278,0.231279305297939,0.231279305297939,1,1,0,0
normal,2,0.010492855789328,0.132277084694397,0.182294745639409,0.182294745639409,1,1,0,0
normal,3,0.0206428510436787,0.113754507375288,0.4679688148968,0.4679688148968,1,1,0,0
normal,4,0.0311192487978077,0.12428714245753,0.439407890186369,0.439407890186369,1,1,0,0
normal,5,0.0415086903483336,0.155164135453859,0.262962292463619,0.262962292463619,1,1,0,0
normal,6,0.0517535944871313,0.150207946450764,0.185116278023164,0.185116278023164,1,1,0,0
normal,7,0.0623466234766903,0.131518637214249,0.284465995726726,0.284465995726726,1,1,0,0
normal,8,0.0724403409991928,0.148802030893598,0.162909159185212,0.162909159185212,1,1,0,0
normal,9,0.0830496971170323,0.149056829268842,0.286211809225722,0.286211809225722,1,1,0,0
normal,10,0.093315069372979,0.137187866112971,0.245436446604306,0.245436446604306,1,1,0,0
normal,11,0.103634509505073,0.150308125925153,0.23090825074291,0.23090825074291,1,1,0,0
normal,12,0.114235234094249,0.147873509473011,0.180068256272061,0.180068256272061,1,1,0,0
normal,13,0.124444126520277,0.141978067493675,0.173529191980758,0.173529191980758,1,1,0,0
normal,14,0.135132251224056,0.141035113572218,0.311338457137734,0.311338457137734,1,1,0,0
normal,15,0.145419549737538,0.144750373898384,0.502046276225241,0.502046276225241,1,1,0,0
normal,16,0.155978022437498,0.163020384416159,0.215767014279839,0.215767014279839,1,1,0,0
normal,17,0.166523429756649,0.174504023336682,0.346817028709484,0.346817028709484,1,1,0,0
normal,18,0.176776570462003,0.146817822199012,0.179672540328037,0.179672540328037,1,1,0,0
normal,19,0.187533908873391,0.121009817846468,0.303047536262737,0.303047536262737,1,1,0,0
normal,20,0.197816804430504,0.12260806553598,0.387284538706008,0.387284538706008,1,1,0,0
normal,21,0.208558698653866,0.129142696805484,0.175402067807863,0.175402067807863,1,1,0,0
normal,22,0.219047227409719,0.143130771854731,0.294158812439838,0.294158812439838,1,1,0,0
normal,23,0.229528054793774,0.149176760320676,0.411554796210065,0.411554796210065,1,1,0,0
normal,24,0.240184907716806,0.137531008490168,0.243289765475196,0.243289765475196,1,1,0,0
normal,25,0.250571399681737,0.14187894099695,0.218310206813608,0.218310206813608,1,1,0,0
normal,26,0.261466363650901,0.138903550225574,0.239235783167293,0.239235783167293,1,1,0,0
normal,27,0.271881536817001,0.122620030980576,0.322785212930509,0.322785212930509,1,1,0,0
normal,28,0.282582252252509,0.123381928825104,0.298721422302503,0.298721422302503,1,1,0,0
normal,29,0.293217529926622,0.150464418661482,0.216386593354794,0.216386593354794,1,1,0,0
normal,30,0.303688734659168,0.150629984411249,0.240379621683712,0.240379621683712,1,1,0,0
normal,31,0.314586255445221,0.136539775159473,0.222257292610717,0.222257292610717,1,1,0,0
normal,32,0.324982802138084,0.160968601532775,0.26026615668108,0.26026615668108,1,1,0,0
normal,33,0.33585869643212,0.128219539238602,0.372221872180281,0.372221872180281,1,1,0,0
normal,34,0.346333232214826,0.130569076499223,0.263165991142339,0.263165991142339,1,1,0,0
normal,35,0.356974650625441,0.180469237067592,0.393402941631726,0.393402941631726,1,1,0,0
normal,36,0.367809345176491,0.165073842279868,0.431242174878807,0.431242174878807,1,1,0,0
normal,37,0.378191617861417,0.146698466094026,0.267004475783143,0.267004475783143,1,1,0,0
normal,38,0.389128701533465,0.141067969813397,0.223336890125048,0.223336890125048,1,1,0,0
normal,39,0.399554373888297,0.12654218827647,0.289701875921196,0.289701875921196,1,1,0,0
normal,40,0.410361545046338,0.161070976565978,0.420211908238362,0.420211908238362,1,1,0,0
normal,41,0.421185415742051,0.158434426773452,0.304915627662775,0.304915627662775,1,1,0,0
normal,42,0.431720434961739,0.139422110507437,0.340621625214323,0.340621625214323,1,1,0,0
normal,43,0.442664420531184,0.161416031792613,0.344336349205401,0.344336349205401,1,1,0,0
normal,44,0.453076775489677,0.204414665557034,0.488821495851619,0.488821495851619,1,1,0,0
normal,45,0.464021110435646,0.170934738794125,0.304809120065493,0.304809120065493,1,1,0,0
normal,46,0.474620121256785,0.124803848284601,0.297207921003381,0.297207921003381,1,1,0,0
normal,47,0.485288022492071,0.142360920304952,0.388872614058086,0.388872614058086,1,1,0,0
normal,48,0.49620160811585,0.163639088990179,0.385256307446216,0.385256307446216,1,1,0,0
normal,49,0.506629062478562,0.135883508915092,0.262780382419931,0.262780382419931,1,1,0,0
normal,50,0.517632536682964,0.133305962958201,0.209346508508328,0.209346508508328,1,1,0,0
normal,51,0.528169415185174,0.142665754543802,0.375542429535412,0.375542429535412,1,1,0,0
normal,52,0.539000588739295,0.135838022570664,0.215181205525556,0.215181205525556,1,1,0,0
normal,53,0.549746799926218,0.132117150689894,0.269797098601437,0.269797098601437,1,1,0,0
normal,54,0.560284368557088,0.143912965390967,0.424485203960868,0.424485203960868,1,1,0,0
normal,55,0.571213203650907,0.143172897333425,0.354579865958564,0.354579865958564,1,1,0,0
normal,56,0.581654810150514,0.117512067657344,0.396792881233145,0.396792881233145,1,1,0,0
normal,57,0.592626799808008,0.143341740101489,0.317896351575733,0.317896351575733,1,1,0,0
normal,58,0.603316058809252,0.180358798293286,0.409913215912763,0.409913215912763,1,1,0,0
normal,59,0.613977318898218,0.139316233649791,0.225587338309493,0.225587338309493,1,1,0,0
normal,60,0.62485140332226,0.111336005302606,0.407931644669986,0.407931644669986,1,1,0,0
normal,61,0.635416257109144,0.127749877161015,0.294183236155051,0.294183236155051,1,1,0,0
normal,62,0.646376676315936,0.123201108659103,0.237993094681867,0.237993094681867,1,1,0,0
normal,63,0.656875143780526,0.132162882955409,0.265502546565207,0.265502546565207,1,1,0,0
normal,64,0.667684249057381,0.163145688054586,0.340189806864373,0.340189806864373,1,1,0,0
normal,65,0.678456976249764,0.151162837263793,0.244481656649211,0.244481656649211,1,1,0,0
normal,66,0.689002315306025,0.140010948485117,0.344184598938509,0.344184598938509,1,1,0,0
normal,67,0.69996057915913,0.145053040740713,0.199084830438593,0.199084830438593,1,1,0,0
normal,68,0.710381063208109,0.1846122760787,0.444523374188593,0.444523374188593,1,1,0,0
normal,69,0.721275499085597,0.193013778031436,0.476774024556591,0.476774024556591,1,1,0,0
normal,70,0.731836028907561,0.141602790096085,0.371755517259837,0.371755517259837,1,1,0,0
normal,71,0.742500237978645,0.126689233989611,0.270021824218946,0.270021824218946,1,1,0,0
normal,72,0.753343221783698,0.127733110014165,0.365100701047109,0.365100701047109,1,1,0,0
normal,73,0.763812587316917,0.14434898537167,0.244908561982103,0.244908561982103,1,1,0,0
normal,74,0.774638580503099,0.136713610662277,0.236369197472749,0.236369197472749,1,1,0,0
normal,75,0.785090777058206,0.110116844557085,0.377958917303962,0.377958917303962,1,1,0,0
normal,76,0.795862372470096,0.11174678052546,0.333532103592073,0.333532103592073,1,1,0,0
normal,77,0.806535912570224,0.12302463729153,0.249499530478814,0.249499530478814,1,1,0,0
normal,78,0.81702426680278,0.137108720186713,0.243233808455092,0.243233808455092,1,1,0,0
normal,79,0.827887426688759,0.134699748055156,0.173799343993795,0.173799343993795,1,1,0,0
normal,80,0.838231075325903,0.120778738833158,0.25952610305933,0.25952610305933,1,1,0,0
normal,81,0.849037008295214,0.114843223218849,0.314545756149348,0.314545756149348,1,1,0,0
normal,82,0.859501580897045,0.133602536311062,0.289330679504381,0.289330679504381,1,1,0,0
normal,83,0.870038238778214,0.139916059824821,0.178322000351546,0.178322000351546,1,1,0,0
normal,84,0.880701586560697,0.126988685673812,0.194948991310562,0.194948991310562,1,1,0,0
normal,85,0.891024278199305,0.125602118967914,0.214418139816125,0.214418139816125,1,1,0,0
normal,86,0.901740824104793,0.14298939212289,0.263879279043678,0.263879279043678,1,1,0,0
normal,87,0.912096288054096,0.173638274558512,0.349741863999414,0.349741863999414,1,1,0,0
normal,88,0.922681314901177,0.169989563678039,0.339564133569045,0.339564133569045,1,1,0,0
normal,89,0.93323667249415,0.160420634871701,0.48848054890858,0.48848054890858,1,1,0,0
normal,90,0.94354992101282,0.143852952936706,0.284212207085994,0.284212207085994,1,1,0,0
normal,91,0.954252817858593,0.150386371162583,0.432486235173999,0.432486235173999,1,1,0,0
normal,92,0.964487210225978,0.183990644159843,0.674496578365147,0.674496578365147,1,1,0,0
normal,93,0.975153030144126,0.138186763956647,0.294020543819016,0.294020543819016,1,1,0,0
normal,94,0.985604950665438,0.11109994665052,0.43278309570676,0.43278309570676,1,1,0,0
normal,95,0.996031777801198,0.134188507466438,0.193995348941131,0.193995348941131,1,1,0,0
normal,96,1.00658581469946,0.14884757970815,0.164046060248986,0.164046060248986,1,1,0,0
normal,97,1.01676241215213,0.145586305412974,0.143919796905978,0.145586305412974,1,1,0,0
normal,98,1.02746095355906,0.153601030188663,0.290368776472808,0.290368776472808,1,1,0,0
normal,99,1.0376428690889,0.152716798334506,0.155725683935317,0.155725683935317,1,1,0,0
normal,100,1.04811700381969,0.150410924920189,0.193393235521107,0.193393235521107,1,1,0,0
normal,101,1.05853705758288,0.122992802628944,0.205295119662823,0.205295119662823,1,1,0,0
normal,102,1.06867002263941,0.118940374586244,0.238062730961403,0.238062730961403,1,1,0,0
normal,103,1.07916351257891,0.133002846735734,0.248401648878966,0.248401648878966,1,1,0,0
normal,104,1.08920522295281,0.134661587895335,0.172762727055488,0.172762727055488,1,1,0,0
normal,105,1.09973561204584,0.126756652675898,0.224816362495465,0.224816362495465,1,1,0,0
normal,106,1.10988363301438,0.144016599258289,0.233314576108935,0.233314576108935,1,1,0,0
normal,107,1.12007147635383,0.145462765557995,0.239834634504366,0.239834634504366,1,1,0,0
normal,108,1.13050261870229,0.126684381937622,0.181399422181227,0.181399422181227,1,1,0,0
normal,109,1.14051262504206,0.141158906530415,0.195012617567948,0.195012617567948,1,1,0,0
normal,110,1.15098906470661,0.170576816794125,0.247114602127212,0.247114602127212,1,1,0,0
normal,111,1.16097014384034,0.143667064602986,0.247969441411834,0.247969441411834,1,1,0,0
normal,112,1.17130483285976,0.150432223410904,0.34352096861452,0.34352096861452,1,1,0,0
normal,113,1.18148940872651,0.151950792146793,0.190501409238382,0.190501409238382,1,1,0,0
normal,114,1.19153586710925,0.139255327671653,0.150907797151693,0.150907797151693,1,1,0,0
normal,115,1.20192622231027,0.196048039162964,0.404096024957844,0.404096024957844,1,1,0,0
normal,116,1.21182439700959,0.188480466093096,0.39665664289768,0.39665664289768,1,1,0,0
normal,117,1.22221011244623,0.127073418594314,0.269748821944842,0.269748821944842,1,1,0,0
normal,118,1.23219574084246,0.123660208204193,0.2478642930488,0.2478642930488,1,1,0,0
normal,119,1.24230890636447,0.122105556753139,0.247593927904774,0.247593927904774,1,1,0,0
normal,120,1.2526052283905,0.12179038794422,0.248292525564589,0.248292525564589,1,1,0,0
normal,121,1.2625215559537,0.138632705500833,0.292616610463251,0.292616610463251,1,1,0,0
normal,122,1.27285734787269,0.156932072072506,0.21507207313322,0.21507207313322,1,1,0,0
normal,123,1.2827287890534,0.14333888430619,0.139629404447106,0.14333888430619,1,1,0,0
normal,124,1.29287460726251,0.132411147781533,0.209834605683056,0.209834605683056,1,1,0,0
normal,125,1.30295541348945,0.161946274368919,0.19136336568452,0.19136336568452,1,1,0,0
normal,126,1.31286722521294,0.157578142333143,0.359167610097922,0.359167610097922,1,1,0,0
normal,127,1.32313026900067,0.12788215792485,0.344697712910079,0.344697712910079,1,1,0,0
normal,128,1.33294865258392,0.143815171448789,0.298798202617603,0.298798202617603,1,1,0,0
normal,129,1.34330462379325,0.159949738339598,0.232195187555867,0.232195187555867,1,1,0,0
normal,130,1.35318382154671,0.153599937216923,0.267982083833907,0.267982083833907,1,1,0,0
normal,131,1.36320843798383,0.145898400887713,0.300583072049516,0.300583072049516,1,1,0,0
normal,132,1.37339656794795,0.151784913401969,0.175635728627712,0.175635728627712,1,1,0,0
normal,133,1.38324102494477,0.172006735751019,0.389500747610899,0.389500747610899,1,1,0,0
normal,134,1.39353720100544,0.155543219013462,0.240390997247355,0.240390997247355,1,1,0,0
normal,135,1.40330684179781,0.140226969256187,0.183267381898835,0.183267381898835,1,1,0,0
normal,136,1.41333667849421,0.168012233475424,0.283903630329712,0.283903630329712,1,1,0,0
normal,137,1.4232826929918,0.196272731871924,0.455822286432634,0.455822286432634,1,1,0,0
normal,138,1.43307522185514,0.161185764625339,0.24502497211516,0.24502497211516,1,1,0,0
normal,139,1.44320361130126,0.125389069674323,0.308336632444434,0.308336632444434,1,1,0,0
normal,140,1.4529002276471,0.134485905007234,0.317778554064408,0.317778554064408,1,1,0,0
normal,141,1.46295997774516,0.144515075152545,0.246206787998612,0.246206787998612,1,1,0,0
normal,142,1.47278168442129,0.131833285494861,0.249413459013193,0.249413459013193,1,1,0,0
normal,143,1.48266049832602,0.144801234595298,0.301095747227146,0.301095747227146,1,1,0,0
normal,144,1.49270667609624,0.169249224652315,0.318763857222956,0.318763857222956,1,1,0,0
normal,145,1.50233327335215,0.135762836678714,0.241898161641955,0.241898161641955,1,1,0,0
normal,146,1.5124595482879,0.131427744217915,0.346122217552832,0.346122217552832,1,1,0,0
normal,147,1.5221530606695,0.132715187484051,0.376908641345677,0.376908641345677,1,1,0,0
normal,148,1.53215095186262,0.163494589476152,0.312475503972408,0.312475503972408,1,1,0,0
normal,149,1.54207544670301,0.210077109441368,0.513474644092382,0.513474644092382,1,1,0,0
normal,150,1.55176710158996,0.160848439859441,0.28109749266656,0.28109749266656,1,1,0,0
normal,151,1.5618465202943,0.135156319734122,0.334444535936639,0.334444535936639,1,1,0,0
normal,152,1.57140984419096,0.141489049779083,0.301830063388446,0.301830063388446,1,1,0,0
normal,153,1.58147568088622,0.134466961828768,0.346879731675204,0.346879731675204,1,1,0,0
normal,154,1.59118207871405,0.144436181021113,0.362643320790979,0.362643320790979,1,1,0,0
normal,155,1.60108089202791,0.140326857437942,0.242177653345539,0.242177653345539,1,1,0,0
normal,156,1.61114633475092,0.13683781085499,0.246513346596438,0.246513346596438,1,1,0,0
normal,157,1.62077206916693,0.149698242755943,0.242250421634032,0.242250421634032,1,1,0,0
normal,158,1.63086062389629,0.172126920385014,0.346571251070813,0.346571251070813,1,1,0,0
normal,159,1.64045044113524,0.193855234975542,0.468990615337901,0.468990615337901,1,1,0,0
normal,160,1.65041480774138,0.177441258606833,0.416947000533924,0.416947000533924,1,1,0,0
normal,161,1.66028640214171,0.147341235620654,0.253059322634231,0.253059322634231,1,1,0,0
normal,162,1.66993736256354,0.131363296474984,0.462337910322266,0.462337910322266,1,1,0,0
normal,163,1.68001547230234,0.148983251784565,0.475238802228382,0.475238802228382,1,1,0,0
normal,164,1.68953952438093,0.139662835035333,0.323899921393491,0.323899921393491,1,1,0,0
normal,165,1.69956390943735,0.140516724435027,0.29818292890101,0.29818292890101,1,1,0,0
normal,166,1.70926976610542,0.160922942617392,0.238440190693813,0.238440190693813,1,1,0,0
normal,167,1.71905320767183,0.162140194566381,0.302534359939098,0.302534359939098,1,1,0,0
normal,168,1.72913575680835,0.142170307475773,0.247812598137656,0.247812598137656,1,1,0,0
normal,169,1.73876499643557,0.169630959927192,0.330566112036404,0.330566112036404,1,1,0,0
normal,170,1.74888304685081,0.148626480447922,0.350899541548467,0.350899541548467,1,1,0,0
normal,171,1.75860902841884,0.115741507110101,0.445733093591675,0.445733093591675,1,1,0,0
normal,172,1.76858441197682,0.118822239355869,0.410760916359166,0.410760916359166,1,1,0,0
normal,173,1.77851387770109,0.142198127624953,0.319318902313018,0.319318902313018,1,1,0,0
normal,174,1.78833458284745,0.178870965093725,0.321972870676084,0.321972870676084,1,1,0,0
normal,175,1.79848412728513,0.164047021779994,0.266742220824332,0.266742220824332,1,1,0,0
normal,176,1.8081257660366,0.157004572086651,0.210440686887378,0.210440686887378,1,1,0,0
normal,177,1.81825312077275,0.141839091512727,0.263642758274187,0.263642758274187,1,1,0,0
normal,178,1.82805084072162,0.123662001994312,0.292571259019136,0.292571259019136,1,1,0,0
normal,179,1.83792139937666,0.133756676114125,0.238982676151103,0.238982676151103,1,1,0,0
normal,180,1.84799375606311,0.144171908407029,0.228684044336336,0.228684044336336,1,1,0,0
normal,181,1.85770082026217,0.131838994117924,0.231910571623629,0.231910571623629,1,1,0,0
normal,182,1.86787411482859,0.141426621735684,0.237784478213059,0.237784478213059,1,1,0,0
normal,183,1.87762700836015,0.130518637646834,0.282694896169005,0.282694896169005,1,1,0,0
normal,184,1.88765726184047,0.129199044991541,0.253970766679154,0.253970766679154,1,1,0,0
normal,185,1.89770804427286,0.134997749674808,0.191581121968464,0.191581121968464,1,1,0,0
normal,186,1.90752410576998,0.13079222284025,0.251312989739064,0.251312989739064,1,1,0,0
normal,187,1.91775117145138,0.135502949985727,0.46935241058627,0.46935241058627,1,1,0,0
normal,188,1.92747077737878,0.14696825313688,0.154294227937542,0.154294227937542,1,1,0,0
normal,189,1.93777348339104,0.161122905140311,0.268389787280448,0.268389787280448,1,1,0,0
normal,190,1.94771856751929,0.134202586985144,0.216697148995674,0.216697148995674,1,1,0,0
normal,191,1.95773926758129,0.140122932511153,0.320555302631137,0.320555302631137,1,1,0,0
normal,192,1.96787944270517,0.177681782763696,0.316168440406756,0.316168440406756,1,1,0,0
normal,193,1.97770032628043,0.154163826736388,0.29204419639261,0.29204419639261,1,1,0,0
normal,194,1.98798374712307,0.132950420726747,0.29886428096428,0.29886428096428,1,1,0,0
normal,195,1.99782317001768,0.124135571647337,0.238952768614619,0.238952768614619,1,1,0,0
normal,196,2.00802585470784,0.130752958160174,0.217938868048584,0.217938868048584,1,1,0,0
normal,197,2.01810281913943,0.138801506385019,0.33697745133328,0.33697745133328,1,1,0,0
normal,198,2.02804495209774,0.157483885410826,0.170919614005006,0.170919614005006,1,1,0,0
normal,199,2.03844156998611,0.157062247142035,0.228102052464279,0.228102052464279,1,1,0,0
normal,200,2.04840078316778,0.128034395520022,0.210266178106262,0.210266178106262,1,1,0,0
normal,201,2.05868336102587,0.129029267755741,0.229554615299119,0.229554615299119,1,1,0,0
normal,202,2.06867249388698,0.171415149349146,0.385443817751726,0.385443817751726,1,1,0,0
normal,203,2.07875764474046,0.161641655286121,0.203866099985068,0.203866099985068,1,1,0,0
normal,204,2.08907796314136,0.137908955568902,0.417747287945934,0.417747287945934,1,1,0,0
normal,205,2.09900477439006,0.139032484645988,0.211457189304804,0.211457189304804,1,1,0,0
normal,206,2.10949405793129,0.164077290543197,0.648747079231631,0.648747079231631,1,1,0,0
normal,207,2.11949405687957,0.149646685857309,0.439978327948322,0.439978327948322,1,1,0,0
normal,208,2.12978847495381,0.143039395671503,0.146911892054313,0.146911892054313,1,1,0,0
normal,209,2.14004828663978,0.134067941262283,0.135174020124276,0.135174020124276,1,1,0,0
normal,210,2.15019408170762,0.143518372935364,0.197407544427208,0.197407544427208,1,1,0,0
normal,211,2.16068358706506,0.158004360686013,0.502983561492956,0.502983561492956,1,1,0,0
normal,212,2.17069192370225,0.125413965332629,0.415682581615639,0.415682581615639,1,1,0,0
normal,213,2.18125924468575,0.130715469098428,0.259169052226069,0.259169052226069,1,1,0,0
normal,214,2.19147011059784,0.129236367330247,0.271848421221297,0.271848421221297,1,1,0,0
normal,215,2.20184211175744,0.132065055175661,0.270099359023097,0.270099359023097,1,1,0,0
normal,216,2.21235731691996,0.133597617207393,0.236749455127774,0.236749455127774,1,1,0,0
normal,217,2.22247799613839,0.129748135881068,0.23718458310037,0.23718458310037,1,1,0,0
normal,218,2.23308811629333,0.125564965545812,0.185376938599215,0.185376938599215,1,1,0,0
normal,219,2.2432513668311,0.111552744530337,0.334573734239488,0.334573734239488,1,1,0,0
normal,220,2.25378618435229,0.136640541602469,0.228019674946249,0.228019674946249,1,1,0,0
normal,221,2.26414088144418,0.143721267617712,0.15549713768555,0.15549713768555,1,1,0,0
normal,222,2.27438837056245,0.152197313368742,0.147840387265679,0.152197313368742,1,1,0,0
normal,223,2.28501754721482,0.191229769763108,0.406820414364226,0.406820414364226,1,1,0,0
normal,224,2.29521326002132,0.182334266323094,0.340144487590173,0.340144487590173,1,1,0,0
normal,225,2.30580030771265,0.149107045646286,0.167077107769323,0.167077107769323,1,1,0,0
normal,226,2.316163589456,0.12538993136297,0.229614583286633,0.229614583286633,1,1,0,0
normal,227,2.32660931458125,0.126062566666107,0.176663901369242,0.176663901369242,1,1,0,0
normal,228,2.33723328945714,0.138349410625735,0.168274776966401,0.168274776966401,1,1,0,0
normal,229,2.34747857117375,0.135560842639315,0.441574922364842,0.441574922364842,1,1,0,0
normal,230,2.35820247905272,0.133722959567426,0.272682031276191,0.272682031276191,1,1,0,0
normal,231,2.36848030985702,0.139228285990215,0.295104675540618,0.295104675540618,1,1,0,0
normal,232,2.37914273484698,0.131889440909709,0.348923016902283,0.348923016902283,1,1,0,0
normal,233,2.38970982338651,0.130998380960599,0.219464928339192,0.219464928339192,1,1,0,0
normal,234,2.4001759619048,0.14850810546918,0.369473298099569,0.369473298099569,1,1,0,0
normal,235,2.4109397298161,0.138421720027187,0.450220686510004,0.450220686510004,1,1,0,0
normal,236,2.42132544965714,0.129053526409488,0.320556480893844,0.320556480893844,1,1,0,0
normal,237,2.43205645416837,0.138715137339001,0.190586869321479,0.190586869321479,1,1,0,0
normal,238,2.44252032712957,0.13051078202837,0.205315973971634,0.205315973971634,1,1,0,0
normal,239,2.4530896171869,0.129932026826988,0.192042917063327,0.192042917063327,1,1,0,0
normal,240,2.46381684059851,0.137348392449734,0.190848676765633,0.190848676765633,1,1,0,0
normal,241,2.47424172686096,0.125769757429149,0.220544429158367,0.220544429158367,1,1,0,0
normal,242,2.48504971100553,0.150239104475462,0.267566316297641,0.267566316297641,1,1,0,0
normal,243,2.49552163365686,0.167782693646468,0.3761125739599,0.3761125739599,1,1,0,0
normal,244,2.50624490819483,0.140534326759961,0.280912649881657,0.280912649881657,1,1,0,0
normal,245,2.51690604597271,0.148856512062752,0.371134012996648,0.371134012996648,1,1,0,0
normal,246,2.52736327704183,0.162589808241538,0.281257129547091,0.281257129547091,1,1,0,0
normal,247,2.53831386396122,0.133274399812301,0.452432214055184,0.452432214055184,1,1,0,0
normal,248,2.54876448090686,0.138882150462088,0.54052894628519,0.54052894628519,1,1,0,0
normal,249,2.55958378803105,0.132868991590481,0.247301232470574,0.247301232470574,1,1,0,0
normal,250,2.57011213961871,0.121605705991078,0.297621004797096,0.297621004797096,1,1,0,0
normal,251,2.58072661849415,0.144892519031305,0.273767010636912,0.273767010636912,1,1,0,0
normal,252,2.59155602874593,0.136194221859823,0.201232061061185,0.201232061061185,1,1,0,0
normal,253,2.60202637586268,0.12547106583316,0.2687316770436,0.2687316770436,1,1,0,0
normal,254,2.6129142010074,0.149017394243494,0.229439101292007,0.229439101292007,1,1,0,0
normal,255,2.62337174022764,0.141272175918609,0.458099843440319,0.458099843440319,1,1,0,0
normal,256,2.63415154367001,0.123149862082419,0.271871749665906,0.271871749665906,1,1,0,0
normal,257,2.64490474542438,0.113638486397848,0.332029862947718,0.332029862947718,1,1,0,0
normal,258,2.65545863809217,0.107325931805037,0.441496350815179,0.441496350815179,1,1,0,0
normal,259,2.66632883926829,0.127230276775192,0.399168504633934,0.399168504633934,1,1,0,0
normal,260,2.67675148769592,0.181607855458203,0.457733655127587,0.457733655127587,1,1,0,0
normal,261,2.68773482983941,0.173856201536592,0.408525775818178,0.408525775818178,1,1,0,0
normal,262,2.69837320560658,0.132221195198389,0.312271873334026,0.312271873334026,1,1,0,0
normal,263,2.70901358843137,0.117159442285712,0.312480090337635,0.312480090337635,1,1,0,0
normal,264,2.71986131632678,0.112788381232867,0.351763869634015,0.351763869634015,1,1,0,0
normal,265,2.73042375081801,0.134325652698386,0.227322815017378,0.227322815017378,1,1,0,0
normal,266,2.74138707134902,0.124853060285283,0.276788439827163,0.276788439827163,1,1,0,0
normal,267,2.75191633914292,0.118362477450922,0.366065019933155,0.366065019933155,1,1,0,0
normal,268,2.76277497236524,0.145250039543007,0.188117486332123,0.188117486332123,1,1,0,0
normal,269,2.77353443751031,0.151816370664064,0.324911768408033,0.324911768408033,1,1,0,0
normal,270,2.78404598766177,0.150011609593069,0.353650952320734,0.353650952320734,1,1,0,0
normal,271,2.79499414648183,0.142447220920974,0.352775394338956,0.352775394338956,1,1,0,0
normal,272,2.80542781304377,0.162430629851731,0.338005090107706,0.338005090107706,1,1,0,0
normal,273,2.81632282857654,0.166440247594051,0.342051492616798,0.342051492616798,1,1,0,0
normal,274,2.82691431958158,0.130291749618628,0.448577031574094,0.448577031574094,1,1,0,0
normal,275,2.83766019788773,0.128228659310949,0.342393494007153,0.342393494007153,1,1,0,0
normal,276,2.848444620274,0.131574644748064,0.234288970271476,0.234288970271476,1,1,0,0
normal,277,2.85894055472868,0.131475524990014,0.246451099138568,0.246451099138568,1,1,0,0
normal,278,2.86988343314792,0.123272521568504,0.259287382359578,0.259287382359578,1,1,0,0
normal,279,2.88035915667396,0.126041292963949,0.238105497907247,0.238105497907247,1,1,0,0
normal,280,2.89108506413544,0.123227363155448,0.374019670928507,0.374019670928507,1,1,0,0
normal,281,2.9017927894226,0.151918562869882,0.234072766891376,0.234072766891376,1,1,0,0
normal,282,2.91232510562658,0.172649914458768,0.330004040167156,0.330004040167156,1,1,0,0
normal,283,2.92320860680588,0.134135921627408,0.213778568420991,0.213778568420991,1,1,0,0
normal,284,2.93358499406475,0.130883272427591,0.275096910927042,0.275096910927042,1,1,0,0
normal,285,2.94437802440437,0.148568285032467,0.262031124481593,0.262031124481593,1,1,0,0
normal,286,2.95488229177929,0.144811180093036,0.258607940010558,0.258607940010558,1,1,0,0
normal,287,2.96542308029532,0.139744979308387,0.291606082058673,0.291606082058673,1,1,0,0
normal,288,2.97633712266105,0.128138698148986,0.205248404859606,0.205248404859606,1,1,0,0
normal,289,2.98672442749504,0.131597086564479,0.363165911270449,0.363165911270449,1,1,0,0
normal,290,2.99755013326551,0.129781719946526,0.324316941568812,0.324316941568812,1,1,0,0
normal,291,3.00794077857426,0.122383079316965,0.413696770302254,0.413696770302254,1,1,0,0
normal,292,3.01863393477514,0.146380286666733,0.439250865894539,0.439250865894539,1,1,0,0
normal,293,3.02931336742084,0.182843111205821,0.398954078709949,0.398954078709949,1,1,0,0
normal,294,3.03979435186187,0.183437545186461,0.410439325098311,0.410439325098311,1,1,0,0
normal,295,3.05064751790029,0.153434447093905,0.268727369454432,0.268727369454432,1,1,0,0
normal,296,3.06096736634454,0.144541805452279,0.322930143220424,0.322930143220424,1,1,0,0
normal,297,3.07177043013014,0.139173229260968,0.234870021242739,0.234870021242739,1,1,0,0
normal,298,3.08216325931989,0.127962163067252,0.215122764494329,0.215122764494329,1,1,0,0
normal,299,3.09265403513347,0.15120183126524,0.199357553347617,0.199357553347617,1,1,0,0
normal,300,3.10332989280353,0.148774239906475,0.217712948831555,0.217712948831555,1,1,0,0
normal,301,3.11351058991857,0.133119618590127,0.204215808401243,0.204215808401243,1,1,0,0
normal,302,3.12421508284407,0.129060238667478,0.224565536036588,0.224565536036588,1,1,0,0
normal,303,3.13454769731826,0.112832147610324,0.308053060261288,0.308053060261288,1,1,0,0
normal,304,3.14506842181524,0.126561448432537,0.183615168500536,0.183615168500536,1,1,0,0
normal,305,3.15551270863041,0.131035999085999,0.168738886717643,0.168738886717643,1,1,0,0
normal,306,3.1658012191778,0.131187935546246,0.290607197129494,0.290607197129494,1,1,0,0
normal,307,3.17644391080777,0.133999171201826,0.224984557745475,0.224984557745475,1,1,0,0
normal,308,3.1865311407436,0.124147165703146,0.196468379424073,0.196468379424073,1,1,0,0
normal,309,3.19715280440532,0.129119705884873,0.168795587450324,0.168795587450324,1,1,0,0
normal,310,3.20747473419752,0.133122599511208,0.310036375219596,0.310036375219596,1,1,0,0
normal,311,3.21780049840412,0.116249170069957,0.289319355577984,0.289319355577984,1,1,0,0
normal,312,3.22827251608357,0.121589829795046,0.219125536512487,0.219125536512487,1,1,0,0
normal,313,3.23839697977111,0.137419593178622,0.272888777005079,0.272888777005079,1,1,0,0
normal,314,3.24897529564852,0.145358662094468,0.137387199701923,0.145358662094468,1,1,0,0
normal,315,3.25906323122753,0.141562443589373,0.12302690810709,0.141562443589373,1,1,0,0
normal,316,3.26942030822757,0.132245076027294,0.367910012758358,0.367910012758358,1,1,0,0
normal,317,3.27972761379586,0.159642001328365,0.221497012909224,0.221497012909224,1,1,0,0
normal,318,3.28994533236732,0.145747956970726,0.181658686478013,0.181658686478013,1,1,0,0
normal,319,3.30041583426136,0.139964607975305,0.134164055994513,0.139964607975305,1,1,0,0
normal,320,3.31044066296668,0.140375995220341,0.148813748781758,0.148813748781758,1,1,0,0
normal,321,3.3209221441082,0.132393916827707,0.423036678579795,0.423036678579795,1,1,0,0
normal,322,3.33104036360002,0.144376869967878,0.123796662560861,0.144376869967878,1,1,0,0
normal,323,3.34120557992431,0.134958543767231,0.516138874690428,0.516138874690428,1,1,0,0
normal,324,3.35162138910299,0.176189158336717,0.268309484106133,0.268309484106133,1,1,0,0
normal,325,3.36152416288137,0.221981050062261,0.506289376800728,0.506289376800728,1,1,0,0
normal,326,3.37192799758729,0.167581249317311,0.381582357064207,0.381582357064207,1,1,0,0
normal,327,3.38186372283141,0.147798387100428,0.191225274576601,0.191225274576601,1,1,0,0
normal,328,3.39210269209325,0.13315494544448,0.171078477858568,0.171078477858568,1,1,0,0
normal,329,3.40231708050837,0.133854635090144,0.150577860374985,0.150577860374985,1,1,0,0
normal,330,3.4123090786951,0.139745492507133,0.280479944807576,0.280479944807576,1,1,0,0
normal,331,3.42267240111141,0.134145366233858,0.244970891698872,0.244970891698872,1,1,0,0
normal,332,3.43251379761969,0.162993024901812,0.190301088795617,0.190301088795617,1,1,0,0
normal,333,3.44274226267491,0.18326607483936,0.335759697063864,0.335759697063864,1,1,0,0
normal,334,3.45269380131629,0.147344841101285,0.162309755425432,0.162309755425432,1,1,0,0
normal,335,3.46275872370594,0.142883392116681,0.463831371260457,0.463831371260457,1,1,0,0
normal,336,3.47309501361612,0.177553989154877,0.354104074449591,0.354104074449591,1,1,0,0
normal,337,3.48288215123712,0.16454272068966,0.37451323190383,0.37451323190383,1,1,0,0
normal,338,3.4932640282957,0.123447300407767,0.297148449378941,0.297148449378941,1,1,0,0
normal,339,3.50302661705711,0.138806291000537,0.169429953115182,0.169429953115182,1,1,0,0
normal,340,3.51310561478814,0.145443507816457,0.203203855730638,0.203203855730638,1,1,0,0
normal,341,3.52315875877728,0.16930247409612,0.287117418718487,0.287117418718487,1,1,0,0
normal,342,3.5330218403127,0.186352718868847,0.461179975694786,0.461179975694786,1,1,0,0
normal,343,3.54319402746863,0.152478396431788,0.338718757130047,0.338718757130047,1,1,0,0
normal,344,3.55298331453856,0.123567542754235,0.262458342049015,0.262458342049015,1,1,0,0
normal,345,3.56320213352512,0.132360545925322,0.251798691402586,0.251798691402586,1,1,0,0
normal,346,3.57301699541367,0.145228236909366,0.18969906986557,0.18969906986557,1,1,0,0
normal,347,3.58297330577073,0.146515907949675,0.241928316872219,0.241928316872219,1,1,0,0
normal,348,3.59299672011731,0.158372944938837,0.281372927618207,0.281372927618207,1,1,0,0
normal,349,3.60270849581034,0.143710634771176,0.21244627356669,0.21244627356669,1,1,0,0
normal,350,3.61296305049237,0.123272153491318,0.331941794616777,0.331941794616777,1,1,0,0
normal,351,3.62271748092623,0.124503784837742,0.294131805152458,0.294131805152458,1,1,0,0
normal,352,3.63276707228138,0.131456933438076,0.296583309565569,0.296583309565569,1,1,0,0
normal,353,3.64258489201328,0.130342101305179,0.256565403786125,0.256565403786125,1,1,0,0
normal,354,3.65237377599878,0.129868698707053,0.266999835710013,0.266999835710013,1,1,0,0
normal,355,3.66245557423691,0.136613446988469,0.232713658346902,0.232713658346902,1,1,0,0
normal,356,3.67214452209228,0.158083115150339,0.260327057274382,0.260327057274382,1,1,0,0
normal,357,3.68227545649567,0.162727452259523,0.403440788868692,0.403440788868692,1,1,0,0
normal,358,3.69204522451841,0.155310656600979,0.227492945844725,0.227492945844725,1,1,0,0
normal,359,3.70179803608508,0.136298319408821,0.245035021931982,0.245035021931982,1,1,0,0
normal,360,3.71185523598219,0.117498120584504,0.362206235156486,0.362206235156486,1,1,0,0
normal,361,3.72154744021049,0.136516834554532,0.393773095951027,0.393773095951027,1,1,0,0
normal,362,3.7316651994119,0.148762815711535,0.322234557634912,0.322234557634912,1,1,0,0
normal,363,3.74128653853517,0.135560468984581,0.328355686546836,0.328355686546836,1,1,0,0
normal,364,3.75122620525287,0.158841378645061,0.387040346061276,0.387040346061276,1,1,0,0
normal,365,3.76113474516851,0.166665780342064,0.469051208479599,0.469051208479599,1,1,0,0
normal,366,3.77078039287798,0.128917117446046,0.31809470374051,0.31809470374051,1,1,0,0
normal,367,3.7808068876761,0.133231322137429,0.282916113011399,0.282916113011399,1,1,0,0
normal,368,3.79041748060953,0.147951174756808,0.293376453683882,0.293376453683882,1,1,0,0
normal,369,3.80043548220581,0.146306651564527,0.50075818073163,0.50075818073163,1,1,0,0
normal,370,3.81019667827597,0.124576677540357,0.335057189745296,0.335057189745296,1,1,0,0
normal,371,3.82010061438858,0.129555208357702,0.293200327653427,0.293200327653427,1,1,0,0
normal,372,3.83007487474718,0.137974738446516,0.236346673389053,0.236346673389053,1,1,0,0
normal,373,3.83974660492743,0.143987909025624,0.223346224143479,0.223346224143479,1,1,0,0
normal,374,3.84982807231149,0.140543008736118,0.278059610314646,0.278059610314646,1,1,0,0
normal,375,3.85948833113326,0.135412162904626,0.258761228396757,0.258761228396757,1,1,0,0
normal,376,3.86942785380909,0.144347682794177,0.366567343178673,0.366567343178673,1,1,0,0
normal,377,3.87934323109359,0.131042450995539,0.429119076906107,0.429119076906107,1,1,0,0
normal,378,3.8890594500171,0.146021675756625,0.314137581327266,0.314137581327266,1,1,0,0
normal,379,3.89917959961678,0.154944312730509,0.280061468899967,0.280061468899967,1,1,0,0
normal,380,3.90876347569994,0.149080513898582,0.216228151707732,0.216228151707732,1,1,0,0
normal,381,3.91882999745893,0.157234217154019,0.375911043573997,0.375911043573997,1,1,0,0
normal,382,3.92860208972058,0.155875324545786,0.220704547396052,0.220704547396052,1,1,0,0
normal,383,3.93841505416455,0.168976539717462,0.321873788136266,0.321873788136266,1,1,0,0
normal,384,3.94841233972219,0.137979861780066,0.372320773956767,0.372320773956767,1,1,0,0
normal,385,3.95804800611166,0.12481437854381,0.340056301329102,0.340056301329102,1,1,0,0
normal,386,3.96815476361496,0.144916642983445,0.288375007145759,0.288375007145759,1,1,0,0
normal,387,3.97779061058173,0.140287601925336,0.191265138861259,0.191265138861259,1,1,0,0
normal,388,3.98777885301655,0.138298327442518,0.496515054263142,0.496515054263142,1,1,0,0
normal,389,3.99778569956523,0.145065244054841,0.277622807086574,0.277622807086574,1,1,0,0
normal,390,4.00753431346422,0.184118004138304,0.417024159461461,0.417024159461461,1,1,0,0
normal,391,4.01759589566805,0.213073508583252,0.517753058809428,0.517753058809428,1,1,0,0
normal,392,4.02731302275719,0.186752718443976,0.402523920810308,0.402523920810308,1,1,0,0
normal,393,4.03744719601056,0.19522148389002,0.474442043571325,0.474442043571325,1,1,0,0
normal,394,4.04724974934877,0.169158865606474,0.336032176242933,0.336032176242933,1,1,0,0
normal,395,4.05719694861408,0.117705280286423,0.403189252667284,0.403189252667284,1,1,0,0
normal,396,4.06733883219537,0.137787584077333,0.229480996344122,0.229480996344122,1,1,0,0
normal,397,4.07708100192192,0.140433390169238,0.222684789484967,0.222684789484967,1,1,0,0
normal,398,4.08730429808863,0.134787454989229,0.201259440614437,0.201259440614437,1,1,0,0
normal,399,4.09711067830378,0.141464378828211,0.420291676761341,0.420291676761341,1,1,0,0
normal,400,4.10731508466853,0.13141632311573,0.357609714458114,0.357609714458114,1,1,0,0
normal,401,4.11743682126163,0.135585512487688,0.198310552877876,0.198310552877876,1,1,0,0
normal,402,4.12730495020267,0.160040008897909,0.303195632724644,0.303195632724644,1,1,0,0
normal,403,4.13762459593877,0.183535747356532,0.379299478283565,0.379299478283565,1,1,0,0
normal,404,4.14736512029825,0.14710359358261,0.16396632119725,0.16396632119725,1,1,0,0
normal,405,4.15768250894388,0.130374687450371,0.21400566945119,0.21400566945119,1,1,0,0
normal,406,4.16770649995703,0.136328106356203,0.155415850269313,0.155415850269313,1,1,0,0
normal,407,4.17776307910424,0.129280658172739,0.198289756283124,0.198289756283124,1,1,0,0
normal,408,4.18801607835705,0.149879393306647,0.152042299925543,0.152042299925543,1,1,0,0
normal,409,4.1979596385852,0.146769074233117,0.132451379289277,0.146769074233117,1,1,0,0
normal,410,4.20834358455596,0.126881486817607,0.247010039044948,0.247010039044948,1,1,0,0
normal,411,4.2183007803951,0.120482246146182,0.247380297625184,0.247380297625184,1,1,0,0
normal,412,4.22850799122946,0.140864748325927,0.373650150810793,0.373650150810793,1,1,0,0
normal,413,4.23868365399324,0.162860759323718,0.174956006148452,0.174956006148452,1,1,0,0
normal,414,4.24869202502977,0.134326152538304,0.144663047896047,0.144663047896047,1,1,0,0
normal,415,4.25912147418163,0.123462798332387,0.207093059051646,0.207093059051646,1,1,0,0
normal,416,4.2691351855114,0.136099114832164,0.177805332526739,0.177805332526739,1,1,0,0
normal,417,4.27960666058055,0.147337998799557,0.19062405863841,0.19062405863841,1,1,0,0
normal,418,4.28974140426347,0.156267928813956,0.157457968466866,0.157457968466866,1,1,0,0
normal,419,4.29999536427101,0.14423263612109,0.155156691924062,0.155156691924062,1,1,0,0
normal,420,4.31047332991487,0.15650072023617,0.303086953562182,0.303086953562182,1,1,0,0
normal,421,4.32052769418425,0.168814729232397,0.319074594190614,0.319074594190614,1,1,0,0
normal,422,4.33106367664118,0.132930640531748,0.158638711389671,0.158638711389671,1,1,0,0
normal,423,4.34109834796981,0.141417034388552,0.219417687131662,0.219417687131662,1,1,0,0
normal,424,4.35147693089096,0.147500933191768,0.245428682693916,0.245428682693916,1,1,0,0
normal,425,4.36191206127141,0.145088216379256,0.202414037144389,0.202414037144389,1,1,0,0
normal,426,4.37211830380403,0.146657042734313,0.15103541345369,0.15103541345369,1,1,0,0
normal,427,4.38267029114802,0.163688922879174,0.578275006251743,0.578275006251743,1,1,0,0
normal,428,4.3927280284383,0.140995941306654,0.49324069793604,0.49324069793604,1,1,0,0
normal,429,4.40324762835732,0.112328058275101,0.323287378111133,0.323287378111133,1,1,0,0
normal,430,4.41354944216452,0.110539549824869,0.342386447109976,0.342386447109976,1,1,0,0
normal,431,4.42386460256372,0.107018951574776,0.474969287422605,0.474969287422605,1,1,0,0
normal,432,4.43432347383073,0.167793111979539,0.40564434893253,0.40564434893253,1,1,0,0
normal,433,4.4444939837132,0.166494445613915,0.297058969476528,0.297058969476528,1,1,0,0
normal,434,4.45518071343154,0.150695397566795,0.139810158742623,0.150695397566795,1,1,0,0
normal,435,4.46542308293568,0.148226180044353,0.269943919631778,0.269943919631778,1,1,0,0
normal,436,4.47602669132014,0.140846220759593,0.519200056989662,0.519200056989662,1,1,0,0
normal,437,4.48651847486595,0.145740722011533,0.491922685984665,0.491922685984665,1,1,0,0
normal,438,4.4967898566026,0.139737683121543,0.201218696668065,0.201218696668065,1,1,0,0
normal,439,4.50750852983141,0.126334832452186,0.236837149576742,0.236837149576742,1,1,0,0
normal,440,4.51776525660577,0.141923404585628,0.192956758477063,0.192956758477063,1,1,0,0
normal,441,4.52852122163491,0.144262397185945,0.203434416291998,0.203434416291998,1,1,0,0
normal,442,4.53897962063054,0.121113306076716,0.254113473609749,0.254113473609749,1,1,0,0
normal,443,4.5495122005027,0.124066751628941,0.223112445792569,0.223112445792569,1,1,0,0
normal,444,4.56015708844543,0.140186523538768,0.159869471734241,0.159869471734241,1,1,0,0
normal,445,4.57049235500742,0.151043295408543,0.231820937460169,0.231820937460169,1,1,0,0
normal,446,4.58128977984451,0.148084442698815,0.175585659126101,0.175585659126101,1,1,0,0
normal,447,4.59171668707212,0.188448137816957,0.421281990646453,0.421281990646453,1,1,0,0
normal,448,4.60240642716056,0.178442969684674,0.330427041992028,0.330427041992028,1,1,0,0
normal,449,4.61309385984173,0.140469499244957,0.176446272874932,0.176446272874932,1,1,0,0
normal,450,4.62349363342953,0.136101236202121,0.267294899548737,0.267294899548737,1,1,0,0
normal,451,4.63431777157126,0.126210366040924,0.236376709787762,0.236376709787762,1,1,0,0
normal,452,4.64475934497377,0.124488552734737,0.326956278729513,0.326956278729513,1,1,0,0
normal,453,4.6555121554362,0.143269847610765,0.210871310174,0.210871310174,1,1,0,0
normal,454,4.66608411470795,0.150022515256007,0.225233402731727,0.225233402731727,1,1,0,0
normal,455,4.67668104010989,0.119266513980708,0.37365743459328,0.37365743459328,1,1,0,0
normal,456,4.68743051919567,0.139645078912388,0.216459642720864,0.216459642720864,1,1,0,0
normal,457,4.69790874313512,0.166961913546822,0.315735905559365,0.315735905559365,1,1,0,0
normal,458,4.70878400336243,0.150640576035214,0.220075551801927,0.220075551801927,1,1,0,0
normal,459,4.71928008278056,0.137063682061422,0.212658011731322,0.212658011731322,1,1,0,0
normal,460,4.73003345615858,0.136226060917099,0.209396385109487,0.209396385109487,1,1,0,0
normal,461,4.74071356661599,0.138475155961849,0.21835559817291,0.21835559817291,1,1,0,0
normal,462,4.75124240314772,0.134548041510737,0.21573704484501,0.21573704484501,1,1,0,0
normal,463,4.76216459249598,0.141954009432618,0.521654453588387,0.521654453588387,1,1,0,0
normal,464,4.77262608717541,0.131579062409905,0.285584269072979,0.285584269072979,1,1,0,0
normal,465,4.78354618570135,0.105280847679804,0.43229091547804,0.43229091547804,1,1,0,0
normal,466,4.79414656133847,0.141143143443257,0.267440912314746,0.267440912314746,1,1,0,0
normal,467,4.80484256535162,0.203008889145054,0.500710501814889,0.500710501814889,1,1,0,0
normal,468,4.81571725008153,0.170702673122311,0.35424795125179,0.35424795125179,1,1,0,0
normal,469,4.82621140481701,0.136788321102576,0.435140620862281,0.435140620862281,1,1,0,0
normal,470,4.83720261640518,0.164584993348758,0.284879998280744,0.284879998280744,1,1,0,0
normal,471,4.84765237746753,0.155608554733113,0.370272000680318,0.370272000680318,1,1,0,0
normal,472,4.8584839404802,0.125460728790633,0.260348181970441,0.260348181970441,1,1,0,0
normal,473,4.86926669302837,0.122289055352247,0.315005359022041,0.315005359022041,1,1,0,0
normal,474,4.87976764776528,0.127198919432659,0.225614105159545,0.225614105159545,1,1,0,0
normal,475,4.89063274893168,0.138663183081701,0.209101656642073,0.209101656642073,1,1,0,0
normal,476,4.90105232751084,0.150702900518638,0.330909778643908,0.330909778643908,1,1,0,0
normal,477,4.91194855125039,0.159922645962136,0.238397427714416,0.238397427714416,1,1,0,0
normal,478,4.92254606526232,0.146967338318863,0.258238068712892,0.258238068712892,1,1,0,0
normal,479,4.93317333457181,0.139598229273235,0.20988672447645,0.20988672447645,1,1,0,0
normal,480,4.9440296857018,0.130873734180702,0.28719288808269,0.28719288808269,1,1,0,0
normal,481,4.95455893194116,0.128350227568568,0.337715528810283,0.337715528810283,1,1,0,0
normal,482,4.96556996627964,0.133593334662644,0.197694678892045,0.197694678892045,1,1,0,0
normal,483,4.97604906442041,0.112698258147508,0.401748812443389,0.401748812443389,1,1,0,0
normal,484,4.98688414599841,0.117298782631974,0.426027399410211,0.426027399410211,1,1,0,0
normal,485,4.99761384208418,0.137550039996962,0.273870593156717,0.273870593156717,1,1,0,0
normal,486,5.00812109007766,0.143826153303509,0.424962439260061,0.424962439260061,1,1,0,0
normal,487,5.01909286693412,0.187831255785952,0.466808366238482,0.466808366238482,1,1,0,0
normal,488,5.02948678244864,0.166822531717035,0.351766125973028,0.351766125973028,1,1,0,0
normal,489,5.04042992827929,0.140771677000471,0.249998442373899,0.249998442373899,1,1,0,0
normal,490,5.0510697166655,0.165847734922328,0.366377634318448,0.366377634318448,1,1,0,0
normal,491,5.061640021929,0.142188339744499,0.398304673028988,0.398304673028988,1,1,0,0
normal,492,5.07249344943557,0.126209346437634,0.283874071839637,0.283874071839637,1,1,0,0
normal,493,5.08291711926631,0.151137132617997,0.348739964585082,0.348739964585082,1,1,0,0
normal,494,5.09384992413317,0.150863943290126,0.217076754168265,0.217076754168265,1,1,0,0
normal,495,5.1042803287429,0.150086032000788,0.376223912835766,0.376223912835766,1,1,0,0
normal,496,5.11501200970016,0.207664166140259,0.558007345574074,0.558007345574074,1,1,0,0
normal,497,5.12564698363969,0.180378908150981,0.394443492730407,0.394443492730407,1,1,0,0
normal,498,5.13601153540285,0.131007096170263,0.292296615719852,0.292296615719852,1,1,0,0
normal,499,5.14689593399099,0.146648138006891,0.188859497898042,0.188859497898042,1,1,0,0
normal,500,5.15728349418035,0.129129956531838,0.281199198089122,0.281199198089122,1,1,0,0
normal,501,5.16809257035892,0.106001633286937,0.404887059021883,0.404887059021883,1,1,0,0
normal,502,5.17863157122307,0.141351341752176,0.29693260015926,0.29693260015926,1,1,0,0
normal,503,5.18915931366861,0.158267969818484,0.198216892428435,0.198216892428435,1,1,0,0
normal,504,5.19989794396602,0.137140389101971,0.174672256896614,0.174672256896614,1,1,0,0
normal,505,5.21019537193568,0.15280404498798,0.369077808657559,0.369077808657559,1,1,0,0
normal,506,5.22103170984639,0.159508877508062,0.393655739293974,0.393655739293974,1,1,0,0
normal,507,5.23135189844157,0.129485854323228,0.226520255331089,0.226520255331089,1,1,0,0
normal,508,5.24199730569426,0.133507979962955,0.223726224791219,0.223726224791219,1,1,0,0
normal,509,5.25254784528911,0.163813957841818,0.229169219484576,0.229169219484576,1,1,0,0
normal,510,5.26288429781792,0.161821559001874,0.208995113505694,0.208995113505694,1,1,0,0
normal,511,5.27364575223992,0.148997481339393,0.209604138255579,0.209604138255579,1,1,0,0
normal,512,5.28390348410278,0.122039493035854,0.235148124506696,0.235148124506696,1,1,0,0
normal,513,5.29466888572811,0.125838767704368,0.265552046335106,0.265552046335106,1,1,0,0
normal,514,5.30505203586001,0.13952837317675,0.337647938241741,0.337647938241741,1,1,0,0
normal,515,5.31542471251878,0.147007793687776,0.202353133501664,0.202353133501664,1,1,0,0
normal,516,5.32592623798807,0.136021890501957,0.237105285454014,0.237105285454014,1,1,0,0
normal,517,5.33610594748789,0.118539535221299,0.260245896761542,0.260245896761542,1,1,0,0
normal,518,5.34676349811699,0.138716941171743,0.155370566846984,0.155370566846984,1,1,0,0
normal,519,5.35699576197249,0.124165527736987,0.328247952252866,0.328247952252866,1,1,0,0
normal,520,5.36757153076526,0.126235245740996,0.344837693262454,0.344837693262454,1,1,0,0
normal,521,5.37801486971681,0.147814813115768,0.239100775982772,0.239100775982772,1,1,0,0
normal,522,5.38829045108414,0.163636079474813,0.192148000992307,0.192148000992307,1,1,0,0
normal,523,5.39886436688572,0.155819064866189,0.163152261340432,0.163152261340432,1,1,0,0
normal,524,5.40899424407002,0.154502201540075,0.181740410050461,0.181740410050461,1,1,0,0
normal,525,5.41954342226216,0.153446333568656,0.449890492167912,0.449890492167912,1,1,0,0
normal,526,5.42976068396324,0.169827359761194,0.240421275883543,0.240421275883543,1,1,0,0
normal,527,5.43998734410559,0.166022491515313,0.246928629317252,0.246928629317252,1,1,0,0
normal,528,5.45045402606221,0.16085123215432,0.490017171614857,0.490017171614857,1,1,0,0
normal,529,5.46046049263493,0.203689149553989,0.548958758981211,0.548958758981211,1,1,0,0
normal,530,5.47105278646266,0.165887283162019,0.305209645089176,0.305209645089176,1,1,0,0
normal,531,5.48107151189623,0.130080615392842,0.418884923844955,0.418884923844955,1,1,0,0
normal,532,5.4914723881705,0.163586919871115,0.241362092615077,0.241362092615077,1,1,0,0
normal,533,5.50177893144539,0.18156115004108,0.341847012559961,0.341847012559961,1,1,0,0
normal,534,5.51178763911924,0.165725865826888,0.255107932959921,0.255107932959921,1,1,0,0
normal,535,5.52223941855197,0.161900063365963,0.270975267970515,0.270975267970515,1,1,0,0
normal,536,5.53211744471318,0.143657354775249,0.16381166015978,0.16381166015978,1,1,0,0
normal,537,5.54249091692099,0.129117486504816,0.188864167899935,0.188864167899935,1,1,0,0
normal,538,5.55263357012136,0.146886378116813,0.223240754883018,0.223240754883018,1,1,0,0
normal,539,5.56269805676267,0.156696961947603,0.175448974112734,0.175448974112734,1,1,0,0
normal,540,5.57296459064302,0.162796708026185,0.189349213344006,0.189349213344006,1,1,0,0
normal,541,5.58284267294132,0.193449929177316,0.399625591508647,0.399625591508647,1,1,0,0
normal,542,5.59320905156177,0.165535881968136,0.317990007010162,0.317990007010162,1,1,0,0
normal,543,5.60302570743786,0.137651571804265,0.169875811740761,0.169875811740761,1,1,0,0
normal,544,5.61324951048777,0.138110435853577,0.217634379854091,0.217634379854091,1,1,0,0
normal,545,5.6233709599128,0.161215002288625,0.314888629404139,0.314888629404139,1,1,0,0
normal,546,5.63326144826736,0.16655772333711,0.426027399410211,0.426027399410211,1,1,0,0
normal,547,5.64355252091235,0.133413902421678,0.271596474318503,0.271596474318503,1,1,0,0
normal,548,5.6532580398243,0.163815023179889,0.211745320038025,0.211745320038025,1,1,0,0
normal,549,5.66345798720657,0.178392726572922,0.299168709765226,0.299168709765226,1,1,0,0
normal,550,5.67342401945731,0.135263137804184,0.194814449374526,0.194814449374526,1,1,0,0
normal,551,5.68338808168285,0.130065091753626,0.261576108753809,0.261576108753809,1,1,0,0
normal,552,5.69354718501166,0.145121079788384,0.194593443225754,0.194593443225754,1,1,0,0
normal,553,5.70330010077883,0.166588556118804,0.255859244833234,0.255859244833234,1,1,0,0
normal,554,5.71353409967955,0.143380253373008,0.300855140035399,0.300855140035399,1,1,0,0
normal,555,5.72338438027639,0.133463320455792,0.234495031950954,0.234495031950954,1,1,0,0
normal,556,5.73340845915427,0.187007401064114,0.500132168599135,0.500132168599135,1,1,0,0
normal,557,5.74335209468056,0.179456302758114,0.378301644501728,0.378301644501728,1,1,0,0
normal,558,5.7531052906469,0.169544124953835,0.325159074452284,0.325159074452284,1,1,0,0
normal,559,5.76317614,0.172077232683648,0.309952215470591,0.309952215470591,1,1,0,0
normal,560,5.7728436181816,0.157036574429203,0.257752856124691,0.257752856124691,1,1,0,0
normal,561,5.78295608242016,0.132978388777187,0.31898291192333,0.31898291192333,1,1,0,0
normal,562,5.79278912822166,0.121885409437295,0.324382963926111,0.324382963926111,1,1,0,0
normal,563,5.80267916146312,0.133895439813208,0.270228993970008,0.270228993970008,1,1,0,0
normal,564,5.81270602087465,0.153333655788327,0.281918790435975,0.281918790435975,1,1,0,0
normal,565,5.82232731199256,0.176937783471102,0.371953048990016,0.371953048990016,1,1,0,0
normal,566,5.83249222509558,0.166220253003263,0.34975571546865,0.34975571546865,1,1,0,0
normal,567,5.84211795906798,0.134397011081162,0.250047278195285,0.250047278195285,1,1,0,0
normal,568,5.85207693780975,0.142074429082584,0.261915714238818,0.261915714238818,1,1,0,0
normal,569,5.86200748386819,0.137522802871123,0.28330908929738,0.28330908929738,1,1,0,0
normal,570,5.87174416924298,0.134588622755553,0.283309029617555,0.283309029617555,1,1,0,0
normal,571,5.88177886870605,0.164883845757057,0.289330661045168,0.289330661045168,1,1,0,0
normal,572,5.8913711185348,0.164187623459905,0.242356893623891,0.242356893623891,1,1,0,0
normal,573,5.90147122270294,0.123139821800724,0.357537055046253,0.357537055046253,1,1,0,0
normal,574,5.91120429244442,0.118281120753737,0.361317156218666,0.361317156218666,1,1,0,0
normal,575,5.92103257724894,0.121995099256867,0.383505560047979,0.383505560047979,1,1,0,0
normal,576,5.93109654496998,0.134599416777386,0.268720033092685,0.268720033092685,1,1,0,0
normal,577,5.9407319134435,0.155208017592907,0.28388632313934,0.28388632313934,1,1,0,0
normal,578,5.95079677146239,0.162293963802151,0.321888261596697,0.321888261596697,1,1,0,0
normal,579,5.96039453511366,0.152050315822962,0.246863241305777,0.246863241305777,1,1,0,0
normal,580,5.97043832391529,0.135636391933796,0.457756960139646,0.457756960139646,1,1,0,0
normal,581,5.98032639714497,0.133039050194624,0.347617021824204,0.347617021824204,1,1,0,0
normal,582,5.98991730675574,0.126288886409873,0.310450243128481,0.310450243128481,1,1,0,0
normal,583,6,0.139664229102027,0.290070433057777,0.290070433057777,1,1,0,0
low_quality_artifact,1,0,0.1509655126555,0.28789029732615,0.28789029732615,1,1,0,0
low_quality_artifact,2,0.0106209339264972,0.1366705294386,0.371422830360908,0.371422830360908,1,1,0,0
low_quality_artifact,3,0.0206754019931976,0.150535031152733,0.162213054437162,0.162213054437162,1,1,0,0
low_quality_artifact,4,0.0311120498876397,0.148778664958235,0.150886967949201,0.150886967949201,1,1,0,0
low_quality_artifact,5,0.0415194364809777,0.14316372222473,0.155590556192711,0.155590556192711,1,1,0,0
low_quality_artifact,6,0.0516996658063282,0.161158617269519,0.178850357628214,0.178850357628214,1,1,0,0
low_quality_artifact,7,0.0622512185069768,0.168794916457395,0.252909520689891,0.252909520689891,1,1,0,0
low_quality_artifact,8,0.0723704716279128,0.153886634897884,0.227028985966163,0.227028985966163,1,1,0,0
low_quality_artifact,9,0.0829873340976942,0.130818016810227,0.206490223082544,0.206490223082544,1,1,0,0
low_quality_artifact,10,0.0932546319655355,0.145657207976494,0.187228954805018,0.187228954805018,1,1,0,0
low_quality_artifact,11,0.103630704984731,0.144978072209426,0.284578422016246,0.284578422016246,1,1,0,0
low_quality_artifact,12,0.114196185286606,0.150017669960282,0.511815586819703,0.511815586819703,1,1,0,0
low_quality_artifact,13,0.124328748893388,0.175619059370686,0.298302117089576,0.298302117089576,1,1,0,0
low_quality_artifact,14,0.13512580129008,0.16013763995874,0.284233204760029,0.284233204760029,1,1,0,0
low_quality_artifact,15,0.145395227021419,0.159366675256837,0.257758880665934,0.257758880665934,1,1,0,0
low_quality_artifact,16,0.15595497468059,0.172219746373898,0.304138615954691,0.304138615954691,1,1,0,0
low_quality_artifact,17,0.166457965263106,0.14552087849671,0.244514801488948,0.244514801488948,1,1,0,0
low_quality_artifact,18,0.176888902935504,0.13616398138834,0.242197270023221,0.242197270023221,1,1,0,0
low_quality_artifact,19,0.187627465549409,0.14233745987362,0.314514554813507,0.314514554813507,1,1,0,0
low_quality_artifact,20,0.197886932251543,0.133472915238916,0.230960064781117,0.230960064781117,1,1,0,0
low_quality_artifact,21,0.208571114587888,0.139266518680139,0.241414610870067,0.241414610870067,1,1,0,0
low_quality_artifact,22,0.219016795858471,0.145257175916941,0.316135204426097,0.316135204426097,1,1,0,0
low_quality_artifact,23,0.229471429522582,0.157492235356594,0.345388997379455,0.345388997379455,1,1,0,0
low_quality_artifact,24,0.240223526694509,0.168249262711233,0.4392539398842,0.4392539398842,1,1,0,0
low_quality_artifact,25,0.250537847732542,0.138208107276686,0.274324384541629,0.274324384541629,1,1,0,0
low_quality_artifact,26,0.261403969185062,0.13276267724707,0.290670257842838,0.290670257842838,1,1,0,0
low_quality_artifact,27,0.271796879034251,0.159530506557884,0.361475567621314,0.361475567621314,1,1,0,0
low_quality_artifact,28,0.282543890915127,0.181192157577385,0.369193080092538,0.369193080092538,1,1,0,0
low_quality_artifact,29,0.293173530232199,0.165601496433249,0.305563887113908,0.305563887113908,1,1,0,0
low_quality_artifact,30,0.303583969883392,0.152029522225135,0.412743942534801,0.412743942534801,1,1,0,0
low_quality_artifact,31,0.314486075175311,0.152787584197579,0.309128931384361,0.309128931384361,1,1,0,0
low_quality_artifact,32,0.324784925481375,0.135997671452966,0.434994796808222,0.434994796808222,1,1,0,0
low_quality_artifact,33,0.335680896304096,0.113769821938368,0.332493019826511,0.332493019826511,1,1,0,0
low_quality_artifact,34,0.346255579309336,0.166812913009492,0.32399561007133,0.32399561007133,1,1,0,0
low_quality_artifact,35,0.356893573651,0.183634999056492,0.442588401029372,0.442588401029372,1,1,0,0
low_quality_artifact,36,0.367693607370789,0.128708005393552,0.323291600222599,0.323291600222599,1,1,0,0
low_quality_artifact,37,0.378189658809414,0.138737486387027,0.284720054361175,0.284720054361175,1,1,0,0
low_quality_artifact,38,0.389033069064971,0.133102588444863,0.193027666830768,0.193027666830768,1,1,0,0
low_quality_artifact,39,0.39952159475961,0.110893119529176,0.396495448307602,0.396495448307602,1,1,0,0
low_quality_artifact,40,0.410339001141062,0.119292227468989,0.417146048573838,0.417146048573838,1,1,0,0
low_quality_artifact,41,0.421046674778082,0.135288369788336,0.282523783945713,0.282523783945713,1,1,0,0
low_quality_artifact,42,0.431600418074314,0.141378229579927,0.565286200104171,0.565286200104171,1,1,0,0
low_quality_artifact,43,0.442519825578788,0.142992009835325,0.309382796190861,0.309382796190861,1,1,0,0
low_quality_artifact,44,0.452981239693083,0.153885985087081,0.26069138129174,0.26069138129174,1,1,0,0
low_quality_artifact,45,0.463865069782074,0.137934586268234,0.200490867589702,0.200490867589702,1,1,0,0
low_quality_artifact,46,0.474471543592694,0.144174651316189,0.275522841449741,0.275522841449741,1,1,0,0
low_quality_artifact,47,0.485183440114353,0.156240517381918,0.297433195222569,0.297433195222569,1,1,0,0
low_quality_artifact,48,0.496089511326052,0.137374321825359,0.401701455131616,0.401701455131616,1,1,0,0
low_quality_artifact,49,0.506534616448505,0.126164055883122,0.304045399190107,0.304045399190107,1,1,0,0
low_quality_artifact,50,0.517514034695958,0.142314609310274,0.265967968725859,0.265967968725859,1,1,0,0
low_quality_artifact,51,0.528050657488153,0.146912461958101,0.396533364056492,0.396533364056492,1,1,0,0
low_quality_artifact,52,0.538860751643378,0.152982431117589,0.616206114812332,0.616206114812332,1,1,0,0
low_quality_artifact,53,0.549588210932517,0.171637884515562,0.608256378585799,0.608256378585799,1,1,0,0
low_quality_artifact,54,0.560124887851321,0.153183663018043,0.250524932789088,0.250524932789088,1,1,0,0
low_quality_artifact,55,0.571085773688954,0.165070135357696,0.303557512224949,0.303557512224949,1,1,0,0
low_quality_artifact,56,0.581577606692213,0.152723261047444,0.269249378014806,0.269249378014806,1,1,0,0
low_quality_artifact,57,0.592501731558541,0.123239367914403,0.314316884543861,0.314316884543861,1,1,0,0
low_quality_artifact,58,0.603145149065239,0.113772012477121,0.429846008293156,0.429846008293156,1,1,0,0
low_quality_artifact,59,0.613858580220078,0.150121285854344,0.254196027523003,0.254196027523003,1,1,0,0
low_quality_artifact,60,0.624709203853464,0.153297360056449,0.235227999581436,0.235227999581436,1,1,0,0
low_quality_artifact,61,0.635185404612984,0.146539948818918,0.243883656856901,0.243883656856901,1,1,0,0
low_quality_artifact,62,0.64612096818369,0.157540624126403,0.222891273104507,0.222891273104507,1,1,0,0
low_quality_artifact,63,0.656562514447639,0.13413166806853,0.430989776950951,0.430989776950951,1,1,0,0
low_quality_artifact,64,0.66738593361371,0.152657990434752,0.316122424631764,0.316122424631764,1,1,0,0
low_quality_artifact,65,0.678166153687069,0.16202413292395,0.310582602286295,0.310582602286295,1,1,0,0
low_quality_artifact,66,0.688749109630053,0.133808408528552,0.302452399671036,0.302452399671036,1,1,0,0
low_quality_artifact,67,0.69971471276685,0.118968000884594,0.461309061936152,0.461309061936152,1,1,0,0
low_quality_artifact,68,0.710107592575928,0.128074783192314,0.35328587776923,0.35328587776923,1,1,0,0
low_quality_artifact,69,0.72101080759008,0.136892808357186,0.187382075520496,0.187382075520496,1,1,0,0
low_quality_artifact,70,0.73155784670044,0.132816205922627,0.309521247222159,0.309521247222159,1,1,0,0
low_quality_artifact,71,0.742118535008697,0.13754943962069,0.328928180544102,0.328928180544102,1,1,0,0
low_quality_artifact,72,0.752967503477804,0.135207628144131,0.279034874542053,0.279034874542053,1,1,0,0
low_quality_artifact,73,0.763335563429558,0.126054064185334,0.322242570353527,0.322242570353527,1,1,0,0
low_quality_artifact,74,0.774209021618627,0.121197898907789,0.317267502359949,0.317267502359949,1,1,0,0
low_quality_artifact,75,0.784589485293683,0.12185544374999,0.270202101192603,0.270202101192603,1,1,0,0
low_quality_artifact,76,0.795372968662004,0.137612705898722,0.231655001421054,0.231655001421054,1,1,0,0
low_quality_artifact,77,0.806001110983677,0.143411518669943,0.224362984749244,0.224362984749244,1,1,0,0
low_quality_artifact,78,0.816473054701916,0.168985887307929,0.329620384107383,0.329620384107383,1,1,0,0
low_quality_artifact,79,0.827360222654769,0.154664423838287,0.210432990469273,0.210432990469273,1,1,0,0
low_quality_artifact,80,0.837698307047328,0.125318414028373,0.264016600120034,0.264016600120034,1,1,0,0
low_quality_artifact,81,0.848537575443009,0.15681854260872,0.367602316927459,0.367602316927459,1,1,0,0
low_quality_artifact,82,0.858993228212845,0.186968976669782,0.464895889422728,0.464895889422728,1,1,0,0
low_quality_artifact,83,0.869549756081992,0.159102668829791,0.274468295035315,0.274468295035315,1,1,0,0
low_quality_artifact,84,0.88035133141257,0.132854751198747,0.36909080328027,0.36909080328027,1,1,0,0
low_quality_artifact,85,0.890704121615387,0.149305123125123,0.172847580380367,0.172847580380367,1,1,0,0
low_quality_artifact,86,0.901503976378724,0.144426166749634,0.176905858457229,0.176905858457229,1,1,0,0
low_quality_artifact,87,0.911845226546033,0.120104483100547,0.246503198111392,0.246503198111392,1,1,0,0
low_quality_artifact,88,0.922463368981371,0.117016604248005,0.36489622220404,0.36489622220404,1,1,0,0
low_quality_artifact,89,0.932965703731959,0.143257276480681,0.313825428731676,0.313825428731676,1,1,0,0
low_quality_artifact,90,0.943347110232637,0.151693030640656,0.184021969138418,0.184021969138418,1,1,0,0
low_quality_artifact,91,0.954007148780984,0.140449031642987,0.129635418439974,0.140449031642987,1,1,0,0
low_quality_artifact,92,0.964247971269471,0.141993301178912,0.154583768759396,0.154583768759396,1,1,0,0
low_quality_artifact,93,0.974882060075134,0.157914789667217,0.184568580247615,0.184568580247615,1,1,0,0
low_quality_artifact,94,0.98530990299327,0.140893533550409,0.244685162266443,0.244685162266443,1,1,0,0
low_quality_artifact,95,0.995761736420687,0.151090824561155,0.137324113413851,0.151090824561155,1,1,0,0
low_quality_artifact,96,1.00635455882861,0.151817446372368,0.150573351534925,0.151817446372368,1,1,0,0
low_quality_artifact,97,1.01653700325678,0.129949914771173,0.228355564481194,0.228355564481194,1,1,0,0
low_quality_artifact,98,1.02723380417061,0.137717673395206,0.173714535934772,0.173714535934772,1,1,0,0
low_quality_artifact,99,1.03742311796365,0.137666221730583,0.189149743517365,0.189149743517365,1,1,0,0
low_quality_artifact,100,1.04792228243896,0.134549624109396,0.30808954489262,0.30808954489262,1,1,0,0
low_quality_artifact,101,1.05838594665337,0.1216764034536,0.283408846117244,0.283408846117244,1,1,0,0
low_quality_artifact,102,1.06851191003511,0.127302583021871,0.174562539206011,0.174562539206011,1,1,0,0
low_quality_artifact,103,1.07907659092241,0.151344426079939,0.319651859572693,0.319651859572693,1,1,0,0
low_quality_artifact,104,1.08915237535208,0.149447303986623,0.548567580773909,0.548567580773909,1,1,0,0
low_quality_artifact,105,1.09968151137583,0.124204806125145,0.296974129988033,0.296974129988033,1,1,0,0
low_quality_artifact,106,1.10987377256464,0.137926751384182,0.151597933135428,0.151597933135428,1,1,0,0
low_quality_artifact,107,1.12018046427342,0.177567393397092,0.333169828855532,0.333169828855532,1,1,0,0
low_quality_artifact,108,1.13057611321178,0.161764770830552,0.232815376089518,0.232815376089518,1,1,0,0
low_quality_artifact,109,1.14058327349565,0.134274650794373,0.346578859928277,0.346578859928277,1,1,0,0
low_quality_artifact,110,1.15112357366908,0.131292799190499,0.391311559401576,0.391311559401576,1,1,0,0
low_quality_artifact,111,1.16111630481626,0.135092957030146,0.151061152254675,0.151061152254675,1,1,0,0
low_quality_artifact,112,1.17149957326278,0.12532203620158,0.228111658268394,0.228111658268394,1,1,0,0
low_quality_artifact,113,1.18174969791995,0.12974238497627,0.173767723378424,0.173767723378424,1,1,0,0
low_quality_artifact,114,1.19177781829014,0.148665020145735,0.324279973461328,0.324279973461328,1,1,0,0
low_quality_artifact,115,1.20217145519516,0.145914927018393,0.170787850658345,0.170787850658345,1,1,0,0
low_quality_artifact,116,1.21205094583624,0.131280949625514,0.28752193889148,0.28752193889148,1,1,0,0
low_quality_artifact,117,1.22242361830444,0.13119945689069,0.438283067582303,0.438283067582303,1,1,0,0
low_quality_artifact,118,1.23249336393801,0.131184947874106,0.217916642444727,0.217916642444727,1,1,0,0
low_quality_artifact,119,1.24252580283157,0.137412525531337,0.213774460194938,0.213774460194938,1,1,0,0
low_quality_artifact,120,1.25280271862264,0.18401236157281,0.298897492688089,0.298897492688089,1,1,0,0
low_quality_artifact,121,1.26268570785725,0.163404379554593,0.20788689100049,0.20788689100049,1,1,0,0
low_quality_artifact,122,1.27307558753709,0.132134692084982,0.18975888929668,0.18975888929668,1,1,0,0
low_quality_artifact,123,1.2830008355698,0.149436629898061,0.275567884773922,0.275567884773922,1,1,0,0
low_quality_artifact,124,1.29322346266018,0.125678379465303,0.249252931228755,0.249252931228755,1,1,0,0
low_quality_artifact,125,1.30326154976203,0.120832477455705,0.267961602294658,0.267961602294658,1,1,0,0
low_quality_artifact,126,1.31318737516155,0.149919242705665,0.190182280241644,0.190182280241644,1,1,0,0
low_quality_artifact,127,1.32347245597549,0.155694894528622,0.3558966938688,0.3558966938688,1,1,0,0
low_quality_artifact,128,1.33327256351603,0.134174030650125,0.235867485974148,0.235867485974148,1,1,0,0
low_quality_artifact,129,1.34343903156744,0.119957280799999,0.323956422585031,0.323956422585031,1,1,0,0
low_quality_artifact,130,1.35338484626375,0.118384703246899,0.335038638344513,0.335038638344513,1,1,0,0
low_quality_artifact,131,1.36335154410111,0.127019138191568,0.364456526146192,0.364456526146192,1,1,0,0
low_quality_artifact,132,1.37346863253774,0.142001685499154,0.205061252421401,0.205061252421401,1,1,0,0
low_quality_artifact,133,1.38317244137164,0.181121699412884,0.397860491018545,0.397860491018545,1,1,0,0
low_quality_artifact,134,1.39334903566084,0.170540777587507,0.30741062284355,0.30741062284355,1,1,0,0
low_quality_artifact,135,1.40306485838091,0.130666334759189,0.237388782028986,0.237388782028986,1,1,0,0
low_quality_artifact,136,1.41314529813759,0.132773851172843,0.243831729586286,0.243831729586286,1,1,0,0
low_quality_artifact,137,1.42315418905129,0.190271832803029,0.487758315589016,0.487758315589016,1,1,0,0
low_quality_artifact,138,1.43294000499264,0.203914095949788,0.482418045806185,0.482418045806185,1,1,0,0
low_quality_artifact,139,1.4431386053434,0.174821198603021,0.447394842103124,0.447394842103124,1,1,0,0
low_quality_artifact,140,1.4528841261261,0.174538090284727,0.426273051948755,0.426273051948755,1,1,0,0
low_quality_artifact,141,1.46290677080489,0.153465660061648,0.223369708637707,0.223369708637707,1,1,0,0
low_quality_artifact,142,1.47285017471275,0.147688335308949,0.216295110343787,0.216295110343787,1,1,0,0
low_quality_artifact,143,1.48269722092853,0.142633980202944,0.236421404045971,0.236421404045971,1,1,0,0
low_quality_artifact,144,1.49271586977297,0.151665713538037,0.205020697349437,0.205020697349437,1,1,0,0
low_quality_artifact,145,1.50242614487999,0.201454586912387,0.494790206697084,0.494790206697084,1,1,0,0
low_quality_artifact,146,1.51258635042126,0.180622641486311,0.362921599742836,0.362921599742836,1,1,0,0
low_quality_artifact,147,1.52219753287297,0.137073781870965,0.374383446381775,0.374383446381775,1,1,0,0
low_quality_artifact,148,1.53218823550447,0.137599300236643,0.384917536430995,0.384917536430995,1,1,0,0
low_quality_artifact,149,1.54212905200093,0.136425689011946,0.273789403032556,0.273789403032556,1,1,0,0
low_quality_artifact,150,1.55186810166341,0.157306719452374,0.252302251067305,0.252302251067305,1,1,0,0
low_quality_artifact,151,1.56199601759133,0.139141751490486,0.253783742828475,0.253783742828475,1,1,0,0
low_quality_artifact,152,1.57161912634855,0.155148622389008,0.237410408320191,0.237410408320191,1,1,0,0
low_quality_artifact,153,1.58169715622163,0.148150001027629,0.421428026584428,0.421428026584428,1,1,0,0
low_quality_artifact,154,1.59138849546674,0.128906095403162,0.33298635113311,0.33298635113311,1,1,0,0
low_quality_artifact,155,1.60120546627641,0.148111392192436,0.266200849008868,0.266200849008868,1,1,0,0
low_quality_artifact,156,1.61121911076266,0.140374472323047,0.230868050063799,0.230868050063799,1,1,0,0
low_quality_artifact,157,1.62087066065372,0.1556850740274,0.310761851920464,0.310761851920464,1,1,0,0
low_quality_artifact,158,1.63099158925884,0.159749471673672,0.319801339026647,0.319801339026647,1,1,0,0
low_quality_artifact,159,1.64063333500801,0.185523504183899,0.461851770355079,0.461851770355079,1,1,0,0
low_quality_artifact,160,1.65064569700647,0.170575181319449,0.468838449999531,0.468838449999531,1,1,0,0
low_quality_artifact,161,1.66047036643045,0.139417287303628,0.24183862782742,0.24183862782742,1,1,0,0
low_quality_artifact,162,1.67016234068442,0.138588288819912,0.249135401993137,0.249135401993137,1,1,0,0
low_quality_artifact,163,1.68020867504857,0.146241186750803,0.268481224353393,0.268481224353393,1,1,0,0
low_quality_artifact,164,1.6898425416385,0.169550738568675,0.313087388709144,0.313087388709144,1,1,0,0
low_quality_artifact,165,1.69993440116823,0.186506308600879,0.444368994642127,0.444368994642127,1,1,0,0
low_quality_artifact,166,1.70960098017102,0.15966632094399,0.256653574403155,0.256653574403155,1,1,0,0
low_quality_artifact,167,1.71944403169496,0.133216814418393,0.271808852206928,0.271808852206928,1,1,0,0
low_quality_artifact,168,1.72946327360007,0.154682873477704,0.330248065467445,0.330248065467445,1,1,0,0
low_quality_artifact,169,1.73912189494589,0.163233867410819,0.353274111599757,0.353274111599757,1,1,0,0
low_quality_artifact,170,1.74919929958747,0.153868663151119,0.31334198509793,0.31334198509793,1,1,0,0
low_quality_artifact,171,1.75890250155319,0.136397927026412,0.254071054504208,0.254071054504208,1,1,0,0
low_quality_artifact,172,1.76889733642395,0.156580984519052,0.310451539071657,0.310451539071657,1,1,0,0
low_quality_artifact,173,1.77885432260338,0.167858118721852,0.280164506128541,0.280164506128541,1,1,0,0
low_quality_artifact,174,1.78861423434731,0.152288904202759,0.236566886691756,0.236566886691756,1,1,0,0
low_quality_artifact,175,1.79871978816625,0.135505137606181,0.336201858160768,0.336201858160768,1,1,0,0
low_quality_artifact,176,1.80839378444933,0.122132017173305,0.279582174381011,0.279582174381011,1,1,0,0
low_quality_artifact,177,1.81850133483997,0.172196439939556,0.320071921396915,0.320071921396915,1,1,0,0
low_quality_artifact,178,1.8283142975001,0.208658930032104,0.457004297704966,0.457004297704966,1,1,0,0
low_quality_artifact,179,1.83819000633684,0.165995078752336,0.282866710344289,0.282866710344289,1,1,0,0
low_quality_artifact,180,1.84831875197516,0.160200341661999,0.334910394364698,0.334910394364698,1,1,0,0
low_quality_artifact,181,1.85796213242456,0.147534777226128,0.249740424717435,0.249740424717435,1,1,0,0
low_quality_artifact,182,1.86819512047083,0.144315625308255,0.208307380035814,0.208307380035814,1,1,0,0
low_quality_artifact,183,1.87806328202733,0.151960859239163,0.252330041539338,0.252330041539338,1,1,0,0
low_quality_artifact,184,1.88809447237033,0.153637869301473,0.488558051992479,0.488558051992479,1,1,0,0
low_quality_artifact,185,1.89806748358255,0.167199487612167,0.235990211134472,0.235990211134472,1,1,0,0
low_quality_artifact,186,1.90787148725338,0.166170268904599,0.251517650757106,0.251517650757106,1,1,0,0
low_quality_artifact,187,1.91809565911569,0.140535049812351,0.288573045455185,0.288573045455185,1,1,0,0
low_quality_artifact,188,1.92779287277685,0.140826341481677,0.192778110146303,0.192778110146303,1,1,0,0
low_quality_artifact,189,1.93802657892467,0.133881462382785,0.286350154978402,0.286350154978402,1,1,0,0
low_quality_artifact,190,1.94789697307733,0.129822519114011,0.255793821350005,0.255793821350005,1,1,0,0
low_quality_artifact,191,1.95786320930418,0.162588101418432,0.248951342461966,0.248951342461966,1,1,0,0
low_quality_artifact,192,1.96803338466712,0.194521979976032,0.401675968409023,0.401675968409023,1,1,0,0
low_quality_artifact,193,1.97783626543854,0.160931048388093,0.486440582128487,0.486440582128487,1,1,0,0
low_quality_artifact,194,1.98819885784917,0.146151423794102,0.505227111356992,0.505227111356992,1,1,0,0
low_quality_artifact,195,1.99812000930294,0.153535064415759,0.275903950508227,0.275903950508227,1,1,0,0
low_quality_artifact,196,2.00831861053793,0.144485690666941,0.304707064945844,0.304707064945844,1,1,0,0
low_quality_artifact,197,2.01848559236835,0.140767444447265,0.29882645819493,0.29882645819493,1,1,0,0
low_quality_artifact,198,2.02849677873308,0.146125499023602,0.176839417374361,0.176839417374361,1,1,0,0
low_quality_artifact,199,2.03885131661707,0.141735882193568,0.30455502129835,0.30455502129835,1,1,0,0
low_quality_artifact,200,2.04868002899457,0.131518732808082,0.253439109997315,0.253439109997315,1,1,0,0
low_quality_artifact,201,2.05905623022111,0.134065634741973,0.336345458608822,0.336345458608822,1,1,0,0
low_quality_artifact,202,2.06910316118317,0.126011246450108,0.193815022307346,0.193815022307346,1,1,0,0
low_quality_artifact,203,2.0793224122736,0.133777696941601,0.340195514477956,0.340195514477956,1,1,0,0
low_quality_artifact,204,2.08962876706288,0.148125199642131,0.150663531199302,0.150663531199302,1,1,0,0
low_quality_artifact,205,2.09958836453666,0.137562410798838,0.199168300419927,0.199168300419927,1,1,0,0
low_quality_artifact,206,2.11001157879452,0.139271420405089,0.299281740605969,0.299281740605969,1,1,0,0
low_quality_artifact,207,2.12000839423792,0.142059034422356,0.155479808175998,0.155479808175998,1,1,0,0
low_quality_artifact,208,2.13032403022986,0.130525530036308,0.18185921210863,0.18185921210863,1,1,0,0
low_quality_artifact,209,2.14057479280244,0.133689317324936,0.536065568369588,0.536065568369588,1,1,0,0
low_quality_artifact,210,2.15061065860732,0.133289278480676,0.377220971355108,0.377220971355108,1,1,0,0
low_quality_artifact,211,2.1611897009982,0.161936560543193,0.178587437589933,0.178587437589933,1,1,0,0
low_quality_artifact,212,2.17122132647797,0.172947621583208,0.312326698386719,0.312326698386719,1,1,0,0
low_quality_artifact,213,2.18167061419707,0.235966601272066,0.623098673484452,0.623098673484452,1,1,0,0
low_quality_artifact,214,2.1919211927851,0.194187547426075,0.492148820043827,0.492148820043827,1,1,0,0
low_quality_artifact,215,2.20224437742123,0.127828505919964,0.193455166976171,0.193455166976171,1,1,0,0
low_quality_artifact,216,2.21273169859358,0.155250804632505,0.334471330266327,0.334471330266327,1,1,0,0
low_quality_artifact,217,2.22281578924579,0.141875435842331,0.167524370138142,0.167524370138142,1,1,0,0
low_quality_artifact,218,2.23340875205631,0.114478766234214,0.286526043764119,0.286526043764119,1,1,0,0
low_quality_artifact,219,2.24358927727327,0.111173682335991,0.330140345851428,0.330140345851428,1,1,0,0
low_quality_artifact,220,2.25407771500529,0.136722460057485,0.190201016235605,0.190201016235605,1,1,0,0
low_quality_artifact,221,2.26457044068644,0.139873377762952,0.136213043773972,0.139873377762952,1,1,0,0
low_quality_artifact,222,2.27486051579094,0.129422484229196,0.210461041990509,0.210461041990509,1,1,0,0
low_quality_artifact,223,2.28549885935653,0.150381631061594,0.284400808019594,0.284400808019594,1,1,0,0
low_quality_artifact,224,2.29570270964059,0.164271388969323,0.26341708165636,0.26341708165636,1,1,0,0
low_quality_artifact,225,2.3063401650149,0.166310414757182,0.213596074331606,0.213596074331606,1,1,0,0
low_quality_artifact,226,2.31666216301373,0.149728055376882,0.191964321283867,0.191964321283867,1,1,0,0
low_quality_artifact,227,2.3271195721741,0.17506317867928,0.28116311161716,0.28116311161716,1,1,0,0
low_quality_artifact,228,2.33781685450068,0.185579359197391,0.362383146907227,0.362383146907227,1,1,0,0
low_quality_artifact,229,2.34810824163525,0.163113933897223,0.23296728521233,0.23296728521233,1,1,0,0
low_quality_artifact,230,2.35890173372914,0.171783214113477,0.258255736259693,0.258255736259693,1,1,0,0
low_quality_artifact,231,2.36923462424497,0.1509208332354,0.229362873115456,0.229362873115456,1,1,0,0
low_quality_artifact,232,2.37994552738393,0.145892524449013,0.380142362131328,0.380142362131328,1,1,0,0
low_quality_artifact,233,2.39054879849518,0.165513700443145,0.43450176360444,0.43450176360444,1,1,0,0
low_quality_artifact,234,2.40087076520073,0.180768631014975,0.365752987171839,0.365752987171839,1,1,0,0
low_quality_artifact,235,2.41170422028929,0.14100922188464,0.384020236557193,0.384020236557193,1,1,0,0
low_quality_artifact,236,2.42207340201077,0.130757007563582,0.222140699244422,0.222140699244422,1,1,0,0
low_quality_artifact,237,2.43282953991652,0.152505580468142,0.173237648188993,0.173237648188993,1,1,0,0
low_quality_artifact,238,2.443342426539,0.134498621498971,0.24737983163291,0.24737983163291,1,1,0,0
low_quality_artifact,239,2.45388630013574,0.124833591262408,0.320934350218102,0.320934350218102,1,1,0,0
low_quality_artifact,240,2.46470925940293,0.862870334044639,0.686359707403515,0.862870334044639,0.808056526806527,0.916666666666667,0,1
low_quality_artifact,241,2.47503813250848,0.984958802074025,0.686359707403515,0.984958802074025,0.642291666666667,0.8,0,1
low_quality_artifact,242,2.48666967792461,0.942576790506099,0.686359707403515,0.942576790506099,0.690135658914729,0.716666666666667,0,1
low_quality_artifact,243,2.49712282181079,0.917787249037927,0.686359707403515,0.917787249037927,0.64906746031746,0.6,0,1
low_quality_artifact,244,2.50782859526163,0.890979138600739,0.686359707403515,0.890979138600739,0.661637931034483,0.666666666666667,0,1
low_quality_artifact,245,2.51739696991921,0.933368402455942,0.686359707403515,0.933368402455942,0.68088963963964,0.8,0,1
low_quality_artifact,246,2.52793445771761,0.992666773743213,0.686359707403515,0.992666773743213,0.5375,0.75,0,1
low_quality_artifact,247,2.5397181192518,0.981032389400311,0.686359707403515,0.981032389400311,0.573651315789474,0.8,0,1
low_quality_artifact,248,2.5515790678011,0.978866871592424,0.686359707403515,0.978866871592424,0.681791355857832,0.883333333333333,0,1
low_quality_artifact,249,2.56149533183517,0.968695645847957,0.686359707403515,0.968695645847957,0.663931623931624,0.866666666666667,0,1
low_quality_artifact,250,2.57253581158875,0.936207571406194,0.686359707403515,0.936207571406194,0.634506802721089,0.816666666666667,0,1
low_quality_artifact,251,2.58414755699997,0.972019625440423,0.686359707403515,0.972019625440423,0.645414078674948,0.766666666666667,0,1
low_quality_artifact,252,2.59493352897748,0.981031057207525,0.686359707403515,0.981031057207525,0.629116161616162,0.733333333333333,0,1
low_quality_artifact,253,2.60571157798642,0.938070178326403,0.686359707403515,0.938070178326403,0.695609756097561,0.683333333333333,0,1
low_quality_artifact,254,2.61672381949636,0.978202615632071,0.686359707403515,0.978202615632071,0.606538054968287,0.716666666666667,0,1
low_quality_artifact,255,2.62683944949402,0.981034824425359,0.686359707403515,0.981034824425359,0.589138959931799,0.766666666666667,0,1
low_quality_artifact,256,2.63763200104535,0.892240633286453,0.686359707403515,0.892240633286453,0.735670289855072,0.766666666666667,0,1
low_quality_artifact,257,2.64703316583734,0.911099749508796,0.686359707403515,0.911099749508796,0.676815476190476,0.8,0,1
low_quality_artifact,258,2.65793830465916,0.988116627179436,0.686359707403515,0.988116627179436,0.596288759689922,0.716666666666667,0,1
low_quality_artifact,259,2.6694427451698,0.995807933972571,0.686359707403515,0.995807933972571,0.537726480836237,0.683333333333333,0,1
low_quality_artifact,260,2.68016475073706,0.983675506215725,0.686359707403515,0.983675506215725,0.534130009775171,0.733333333333333,0,1
low_quality_artifact,261,2.69334774837593,0.944320286988919,0.686359707403515,0.944320286988919,0.639583333333333,0.75,0,1
low_quality_artifact,262,2.70325832968786,0.978522577493974,0.686359707403515,0.978522577493974,0.658295795795796,0.75,0,1
low_quality_artifact,263,2.71442990169372,0.981023980171906,0.686359707403515,0.981023980171906,0.685975048449612,0.716666666666667,0,1
low_quality_artifact,264,2.72581412642455,0.965530967755282,0.686359707403515,0.965530967755282,0.635416666666667,0.666666666666667,0,1
low_quality_artifact,265,2.73517713470071,0.960276764217659,0.686359707403515,0.960276764217659,0.638665311653117,0.683333333333333,0,1
low_quality_artifact,266,2.74618816926632,0.978525324484505,0.686359707403515,0.978525324484505,0.592979782107689,0.716666666666667,0,1
low_quality_artifact,267,2.75701761093161,0.995370519212212,0.686359707403515,0.995370519212212,0.523333333333333,0.7,0,1
low_quality_artifact,268,2.76860134402596,0.988754413434875,0.686359707403515,0.988754413434875,0.554169621749409,0.783333333333333,0,1
low_quality_artifact,269,2.78165865108296,0.992213652253621,0.686359707403515,0.992213652253621,0.528031914893617,0.783333333333333,0,1
low_quality_artifact,270,2.79319345924502,0.9976144008644,0.686359707403515,0.9976144008644,0.543989361702128,0.783333333333333,0,1
low_quality_artifact,271,2.80627999411049,0.971335884907118,0.686359707403515,0.971335884907118,0.654924242424242,0.833333333333333,0,1
low_quality_artifact,272,2.81891688254709,0.898756586460275,0.686359707403515,0.898756586460275,0.764735772357724,0.75,0,1
low_quality_artifact,273,2.82934857053161,0.913775074020324,0.686359707403515,0.913775074020324,0.716130150958792,0.716666666666667,0,1
low_quality_artifact,274,2.84027240467645,0.9787809252308,0.686359707403515,0.9787809252308,0.618130081300813,0.833333333333333,0,1
low_quality_artifact,275,2.85103289099132,0.982974425904997,0.686359707403515,0.982974425904997,0.607209302325581,0.833333333333333,0,1
low_quality_artifact,276,2.86203854965028,0.905548998177319,0.686359707403515,0.905548998177319,0.712251773049645,0.783333333333333,0,1
low_quality_artifact,277,2.87330800168358,0.899258107136755,0.686359707403515,0.899258107136755,0.683930205949657,0.766666666666667,0,1
low_quality_artifact,278,2.88468366199183,0.958609032051712,0.686359707403515,0.958609032051712,0.60449306551889,0.683333333333333,0,1
low_quality_artifact,279,2.89601335825304,0.940609911263153,0.686359707403515,0.940609911263153,0.645357142857143,0.7,0,1
low_quality_artifact,280,2.90642521809376,0.94139688465576,0.686359707403515,0.94139688465576,0.656876633072042,0.783333333333333,0,1
low_quality_artifact,281,2.91773243268837,0.932756575871873,0.686359707403515,0.932756575871873,0.662083333333333,0.8,0,1
low_quality_artifact,282,2.9293153822311,0.929192965499025,0.686359707403515,0.929192965499025,0.662080745341615,0.766666666666667,0,1
low_quality_artifact,283,2.94094333109741,0.870244269574512,0.686359707403515,0.870244269574512,0.679211012564671,0.683333333333333,0,1
low_quality_artifact,284,2.951009263284,0.929640990061159,0.686359707403515,0.929640990061159,0.641897321428571,0.7,0,1
low_quality_artifact,285,2.96091213837976,0.964096405450238,0.686359707403515,0.964096405450238,0.632738095238095,0.75,0,1
low_quality_artifact,286,2.97414880779309,0.902101333008378,0.686359707403515,0.902101333008378,0.687377450980392,0.666666666666667,0,1
low_quality_artifact,287,2.98481344520113,0.964095708083597,0.686359707403515,0.964095708083597,0.594869337979094,0.683333333333333,0,1
low_quality_artifact,288,2.99558801496136,0.997324084650066,0.686359707403515,0.997324084650066,0.551990171990172,0.733333333333333,0,1
low_quality_artifact,289,3.0069768412589,0.989094269051044,0.686359707403515,0.989094269051044,0.571159732185557,0.683333333333333,0,1
low_quality_artifact,290,3.01841125023891,0.966754569999745,0.686359707403515,0.966754569999745,0.616145833333334,0.666666666666667,0,1
low_quality_artifact,291,3.02873663434426,0.987026804842591,0.686359707403515,0.987026804842591,0.560981198589894,0.766666666666667,0,1
low_quality_artifact,292,3.03917523750224,0.981031070380722,0.686359707403515,0.981031070380722,0.58086003051106,0.766666666666667,0,1
low_quality_artifact,293,3.05074451094994,0.934925410884661,0.686359707403515,0.934925410884661,0.663172043010753,0.666666666666667,0,1
low_quality_artifact,294,3.06103829608819,0.838399376408298,0.686359707403515,0.838399376408298,0.757241315594974,0.683333333333333,0,1
low_quality_artifact,295,3.07047968851388,0.862781386448248,0.686359707403515,0.862781386448248,0.717223942208462,0.633333333333333,0,1
low_quality_artifact,296,3.08073877912279,0.865757075620205,0.686359707403515,0.865757075620205,0.685865614538498,0.683333333333333,0,1
low_quality_artifact,297,3.09220922202783,0.961720986998954,0.686359707403515,0.961720986998954,0.683631019036954,0.783333333333333,0,1
low_quality_artifact,298,3.10199997283067,0.972022189167084,0.686359707403515,0.972022189167084,0.665652173913043,0.766666666666667,0,1
low_quality_artifact,299,3.11217778523426,0.924263019925027,0.686359707403515,0.924263019925027,0.654864066193854,0.783333333333333,0,1
low_quality_artifact,300,3.12456504542527,0.941424451204751,0.686359707403515,0.941424451204751,0.581359649122807,0.75,0,1
low_quality_artifact,301,3.13555102911065,0.954389209915155,0.686359707403515,0.954389209915155,0.616666666666667,0.666666666666667,0,1
low_quality_artifact,302,3.14721384869578,0.960253556720667,0.686359707403515,0.960253556720667,0.666782945736434,0.716666666666667,0,1
low_quality_artifact,303,3.15705161180408,0.9853638730339,0.686359707403515,0.9853638730339,0.614586288416076,0.783333333333333,0,1
low_quality_artifact,304,3.16734279640602,0.972002557259177,0.686359707403515,0.972002557259177,0.673214285714286,0.75,0,1
low_quality_artifact,305,3.1771231978924,0.973088706807427,0.686359707403515,0.973088706807427,0.683440170940171,0.75,0,1
low_quality_artifact,306,3.18716983191376,0.983065063085577,0.686359707403515,0.983065063085577,0.627110917537747,0.816666666666667,0,1
low_quality_artifact,307,3.19908217689425,0.978661557994024,0.686359707403515,0.978661557994024,0.596676213857065,0.783333333333333,0,1
low_quality_artifact,308,3.20996655651168,0.967187554540354,0.686359707403515,0.967187554540354,0.636675503711559,0.766666666666667,0,1
low_quality_artifact,309,3.22110833343673,0.944323548363806,0.686359707403515,0.944323548363806,0.653242753623188,0.766666666666667,0,1
low_quality_artifact,310,3.23160188294831,0.971371469338979,0.686359707403515,0.971371469338979,0.582295630725863,0.716666666666667,0,1
low_quality_artifact,311,3.24270002739238,0.975555507613688,0.686359707403515,0.975555507613688,0.590975177304965,0.783333333333333,0,1
low_quality_artifact,312,3.25294525459879,0.932740436052022,0.686359707403515,0.932740436052022,0.710871212121212,0.733333333333333,0,1
low_quality_artifact,313,3.26344509230002,0.914602990236253,0.686359707403515,0.914602990236253,0.70109649122807,0.75,0,1
low_quality_artifact,314,3.27485372872533,0.964091179613427,0.686359707403515,0.964091179613427,0.654149659863946,0.816666666666667,0,1
low_quality_artifact,315,3.28426495560693,0.986307950361933,0.686359707403515,0.986307950361933,0.607209302325581,0.833333333333333,0,1
low_quality_artifact,316,3.29613839712887,0.978516192409609,0.686359707403515,0.978516192409609,0.587421171171171,0.8,0,1
low_quality_artifact,317,3.30658789563353,0.983518085344141,0.686359707403515,0.983518085344141,0.601969696969697,0.733333333333333,0,1
low_quality_artifact,318,3.31784529423176,0.978171994208614,0.686359707403515,0.978171994208614,0.637077922077922,0.7,0,1
low_quality_artifact,319,3.32848227219846,0.947066532272909,0.686359707403515,0.947066532272909,0.643921568627451,0.7,0,1
low_quality_artifact,320,3.33849893971159,0.886852590390325,0.686359707403515,0.886852590390325,0.715052552552553,0.75,0,1
low_quality_artifact,321,3.34856689450161,0.94836469140955,0.686359707403515,0.94836469140955,0.701503496503497,0.733333333333333,0,1
low_quality_artifact,322,3.35857748561033,0.967194719439775,0.686359707403515,0.967194719439775,0.609439731353835,0.766666666666667,0,1
low_quality_artifact,323,3.36858565729442,0.9197854890786,0.686359707403515,0.9197854890786,0.645416666666667,0.8,0,1
low_quality_artifact,324,3.3801204639159,0.905563420473432,0.686359707403515,0.905563420473432,0.764730392156863,0.85,0,1
low_quality_artifact,325,3.39077959321786,0.814192564085168,0.686359707403515,0.814192564085168,0.842354819976771,0.816666666666667,0,1
low_quality_artifact,326,3.40192489069307,0.808231042817195,0.686359707403515,0.808231042817195,0.833352713178295,0.8,0,1
low_quality_artifact,327,3.41148393625996,0.971862308336833,0.686359707403515,0.971862308336833,0.67807492480175,0.883333333333333,0,1
low_quality_artifact,328,3.4222723030979,0.973096555469186,0.686359707403515,0.973096555469186,0.622863683935112,0.816666666666667,0,1
low_quality_artifact,329,3.43402474187102,0.956677255833331,0.686359707403515,0.956677255833331,0.586323678861789,0.683333333333333,0,1
low_quality_artifact,330,3.44381032875954,0.991387328829331,0.686359707403515,0.991387328829331,0.562616279069767,0.716666666666667,0,1
low_quality_artifact,331,3.45467616259356,0.983162497869706,0.686359707403515,0.983162497869706,0.57680441898527,0.783333333333333,0,1
low_quality_artifact,332,3.46514182042696,0.938081154986564,0.686359707403515,0.938081154986564,0.571527777777778,0.75,0,1
low_quality_artifact,333,3.47624328914119,0.932182591906246,0.686359707403515,0.932182591906246,0.669116507067943,0.85,0,1
low_quality_artifact,334,3.48649702144768,0.954389166220773,0.686359707403515,0.954389166220773,0.69225890985325,0.883333333333333,0,1
low_quality_artifact,335,3.49699181024814,0.958610940031848,0.686359707403515,0.958610940031848,0.61710407239819,0.65,0,1
low_quality_artifact,336,3.50696708344319,0.933424859948068,0.686359707403515,0.933424859948068,0.642979782107689,0.716666666666667,0,1
low_quality_artifact,337,3.51767858211281,0.973096431035359,0.686359707403515,0.973096431035359,0.616666666666667,0.833333333333333,0,1
low_quality_artifact,338,3.52795982830578,0.962742735639227,0.686359707403515,0.962742735639227,0.581515151515152,0.733333333333333,0,1
low_quality_artifact,339,3.53886773072556,0.990338725186991,0.686359707403515,0.990338725186991,0.536428571428571,0.7,0,1
low_quality_artifact,340,3.54881981094395,0.990667601735957,0.686359707403515,0.990667601735957,0.566079545454546,0.733333333333333,0,1
low_quality_artifact,341,3.56182657027985,0.982974725730247,0.686359707403515,0.982974725730247,0.601292121499763,0.816666666666667,0,1
low_quality_artifact,342,3.57285112572723,0.9830646799864,0.686359707403515,0.9830646799864,0.589102787456446,0.816666666666667,0,1
low_quality_artifact,343,3.58383958458841,0.945772641877954,0.686359707403515,0.945772641877954,0.655593775593776,0.733333333333333,0,1
low_quality_artifact,344,3.59630373529156,0.9563705353495,0.686359707403515,0.9563705353495,0.685548730548731,0.733333333333333,0,1
low_quality_artifact,345,3.60635266764053,0.93807150109218,0.686359707403515,0.93807150109218,0.726372549019608,0.85,0,1
low_quality_artifact,346,3.61682592557386,0.913004633858918,0.686359707403515,0.913004633858918,0.772600732600733,0.866666666666667,0,1
low_quality_artifact,347,3.62458194466272,0.978472711551504,0.686359707403515,0.978472711551504,0.684357389304198,0.783333333333333,0,1
low_quality_artifact,348,3.6343635447095,0.995837550619253,0.686359707403515,0.995837550619253,0.555538277511962,0.733333333333333,0,1
low_quality_artifact,349,3.64445823822255,0.989746939237166,0.686359707403515,0.989746939237166,0.624848678601876,0.85,0,1
low_quality_artifact,350,3.65678074059751,0.990338611807082,0.686359707403515,0.990338611807082,0.617840136054422,0.816666666666667,0,1
low_quality_artifact,351,3.66778961688884,0.998683220074587,0.686359707403515,0.998683220074587,0.63703055337005,0.683333333333333,0,1
low_quality_artifact,352,3.67993123150889,0.989477744285249,0.686359707403515,0.989477744285249,0.596845238095238,0.7,0,1
low_quality_artifact,353,3.69012845227848,0.965267490879499,0.686359707403515,0.965267490879499,0.624132882882883,0.8,0,1
low_quality_artifact,354,3.70088986135518,0.981033251188936,0.686359707403515,0.981033251188936,0.610274122807018,0.8,0,1
low_quality_artifact,355,3.71172045601105,0.989474183155229,0.686359707403515,0.989474183155229,0.630178571428571,0.7,0,1
low_quality_artifact,356,3.72173784881826,0.914644236737497,0.686359707403515,0.914644236737497,0.713455580440463,0.783333333333333,0,1
low_quality_artifact,357,3.7325322615524,0.874986146457714,0.686359707403515,0.874986146457714,0.763379715522573,0.816666666666667,0,1
low_quality_artifact,358,3.7426649950544,0.976417455075408,0.686359707403515,0.976417455075408,0.617886904761905,0.8,0,1
low_quality_artifact,359,3.75306907064473,0.981035006102675,0.686359707403515,0.981035006102675,0.578579545454545,0.733333333333333,0,1
low_quality_artifact,360,3.7656234507355,0.939251164984991,0.686359707403515,0.939251164984991,0.596812354312354,0.65,0,1
low_quality_artifact,361,3.77703680644382,0.940628878298738,0.686359707403515,0.940628878298738,0.616190476190476,0.7,0,1
low_quality_artifact,362,3.7869470546526,0.968709143898331,0.686359707403515,0.968709143898331,0.539005167958656,0.716666666666667,0,1
low_quality_artifact,363,3.79608739171286,0.968708662607075,0.686359707403515,0.968708662607075,0.558109756097561,0.683333333333333,0,1
low_quality_artifact,364,3.8083333074273,0.96172594167589,0.686359707403515,0.96172594167589,0.627052071668533,0.783333333333333,0,1
low_quality_artifact,365,3.81790352939304,0.932190146069651,0.686359707403515,0.932190146069651,0.705077519379845,0.833333333333333,0,1
low_quality_artifact,366,3.82944168367158,0.854205957469995,0.686359707403515,0.854205957469995,0.770088383838384,0.733333333333333,0,1
low_quality_artifact,367,3.83935411864326,0.942752310169162,0.686359707403515,0.942752310169162,0.632992801771872,0.716666666666667,0,1
low_quality_artifact,368,3.84862004456555,0.978201502147615,0.686359707403515,0.978201502147615,0.545174418604651,0.716666666666667,0,1
low_quality_artifact,369,3.85922585439016,0.939243348405862,0.686359707403515,0.939243348405862,0.626212121212121,0.733333333333333,0,1
low_quality_artifact,370,3.86986744633475,0.920043333968274,0.686359707403515,0.920043333968274,0.754974292042398,0.816666666666667,0,1
low_quality_artifact,371,3.88053410451263,0.954346736764491,0.686359707403515,0.954346736764491,0.719101307189543,0.85,0,1
low_quality_artifact,372,3.89097361886056,0.924259583315099,0.686359707403515,0.924259583315099,0.649881342062193,0.783333333333333,0,1
low_quality_artifact,373,3.90131321747165,0.975876233806923,0.686359707403515,0.975876233806923,0.553191554467564,0.716666666666667,0,1
low_quality_artifact,374,3.91146721453892,0.986769704138903,0.686359707403515,0.986769704138903,0.558223443223443,0.7,0,1
low_quality_artifact,375,3.92350840109127,0.972023670518159,0.686359707403515,0.972023670518159,0.534155052264808,0.683333333333333,0,1
low_quality_artifact,376,3.93536045176314,0.941425714797696,0.686359707403515,0.941425714797696,0.596393308853529,0.716666666666667,0,1
low_quality_artifact,377,3.94689529434552,0.972591152743961,0.686359707403515,0.972591152743961,0.666403205531112,0.716666666666667,0,1
low_quality_artifact,378,3.95795629794502,0.968706092878565,0.686359707403515,0.968706092878565,0.700116279069767,0.716666666666667,0,1
low_quality_artifact,379,3.96788465860514,0.9490852884442,0.686359707403515,0.9490852884442,0.724488636363636,0.8,0,1
low_quality_artifact,380,3.97778416209889,0.98843586332675,0.686359707403515,0.98843586332675,0.624061784897025,0.766666666666667,0,1
low_quality_artifact,381,3.98954224813338,0.983808772407124,0.686359707403515,0.983808772407124,0.671056535685646,0.716666666666667,0,1
low_quality_artifact,382,3.99903353326212,0.975554894608236,0.686359707403515,0.975554894608236,0.628472222222222,0.75,0,1
low_quality_artifact,383,4.00729921527545,0.989976344564935,0.686359707403515,0.989976344564935,0.547271557271557,0.7,0,1
low_quality_artifact,384,4.01931316805244,0.993161100518793,0.686359707403515,0.993161100518793,0.571064993564994,0.616666666666667,0,1
low_quality_artifact,385,4.02970437754535,0.94063048421225,0.686359707403515,0.94063048421225,0.645292792792793,0.616666666666667,0,1
low_quality_artifact,386,4.03898566535741,0.945724583066219,0.686359707403515,0.945724583066219,0.664163449163449,0.7,0,1
low_quality_artifact,387,4.04936158177052,0.954369070864144,0.686359707403515,0.954369070864144,0.641608409321175,0.783333333333333,0,1
low_quality_artifact,388,4.06018353758395,0.907382978941559,0.686359707403515,0.907382978941559,0.660568181818182,0.8,0,1
low_quality_artifact,389,4.07076068558807,0.952089680938458,0.686359707403515,0.952089680938458,0.617847376201035,0.683333333333333,0,1
low_quality_artifact,390,4.08006206508147,0.98103531071225,0.686359707403515,0.98103531071225,0.51713963963964,0.616666666666667,0,1
low_quality_artifact,391,4.09170529880654,0.919793824802282,0.686359707403515,0.919793824802282,0.653242753623188,0.766666666666667,0,1
low_quality_artifact,392,4.10321702862764,0.782126228571066,0.686359707403515,0.782126228571066,0.92302111410602,0.933333333333333,0,1
low_quality_artifact,393,4.11411987578678,0.131984070074202,0.267421591307454,0.267421591307454,1,1,0,0
low_quality_artifact,394,4.12396610122035,0.133419664347061,0.201393183806986,0.201393183806986,1,1,0,0
low_quality_artifact,395,4.13386973437307,0.146531490837496,0.291779809839416,0.291779809839416,1,1,0,0
low_quality_artifact,396,4.14399288057662,0.133542699811929,0.410940301790338,0.410940301790338,1,1,0,0
low_quality_artifact,397,4.15370700298065,0.124867768725049,0.278906367834453,0.278906367834453,1,1,0,0
low_quality_artifact,398,4.163873903275,0.174758011821961,0.354806992733772,0.354806992733772,1,1,0,0
low_quality_artifact,399,4.17362611109468,0.18073144422259,0.404750933462754,0.404750933462754,1,1,0,0
low_quality_artifact,400,4.18381011719683,0.138240921581088,0.201427191819863,0.201427191819863,1,1,0,0
low_quality_artifact,401,4.19390363311306,0.144710955876671,0.229187890918978,0.229187890918978,1,1,0,0
low_quality_artifact,402,4.20376199091876,0.156191813127376,0.183715233290027,0.183715233290027,1,1,0,0
low_quality_artifact,403,4.21402060929014,0.143547466562435,0.256093148070436,0.256093148070436,1,1,0,0
low_quality_artifact,404,4.22381313734139,0.167913518345333,0.282280039583848,0.282280039583848,1,1,0,0
low_quality_artifact,405,4.23416636871578,0.160072160792328,0.215295542723517,0.215295542723517,1,1,0,0
low_quality_artifact,406,4.24409253788038,0.139827474927021,0.195581946369345,0.195581946369345,1,1,0,0
low_quality_artifact,407,4.25416867149254,0.137813900720816,0.152222274922642,0.152222274922642,1,1,0,0
low_quality_artifact,408,4.26445794905829,0.141737791165871,0.243183400259199,0.243183400259199,1,1,0,0
low_quality_artifact,409,4.27438746741349,0.148654101186371,0.151870467028257,0.151870467028257,1,1,0,0
low_quality_artifact,410,4.28473344270498,0.131712977684552,0.210722850068655,0.210722850068655,1,1,0,0
low_quality_artifact,411,4.29467279939408,0.125977234655353,0.37417379520154,0.37417379520154,1,1,0,0
low_quality_artifact,412,4.30493115553197,0.141928517432514,0.158374021737835,0.158374021737835,1,1,0,0
low_quality_artifact,413,4.31503811771764,0.155523796027146,0.288591013191621,0.288591013191621,1,1,0,0
low_quality_artifact,414,4.32511681629393,0.131941035514536,0.206785548628502,0.206785548628502,1,1,0,0
low_quality_artifact,415,4.33548485059023,0.129068384926326,0.222565453335888,0.222565453335888,1,1,0,0
low_quality_artifact,416,4.34547281204639,0.173365463988269,0.263574632603172,0.263574632603172,1,1,0,0
low_quality_artifact,417,4.35582914196316,0.175042603838892,0.280802232203578,0.280802232203578,1,1,0,0
low_quality_artifact,418,4.36593072698798,0.150217480980011,0.215618692158758,0.215618692158758,1,1,0,0
low_quality_artifact,419,4.37616714529735,0.155499227299326,0.24733200522245,0.24733200522245,1,1,0,0
low_quality_artifact,420,4.38664479824693,0.16083728526663,0.222838498985017,0.222838498985017,1,1,0,0
low_quality_artifact,421,4.39670215734607,0.14203479503068,0.188509675594895,0.188509675594895,1,1,0,0
low_quality_artifact,422,4.4072582275171,0.14584241336713,0.145261627357033,0.14584241336713,1,1,0,0
low_quality_artifact,423,4.41731712873937,0.14645348589904,0.18800156927899,0.18800156927899,1,1,0,0
low_quality_artifact,424,4.42771261655657,0.172004422014346,0.259626822892422,0.259626822892422,1,1,0,0
low_quality_artifact,425,4.43809599709073,0.167918886144129,0.429241902420156,0.429241902420156,1,1,0,0
low_quality_artifact,426,4.44827523324321,0.15901278505491,0.323337914923241,0.323337914923241,1,1,0,0
low_quality_artifact,427,4.45892249009719,0.169202012253731,0.288199961155022,0.288199961155022,1,1,0,0
low_quality_artifact,428,4.46901005705295,0.130924148290997,0.240031098754515,0.240031098754515,1,1,0,0
low_quality_artifact,429,4.47961340003301,0.131049736606311,0.158502024317102,0.158502024317102,1,1,0,0
low_quality_artifact,430,4.48992330844547,0.139641283595031,0.167776556711233,0.167776556711233,1,1,0,0
low_quality_artifact,431,4.50030651846589,0.134348412575511,0.28030134652792,0.28030134652792,1,1,0,0
low_quality_artifact,432,4.51087122638324,0.163319173698146,0.258962956499938,0.258962956499938,1,1,0,0
low_quality_artifact,433,4.52109642387931,0.159478719072425,0.201001568019357,0.201001568019357,1,1,0,0
low_quality_artifact,434,4.5317960318222,0.129744710313612,0.162889523394912,0.162889523394912,1,1,0,0
low_quality_artifact,435,4.54206083566072,0.149869968065102,0.262488875552162,0.262488875552162,1,1,0,0
low_quality_artifact,436,4.5525969912185,0.156469713002301,0.315474078075148,0.315474078075148,1,1,0,0
low_quality_artifact,437,4.56303084077768,0.15707508764432,0.286999420573685,0.286999420573685,1,1,0,0
low_quality_artifact,438,4.57340110836892,0.139731524061146,0.338894761242748,0.338894761242748,1,1,0,0
low_quality_artifact,439,4.58416628141036,0.147153816124705,0.164813697493801,0.164813697493801,1,1,0,0
low_quality_artifact,440,4.59438351570316,0.141683402443168,0.265790415615559,0.265790415615559,1,1,0,0
low_quality_artifact,441,4.60501984446266,0.114150988753864,0.311902978797814,0.311902978797814,1,1,0,0
low_quality_artifact,442,4.61541465291164,0.105371137062264,0.42186607361609,0.42186607361609,1,1,0,0
low_quality_artifact,443,4.62598723875258,0.110375164015288,0.394497803478515,0.394497803478515,1,1,0,0
low_quality_artifact,444,4.63665794686441,0.143888714461515,0.246920423119747,0.246920423119747,1,1,0,0
low_quality_artifact,445,4.64706838613988,0.227243128924293,0.575939297840101,0.575939297840101,1,1,0,0
low_quality_artifact,446,4.6579743753464,0.202683949457883,0.523179819167221,0.523179819167221,1,1,0,0
low_quality_artifact,447,4.66834410955607,0.139143115613424,0.255680385104078,0.255680385104078,1,1,0,0
low_quality_artifact,448,4.6790126738226,0.151481941809948,0.232270165746247,0.232270165746247,1,1,0,0
low_quality_artifact,449,4.68961529389855,0.154099272443029,0.226719720714475,0.226719720714475,1,1,0,0
low_quality_artifact,450,4.7000211153783,0.149261724467573,0.205321946185382,0.205321946185382,1,1,0,0
low_quality_artifact,451,4.71086384352059,0.163383766342692,0.511420469877191,0.511420469877191,1,1,0,0
low_quality_artifact,452,4.7212426277633,0.1435614231921,0.384024269236509,0.384024269236509,1,1,0,0
low_quality_artifact,453,4.73216245932108,0.137714543358256,0.298668724180502,0.298668724180502,1,1,0,0
low_quality_artifact,454,4.7427095974187,0.163358899180585,0.51582489729737,0.51582489729737,1,1,0,0
low_quality_artifact,455,4.75336963366183,0.147537416436928,0.228449643490389,0.228449643490389,1,1,0,0
low_quality_artifact,456,4.76416505709382,0.139783008511946,0.308672108253673,0.308672108253673,1,1,0,0
low_quality_artifact,457,4.77461045367153,0.145779424002817,0.212660074879403,0.212660074879403,1,1,0,0
low_quality_artifact,458,4.78549882697238,0.144339012282538,0.189041860938854,0.189041860938854,1,1,0,0
low_quality_artifact,459,4.79598274223903,0.138399652284992,0.303351564295352,0.303351564295352,1,1,0,0
low_quality_artifact,460,4.80681525652644,0.162027089105874,0.465211418426516,0.465211418426516,1,1,0,0
low_quality_artifact,461,4.81757191606042,0.15778009879454,0.384010635639339,0.384010635639339,1,1,0,0
low_quality_artifact,462,4.82806330817702,0.169065097786563,0.365102107077262,0.365102107077262,1,1,0,0
low_quality_artifact,463,4.83906400685004,0.196570432541993,0.439968818494356,0.439968818494356,1,1,0,0
low_quality_artifact,464,4.84949476955557,0.170958329707751,0.347140840538291,0.347140840538291,1,1,0,0
low_quality_artifact,465,4.86041437590483,0.135039127346909,0.232716864286507,0.232716864286507,1,1,0,0
low_quality_artifact,466,4.87100451477897,0.115454485110185,0.341827813951198,0.341827813951198,1,1,0,0
low_quality_artifact,467,4.88173592245398,0.121601419512659,0.271326995894359,0.271326995894359,1,1,0,0
low_quality_artifact,468,4.89264862222229,0.137102990869148,0.254747537512646,0.254747537512646,1,1,0,0
low_quality_artifact,469,4.9031721380022,0.134663188497202,0.364650533043449,0.364650533043449,1,1,0,0
low_quality_artifact,470,4.9141338636895,0.122303339393359,0.37899251953762,0.37899251953762,1,1,0,0
low_quality_artifact,471,4.92469208458892,0.132221416210983,0.254322803030935,0.254322803030935,1,1,0,0
low_quality_artifact,472,4.93549233264013,0.134331812085303,0.249022799320741,0.249022799320741,1,1,0,0
low_quality_artifact,473,4.94627121049314,0.151005824149274,0.273390237154881,0.273390237154881,1,1,0,0
low_quality_artifact,474,4.95683608717208,0.154335033526744,0.292649172416274,0.292649172416274,1,1,0,0
low_quality_artifact,475,4.96777374450866,0.178975886908948,0.416140346852622,0.416140346852622,1,1,0,0
low_quality_artifact,476,4.97821934692192,0.178144571637138,0.495879768112423,0.495879768112423,1,1,0,0
low_quality_artifact,477,4.98921303163701,0.143199436211772,0.303373955315253,0.303373955315253,1,1,0,0
low_quality_artifact,478,4.99987356245794,0.152972848106704,0.329751181679379,0.329751181679379,1,1,0,0
low_quality_artifact,479,5.01059093029064,0.133547796731171,0.225124409119148,0.225124409119148,1,1,0,0
low_quality_artifact,480,5.02147772655622,0.119083328931006,0.33576185157164,0.33576185157164,1,1,0,0
low_quality_artifact,481,5.03200201032088,0.123328008586835,0.296794082763946,0.296794082763946,1,1,0,0
low_quality_artifact,482,5.04294215607802,0.132122677953916,0.255947426670999,0.255947426670999,1,1,0,0
low_quality_artifact,483,5.05354135502304,0.127053658898208,0.344902656301402,0.344902656301402,1,1,0,0
low_quality_artifact,484,5.06433122817979,0.140696792593174,0.246128429369878,0.246128429369878,1,1,0,0
low_quality_artifact,485,5.0750509652544,0.14111821012962,0.325050777174653,0.325050777174653,1,1,0,0
low_quality_artifact,486,5.08559117708213,0.14037491752425,0.452377376995068,0.452377376995068,1,1,0,0
low_quality_artifact,487,5.09659105549336,0.129146304449733,0.22162906241981,0.22162906241981,1,1,0,0
low_quality_artifact,488,5.10697415274582,0.119487563973714,0.341229304760215,0.341229304760215,1,1,0,0
low_quality_artifact,489,5.11786172718639,0.120980971565992,0.288994621972338,0.288994621972338,1,1,0,0
low_quality_artifact,490,5.12847634219478,0.114619987539406,0.330926087357809,0.330926087357809,1,1,0,0
low_quality_artifact,491,5.13914455507177,0.185837926895574,0.420657417894329,0.420657417894329,1,1,0,0
low_quality_artifact,492,5.14996099206669,0.210793154490401,0.543122579310649,0.543122579310649,1,1,0,0
low_quality_artifact,493,5.16034251309414,0.160928010008475,0.259627517965516,0.259627517965516,1,1,0,0
low_quality_artifact,494,5.17125178716886,0.122585651231263,0.306114094226222,0.306114094226222,1,1,0,0
low_quality_artifact,495,5.18167022439303,0.101975399137549,0.510294695617428,0.510294695617428,1,1,0,0
low_quality_artifact,496,5.19248639323826,0.121753403198681,0.312871762283292,0.312871762283292,1,1,0,0
low_quality_artifact,497,5.20325042602669,0.139909355719347,0.215739549694869,0.215739549694869,1,1,0,0
low_quality_artifact,498,5.21369746759231,0.140270105500115,0.200362161069794,0.200362161069794,1,1,0,0
low_quality_artifact,499,5.22457169677455,0.112523419376661,0.3830518623433,0.3830518623433,1,1,0,0
low_quality_artifact,500,5.23493578629534,0.112184610654382,0.393080976210335,0.393080976210335,1,1,0,0
low_quality_artifact,501,5.24573490461203,0.116237154541471,0.297683866677758,0.297683866677758,1,1,0,0
low_quality_artifact,502,5.25625104266892,0.106233347425507,0.42387379194346,0.42387379194346,1,1,0,0
low_quality_artifact,503,5.26682915204742,0.139099632476552,0.183480774924577,0.183480774924577,1,1,0,0
low_quality_artifact,504,5.27761586811713,0.171792570261109,0.329522296986752,0.329522296986752,1,1,0,0
low_quality_artifact,505,5.28796979233463,0.136021094175824,0.250363411445362,0.250363411445362,1,1,0,0
low_quality_artifact,506,5.29871369362454,0.118701540228356,0.286599213129992,0.286599213129992,1,1,0,0
low_quality_artifact,507,5.30913551461221,0.140358179242583,0.523192539309593,0.523192539309593,1,1,0,0
low_quality_artifact,508,5.31979544415154,0.147132063843755,0.329276293347212,0.329276293347212,1,1,0,0
low_quality_artifact,509,5.33041941051948,0.147781847997832,0.17291116991715,0.17291116991715,1,1,0,0
low_quality_artifact,510,5.34077067073505,0.16041999976492,0.220011388739802,0.220011388739802,1,1,0,0
low_quality_artifact,511,5.35148946279079,0.149604545190352,0.146717437095173,0.149604545190352,1,1,0,0
low_quality_artifact,512,5.36172596136512,0.13421770046396,0.282907439796919,0.282907439796919,1,1,0,0
low_quality_artifact,513,5.37236614537703,0.142136638522469,0.343121881466854,0.343121881466854,1,1,0,0
low_quality_artifact,514,5.38270438122821,0.159376871299114,0.242932894377736,0.242932894377736,1,1,0,0
low_quality_artifact,515,5.39316245845858,0.170742369321319,0.260344622891888,0.260344622891888,1,1,0,0
low_quality_artifact,516,5.40376981466519,0.16728478566841,0.446707904086104,0.446707904086104,1,1,0,0
low_quality_artifact,517,5.41395823073832,0.148097825508343,0.399848655540376,0.399848655540376,1,1,0,0
low_quality_artifact,518,5.42472769305251,0.149379942311447,0.14738541990129,0.149379942311447,1,1,0,0
low_quality_artifact,519,5.43494867661782,0.133907235389876,0.220884650550345,0.220884650550345,1,1,0,0
low_quality_artifact,520,5.4454341585033,0.124273109049778,0.239607067440817,0.239607067440817,1,1,0,0
low_quality_artifact,521,5.45585945861406,0.199226360983218,0.546724829039571,0.546724829039571,1,1,0,0
low_quality_artifact,522,5.466117116724,0.254209616941498,0.621672285541495,0.621672285541495,1,1,0,0
low_quality_artifact,523,5.4766848847781,0.206725803687144,0.518097145854479,0.518097145854479,1,1,0,0
low_quality_artifact,524,5.48681785342788,0.146022929990732,0.293808934942919,0.293808934942919,1,1,0,0
low_quality_artifact,525,5.49734767342918,0.132744778592379,0.168047861154004,0.168047861154004,1,1,0,0
low_quality_artifact,526,5.50756931487903,0.137796644134642,0.146861573809133,0.146861573809133,1,1,0,0
low_quality_artifact,527,5.51788041102437,0.160086999347941,0.305959672242578,0.305959672242578,1,1,0,0
low_quality_artifact,528,5.52838828133147,0.173726633567559,0.278399727683063,0.278399727683063,1,1,0,0
low_quality_artifact,529,5.53839491139624,0.151817066584047,0.180634340551027,0.180634340551027,1,1,0,0
low_quality_artifact,530,5.54892076969524,0.15170700584387,0.411012321283671,0.411012321283671,1,1,0,0
low_quality_artifact,531,5.55897029958349,0.15582729157502,0.339834631586771,0.339834631586771,1,1,0,0
low_quality_artifact,532,5.56934855747356,0.152854891424097,0.14889553780544,0.152854891424097,1,1,0,0
low_quality_artifact,533,5.57963096354213,0.14477450951233,0.122472185037961,0.14477450951233,1,1,0,0
low_quality_artifact,534,5.58967980586427,0.137784313294737,0.347091473527477,0.347091473527477,1,1,0,0
low_quality_artifact,535,5.60016859638064,0.139945494910078,0.267208035810476,0.267208035810476,1,1,0,0
low_quality_artifact,536,5.61004362383036,0.141754712607984,0.138757670076387,0.141754712607984,1,1,0,0
low_quality_artifact,537,5.62046603116833,0.145025375563362,0.160324156121328,0.160324156121328,1,1,0,0
low_quality_artifact,538,5.63052033732137,0.150009061066654,0.148164909400016,0.150009061066654,1,1,0,0
low_quality_artifact,539,5.64064724784141,0.139013103735351,0.194481370614661,0.194481370614661,1,1,0,0
low_quality_artifact,540,5.6508813501702,0.14314801295081,0.277315016391137,0.277315016391137,1,1,0,0
low_quality_artifact,541,5.66085328208201,0.157388198279704,0.206844880958951,0.206844880958951,1,1,0,0
low_quality_artifact,542,5.6712406395986,0.137280149782418,0.232040920369022,0.232040920369022,1,1,0,0
low_quality_artifact,543,5.68110675529279,0.113220859670072,0.352174424172922,0.352174424172922,1,1,0,0
low_quality_artifact,544,5.69134514391128,0.120100180344963,0.300223879391667,0.300223879391667,1,1,0,0
low_quality_artifact,545,5.70146842225935,0.122510472625099,0.452772581840705,0.452772581840705,1,1,0,0
low_quality_artifact,546,5.71133553475311,0.155228696041692,0.285272915437902,0.285272915437902,1,1,0,0
low_quality_artifact,547,5.72168379642676,0.144714737820039,0.195269067120377,0.195269067120377,1,1,0,0
low_quality_artifact,548,5.73145983796147,0.144713972658476,0.167706513819311,0.167706513819311,1,1,0,0
low_quality_artifact,549,5.74171332665403,0.149759668176043,0.218979428164572,0.218979428164572,1,1,0,0
low_quality_artifact,550,5.75165802965022,0.148907898509038,0.474736826346723,0.474736826346723,1,1,0,0
low_quality_artifact,551,5.76162940492862,0.150415066432858,0.324138891819349,0.324138891819349,1,1,0,0
low_quality_artifact,552,5.77186132174813,0.134071175168892,0.225022186054139,0.225022186054139,1,1,0,0
low_quality_artifact,553,5.78165146423419,0.137592977293538,0.190627336149601,0.190627336149601,1,1,0,0
low_quality_artifact,554,5.7919221197319,0.143576957508268,0.205254946056776,0.205254946056776,1,1,0,0
low_quality_artifact,555,5.80170284004844,0.140296280269064,0.379414740806066,0.379414740806066,1,1,0,0
low_quality_artifact,556,5.81180569417716,0.137472579352543,0.386072292908806,0.386072292908806,1,1,0,0
low_quality_artifact,557,5.82172093281596,0.132792593165858,0.393317871875378,0.393317871875378,1,1,0,0
low_quality_artifact,558,5.83151523545346,0.125478065049454,0.309981990007708,0.309981990007708,1,1,0,0
low_quality_artifact,559,5.84174648089999,0.135552028933523,0.245259362894127,0.245259362894127,1,1,0,0
low_quality_artifact,560,5.85147887347069,0.162187702460079,0.221159326302073,0.221159326302073,1,1,0,0
low_quality_artifact,561,5.86167093568468,0.165779049525571,0.35359545042302,0.35359545042302,1,1,0,0
low_quality_artifact,562,5.87152821725891,0.161464897095753,0.424984403250674,0.424984403250674,1,1,0,0
low_quality_artifact,563,5.88147459128337,0.156896415599616,0.264575746952701,0.264575746952701,1,1,0,0
low_quality_artifact,564,5.89159049955211,0.1371120555078,0.344619528947515,0.344619528947515,1,1,0,0
low_quality_artifact,565,5.90120138669239,0.14316211287295,0.310202643746316,0.310202643746316,1,1,0,0
low_quality_artifact,566,5.91131078219679,0.13830829002051,0.296366214363516,0.296366214363516,1,1,0,0
low_quality_artifact,567,5.9210224780822,0.144663506192828,0.205810622642215,0.205810622642215,1,1,0,0
low_quality_artifact,568,5.93097013934449,0.147561809925491,0.301927910550976,0.301927910550976,1,1,0,0
low_quality_artifact,569,5.94092601782562,0.150213562723673,0.309998585659598,0.309998585659598,1,1,0,0
low_quality_artifact,570,5.95064098114558,0.158708180433005,0.503769122071376,0.503769122071376,1,1,0,0
low_quality_artifact,571,5.9607996315175,0.137386325738549,0.497600122502029,0.497600122502029,1,1,0,0
low_quality_artifact,572,5.97035533623391,0.129746182841498,0.551236241733495,0.551236241733495,1,1,0,0
low_quality_artifact,573,5.98040465657399,0.129959225890612,0.393396837077835,0.393396837077835,1,1,0,0
low_quality_artifact,574,5.99017626601406,0.134785758863669,0.295404687718314,0.295404687718314,1,1,0,0
low_quality_artifact,575,6,0.14624167581122,0.302129614315971,0.302129614315971,1,1,0,0
high_risk_irregular,1,0,0.16911493767252,0.261868396535205,0.261868396535205,1,1,0,0
high_risk_irregular,2,0.0105576851697924,0.158069402856371,0.311164582577423,0.311164582577423,1,1,0,0
high_risk_irregular,3,0.0206072024460681,0.130990356306425,0.356529644883933,0.356529644883933,1,1,0,0
high_risk_irregular,4,0.031087074606348,0.117476527123367,0.270031173904539,0.270031173904539,1,1,0,0
high_risk_irregular,5,0.0415475323063276,0.144095368379029,0.385321611866266,0.385321611866266,1,1,0,0
high_risk_irregular,6,0.0517395853227826,0.135379426903509,0.354159541645155,0.354159541645155,1,1,0,0
high_risk_irregular,7,0.062358692238413,0.135462838783116,0.143494424573415,0.143494424573415,1,1,0,0
high_risk_irregular,8,0.0725093934954784,0.196137070787593,0.44145875049568,0.44145875049568,1,1,0,0
high_risk_irregular,9,0.0831250150699487,0.16566178598977,0.274062814287546,0.274062814287546,1,1,0,0
high_risk_irregular,10,0.0934355497494832,0.114538931915643,0.370311588802713,0.370311588802713,1,1,0,0
high_risk_irregular,11,0.103848784016388,0.131793767754632,0.502469893565026,0.502469893565026,1,1,0,0
high_risk_irregular,12,0.114530074853218,0.147262468337553,0.526617444276671,0.526617444276671,1,1,0,0
high_risk_irregular,13,0.124692136968395,0.151259385659149,0.473552534449396,0.473552534449396,1,1,0,0
high_risk_irregular,14,0.135470925160566,0.158218477901874,0.273290134562732,0.273290134562732,1,1,0,0
high_risk_irregular,15,0.145822065023792,0.143617099629287,0.305403549923304,0.305403549923304,1,1,0,0
high_risk_irregular,16,0.15645414837573,0.124732945604773,0.323199168480916,0.323199168480916,1,1,0,0
high_risk_irregular,17,0.166999619319809,0.137189960462495,0.195856560802389,0.195856560802389,1,1,0,0
high_risk_irregular,18,0.17734390457324,0.15882230200712,0.374148037509531,0.374148037509531,1,1,0,0
high_risk_irregular,19,0.188034607862986,0.175184006421905,0.329590504422463,0.329590504422463,1,1,0,0
high_risk_irregular,20,0.198268570376161,0.175384392594914,0.350104641344931,0.350104641344931,1,1,0,0
high_risk_irregular,21,0.209035022723375,0.204937004534382,0.564358462589688,0.564358462589688,1,1,0,0
high_risk_irregular,22,0.219473050728048,0.179388047194617,0.448383192960914,0.448383192960914,1,1,0,0
high_risk_irregular,23,0.230083064632531,0.145043252376999,0.161433912191305,0.161433912191305,1,1,0,0
high_risk_irregular,24,0.240780940054176,0.131538016641017,0.252939919553534,0.252939919553534,1,1,0,0
high_risk_irregular,25,0.251142229649988,0.134682941655595,0.190798956360841,0.190798956360841,1,1,0,0
high_risk_irregular,26,0.262001369443864,0.147495514389953,0.185275406720902,0.185275406720902,1,1,0,0
high_risk_irregular,27,0.27243039874319,0.127942444207761,0.371749029304903,0.371749029304903,1,1,0,0
high_risk_irregular,28,0.283129408790275,0.124548478569311,0.234451614410612,0.234451614410612,1,1,0,0
high_risk_irregular,29,0.293785734937677,0.138088150339498,0.343642416888793,0.343642416888793,1,1,0,0
high_risk_irregular,30,0.304286146298057,0.133955828122985,0.335259014377187,0.335259014377187,1,1,0,0
high_risk_irregular,31,0.315263359233461,0.13629627260801,0.182733359225006,0.182733359225006,1,1,0,0
high_risk_irregular,32,0.325679075464222,0.172237997318639,0.423364248991194,0.423364248991194,1,1,0,0
high_risk_irregular,33,0.336503881829184,0.166567817527453,0.472757011922523,0.472757011922523,1,1,0,0
high_risk_irregular,34,0.347060638616608,0.129868896891303,0.385827882279997,0.385827882279997,1,1,0,0
high_risk_irregular,35,0.357671101483473,0.144086106953949,0.165031375212158,0.165031375212158,1,1,0,0
high_risk_irregular,36,0.368419339000187,0.14215184906978,0.278829384181762,0.278829384181762,1,1,0,0
high_risk_irregular,37,0.378845218816843,0.13456455564978,0.319233731038109,0.319233731038109,1,1,0,0
high_risk_irregular,38,0.389783224417283,0.141562552559919,0.25829173154208,0.25829173154208,1,1,0,0
high_risk_irregular,39,0.4002799728953,0.138327217679726,0.332689385427349,0.332689385427349,1,1,0,0
high_risk_irregular,40,0.411078944295272,0.130410396902499,0.384429292704064,0.384429292704064,1,1,0,0
high_risk_irregular,41,0.421884229530255,0.119434738933572,0.313127754299009,0.313127754299009,1,1,0,0
high_risk_irregular,42,0.432488747175726,0.136813523489226,0.376649384135775,0.376649384135775,1,1,0,0
high_risk_irregular,43,0.443462608337842,0.140600571049941,0.333186360900854,0.333186360900854,1,1,0,0
high_risk_irregular,44,0.453960513231277,0.128209351938433,0.256550695276612,0.256550695276612,1,1,0,0
high_risk_irregular,45,0.464771888456093,0.142480297531377,0.173609861839518,0.173609861839518,1,1,0,0
high_risk_irregular,46,0.475374376996823,0.155730509136359,0.326672889592179,0.326672889592179,1,1,0,0
high_risk_irregular,47,0.485975336782551,0.139134945309392,0.369540491995669,0.369540491995669,1,1,0,0
high_risk_irregular,48,0.496912973449369,0.129269077826767,0.353928368433408,0.353928368433408,1,1,0,0
high_risk_irregular,49,0.507352685297824,0.11452376808865,0.331079154739969,0.331079154739969,1,1,0,0
high_risk_irregular,50,0.518275261729338,0.128628762147658,0.227506085053003,0.227506085053003,1,1,0,0
high_risk_irregular,51,0.52880557238972,0.133697835542353,0.254239168591662,0.254239168591662,1,1,0,0
high_risk_irregular,52,0.539704946313005,0.129936260452546,0.273628663744936,0.273628663744936,1,1,0,0
high_risk_irregular,53,0.550418226986749,0.149914960056312,0.342810041594514,0.342810041594514,1,1,0,0
high_risk_irregular,54,0.561059488958542,0.166281160426249,0.523960642132052,0.523960642132052,1,1,0,0
high_risk_irregular,55,0.572142366151893,0.145488854395893,0.341031170448158,0.341031170448158,1,1,0,0
high_risk_irregular,56,0.582603609500714,0.127541803144594,0.316348282793669,0.316348282793669,1,1,0,0
high_risk_irregular,57,0.593576283719594,0.162580371855013,0.263303980897927,0.263303980897927,1,1,0,0
high_risk_irregular,58,0.60419341345009,0.18415482680605,0.480410540466566,0.480410540466566,1,1,0,0
high_risk_irregular,59,0.614828879140276,0.139468397703827,0.347976890685079,0.347976890685079,1,1,0,0
high_risk_irregular,60,0.625688020193176,0.112677946341229,0.402383421201453,0.402383421201453,1,1,0,0
high_risk_irregular,61,0.636184733512995,0.125988096923368,0.268079198512018,0.268079198512018,1,1,0,0
high_risk_irregular,62,0.647156315781912,0.11868403164752,0.340416029642155,0.340416029642155,1,1,0,0
high_risk_irregular,63,0.657701762804645,0.11598408788287,0.436636165039368,0.436636165039368,1,1,0,0
high_risk_irregular,64,0.668443443797094,0.132126132450601,0.19085880228791,0.19085880228791,1,1,0,0
high_risk_irregular,65,0.679211960844655,0.130446475576477,0.347858278736268,0.347858278736268,1,1,0,0
high_risk_irregular,66,0.689732195752691,0.130389771160294,0.405869021748361,0.405869021748361,1,1,0,0
high_risk_irregular,67,0.700720267520127,0.149565842017914,0.260361557257353,0.260361557257353,1,1,0,0
high_risk_irregular,68,0.711116325496938,0.161966387724666,0.268250025869066,0.268250025869066,1,1,0,0
high_risk_irregular,69,0.722008451925975,0.134065762307035,0.245943171606633,0.245943171606633,1,1,0,0
high_risk_irregular,70,0.732531748988581,0.142056946015337,0.212433724105237,0.212433724105237,1,1,0,0
high_risk_irregular,71,0.743139266081909,0.154561622871695,0.262075988851851,0.262075988851851,1,1,0,0
high_risk_irregular,72,0.753976527925822,0.148345762629728,0.226036087781915,0.226036087781915,1,1,0,0
high_risk_irregular,73,0.76436048964928,0.123833773134175,0.310710845749107,0.310710845749107,1,1,0,0
high_risk_irregular,74,0.775208765832758,0.116133891051293,0.321434778832555,0.321434778832555,1,1,0,0
high_risk_irregular,75,0.785663204036145,0.137922928888746,0.249627376105532,0.249627376105532,1,1,0,0
high_risk_irregular,76,0.796450209711935,0.153302701943988,0.204294126564134,0.204294126564134,1,1,0,0
high_risk_irregular,77,0.807160453827966,0.140338416053299,0.23179242027944,0.23179242027944,1,1,0,0
high_risk_irregular,78,0.817603661874615,0.136273484372812,0.414750026945707,0.414750026945707,1,1,0,0
high_risk_irregular,79,0.828480539033092,0.140012998021171,0.199047368066177,0.199047368066177,1,1,0,0
high_risk_irregular,80,0.83879354726232,0.139996895211942,0.261676458988501,0.261676458988501,1,1,0,0
high_risk_irregular,81,0.849563175219129,0.118836288885221,0.359662572047567,0.359662572047567,1,1,0,0
high_risk_irregular,82,0.860025670507331,0.116537650167162,0.412050358026389,0.412050358026389,1,1,0,0
high_risk_irregular,83,0.870613105460122,0.133159148063314,0.257851218991246,0.257851218991246,1,1,0,0
high_risk_irregular,84,0.881362419647874,0.146784755192638,0.175598735500416,0.175598735500416,1,1,0,0
high_risk_irregular,85,0.891744542235404,0.136523918094336,0.418288685853236,0.418288685853236,1,1,0,0
high_risk_irregular,86,0.902572979794368,0.16203676100232,0.327890014060655,0.327890014060655,1,1,0,0
high_risk_irregular,87,0.912922250352104,0.163029701862795,0.353821601406664,0.353821601406664,1,1,0,0
high_risk_irregular,88,0.92353203325151,0.131803379786454,0.213799628938547,0.213799628938547,1,1,0,0
high_risk_irregular,89,0.934131812950015,0.135838860878486,0.177390896934688,0.177390896934688,1,1,0,0
high_risk_irregular,90,0.944525211343625,0.137778061455293,0.500615419140684,0.500615419140684,1,1,0,0
high_risk_irregular,91,0.955286726891111,0.137004543170519,0.408578708050823,0.408578708050823,1,1,0,0
high_risk_irregular,92,0.965398431330753,0.150630618740299,0.279489173571643,0.279489173571643,1,1,0,0
high_risk_irregular,93,0.976127301876177,0.162462245789868,0.271980519611976,0.271980519611976,1,1,0,0
high_risk_irregular,94,0.986526943441562,0.134963678376718,0.496463597900326,0.496463597900326,1,1,0,0
high_risk_irregular,95,0.996945252954724,0.12510225705262,0.419846916011079,0.419846916011079,1,1,0,0
high_risk_irregular,96,1.00751131818925,0.129737830139326,0.391504203296559,0.391504203296559,1,1,0,0
high_risk_irregular,97,1.01770591507595,0.126633767338401,0.288625741242589,0.288625741242589,1,1,0,0
high_risk_irregular,98,1.02842207271773,0.117203083297221,0.323180851011127,0.323180851011127,1,1,0,0
high_risk_irregular,99,1.03863366658849,0.11892315553719,0.254095360717117,0.254095360717117,1,1,0,0
high_risk_irregular,100,1.04905850261141,0.145609042936933,0.322526197465645,0.322526197465645,1,1,0,0
high_risk_irregular,101,1.05945750075689,0.159706472136535,0.469737832968996,0.469737832968996,1,1,0,0
high_risk_irregular,102,1.0697127842689,0.135230811297512,0.18483807603952,0.18483807603952,1,1,0,0
high_risk_irregular,103,1.08029580095596,0.122144074543301,0.312728777994446,0.312728777994446,1,1,0,0
high_risk_irregular,104,1.09033701919755,0.115192270326681,0.308151806256576,0.308151806256576,1,1,0,0
high_risk_irregular,105,1.10087725953258,0.12762102804764,0.274802553577486,0.274802553577486,1,1,0,0
high_risk_irregular,106,1.11105281957988,0.130817539944602,0.241509357969044,0.241509357969044,1,1,0,0
high_risk_irregular,107,1.12128813542692,0.158004027966108,0.228664199469854,0.228664199469854,1,1,0,0
high_risk_irregular,108,1.13168733326095,0.177051536285934,0.379498535934492,0.379498535934492,1,1,0,0
high_risk_irregular,109,1.1417218221829,0.179691112733074,0.289418085085266,0.289418085085266,1,1,0,0
high_risk_irregular,110,1.1522191351594,0.15459368996458,0.220418314965915,0.220418314965915,1,1,0,0
high_risk_irregular,111,1.16226011694452,0.142582943136247,0.310566247593697,0.310566247593697,1,1,0,0
high_risk_irregular,112,1.17262551515699,0.137065534667481,0.15637411990609,0.15637411990609,1,1,0,0
high_risk_irregular,113,1.18285500344455,0.135621237615537,0.176652850679793,0.176652850679793,1,1,0,0
high_risk_irregular,114,1.19285463155364,0.136828059103691,0.139937007279637,0.139937007279637,1,1,0,0
high_risk_irregular,115,1.20330854321575,0.129960328408879,0.228410728226293,0.228410728226293,1,1,0,0
high_risk_irregular,116,1.21325280299644,0.128485345142483,0.195907039176007,0.195907039176007,1,1,0,0
high_risk_irregular,117,1.22366448718451,0.138834498188826,0.168910798072609,0.168910798072609,1,1,0,0
high_risk_irregular,118,1.23380462481724,0.144962046458711,0.146319034527007,0.146319034527007,1,1,0,0
high_risk_irregular,119,1.24393859826093,0.136407511989672,0.358270728309196,0.358270728309196,1,1,0,0
high_risk_irregular,120,1.2542758467686,0.161933712597045,0.212240863458502,0.212240863458502,1,1,0,0
high_risk_irregular,121,1.26421417636445,0.171481454528522,0.254233355120006,0.254233355120006,1,1,0,0
high_risk_irregular,122,1.27453422368959,0.136852843942213,0.365055507070087,0.365055507070087,1,1,0,0
high_risk_irregular,123,1.28441790185554,0.1191003591693,0.310056651839882,0.310056651839882,1,1,0,0
high_risk_irregular,124,1.29461133223865,0.145837600724321,0.184269329871265,0.184269329871265,1,1,0,0
high_risk_irregular,125,1.30472562033387,0.149777153054062,0.301858990813917,0.301858990813917,1,1,0,0
high_risk_irregular,126,1.31460360601774,0.146471048839634,0.274661035804834,0.274661035804834,1,1,0,0
high_risk_irregular,127,1.32493309543106,0.149087098757126,0.293952253711021,0.293952253711021,1,1,0,0
high_risk_irregular,128,1.33472635616052,0.161885003987413,0.240976577105137,0.240976577105137,1,1,0,0
high_risk_irregular,129,1.34495602196187,0.157982931929277,0.266624145070036,0.266624145070036,1,1,0,0
high_risk_irregular,130,1.35478552903938,0.127498599191288,0.312054243848494,0.312054243848494,1,1,0,0
high_risk_irregular,131,1.36479839789948,0.170400238943736,0.279780443684917,0.279780443684917,1,1,0,0
high_risk_irregular,132,1.37491069228135,0.19753077055942,0.675834815338976,0.675834815338976,1,1,0,0
high_risk_irregular,133,1.38464912675274,0.152030563421743,0.182736490662881,0.182736490662881,1,1,0,0
high_risk_irregular,134,1.39488731811905,0.139797214392207,0.293458569530867,0.293458569530867,1,1,0,0
high_risk_irregular,135,1.4046789041878,0.136602529106996,0.21981151807209,0.21981151807209,1,1,0,0
high_risk_irregular,136,1.41473691547261,0.140233437100528,0.219318001531563,0.219318001531563,1,1,0,0
high_risk_irregular,137,1.42483205284327,0.161480519200079,0.275958393048239,0.275958393048239,1,1,0,0
high_risk_irregular,138,1.4346414176777,0.173875322215923,0.395536154389163,0.395536154389163,1,1,0,0
high_risk_irregular,139,1.44484510281488,0.159636331809155,0.525785386510413,0.525785386510413,1,1,0,0
high_risk_irregular,140,1.45448938147443,0.145805722279207,0.39482380528312,0.39482380528312,1,1,0,0
high_risk_irregular,141,1.46470058539736,0.142183925753886,0.250476004097781,0.250476004097781,1,1,0,0
high_risk_irregular,142,1.47452367829419,0.130361421603125,0.263418447985686,0.263418447985686,1,1,0,0
high_risk_irregular,143,1.48437114667469,0.141482657875508,0.341206924548198,0.341206924548198,1,1,0,0
high_risk_irregular,144,1.49445649895054,0.14360920020959,0.234693085667113,0.234693085667113,1,1,0,0
high_risk_irregular,145,1.50409570186559,0.124168880505541,0.291842120801076,0.291842120801076,1,1,0,0
high_risk_irregular,146,1.51425235077224,0.12112888558846,0.417100018601719,0.417100018601719,1,1,0,0
high_risk_irregular,147,1.52395329351281,0.122816015115487,0.357120811134526,0.357120811134526,1,1,0,0
high_risk_irregular,148,1.53395620351666,0.150839069352929,0.5901246050341,0.5901246050341,1,1,0,0
high_risk_irregular,149,1.54388635776129,0.143809849794076,0.649594966009217,0.649594966009217,1,1,0,0
high_risk_irregular,150,1.55368778858081,0.115091905231694,0.416383591848104,0.416383591848104,1,1,0,0
high_risk_irregular,151,1.5637531308735,0.125728135477758,0.34122787806607,0.34122787806607,0.965535714285714,0.933333333333333,0,0
high_risk_irregular,152,1.57337286117376,0.810621477006209,0.686359707403515,0.810621477006209,0.782954545454545,0.833333333333333,0,1
high_risk_irregular,153,1.58325181275852,0.915412610585707,0.686359707403515,0.915412610585707,0.642164634146342,0.8,0,1
high_risk_irregular,154,1.59344848707087,0.894838259646131,0.686359707403515,0.894838259646131,0.71960407239819,0.85,0,1
high_risk_irregular,155,1.60398211451658,0.969499526640583,0.686359707403515,0.969499526640583,0.577623839009288,0.85,0,1
high_risk_irregular,156,1.61232065514556,0.972591615335277,0.686359707403515,0.972591615335277,0.554627659574468,0.783333333333333,0,1
high_risk_irregular,157,1.62390071792491,0.892245682061887,0.686359707403515,0.892245682061887,0.651319444444445,0.8,0,1
high_risk_irregular,158,1.63325450984413,0.833957526400964,0.686359707403515,0.833957526400964,0.730360962566845,0.85,0,1
high_risk_irregular,159,1.64316844472597,0.860830182204683,0.686359707403515,0.860830182204683,0.688257575757576,0.833333333333333,0,1
high_risk_irregular,160,1.65399116129496,0.913828314762288,0.686359707403515,0.913828314762288,0.638690476190476,0.75,0,1
high_risk_irregular,161,1.66404168446746,0.812909364549446,0.686359707403515,0.812909364549446,0.779937888198758,0.766666666666667,0,1
high_risk_irregular,162,1.67321298093156,0.867552195952593,0.686359707403515,0.867552195952593,0.676904761904762,0.833333333333333,0,1
high_risk_irregular,163,1.68277240149255,0.924255802870069,0.686359707403515,0.924255802870069,0.616323529411765,0.85,0,1
high_risk_irregular,164,1.69355157109334,0.885363694675211,0.686359707403515,0.885363694675211,0.677434640522876,0.85,0,1
high_risk_irregular,165,1.70379428161155,0.92848423166026,0.686359707403515,0.92848423166026,0.58729674796748,0.75,0,1
high_risk_irregular,166,1.71485919969501,0.902925230544472,0.686359707403515,0.902925230544472,0.624981884057971,0.766666666666667,0,1
high_risk_irregular,167,1.72634240970403,0.931685694756484,0.686359707403515,0.931685694756484,0.62195652173913,0.833333333333333,0,1
high_risk_irregular,168,1.73728940323125,0.960923533465672,0.686359707403515,0.960923533465672,0.595562015503876,0.8,0,1
high_risk_irregular,169,1.74846040719052,0.893030644609194,0.686359707403515,0.893030644609194,0.690806119082962,0.783333333333333,0,1
high_risk_irregular,170,1.75956186420077,0.841307894379096,0.686359707403515,0.841307894379096,0.760457317073171,0.8,0,1
high_risk_irregular,171,1.76968143600537,0.879291940035529,0.686359707403515,0.879291940035529,0.669897563676633,0.716666666666667,0,1
high_risk_irregular,172,1.77907614974084,0.977781267334707,0.686359707403515,0.977781267334707,0.499035087719298,0.633333333333333,0,1
high_risk_irregular,173,1.78976102485206,0.879457241339044,0.686359707403515,0.879457241339044,0.638690476190476,0.75,0,1
high_risk_irregular,174,1.7996967767169,0.805028531136859,0.686359707403515,0.805028531136859,0.797517006802721,0.816666666666667,0,1
high_risk_irregular,175,1.80929679977921,0.84967396737877,0.686359707403515,0.84967396737877,0.738410852713178,0.833333333333333,0,1
high_risk_irregular,176,1.81890834845172,0.924251324018313,0.686359707403515,0.924251324018313,0.635555555555555,0.833333333333333,0,1
high_risk_irregular,177,1.82913511718018,0.928481853816752,0.686359707403515,0.928481853816752,0.642164634146342,0.8,0,1
high_risk_irregular,178,1.8400668323937,0.906972566251969,0.686359707403515,0.906972566251969,0.66593023255814,0.833333333333333,0,1
high_risk_irregular,179,1.84983234393558,0.849313451917557,0.686359707403515,0.849313451917557,0.741132075471698,0.883333333333333,0,1
high_risk_irregular,180,1.86166238625271,0.765679520118433,0.686359707403515,0.765679520118433,0.855749485840848,0.816666666666667,0,1
high_risk_irregular,181,1.87095923711572,0.81140438520248,0.686359707403515,0.81140438520248,0.7625,0.75,0,1
high_risk_irregular,182,1.88048430248865,0.857587491817673,0.686359707403515,0.857587491817673,0.722222222222222,0.75,0,1
high_risk_irregular,183,1.88999525616767,0.878606208655387,0.686359707403515,0.878606208655387,0.690806119082962,0.783333333333333,0,1
high_risk_irregular,184,1.90009823100929,0.874988852111267,0.686359707403515,0.874988852111267,0.658315217391304,0.766666666666667,0,1
high_risk_irregular,185,1.91136989365235,0.905607899731139,0.686359707403515,0.905607899731139,0.629622093023256,0.716666666666667,0,1
high_risk_irregular,186,1.92180082488051,0.960281667142669,0.686359707403515,0.960281667142669,0.55625,0.666666666666667,0,1
high_risk_irregular,187,1.93359644159886,0.952395181964317,0.686359707403515,0.952395181964317,0.573147694818441,0.716666666666667,0,1
high_risk_irregular,188,1.94434947235483,0.874898947813854,0.686359707403515,0.874898947813854,0.695585106382979,0.783333333333333,0,1
high_risk_irregular,189,1.95569758046277,0.914679594503451,0.686359707403515,0.914679594503451,0.652029505582137,0.733333333333333,0,1
high_risk_irregular,190,1.96483014344898,0.988141955945678,0.686359707403515,0.988141955945678,0.560872093023256,0.716666666666667,0,1
high_risk_irregular,191,1.97651867832283,0.973095810548643,0.686359707403515,0.973095810548643,0.55140243902439,0.683333333333333,0,1
high_risk_irregular,192,1.98866482023043,0.924260766086049,0.686359707403515,0.924260766086049,0.624007936507937,0.75,0,1
high_risk_irregular,193,1.99973570069952,0.958092687169544,0.686359707403515,0.958092687169544,0.564850427350427,0.75,0,1
high_risk_irregular,194,2.01148716651989,0.978662005556476,0.686359707403515,0.978662005556476,0.557272727272727,0.733333333333333,0,1
high_risk_irregular,195,2.02223298197023,0.939250118236408,0.686359707403515,0.939250118236408,0.607319109461967,0.816666666666667,0,1
high_risk_irregular,196,2.03441226906091,0.793674797224126,0.686359707403515,0.793674797224126,0.872393048128342,0.916666666666667,0,1
high_risk_irregular,197,2.04466863436965,0.136329582077955,0.14142808250663,0.14142808250663,1,1,0,0
high_risk_irregular,198,2.05469403142333,0.139034388301862,0.231625262846676,0.231625262846676,1,1,0,0
high_risk_irregular,199,2.06506723696368,0.146136219819573,0.22977963287055,0.22977963287055,1,1,0,0
high_risk_irregular,200,2.07491275832791,0.137501456060011,0.568464242122103,0.568464242122103,1,1,0,0
high_risk_irregular,201,2.08528795723953,0.143337699831434,0.237440839880749,0.237440839880749,1,1,0,0
high_risk_irregular,202,2.09537406935538,0.132337938331525,0.186714470381443,0.186714470381443,1,1,0,0
high_risk_irregular,203,2.10556931531532,0.129000530774994,0.192754813931285,0.192754813931285,1,1,0,0
high_risk_irregular,204,2.11585229012634,0.151643813957744,0.39933724744792,0.39933724744792,1,1,0,0
high_risk_irregular,205,2.12578477224273,0.132255956374426,0.313878003735965,0.313878003735965,1,1,0,0
high_risk_irregular,206,2.13624938852509,0.136974893950309,0.277635271221234,0.277635271221234,1,1,0,0
high_risk_irregular,207,2.14623786721237,0.145364562539979,0.569193212096052,0.569193212096052,1,1,0,0
high_risk_irregular,208,2.15660656925566,0.118241158982972,0.37320347885092,0.37320347885092,1,1,0,0
high_risk_irregular,209,2.1669019392653,0.127769356349874,0.227283456627905,0.227283456627905,1,1,0,0
high_risk_irregular,210,2.17709659645366,0.15015358292451,0.303453604015963,0.303453604015963,1,1,0,0
high_risk_irregular,211,2.18765904242392,0.141118371043228,0.216570987183655,0.216570987183655,1,1,0,0
high_risk_irregular,212,2.19768791911566,0.156965471303476,0.174439074538586,0.174439074538586,1,1,0,0
high_risk_irregular,213,2.20821599601441,0.161370016336134,0.214452762336936,0.214452762336936,1,1,0,0
high_risk_irregular,214,2.21838444950573,0.166110639513035,0.272853875593617,0.272853875593617,1,1,0,0
high_risk_irregular,215,2.22869414162758,0.154486017920837,0.144381905856876,0.154486017920837,1,1,0,0
high_risk_irregular,216,2.23923619619905,0.127231902944232,0.268450500304534,0.268450500304534,1,1,0,0
high_risk_irregular,217,2.24932967288338,0.140403980599364,0.131650357970455,0.140403980599364,1,1,0,0
high_risk_irregular,218,2.25995665268482,0.135647739167867,0.231118797715373,0.231118797715373,1,1,0,0
high_risk_irregular,219,2.27015274417162,0.129425036535142,0.180731211976988,0.180731211976988,1,1,0,0
high_risk_irregular,220,2.28056338633176,0.137406871458925,0.16565081568244,0.16565081568244,1,1,0,0
high_risk_irregular,221,2.29106306835943,0.1381583501939,0.424914488252719,0.424914488252719,1,1,0,0
high_risk_irregular,222,2.30135252438853,0.15870414296611,0.178231039860326,0.178231039860326,1,1,0,0
high_risk_irregular,223,2.31197143179431,0.171448428265918,0.315931122531103,0.315931122531103,1,1,0,0
high_risk_irregular,224,2.32216841430215,0.134713597716879,0.237937700093294,0.237937700093294,1,1,0,0
high_risk_irregular,225,2.33286337096979,0.123305216278589,0.199998932441379,0.199998932441379,1,1,0,0
high_risk_irregular,226,2.34327039010318,0.150122700892877,0.204477763916497,0.204477763916497,1,1,0,0
high_risk_irregular,227,2.35369995738689,0.191344806042182,0.38922694166872,0.38922694166872,1,1,0,0
high_risk_irregular,228,2.36440014983031,0.169261739443787,0.25531808022815,0.25531808022815,1,1,0,0
high_risk_irregular,229,2.37467495217643,0.139936813823,0.17929715699408,0.17929715699408,1,1,0,0
high_risk_irregular,230,2.38541847585609,0.14800784852346,0.445618388608454,0.445618388608454,1,1,0,0
high_risk_irregular,231,2.3957163353741,0.196603072013439,0.666073692052532,0.666073692052532,1,1,0,0
high_risk_irregular,232,2.4063563480511,0.164387894488955,0.321691277606557,0.321691277606557,1,1,0,0
high_risk_irregular,233,2.41695580714611,0.136422878276702,0.210069735279581,0.210069735279581,1,1,0,0
high_risk_irregular,234,2.42739283907934,0.13714906775428,0.179299697812113,0.179299697812113,1,1,0,0
high_risk_irregular,235,2.43814314782738,0.15278071981496,0.494903945004988,0.494903945004988,1,1,0,0
high_risk_irregular,236,2.44841609721425,0.137759074157117,0.365892930750157,0.365892930750157,1,1,0,0
high_risk_irregular,237,2.45929606289895,0.140622497853398,0.200285523324397,0.200285523324397,1,1,0,0
high_risk_irregular,238,2.46981315854006,0.158766169793388,0.232309674663267,0.232309674663267,1,1,0,0
high_risk_irregular,239,2.48036868080794,0.144908223084469,0.325916103140561,0.325916103140561,1,1,0,0
high_risk_irregular,240,2.49116153478703,0.117561343910159,0.408209439894252,0.408209439894252,1,1,0,0
high_risk_irregular,241,2.50153388934549,0.111789995042237,0.349157201292661,0.349157201292661,1,1,0,0
high_risk_irregular,242,2.51236577567224,0.134002389143995,0.207469019551531,0.207469019551531,1,1,0,0
high_risk_irregular,243,2.52282903390569,0.128893714959196,0.296225234391512,0.296225234391512,1,1,0,0
high_risk_irregular,244,2.53355045804073,0.136415603402182,0.21377302819234,0.21377302819234,1,1,0,0
high_risk_irregular,245,2.54430163416039,0.138318520982606,0.215332612321183,0.215332612321183,1,1,0,0
high_risk_irregular,246,2.55481733640101,0.12415503669661,0.315491596451609,0.315491596451609,1,1,0,0
high_risk_irregular,247,2.56576783835,0.125351318709754,0.218446024579435,0.218446024579435,1,1,0,0
high_risk_irregular,248,2.57619724650827,0.118515069251731,0.325448777363939,0.325448777363939,1,1,0,0
high_risk_irregular,249,2.58702391958664,0.134677732156864,0.184382007428658,0.184382007428658,1,1,0,0
high_risk_irregular,250,2.5976318618425,0.132000040699952,0.308075193048195,0.308075193048195,1,1,0,0
high_risk_irregular,251,2.6083200621634,0.135361689921476,0.445741219610465,0.445741219610465,1,1,0,0
high_risk_irregular,252,2.61924372582337,0.15668932358684,0.442898486672502,0.442898486672502,1,1,0,0
high_risk_irregular,253,2.62965414368614,0.165039658492965,0.40828180970354,0.40828180970354,1,1,0,0
high_risk_irregular,254,2.64065714227016,0.141396573019339,0.190451966744108,0.190451966744108,1,1,0,0
high_risk_irregular,255,2.65121501369277,0.135620246934601,0.261075988905304,0.261075988905304,1,1,0,0
high_risk_irregular,256,2.66199650747975,0.145650151301298,0.431811872861084,0.431811872861084,1,1,0,0
high_risk_irregular,257,2.67275365262447,0.136051585142707,0.246389232173307,0.246389232173307,1,1,0,0
high_risk_irregular,258,2.68332810825138,0.158692382171161,0.301992644511475,0.301992644511475,1,1,0,0
high_risk_irregular,259,2.69434297103288,0.176575356737638,0.397803838296327,0.397803838296327,1,1,0,0
high_risk_irregular,260,2.70489008764667,0.163812556708352,0.384059999722622,0.384059999722622,1,1,0,0
high_risk_irregular,261,2.71584618010217,0.137659724480647,0.17678653376506,0.17678653376506,1,1,0,0
high_risk_irregular,262,2.72645863480452,0.12666794196533,0.255567330038722,0.255567330038722,1,1,0,0
high_risk_irregular,263,2.73706095888411,0.143345009220054,0.252402876196987,0.252402876196987,1,1,0,0
high_risk_irregular,264,2.74794838499085,0.157821919408738,0.276362823279056,0.276362823279056,1,1,0,0
high_risk_irregular,265,2.75852220337947,0.167923404380965,0.346509544826752,0.346509544826752,1,1,0,0
high_risk_irregular,266,2.76954200378515,0.142571451004004,0.244842027487114,0.244842027487114,1,1,0,0
high_risk_irregular,267,2.78011774673413,0.127868148621122,0.264608146733514,0.264608146733514,1,1,0,0
high_risk_irregular,268,2.7909446774986,0.137188701478213,0.218553021023247,0.218553021023247,1,1,0,0
high_risk_irregular,269,2.80168060103856,0.144903126036082,0.269861533644703,0.269861533644703,1,1,0,0
high_risk_irregular,270,2.81227350562908,0.127324670752041,0.260262532493541,0.260262532493541,1,1,0,0
high_risk_irregular,271,2.8232312538767,0.130420442899952,0.424303751078437,0.424303751078437,1,1,0,0
high_risk_irregular,272,2.8337498611279,0.154665163016044,0.267674742292212,0.267674742292212,1,1,0,0
high_risk_irregular,273,2.84463135872369,0.141420812069548,0.231226432515985,0.231226432515985,1,1,0,0
high_risk_irregular,274,2.85528303559538,0.119902945279267,0.313145115611389,0.313145115611389,1,1,0,0
high_risk_irregular,275,2.86600656658125,0.157465795484497,0.339458294203978,0.339458294203978,1,1,0,0
high_risk_irregular,276,2.87688441689885,0.161398675845039,0.454307243297121,0.454307243297121,1,1,0,0
high_risk_irregular,277,2.88731069176723,0.155975851718126,0.334799212985209,0.334799212985209,1,1,0,0
high_risk_irregular,278,2.89831578284083,0.954712883426617,0.686359707403515,0.954712883426617,0.94364406779661,1,1,0
high_risk_irregular,279,2.90883092418516,0.999007107545011,0.686359707403515,0.999007107545011,0.94364406779661,1,1,0
high_risk_irregular,280,2.91872121343077,0.999477508441787,0.686359707403515,0.999477508441787,0.962429378531073,1,1,0
high_risk_irregular,281,2.92820082626142,0.999467348610332,0.686359707403515,0.999467348610332,0.88728813559322,1,1,0
high_risk_irregular,282,2.93884081919636,0.99939799356058,0.686359707403515,0.99939799356058,0.868502824858757,1,1,0
high_risk_irregular,283,2.94951665647868,0.999632313529243,0.686359707403515,0.999632313529243,0.83093220338983,1,1,0
high_risk_irregular,284,2.9596857117202,0.999656436785631,0.686359707403515,0.999656436785631,0.793361581920904,1,1,0
high_risk_irregular,285,2.97032225070904,0.999491949239631,0.686359707403515,0.999491949239631,0.83093220338983,1,1,0
high_risk_irregular,286,2.98087458064858,0.998748676926968,0.686359707403515,0.998748676926968,0.88728813559322,1,1,0
high_risk_irregular,287,2.99142760482913,0.998399875396071,0.686359707403515,0.998399875396071,0.906073446327684,1,1,0
high_risk_irregular,288,3.00174444437017,0.999071227847867,0.686359707403515,0.999071227847867,0.868502824858757,1,1,0
high_risk_irregular,289,3.01179288913849,0.999163205683794,0.686359707403515,0.999163205683794,0.906073446327684,1,1,0
high_risk_irregular,290,3.0216121473695,0.999502998555392,0.686359707403515,0.999502998555392,0.868502824858757,1,1,0
high_risk_irregular,291,3.03196572702752,0.999443160069036,0.686359707403515,0.999443160069036,0.83093220338983,1,1,0
high_risk_irregular,292,3.04217669012212,0.999311251080542,0.686359707403515,0.999311251080542,0.812146892655367,1,1,0
high_risk_irregular,293,3.0528224833281,0.999601928314442,0.686359707403515,0.999601928314442,0.812146892655367,1,1,0
high_risk_irregular,294,3.06317159412165,0.99961664884151,0.686359707403515,0.99961664884151,0.88728813559322,1,1,0
high_risk_irregular,295,3.07335715034548,0.999555422168757,0.686359707403515,0.999555422168757,0.906073446327684,1,1,0
high_risk_irregular,296,3.08415485639733,0.999588738665613,0.686359707403515,0.999588738665613,0.906073446327684,1,1,0
high_risk_irregular,297,3.09466899350544,0.999626873979472,0.686359707403515,0.999626873979472,0.88728813559322,1,1,0
high_risk_irregular,298,3.1042826995642,0.999258265989464,0.686359707403515,0.999258265989464,0.906073446327684,1,1,0
high_risk_irregular,299,3.11455833635937,0.998546050662228,0.686359707403515,0.998546050662228,0.924858757062147,1,1,0
high_risk_irregular,300,3.12493051260238,0.998096990098363,0.686359707403515,0.998096990098363,0.868502824858757,1,1,0
high_risk_irregular,301,3.13466480172681,0.998918792087311,0.686359707403515,0.998918792087311,0.849717514124294,1,1,0
high_risk_irregular,302,3.14481202433263,0.99931815799279,0.686359707403515,0.99931815799279,0.868502824858757,1,1,0
high_risk_irregular,303,3.15494296916187,0.999412502328135,0.686359707403515,0.999412502328135,0.868502824858757,1,1,0
high_risk_irregular,304,3.16547412709552,0.999483333866558,0.686359707403515,0.999483333866558,0.924858757062147,1,1,0
high_risk_irregular,305,3.17558274168517,0.999328572095914,0.686359707403515,0.999328572095914,0.88728813559322,1,1,0
high_risk_irregular,306,3.18607898127669,0.999286458306097,0.686359707403515,0.999286458306097,0.83093220338983,1,1,0
high_risk_irregular,307,3.1957966056108,0.999400595734566,0.686359707403515,0.999400595734566,0.83093220338983,1,1,0
high_risk_irregular,308,3.20625327480625,0.999177967537621,0.686359707403515,0.999177967537621,0.88728813559322,1,1,0
high_risk_irregular,309,3.21600060285761,0.999267807735133,0.686359707403515,0.999267807735133,0.906073446327684,1,1,0
high_risk_irregular,310,3.22654138979723,0.999757097842045,0.686359707403515,0.999757097842045,0.849717514124294,1,1,0
high_risk_irregular,311,3.23685001350845,0.999508770480664,0.686359707403515,0.999508770480664,0.849717514124294,1,1,0
high_risk_irregular,312,3.24766210379967,0.999446098579889,0.686359707403515,0.999446098579889,0.849717514124294,1,1,0
high_risk_irregular,313,3.25836740624952,0.999545478797452,0.686359707403515,0.999545478797452,0.812146892655367,1,1,0
high_risk_irregular,314,3.26936007425158,0.999036692288065,0.686359707403515,0.999036692288065,0.812146892655367,1,1,0
high_risk_irregular,315,3.27946235967001,0.999362227896132,0.686359707403515,0.999362227896132,0.737005649717514,1,1,0
high_risk_irregular,316,3.28902326893147,0.999364529976901,0.686359707403515,0.999364529976901,0.755790960451977,1,1,0
high_risk_irregular,317,3.29863987240636,0.998793319289586,0.686359707403515,0.998793319289586,0.94364406779661,1,1,0
high_risk_irregular,318,3.30914156033631,0.999526015765414,0.686359707403515,0.999526015765414,0.924858757062147,1,1,0
high_risk_irregular,319,3.31989579555117,0.999177692576358,0.686359707403515,0.999177692576358,0.906073446327684,1,1,0
high_risk_irregular,320,3.33088187288334,0.999038156100938,0.686359707403515,0.999038156100938,0.88728813559322,1,1,0
high_risk_irregular,321,3.34126796552105,0.999390115440529,0.686359707403515,0.999390115440529,0.849717514124294,1,1,0
high_risk_irregular,322,3.3513966433596,0.99930680632849,0.686359707403515,0.99930680632849,0.868502824858757,1,1,0
high_risk_irregular,323,3.36225157096008,0.999289080642328,0.686359707403515,0.999289080642328,0.868502824858757,1,1,0
high_risk_irregular,324,3.37272443967645,0.999154560937354,0.686359707403515,0.999154560937354,0.94364406779661,1,1,0
high_risk_irregular,325,3.38297957871589,0.999326546668752,0.686359707403515,0.999326546668752,0.906073446327684,1,1,0
high_risk_irregular,326,3.39361075472431,0.998646914074385,0.686359707403515,0.998646914074385,0.906073446327684,1,1,0
high_risk_irregular,327,3.40379453887554,0.998684437997267,0.686359707403515,0.998684437997267,0.94364406779661,1,1,0
high_risk_irregular,328,3.41406126113732,0.999047243184806,0.686359707403515,0.999047243184806,0.924858757062147,1,1,0
high_risk_irregular,329,3.42443480434088,0.999224429577437,0.686359707403515,0.999224429577437,0.906073446327684,1,1,0
high_risk_irregular,330,3.43483559154448,0.999581664860024,0.686359707403515,0.999581664860024,0.83093220338983,1,1,0
high_risk_irregular,331,3.44505545181859,0.999539542966512,0.686359707403515,0.999539542966512,0.868502824858757,1,1,0
high_risk_irregular,332,3.45549122550337,0.998928799470802,0.686359707403515,0.998928799470802,0.906073446327684,1,1,0
high_risk_irregular,333,3.4656375405156,0.999349172097968,0.686359707403515,0.999349172097968,0.868502824858757,1,1,0
high_risk_irregular,334,3.47598178688766,0.999576288442582,0.686359707403515,0.999576288442582,0.88728813559322,1,1,0
high_risk_irregular,335,3.4859655893085,0.999091810601531,0.686359707403515,0.999091810601531,0.94364406779661,1,1,0
high_risk_irregular,336,3.49603687163085,0.998871463698261,0.686359707403515,0.998871463698261,0.94364406779661,1,1,0
high_risk_irregular,337,3.50686469066761,0.999206688319986,0.686359707403515,0.999206688319986,0.88728813559322,1,1,0
high_risk_irregular,338,3.51727985481412,0.999246946716719,0.686359707403515,0.999246946716719,0.94364406779661,1,1,0
high_risk_irregular,339,3.52759935455496,0.998633001619811,0.686359707403515,0.998633001619811,0.981214689265537,1,1,0
high_risk_irregular,340,3.53812252320769,0.99922814617267,0.686359707403515,0.99922814617267,0.924858757062147,1,1,0
high_risk_irregular,341,3.5481195590768,0.99898963571656,0.686359707403515,0.99898963571656,0.94364406779661,1,1,0
high_risk_irregular,342,3.55848599569689,0.99892271508576,0.686359707403515,0.99892271508576,0.906073446327684,1,1,0
high_risk_irregular,343,3.56932873777757,0.999550741380318,0.686359707403515,0.999550741380318,0.812146892655367,1,1,0
high_risk_irregular,344,3.58000482900066,0.99951683465317,0.686359707403515,0.99951683465317,0.812146892655367,1,1,0
high_risk_irregular,345,3.5910372966976,0.99893884077471,0.686359707403515,0.99893884077471,0.924858757062147,1,1,0
high_risk_irregular,346,3.60099331039264,0.998557866520682,0.686359707403515,0.998557866520682,0.94364406779661,1,1,0
high_risk_irregular,347,3.61135984669604,0.99920298865445,0.686359707403515,0.99920298865445,0.88728813559322,1,1,0
high_risk_irregular,348,3.62109322710934,0.999248628893501,0.686359707403515,0.999248628893501,0.849717514124294,1,1,0
high_risk_irregular,349,3.63195297713833,0.999200691513824,0.686359707403515,0.999200691513824,0.906073446327684,1,1,0
high_risk_irregular,350,3.64263244006525,0.998842903153742,0.686359707403515,0.998842903153742,0.94364406779661,1,1,0
high_risk_irregular,351,3.65341248146531,0.999455203276717,0.686359707403515,0.999455203276717,0.88728813559322,1,1,0
high_risk_irregular,352,3.66402610126011,0.999613509103038,0.686359707403515,0.999613509103038,0.83093220338983,1,1,0
high_risk_irregular,353,3.67364769545229,0.999422154877794,0.686359707403515,0.999422154877794,0.868502824858757,1,1,0
high_risk_irregular,354,3.68395459552566,0.999151902267916,0.686359707403515,0.999151902267916,0.88728813559322,1,1,0
high_risk_irregular,355,3.69378044688829,0.999097990837427,0.686359707403515,0.999097990837427,0.906073446327684,1,1,0
high_risk_irregular,356,3.70401107627384,0.999586864370391,0.686359707403515,0.999586864370391,0.83093220338983,1,1,0
high_risk_irregular,357,3.71385682490617,0.999689958880609,0.686359707403515,0.999689958880609,0.812146892655367,1,1,0
high_risk_irregular,358,3.72423412063144,0.999436660938359,0.686359707403515,0.999436660938359,0.849717514124294,1,1,0
high_risk_irregular,359,3.73481402012956,0.998914161921095,0.686359707403515,0.998914161921095,0.88728813559322,1,1,0
high_risk_irregular,360,3.74468547928731,0.999031110438252,0.686359707403515,0.999031110438252,0.868502824858757,1,1,0
high_risk_irregular,361,3.75528731629404,0.999459637594414,0.686359707403515,0.999459637594414,0.849717514124294,1,1,0
high_risk_irregular,362,3.76615324065904,0.999647524068825,0.686359707403515,0.999647524068825,0.812146892655367,1,1,0
high_risk_irregular,363,3.77594506180911,0.999652075860782,0.686359707403515,0.999652075860782,0.755790960451977,1,1,0
high_risk_irregular,364,3.78555609040022,0.999547935028225,0.686359707403515,0.999547935028225,0.718220338983051,1,1,0
high_risk_irregular,365,3.79558657085612,0.999658436682023,0.686359707403515,0.999658436682023,0.774576271186441,1,1,0
high_risk_irregular,366,3.8056343169766,0.999657606452236,0.686359707403515,0.999657606452236,0.868502824858757,1,1,0
high_risk_irregular,367,3.81571792787491,0.999080559559825,0.686359707403515,0.999080559559825,0.924858757062147,1,1,0
high_risk_irregular,368,3.82640014108912,0.998669076476472,0.686359707403515,0.998669076476472,0.924858757062147,1,1,0
high_risk_irregular,369,3.83716979340106,0.999016509602998,0.686359707403515,0.999016509602998,0.924858757062147,1,1,0
high_risk_irregular,370,3.84712579324955,0.9996699044109,0.686359707403515,0.9996699044109,0.88728813559322,1,1,0
high_risk_irregular,371,3.85787468984039,0.99958232119446,0.686359707403515,0.99958232119446,0.94364406779661,1,1,0
high_risk_irregular,372,3.8678571842735,0.99933351803308,0.686359707403515,0.99933351803308,0.924858757062147,1,1,0
high_risk_irregular,373,3.87856282106779,0.999582476505751,0.686359707403515,0.999582476505751,0.868502824858757,1,1,0
high_risk_irregular,374,3.88928347746704,0.999367819824506,0.686359707403515,0.999367819824506,0.868502824858757,1,1,0
high_risk_irregular,375,3.89998275158497,0.999383802680902,0.686359707403515,0.999383802680902,0.793361581920904,1,1,0
high_risk_irregular,376,3.91016089777634,0.99882932297375,0.686359707403515,0.99882932297375,0.88728813559322,1,1,0
high_risk_irregular,377,3.91946478486267,0.997551204977863,0.686359707403515,0.997551204977863,0.924858757062147,1,1,0
high_risk_irregular,378,3.93012381687875,0.998873691288912,0.686359707403515,0.998873691288912,0.88728813559322,1,1,0
high_risk_irregular,379,3.94036725197505,0.999572710781193,0.686359707403515,0.999572710781193,0.849717514124294,1,1,0
high_risk_irregular,380,3.95115379163714,0.999225448921527,0.686359707403515,0.999225448921527,0.868502824858757,1,1,0
high_risk_irregular,381,3.96138289366522,0.998692590296989,0.686359707403515,0.998692590296989,0.962429378531073,1,1,0
high_risk_irregular,382,3.97184017626904,0.999405347379682,0.686359707403515,0.999405347379682,0.906073446327684,1,1,0
high_risk_irregular,383,3.9828836041579,0.999544834720857,0.686359707403515,0.999544834720857,0.88728813559322,1,1,0
high_risk_irregular,384,3.99349282311239,0.999446385923789,0.686359707403515,0.999446385923789,0.924858757062147,1,1,0
high_risk_irregular,385,4.00433921735394,0.999517680730473,0.686359707403515,0.999517680730473,0.849717514124294,1,1,0
high_risk_irregular,386,4.01456656398864,0.999448250879176,0.686359707403515,0.999448250879176,0.849717514124294,1,1,0
high_risk_irregular,387,4.02444452087825,0.999137606553549,0.686359707403515,0.999137606553549,0.88728813559322,1,1,0
high_risk_irregular,388,4.03501319439806,0.999112063729019,0.686359707403515,0.999112063729019,0.924858757062147,1,1,0
high_risk_irregular,389,4.04534255808124,0.998786285355553,0.686359707403515,0.998786285355553,0.981214689265537,1,1,0
high_risk_irregular,390,4.05521853967084,0.999267293913312,0.686359707403515,0.999267293913312,0.924858757062147,1,1,0
high_risk_irregular,391,4.06571595707011,0.999187796504698,0.686359707403515,0.999187796504698,0.88728813559322,1,1,0
high_risk_irregular,392,4.07658338255383,0.998631968089306,0.686359707403515,0.998631968089306,0.962429378531073,1,1,0
high_risk_irregular,393,4.08693670105427,0.999638125340698,0.686359707403515,0.999638125340698,0.906073446327684,1,1,0
high_risk_irregular,394,4.09693404411783,0.999675904446966,0.686359707403515,0.999675904446966,0.849717514124294,1,1,0
high_risk_irregular,395,4.10753014762056,0.999454508820092,0.686359707403515,0.999454508820092,0.849717514124294,1,1,0
high_risk_irregular,396,4.11775249421613,0.999561865820207,0.686359707403515,0.999561865820207,0.849717514124294,1,1,0
high_risk_irregular,397,4.12799573163119,0.99976063416202,0.686359707403515,0.99976063416202,0.755790960451977,1,1,0
high_risk_irregular,398,4.1383585410432,0.99980470069455,0.686359707403515,0.99980470069455,0.755790960451977,1,1,0
high_risk_irregular,399,4.14871701092406,0.999680219586085,0.686359707403515,0.999680219586085,0.849717514124294,1,1,0
high_risk_irregular,400,4.15911875486577,0.999378488496427,0.686359707403515,0.999378488496427,0.868502824858757,1,1,0
high_risk_irregular,401,4.16959452115628,0.998995226586855,0.686359707403515,0.998995226586855,0.924858757062147,1,1,0
high_risk_irregular,402,4.1799609645498,0.998826389134404,0.686359707403515,0.998826389134404,0.906073446327684,1,1,0
high_risk_irregular,403,4.18986567787844,0.999236133971177,0.686359707403515,0.999236133971177,0.906073446327684,1,1,0
high_risk_irregular,404,4.20034942668812,0.999295801448884,0.686359707403515,0.999295801448884,0.924858757062147,1,1,0
high_risk_irregular,405,4.21068696043066,0.998574736980065,0.686359707403515,0.998574736980065,0.962429378531073,1,1,0
high_risk_irregular,406,4.22043163193861,0.998746863486587,0.686359707403515,0.998746863486587,0.924858757062147,1,1,0
high_risk_irregular,407,4.23054017463947,0.999400386269722,0.686359707403515,0.999400386269722,0.868502824858757,1,1,0
high_risk_irregular,408,4.24130757308506,0.999287726872181,0.686359707403515,0.999287726872181,0.812146892655367,1,1,0
high_risk_irregular,409,4.25147131121488,0.999494516859299,0.686359707403515,0.999494516859299,0.849717514124294,1,1,0
high_risk_irregular,410,4.26201483419594,0.999344401483838,0.686359707403515,0.999344401483838,0.88728813559322,1,1,0
high_risk_irregular,411,4.27291046644968,0.998510750035227,0.686359707403515,0.998510750035227,0.849717514124294,1,1,0
high_risk_irregular,412,4.28334796563019,0.998965313487696,0.686359707403515,0.998965313487696,0.868502824858757,1,1,0
high_risk_irregular,413,4.29311927825433,0.999579664014777,0.686359707403515,0.999579664014777,0.793361581920904,1,1,0
high_risk_irregular,414,4.30346941276767,0.999243392642282,0.686359707403515,0.999243392642282,0.793361581920904,1,1,0
high_risk_irregular,415,4.31333058333573,0.999409460395607,0.686359707403515,0.999409460395607,0.849717514124294,1,1,0
high_risk_irregular,416,4.32332748514981,0.999318136879124,0.686359707403515,0.999318136879124,0.88728813559322,1,1,0
high_risk_irregular,417,4.33418020717348,0.999228840412547,0.686359707403515,0.999228840412547,0.88728813559322,1,1,0
high_risk_irregular,418,4.34473072439909,0.999229234117385,0.686359707403515,0.999229234117385,0.924858757062147,1,1,0
high_risk_irregular,419,4.35562947681456,0.999113522383441,0.686359707403515,0.999113522383441,0.924858757062147,1,1,0
high_risk_irregular,420,4.36614254189905,0.999532116314156,0.686359707403515,0.999532116314156,0.83093220338983,1,1,0
high_risk_irregular,421,4.37679822081872,0.999556517366897,0.686359707403515,0.999556517366897,0.849717514124294,1,1,0
high_risk_irregular,422,4.38712504258535,0.999392342561494,0.686359707403515,0.999392342561494,0.88728813559322,1,1,0
high_risk_irregular,423,4.39801705980686,0.997898129761821,0.686359707403515,0.997898129761821,0.906073446327684,1,1,0
high_risk_irregular,424,4.40788124245617,0.881215214150082,0.686359707403515,0.881215214150082,0.862429378531073,1,1,0
high_risk_irregular,425,4.41806219413686,0.139694445648748,0.519588508893605,0.519588508893605,1,1,0,0
high_risk_irregular,426,4.42826854808119,0.145475541773321,0.350884257766099,0.350884257766099,1,1,0,0
high_risk_irregular,427,4.43889098272971,0.146221602079742,0.348617216590584,0.348617216590584,1,1,0,0
high_risk_irregular,428,4.44903831933464,0.128085247822381,0.196328031594586,0.196328031594586,1,1,0,0
high_risk_irregular,429,4.45967015841235,0.125396132763343,0.183586262517848,0.183586262517848,1,1,0,0
high_risk_irregular,430,4.47006812052014,0.129943076612661,0.182728003439521,0.182728003439521,1,1,0,0
high_risk_irregular,431,4.48046882227639,0.155080832064665,0.154303908623663,0.155080832064665,1,1,0,0
high_risk_irregular,432,4.49105161694259,0.16277365520221,0.337665698660426,0.337665698660426,1,1,0,0
high_risk_irregular,433,4.50123118815557,0.126903177959373,0.241198770438516,0.241198770438516,1,1,0,0
high_risk_irregular,434,4.51199175667288,0.137443244420614,0.170538371873471,0.170538371873471,1,1,0,0
high_risk_irregular,435,4.52225696562967,0.154244476443423,0.183311699314478,0.183311699314478,1,1,0,0
high_risk_irregular,436,4.53286266315813,0.142030586690904,0.201395339725022,0.201395339725022,1,1,0,0
high_risk_irregular,437,4.54336891820017,0.14585940337997,0.244366640524951,0.244366640524951,1,1,0,0
high_risk_irregular,438,4.55371178992359,0.126784139144257,0.204300611564243,0.204300611564243,1,1,0,0
high_risk_irregular,439,4.56449357080194,0.111788087553531,0.373704050610491,0.373704050610491,1,1,0,0
high_risk_irregular,440,4.5748279633548,0.14276222505094,0.527868475238063,0.527868475238063,1,1,0,0
high_risk_irregular,441,4.58553887104403,0.149674678660013,0.492427663468547,0.492427663468547,1,1,0,0
high_risk_irregular,442,4.5958953994447,0.121117310477207,0.317459102283638,0.317459102283638,1,1,0,0
high_risk_irregular,443,4.60644881605132,0.124493968896217,0.232408232030213,0.232408232030213,1,1,0,0
high_risk_irregular,444,4.61714757419798,0.14038653622871,0.29774358450409,0.29774358450409,1,1,0,0
high_risk_irregular,445,4.6274623892668,0.140078869334951,0.47733703992558,0.47733703992558,1,1,0,0
high_risk_irregular,446,4.63830622799261,0.136555471633155,0.288832811473558,0.288832811473558,1,1,0,0
high_risk_irregular,447,4.64867448494545,0.12735354256297,0.260171396179516,0.260171396179516,1,1,0,0
high_risk_irregular,448,4.65939293250016,0.133102912606217,0.277906470546261,0.277906470546261,1,1,0,0
high_risk_irregular,449,4.67002272535533,0.163869704614292,0.319193383850197,0.319193383850197,1,1,0,0
high_risk_irregular,450,4.68041241946269,0.143780775039127,0.279572811106522,0.279572811106522,1,1,0,0
high_risk_irregular,451,4.69129763562162,0.13395345410376,0.268980945193158,0.268980945193158,1,1,0,0
high_risk_irregular,452,4.70168991467019,0.157206975991543,0.337968249328289,0.337968249328289,1,1,0,0
high_risk_irregular,453,4.71255919825838,0.156907750060775,0.451465114058945,0.451465114058945,1,1,0,0
high_risk_irregular,454,4.72317253058124,0.131521517730562,0.275097940419981,0.275097940419981,1,1,0,0
high_risk_irregular,455,4.73381788723843,0.122041414122431,0.247381687022529,0.247381687022529,1,1,0,0
high_risk_irregular,456,4.74464418054898,0.118777904798999,0.333546859335973,0.333546859335973,1,1,0,0
high_risk_irregular,457,4.755077057814,0.119730134863626,0.301183349055123,0.301183349055123,1,1,0,0
high_risk_irregular,458,4.76600425810266,0.142176309421969,0.262869074888573,0.262869074888573,1,1,0,0
high_risk_irregular,459,4.77648251552173,0.131768047754238,0.282808268177933,0.282808268177933,1,1,0,0
high_risk_irregular,460,4.78734292675223,0.121119104649078,0.323164357554559,0.323164357554559,1,1,0,0
high_risk_irregular,461,4.79805108895834,0.134810052514831,0.34521886376836,0.34521886376836,1,1,0,0
high_risk_irregular,462,4.80861692557845,0.139090577822298,0.3510864032841,0.3510864032841,1,1,0,0
high_risk_irregular,463,4.81957662113232,0.145219753308697,0.207840220148413,0.207840220148413,1,1,0,0
high_risk_irregular,464,4.83000022982404,0.14385504349559,0.255886596602203,0.255886596602203,1,1,0,0
high_risk_irregular,465,4.84089480988381,0.13065210316655,0.451589939078769,0.451589939078769,1,1,0,0
high_risk_irregular,466,4.85151855156099,0.143976684687114,0.41546949929332,0.41546949929332,1,1,0,0
high_risk_irregular,467,4.86225107525914,0.172591119096255,0.35474235116574,0.35474235116574,1,1,0,0
high_risk_irregular,468,4.87319401404923,0.175862105440917,0.388743950389403,0.388743950389403,1,1,0,0
high_risk_irregular,469,4.88363742569686,0.182203694957534,0.388126666163324,0.388126666163324,1,1,0,0
high_risk_irregular,470,4.89462201921258,0.156061728781006,0.351443991633839,0.351443991633839,1,1,0,0
high_risk_irregular,471,4.90510253588586,0.13486620616288,0.234214039532875,0.234214039532875,1,1,0,0
high_risk_irregular,472,4.91590023817972,0.128915603915424,0.326036903940225,0.326036903940225,1,1,0,0
high_risk_irregular,473,4.92661702894634,0.1291734535575,0.242894435102478,0.242894435102478,1,1,0,0
high_risk_irregular,474,4.93715147594909,0.127378736371241,0.24656635790094,0.24656635790094,1,1,0,0
high_risk_irregular,475,4.94812635949853,0.122840162180284,0.250687913321573,0.250687913321573,1,1,0,0
high_risk_irregular,476,4.95861442962588,0.120549019827002,0.325705618466003,0.325705618466003,1,1,0,0
high_risk_irregular,477,4.96952809275297,0.128744225164712,0.238168754763658,0.238168754763658,1,1,0,0
high_risk_irregular,478,4.98018951256152,0.125941055471599,0.294960684866358,0.294960684866358,1,1,0,0
high_risk_irregular,479,4.99091916826551,0.137827002715965,0.23286076387731,0.23286076387731,1,1,0,0
high_risk_irregular,480,5.00187719076746,0.138997500117056,0.24704005181302,0.24704005181302,1,1,0,0
high_risk_irregular,481,5.01239992584377,0.129212691288932,0.427827435300079,0.427827435300079,1,1,0,0
high_risk_irregular,482,5.02338294831231,0.133901268442155,0.204728786364415,0.204728786364415,1,1,0,0
high_risk_irregular,483,5.03385049154557,0.13281051593733,0.258645321641821,0.258645321641821,1,1,0,0
high_risk_irregular,484,5.04465618720287,0.15672832090452,0.252001165460402,0.252001165460402,1,1,0,0
high_risk_irregular,485,5.05539421483833,0.170856347866547,0.336099896226863,0.336099896226863,1,1,0,0
high_risk_irregular,486,5.0659118234005,0.141715761414909,0.362326967787881,0.362326967787881,1,1,0,0
high_risk_irregular,487,5.07691323572847,0.12996484062417,0.439760725729607,0.439760725729607,1,1,0,0
high_risk_irregular,488,5.087350208749,0.137495120408962,0.242829103878025,0.242829103878025,1,1,0,0
high_risk_irregular,489,5.09831251952053,0.161132249711876,0.245532963173253,0.245532963173253,1,1,0,0
high_risk_irregular,490,5.10892950094082,0.18608364941996,0.502286141124488,0.502286141124488,1,1,0,0
high_risk_irregular,491,5.11958478226154,0.153499736160226,0.352696145358546,0.352696145358546,1,1,0,0
high_risk_irregular,492,5.13042838792014,0.137120350495962,0.228649985038285,0.228649985038285,1,1,0,0
high_risk_irregular,493,5.1409814263719,0.147408897770723,0.241904091867386,0.241904091867386,1,1,0,0
high_risk_irregular,494,5.15196594218533,0.129496593493885,0.474820031625486,0.474820031625486,1,1,0,0
high_risk_irregular,495,5.16244238695614,0.159669576312691,0.371288867492222,0.371288867492222,1,1,0,0
high_risk_irregular,496,5.17310927711701,0.162284403748095,0.226706894021427,0.226706894021427,1,1,0,0
high_risk_irregular,497,5.18382433323889,0.139996949552899,0.248966870750681,0.248966870750681,1,1,0,0
high_risk_irregular,498,5.19429406566302,0.144004764845024,0.289500507753256,0.289500507753256,1,1,0,0
high_risk_irregular,499,5.20517382734205,0.167845332421414,0.312045879998357,0.312045879998357,1,1,0,0
high_risk_irregular,500,5.21552772929267,0.157399118419339,0.247289017492561,0.247289017492561,1,1,0,0
high_risk_irregular,501,5.22634832244588,0.113055403643013,0.336980166668784,0.336980166668784,1,1,0,0
high_risk_irregular,502,5.23683157232036,0.140544824954166,0.204803697348802,0.204803697348802,1,1,0,0
high_risk_irregular,503,5.24739766666965,0.177845904493075,0.329968826262916,0.329968826262916,1,1,0,0
high_risk_irregular,504,5.25822466403308,0.168471851589244,0.347684211621155,0.347684211621155,1,1,0,0
high_risk_irregular,505,5.26856326495023,0.176949148550524,0.333364389966293,0.333364389966293,1,1,0,0
high_risk_irregular,506,5.27942650606355,0.153958885908258,0.199338898353626,0.199338898353626,1,1,0,0
high_risk_irregular,507,5.28981537048189,0.104389246711247,0.444017322301514,0.444017322301514,1,1,0,0
high_risk_irregular,508,5.30044292748909,0.125675017014266,0.209439077456191,0.209439077456191,1,1,0,0
high_risk_irregular,509,5.31101598619233,0.143642234408446,0.249697130050711,0.249697130050711,1,1,0,0
high_risk_irregular,510,5.32137478024672,0.134257948778873,0.271787524523657,0.271787524523657,1,1,0,0
high_risk_irregular,511,5.33208297994485,0.14113569172615,0.178498038657595,0.178498038657595,1,1,0,0
high_risk_irregular,512,5.34233655399119,0.152162746668629,0.215839559226118,0.215839559226118,1,1,0,0
high_risk_irregular,513,5.35309747732754,0.13016373449221,0.15943745107491,0.15943745107491,1,1,0,0
high_risk_irregular,514,5.36346464451661,0.111737055673777,0.374684002329502,0.374684002329502,1,1,0,0
high_risk_irregular,515,5.37391548244176,0.128480123063581,0.322749673430115,0.322749673430115,1,1,0,0
high_risk_irregular,516,5.38453651131758,0.138293386217836,0.22997369533202,0.22997369533202,1,1,0,0
high_risk_irregular,517,5.39473197974802,0.137736589306617,0.216317035975375,0.216317035975375,1,1,0,0
high_risk_irregular,518,5.40538401845821,0.138230666645194,0.195305284544161,0.195305284544161,1,1,0,0
high_risk_irregular,519,5.41556674616056,0.138745309942975,0.388844972574036,0.388844972574036,1,1,0,0
high_risk_irregular,520,5.42604329994351,0.138960629392219,0.31316608973546,0.31316608973546,1,1,0,0
high_risk_irregular,521,5.43650886282013,0.131810410033106,0.218600322984368,0.218600322984368,1,1,0,0
high_risk_irregular,522,5.44665955329719,0.182993903006996,0.33286259110817,0.33286259110817,1,1,0,0
high_risk_irregular,523,5.45728098881603,0.168609395313908,0.258556507324381,0.258556507324381,1,1,0,0
high_risk_irregular,524,5.4674270180419,0.112843548404742,0.341024979632085,0.341024979632085,1,1,0,0
high_risk_irregular,525,5.47792763808203,0.152454830934783,0.529566945357825,0.529566945357825,1,1,0,0
high_risk_irregular,526,5.48814631840408,0.157880587608479,0.442387615396673,0.442387615396673,1,1,0,0
high_risk_irregular,527,5.49837922973405,0.127393977390761,0.252178991631866,0.252178991631866,1,1,0,0
high_risk_irregular,528,5.50881388254502,0.124139915426334,0.267586729840257,0.267586729840257,1,1,0,0
high_risk_irregular,529,5.51887148804189,0.131299337328342,0.150854698811989,0.150854698811989,1,1,0,0
high_risk_irregular,530,5.5294097441035,0.150873540263882,0.144848062816561,0.150873540263882,1,1,0,0
high_risk_irregular,531,5.53952622613463,0.148939033652745,0.2000967716486,0.2000967716486,1,1,0,0
high_risk_irregular,532,5.54996338182152,0.144179390314311,0.146164048673476,0.146164048673476,1,1,0,0
high_risk_irregular,533,5.56019941193803,0.134242038796471,0.206443059196758,0.206443059196758,1,1,0,0
high_risk_irregular,534,5.57029127128626,0.133515919613947,0.467447035374247,0.467447035374247,1,1,0,0
high_risk_irregular,535,5.58074873552467,0.1246352409326,0.296036530584499,0.296036530584499,1,1,0,0
high_risk_irregular,536,5.59065346429639,0.130127442737838,0.217756201526088,0.217756201526088,1,1,0,0
high_risk_irregular,537,5.60101300970526,0.162186146827363,0.191801285017892,0.191801285017892,1,1,0,0
high_risk_irregular,538,5.61103181631563,0.194669653911866,0.398548418162061,0.398548418162061,1,1,0,0
high_risk_irregular,539,5.6211938683776,0.171954762145807,0.259717670767,0.259717670767,1,1,0,0
high_risk_irregular,540,5.63151341596289,0.144393607520559,0.254894394977246,0.254894394977246,1,1,0,0
high_risk_irregular,541,5.64142850723169,0.133451503297514,0.215561248005074,0.215561248005074,1,1,0,0
high_risk_irregular,542,5.65182400679892,0.125440856412618,0.268190387750721,0.268190387750721,1,1,0,0
high_risk_irregular,543,5.66174197550952,0.140851238229083,0.181264152743786,0.181264152743786,1,1,0,0
high_risk_irregular,544,5.67197678387039,0.169432075052354,0.311091891277095,0.311091891277095,1,1,0,0
high_risk_irregular,545,5.68210806152622,0.181435897488438,0.308882329735568,0.308882329735568,1,1,0,0
high_risk_irregular,546,5.69204294000508,0.1443427042414,0.165219750171391,0.165219750171391,1,1,0,0
high_risk_irregular,547,5.70237011618109,0.119498260706917,0.309092968236956,0.309092968236956,1,1,0,0
high_risk_irregular,548,5.71221988728959,0.117139368994957,0.327360244783305,0.327360244783305,1,1,0,0
high_risk_irregular,549,5.72240826261975,0.141794140767963,0.201375892857752,0.201375892857752,1,1,0,0
high_risk_irregular,550,5.73233359901055,0.182664035409054,0.322303552471868,0.322303552471868,1,1,0,0
high_risk_irregular,551,5.74239421950096,0.169294106698255,0.292175153152959,0.292175153152959,1,1,0,0
high_risk_irregular,552,5.75255966910487,0.15011274506619,0.27315076331861,0.27315076331861,1,1,0,0
high_risk_irregular,553,5.76232346588147,0.135706369661391,0.299595569417472,0.299595569417472,1,1,0,0
high_risk_irregular,554,5.77250989862318,0.128828103918953,0.305787542715345,0.305787542715345,1,1,0,0
high_risk_irregular,555,5.78231449800656,0.146215199535774,0.229930732907358,0.229930732907358,1,1,0,0
high_risk_irregular,556,5.79236205981647,0.158559195820398,0.256154213280094,0.256154213280094,1,1,0,0
high_risk_irregular,557,5.80233607047679,0.17096096004909,0.284982846545236,0.284982846545236,1,1,0,0
high_risk_irregular,558,5.81207286537388,0.15065283791512,0.206631581108555,0.206631581108555,1,1,0,0
high_risk_irregular,559,5.82224759058146,0.117866620651963,0.37275904811405,0.37275904811405,1,1,0,0
high_risk_irregular,560,5.83193806177865,0.142638746547233,0.203855100140634,0.203855100140634,1,1,0,0
high_risk_irregular,561,5.84205955734584,0.167742229506533,0.297187853456615,0.297187853456615,1,1,0,0
high_risk_irregular,562,5.85188653063224,0.142380176438515,0.266037578878906,0.266037578878906,1,1,0,0
high_risk_irregular,563,5.86171723942105,0.128782205259593,0.302932160226487,0.302932160226487,1,1,0,0
high_risk_irregular,564,5.87184473512688,0.129995123306047,0.257153246655778,0.257153246655778,1,1,0,0
high_risk_irregular,565,5.88151864022433,0.142719499272798,0.213182805671095,0.213182805671095,1,1,0,0
high_risk_irregular,566,5.89164717217949,0.119138524003492,0.387021764399955,0.387021764399955,1,1,0,0
high_risk_irregular,567,5.90134708082061,0.161373633098954,0.225598096865441,0.225598096865441,1,1,0,0
high_risk_irregular,568,5.9113368583174,0.185739521715,0.366782827657798,0.366782827657798,1,1,0,0
high_risk_irregular,569,5.92126309665647,0.149132419777502,0.210067161301195,0.210067161301195,1,1,0,0
high_risk_irregular,570,5.93102468615595,0.147433171831379,0.272351832835833,0.272351832835833,1,1,0,0
high_risk_irregular,571,5.9411288439767,0.131093576247467,0.298692666015372,0.298692666015372,1,1,0,0
high_risk_irregular,572,5.95074536328073,0.150636643930411,0.454860268724212,0.454860268724212,1,1,0,0
high_risk_irregular,573,5.96074223112061,0.153157150629135,0.379415278625642,0.379415278625642,1,1,0,0
high_risk_irregular,574,5.97054468881186,0.146482908713261,0.351261166607788,0.351261166607788,1,1,0,0
high_risk_irregular,575,5.98034702122491,0.175992262227557,0.409588229357083,0.409588229357083,1,1,0,0
high_risk_irregular,576,5.99034018310245,0.162667876267213,0.305125715427469,0.305125715427469,1,1,0,0
high_risk_irregular,577,6,0.151660329482482,0.297915233083674,0.297915233083674,1,1,0,0
missing_burst,1,0,0.162153744445456,0.204754614844821,0.204754614844821,1,1,0,0
missing_burst,2,0.0105471926251776,0.187588362318219,0.501309895383311,0.501309895383311,1,1,0,0
missing_burst,3,0.0206350912364978,0.145630997550268,0.18101843118378,0.18101843118378,1,1,0,0
missing_burst,4,0.0310429787494451,0.121549095630844,0.228795262262716,0.228795262262716,1,1,0,0
missing_burst,5,0.0413703641090969,0.122657244259682,0.247381225037708,0.247381225037708,1,1,0,0
missing_burst,6,0.0515949527722848,0.143196902153458,0.303725422514274,0.303725422514274,1,1,0,0
missing_burst,7,0.0621968668333979,0.148826753483909,0.259118002946682,0.259118002946682,1,1,0,0
missing_burst,8,0.0722461169636757,0.13521882297179,0.307749086628519,0.307749086628519,1,1,0,0
missing_burst,9,0.0828713605016772,0.132763495553409,0.25659723585599,0.25659723585599,1,1,0,0
missing_burst,10,0.0932254924484397,0.149477842934675,0.191165073332443,0.191165073332443,1,1,0,0
missing_burst,11,0.103626688895033,0.159638458826076,0.185340463774427,0.185340463774427,1,1,0,0
missing_burst,12,0.114166007275474,0.160639472484597,0.231951142422239,0.231951142422239,1,1,0,0
missing_burst,13,0.124371137437927,0.182529726816025,0.347320483649146,0.347320483649146,1,1,0,0
missing_burst,14,0.135075921974652,0.156563019780735,0.191795691006768,0.191795691006768,1,1,0,0
missing_burst,15,0.14532830235024,0.115845694991832,0.3348309062965,0.3348309062965,1,1,0,0
missing_burst,16,0.155971074599426,0.126901299428206,0.270340977924101,0.270340977924101,1,1,0,0
missing_burst,17,0.166471729815525,0.133516984157111,0.28355027015146,0.28355027015146,1,1,0,0
missing_burst,18,0.176853650598008,0.117437584996029,0.347168803353648,0.347168803353648,1,1,0,0
missing_burst,19,0.187550101159192,0.143990355520675,0.215422325431573,0.215422325431573,1,1,0,0
missing_burst,20,0.197890314470629,0.167784628888578,0.281215920027941,0.281215920027941,1,1,0,0
missing_burst,21,0.20863098553022,0.157344691034216,0.194665514028399,0.194665514028399,1,1,0,0
missing_burst,22,0.219068295210107,0.133526837774609,0.221302539358166,0.221302539358166,1,1,0,0
missing_burst,23,0.229632310001846,0.15714841788343,0.224419500048507,0.224419500048507,1,1,0,0
missing_burst,24,0.240350647435741,0.20424464597031,0.495550492389493,0.495550492389493,1,1,0,0
missing_burst,25,0.250707486656082,0.15703391918512,0.486465682439387,0.486465682439387,1,1,0,0
missing_burst,26,0.261583849537075,0.144538391676288,0.435262343980203,0.435262343980203,1,1,0,0
missing_burst,27,0.271870981702828,0.137189057767464,0.219510397105697,0.219510397105697,1,1,0,0
missing_burst,28,0.282628680269892,0.12954355066165,0.354362362990115,0.354362362990115,1,1,0,0
missing_burst,29,0.293277455588852,0.140663629515859,0.256851536740717,0.256851536740717,1,1,0,0
missing_burst,30,0.303700060429868,0.123246529192255,0.28083760612376,0.28083760612376,1,1,0,0
missing_burst,31,0.314608549112005,0.120856158460048,0.326088611694178,0.326088611694178,1,1,0,0
missing_burst,32,0.324983657549318,0.126227264165064,0.221440015035839,0.221440015035839,1,1,0,0
missing_burst,33,0.335821464259997,0.123329110319132,0.314326497859551,0.314326497859551,1,1,0,0
missing_burst,34,0.346330985655503,0.130866067929011,0.296062293279003,0.296062293279003,1,1,0,0
missing_burst,35,0.356902215034214,0.128271860813254,0.436068791890659,0.436068791890659,1,1,0,0
missing_burst,36,0.367731223690975,0.140742536578588,0.191295313777543,0.191295313777543,1,1,0,0
missing_burst,37,0.378165631909148,0.139994412074005,0.28264168950959,0.28264168950959,1,1,0,0
missing_burst,38,0.389023485069836,0.136409357869507,0.281445389487501,0.281445389487501,1,1,0,0
missing_burst,39,0.399513603849785,0.141237588165706,0.306960195017755,0.306960195017755,1,1,0,0
missing_burst,40,0.410289359497054,0.132132958992874,0.330618900114687,0.330618900114687,1,1,0,0
missing_burst,41,0.420974910718193,0.124715699896843,0.422855877055054,0.422855877055054,1,1,0,0
missing_burst,42,0.431509574792521,0.129239260533129,0.389513693991024,0.389513693991024,1,1,0,0
missing_burst,43,0.442447016086256,0.120169088041529,0.254792479486996,0.254792479486996,1,1,0,0
missing_burst,44,0.452855643458869,0.129245454449749,0.232219251875243,0.232219251875243,1,1,0,0
missing_burst,45,0.463666269178346,0.138346938817019,0.188528325936493,0.188528325936493,1,1,0,0
missing_burst,46,0.474240730341926,0.115646583963991,0.36406535828733,0.36406535828733,1,1,0,0
missing_burst,47,0.484923451763147,0.128556265858168,0.324479790859097,0.324479790859097,1,1,0,0
missing_burst,48,0.495783859955994,0.1760681302573,0.430070560639343,0.430070560639343,1,1,0,0
missing_burst,49,0.506331778020534,0.19012449281696,0.491546345538412,0.491546345538412,1,1,0,0
missing_burst,50,0.51743810206678,0.176034523262085,0.395588345130018,0.395588345130018,1,1,0,0
missing_burst,51,0.527957903371533,0.15923341087548,0.369043136612254,0.369043136612254,1,1,0,0
missing_burst,52,0.538792652219227,0.157188620560918,0.271153303532885,0.271153303532885,1,1,0,0
missing_burst,53,0.549615410946693,0.145581541631937,0.262495607008691,0.262495607008691,1,1,0,0
missing_burst,54,0.560094772879724,0.138751536795104,0.245088592759503,0.245088592759503,1,1,0,0
missing_burst,55,0.571032226391142,0.165112089158979,0.520030516869292,0.520030516869292,1,1,0,0
missing_burst,56,0.581491351965046,0.145512745431632,0.270538023535692,0.270538023535692,1,1,0,0
missing_burst,57,0.592457248442156,0.128477519312171,0.293238053111256,0.293238053111256,1,1,0,0
missing_burst,58,0.60314830102057,0.137652913347117,0.254426185126966,0.254426185126966,1,1,0,0
missing_burst,59,0.613790252883271,0.155819223941862,0.274617614069412,0.274617614069412,1,1,0,0
missing_burst,60,0.624719338436849,0.139344973001866,0.295489247181393,0.295489247181393,1,1,0,0
missing_burst,61,0.635256764777972,0.175771233463396,0.370696200820912,0.370696200820912,1,1,0,0
missing_burst,62,0.646178703110557,0.196153260995415,0.462776354952547,0.462776354952547,1,1,0,0
missing_burst,63,0.656725157771912,0.147177595659363,0.495091261461716,0.495091261461716,1,1,0,0
missing_burst,64,0.667534592791096,0.144195873218095,0.366820047014892,0.366820047014892,1,1,0,0
missing_burst,65,0.678313077132425,0.142413932251922,0.342361198442059,0.342361198442059,1,1,0,0
missing_burst,66,0.688819504909345,0.143646461236801,0.310454147362101,0.310454147362101,1,1,0,0
missing_burst,67,0.699705461385125,0.127697453878411,0.222159518619058,0.222159518619058,1,1,0,0
missing_burst,68,0.710115200272284,0.0985636628978418,0.540881348681333,0.540881348681333,1,1,0,0
missing_burst,69,0.720949948429846,0.130415833981274,0.334465036748421,0.334465036748421,1,1,0,0
missing_burst,70,0.731493598754298,0.152810201490385,0.257956439133171,0.257956439133171,1,1,0,0
missing_burst,71,0.742183582497895,0.149038127682658,0.2753720413205,0.2753720413205,1,1,0,0
missing_burst,72,0.753013418902995,0.155467399849511,0.280844689440856,0.280844689440856,1,1,0,0
missing_burst,73,0.763496313039187,0.128181516371418,0.278944198864412,0.278944198864412,1,1,0,0
missing_burst,74,0.774449238380235,0.127540100104914,0.275174913997005,0.275174913997005,1,1,0,0
missing_burst,75,0.784937413781272,0.134739031756632,0.235594259584572,0.235594259584572,1,1,0,0
missing_burst,76,0.795770998499536,0.12993995276698,0.19081228232585,0.19081228232585,1,1,0,0
missing_burst,77,0.806399891061774,0.140211454359081,0.357139956908321,0.357139956908321,1,1,0,0
missing_burst,78,0.816845775595385,0.138875819502612,0.213613506356298,0.213613506356298,1,1,0,0
missing_burst,79,0.827578652041818,0.140121663992764,0.345177416910263,0.345177416910263,1,1,0,0
missing_burst,80,0.837848037221222,0.12011459006263,0.30466504922427,0.30466504922427,1,1,0,0
missing_burst,81,0.848671505836655,0.107327342417484,0.390113858847883,0.390113858847883,1,1,0,0
missing_burst,82,0.859226484984525,0.126792529662149,0.229352079972348,0.229352079972348,1,1,0,0
missing_burst,83,0.869799806929705,0.149161762699497,0.279210321119993,0.279210321119993,1,1,0,0
missing_burst,84,0.880520114137965,0.170279044815255,0.28947107661603,0.28947107661603,1,1,0,0
missing_burst,85,0.890852994547185,0.153999372474893,0.181318967163264,0.181318967163264,1,1,0,0
missing_burst,86,0.901550392743936,0.131752692570827,0.184765928034724,0.184765928034724,1,1,0,0
missing_burst,87,0.911812588402963,0.130329317807257,0.241464855053237,0.241464855053237,1,1,0,0
missing_burst,88,0.922378804445001,0.111100414005579,0.359426790203419,0.359426790203419,1,1,0,0
missing_burst,89,0.932915158669928,0.138611575901936,0.199442332175326,0.199442332175326,1,1,0,0
missing_burst,90,0.943233101026063,0.15729626083436,0.235263652793685,0.235263652793685,1,1,0,0
missing_burst,91,0.954033960919455,0.136391439612435,0.170397350754966,0.170397350754966,1,1,0,0
missing_burst,92,0.964278448022417,0.131830134898171,0.218913156058758,0.218913156058758,1,1,0,0
missing_burst,93,0.974909010349431,0.170275445950167,0.349646425415855,0.349646425415855,1,1,0,0
missing_burst,94,0.985308635032708,0.176295016880226,0.397146136776329,0.397146136776329,1,1,0,0
missing_burst,95,0.995692747262883,0.145557332316082,0.22056443977543,0.22056443977543,1,1,0,0
missing_burst,96,1.0062396455194,0.129966392062185,0.166228375117925,0.166228375117925,1,1,0,0
missing_burst,97,1.01646729332558,0.138536191093974,0.205738886976762,0.205738886976762,1,1,0,0
missing_burst,98,1.02716844471026,0.127854160125564,0.261547145280034,0.261547145280034,1,1,0,0
missing_burst,99,1.03732723663811,0.111780753282683,0.353353257083621,0.353353257083621,1,1,0,0
missing_burst,100,1.04779953775335,0.122280709475982,0.224996222485193,0.224996222485193,1,1,0,0
missing_burst,101,1.05823349066625,0.132866657051445,0.307137893464636,0.307137893464636,1,1,0,0
missing_burst,102,1.06836913680205,0.140041822106011,0.392654303336525,0.392654303336525,1,1,0,0
missing_burst,103,1.0789775610562,0.134205831643595,0.336657473771278,0.336657473771278,1,1,0,0
missing_burst,104,1.08905547708744,0.123668979538511,0.221337689897494,0.221337689897494,1,1,0,0
missing_burst,105,1.09965746004495,0.124321672649287,0.204635028268822,0.204635028268822,1,1,0,0
missing_burst,106,1.10986432359916,0.127347392774689,0.207063711698501,0.207063711698501,1,1,0,0
missing_burst,107,1.12016334713218,0.150953982704274,0.191308081011511,0.191308081011511,1,1,0,0
missing_burst,108,1.13059243904124,0.159526633491399,0.216322180245107,0.216322180245107,1,1,0,0
missing_burst,109,1.14057195035506,0.152748155595106,0.27591113731759,0.27591113731759,1,1,0,0
missing_burst,110,1.15109526887764,0.144998004587023,0.211562535426259,0.211562535426259,1,1,0,0
missing_burst,111,1.16107052284957,0.123886057696566,0.282814646420241,0.282814646420241,1,1,0,0
missing_burst,112,1.17140198365623,0.122056131884093,0.286931025884869,0.286931025884869,1,1,0,0
missing_burst,113,1.1816491489372,0.129139118264865,0.248598588607772,0.248598588607772,1,1,0,0
missing_burst,114,1.19165393222459,0.122077917588586,0.41065857039178,0.41065857039178,1,1,0,0
missing_burst,115,1.20209280363082,0.168741028890128,0.226747672691933,0.226747672691933,1,1,0,0
missing_burst,116,1.21201311855817,0.230949840516143,0.571400854081827,0.571400854081827,1,1,0,0
missing_burst,117,1.22240212087176,0.181525776798921,0.457283268342127,0.457283268342127,1,1,0,0
missing_burst,118,1.2324467252081,0.140653261767319,0.188898023114367,0.188898023114367,1,1,0,0
missing_burst,119,1.24244752392,0.159849180772001,0.279642115874793,0.279642115874793,1,1,0,0
missing_burst,120,1.25273064630637,0.162147365928366,0.266794927740128,0.266794927740128,1,1,0,0
missing_burst,121,1.2626715255061,0.141726395040905,0.219298897707283,0.219298897707283,1,1,0,0
missing_burst,122,1.27303583304375,0.143401148943981,0.213103867354014,0.213103867354014,1,1,0,0
missing_burst,123,1.28290937941358,0.141765844537563,0.193380844398687,0.193380844398687,1,1,0,0
missing_burst,124,1.29308700254152,0.14131079032406,0.327555386180652,0.327555386180652,1,1,0,0
missing_burst,125,1.30321268883954,0.159578744103144,0.451833445371836,0.451833445371836,1,1,0,0
missing_burst,126,1.31305375787304,0.149100564757352,0.26648235794344,0.26648235794344,1,1,0,0
missing_burst,127,1.32329526221558,0.128442101141668,0.222806065832526,0.222806065832526,1,1,0,0
missing_burst,128,1.33308853198658,0.15762848717434,0.224997484558314,0.224997484558314,1,1,0,0
missing_burst,129,1.3433176099086,0.186273275366918,0.39952820729664,0.39952820729664,1,1,0,0
missing_burst,130,1.3532169602969,0.151846639261041,0.197965530791138,0.197965530791138,1,1,0,0
missing_burst,131,1.3631820719735,0.166871528993576,0.288970550271149,0.288970550271149,1,1,0,0
missing_burst,132,1.37327566181323,0.183246062621422,0.377954985232044,0.377954985232044,1,1,0,0
missing_burst,133,1.38296613050496,0.149457216439328,0.231446496750765,0.231446496750765,1,1,0,0
missing_burst,134,1.39316441590793,0.135696705384629,0.358311839999179,0.358311839999179,1,1,0,0
missing_burst,135,1.40291439410607,0.141348879581885,0.306155196818557,0.306155196818557,1,1,0,0
missing_burst,136,1.41295562282213,0.175241284416076,0.387362799589776,0.387362799589776,1,1,0,0
missing_burst,137,1.42291553638468,0.15410090961933,0.254728317944836,0.254728317944836,1,1,0,0
missing_burst,138,1.43272452509131,0.157467061269714,0.310424031379299,0.310424031379299,1,1,0,0
missing_burst,139,1.44285125459171,0.155945431503949,0.361514967713252,0.361514967713252,1,1,0,0
missing_burst,140,1.45242221304915,0.142792164471954,0.200351233528295,0.200351233528295,1,1,0,0
missing_burst,141,1.46250134089528,0.143472369173031,0.345812393600415,0.345812393600415,1,1,0,0
missing_burst,142,1.47233162506476,0.141145642566504,0.247908597503784,0.247908597503784,1,1,0,0
missing_burst,143,1.48225516935514,0.141889086683804,0.429264455120509,0.429264455120509,1,1,0,0
missing_burst,144,1.49235967352481,0.149987268006543,0.249762508200257,0.249762508200257,1,1,0,0
missing_burst,145,1.50201175010646,0.181317310191642,0.352750837960169,0.352750837960169,1,1,0,0
missing_burst,146,1.51215969043566,0.172508935463121,0.373926677252483,0.373926677252483,1,1,0,0
missing_burst,147,1.52179633226204,0.137181170133315,0.21970501054058,0.21970501054058,1,1,0,0
missing_burst,148,1.53182349286489,0.156255304659944,0.323463323835486,0.323463323835486,1,1,0,0
missing_burst,149,1.54174182279215,0.162646632550991,0.275669888263682,0.275669888263682,1,1,0,0
missing_burst,150,1.55140108344478,0.155683661398176,0.359436753524998,0.359436753524998,1,1,0,0
missing_burst,151,1.56155505757164,0.15919107001797,0.279563985840809,0.279563985840809,1,1,0,0
missing_burst,152,1.57116595452923,0.158758326710128,0.247810965279587,0.247810965279587,1,1,0,0
missing_burst,153,1.58120217425249,0.151854824223193,0.29114823282327,0.29114823282327,1,1,0,0
missing_burst,154,1.59094400979678,0.141990334349332,0.351927756297481,0.351927756297481,1,1,0,0
missing_burst,155,1.60072928461855,0.127486493307248,0.328247233544683,0.328247233544683,1,1,0,0
missing_burst,156,1.61073686421909,0.13129243025684,0.328561524764224,0.328561524764224,1,1,0,0
missing_burst,157,1.62038468836861,0.167597401226725,0.285281528630496,0.285281528630496,1,1,0,0
missing_burst,158,1.63056891078461,0.152625272246822,0.319285258222216,0.319285258222216,1,1,0,0
missing_burst,159,1.64022222328418,0.144708154200756,0.312002522570636,0.312002522570636,1,1,0,0
missing_burst,160,1.6502106210474,0.173072306685744,0.372143393145449,0.372143393145449,1,1,0,0
missing_burst,161,1.66003355837489,0.175594433322397,0.34474769860138,0.34474769860138,1,1,0,0
missing_burst,162,1.66969619982385,0.1617591756435,0.515596314782101,0.515596314782101,1,1,0,0
missing_burst,163,1.67982678196849,0.12132730822938,0.426427685190387,0.426427685190387,1,1,0,0
missing_burst,164,1.68938169507449,0.127437156888861,0.294433255611889,0.294433255611889,1,1,0,0
missing_burst,165,1.69939949309621,0.141622858284939,0.306236921040202,0.306236921040202,1,1,0,0
missing_burst,166,1.70913950165285,0.143923026883377,0.278638813943058,0.278638813943058,1,1,0,0
missing_burst,167,1.71890056515105,0.144136427666941,0.259003339650166,0.259003339650166,1,1,0,0
missing_burst,168,1.72887951332469,0.162106699755325,0.38991855707292,0.38991855707292,1,1,0,0
missing_burst,169,1.73851979156534,0.150601914208257,0.208700204296643,0.208700204296643,1,1,0,0
missing_burst,170,1.74868422245663,0.12867941241338,0.334344439703364,0.334344439703364,1,1,0,0
missing_burst,171,1.75837581182412,0.133118076930719,0.247968777220848,0.247968777220848,1,1,0,0
missing_burst,172,1.76831739487468,0.148204996505399,0.255324409315108,0.255324409315108,1,1,0,0
missing_burst,173,1.7782301023579,0.164192370628116,0.476520515867984,0.476520515867984,1,1,0,0
missing_burst,174,1.78800089815363,0.172863207165083,0.283263688146101,0.283263688146101,1,1,0,0
missing_burst,175,1.7981110263109,0.168707372136211,0.318801558446274,0.318801558446274,1,1,0,0
missing_burst,176,1.80776188952388,0.144960824796372,0.311041180726846,0.311041180726846,1,1,0,0
missing_burst,177,1.81787003700772,0.145570289336299,0.313777125925306,0.313777125925306,1,1,0,0
missing_burst,178,1.8276792949447,0.136553372646976,0.246215872010034,0.246215872010034,1,1,0,0
missing_burst,179,1.83751174376241,0.128743006197699,0.261063309062145,0.261063309062145,1,1,0,0
missing_burst,180,1.84759759915064,0.163554534663565,0.249595044146292,0.249595044146292,1,1,0,0
missing_burst,181,1.85729522132783,0.167682645061421,0.251423063659993,0.251423063659993,1,1,0,0
missing_burst,182,1.86751047573763,0.134937989078908,0.284029619252609,0.284029619252609,1,1,0,0
missing_burst,183,1.87718845563922,0.130077879965537,0.198853836833872,0.198853836833872,1,1,0,0
missing_burst,184,1.88726898047762,0.137411902268694,0.209291883010889,0.209291883010889,1,1,0,0
missing_burst,185,1.89735521180024,0.146038411415743,0.17610056820351,0.17610056820351,1,1,0,0
missing_burst,186,1.90716282110951,0.168571292548855,0.300040665782787,0.300040665782787,1,1,0,0
missing_burst,187,1.91740322137645,0.17713393433004,0.507219798772989,0.507219798772989,1,1,0,0
missing_burst,188,1.92711128297857,0.139491375961009,0.28433347506227,0.28433347506227,1,1,0,0
missing_burst,189,1.93734673005036,0.138392372391885,0.303794136913663,0.303794136913663,1,1,0,0
missing_burst,190,1.94724878317554,0.142907740245087,0.309377706694861,0.309377706694861,1,1,0,0
missing_burst,191,1.95730755356272,0.163576277516821,0.210519150383986,0.210519150383986,1,1,0,0
missing_burst,192,1.96749306818532,0.152113115427881,0.28345812592235,0.28345812592235,1,1,0,0
missing_burst,193,1.97730898026305,0.148103334649021,0.21980313459554,0.21980313459554,1,1,0,0
missing_burst,194,1.98766119031316,0.155565796710334,0.175110828824736,0.175110828824736,1,1,0,0
missing_burst,195,1.99755525374178,0.148645015526568,0.227107364325505,0.227107364325505,1,1,0,0
missing_burst,196,2.00779406334343,0.174583848633856,0.325750655690968,0.325750655690968,1,1,0,0
missing_burst,197,2.01793169441796,0.165583559955363,0.205879467854289,0.205879467854289,1,1,0,0
missing_burst,198,2.02786907177092,0.162053176837701,0.246105620337378,0.246105620337378,1,1,0,0
missing_burst,199,2.03824893048049,0.138107850091376,0.350597448370777,0.350597448370777,1,1,0,0
missing_burst,200,2.04812029494803,0.133304415732181,0.214930359236955,0.214930359236955,1,1,0,0
missing_burst,201,2.05848222210252,0.150544336412674,0.224891513668478,0.224891513668478,1,1,0,0
missing_burst,202,2.06850676579882,0.136654080987736,0.224554924971599,0.224554924971599,1,1,0,0
missing_burst,203,2.07858591899382,0.168831483372495,0.369358865379328,0.369358865379328,1,1,0,0
missing_burst,204,2.08894527976674,0.182078339308124,0.496707772926322,0.496707772926322,1,1,0,0
missing_burst,205,2.09888487338142,0.126554969421274,0.301850822310928,0.301850822310928,1,1,0,0
missing_burst,206,2.10943927137406,0.110998435257727,0.364513425000537,0.364513425000537,1,1,0,0
missing_burst,207,2.11953457430549,0.157017667666309,0.254976630043443,0.254976630043443,1,1,0,0
missing_burst,208,2.12986983396634,0.208980741647329,0.493056566950494,0.493056566950494,1,1,0,0
missing_burst,209,2.14017722134126,0.173705550395298,0.255296647152486,0.255296647152486,1,1,0,0
missing_burst,210,2.15024439497087,0.153188439565886,0.142499021342849,0.153188439565886,1,1,0,0
missing_burst,211,2.16067887883407,0.161595102958,0.250222326967781,0.250222326967781,1,1,0,0
missing_burst,212,2.17067477064202,0.153902868031821,0.154814115058038,0.154814115058038,1,1,0,0
missing_burst,213,2.18118632479158,0.151592619679392,0.254760512091242,0.254760512091242,1,1,0,0
missing_burst,214,2.19141957558136,0.161642434075154,0.213808191455177,0.213808191455177,1,1,0,0
missing_burst,215,2.20159066721887,0.162796104327973,0.319348613394588,0.319348613394588,1,1,0,0
missing_burst,216,2.21211121906958,0.147936051560099,0.431218330748316,0.431218330748316,1,1,0,0
missing_burst,217,2.22218787700998,0.137959352375665,0.279810756949466,0.279810756949466,1,1,0,0
missing_burst,218,2.23286011960278,0.14662508235669,0.184437646982375,0.184437646982375,1,1,0,0
missing_burst,219,2.24300195689311,0.165934980471721,0.282339150120751,0.282339150120751,1,1,0,0
missing_burst,220,2.25347753530677,0.190907075637433,0.433761400636391,0.433761400636391,1,1,0,0
missing_burst,221,2.26392637761755,0.183154637532759,0.596786995394818,0.596786995394818,1,1,0,0
missing_burst,222,2.27423089754042,0.15304504435394,0.365352009755703,0.365352009755703,1,1,0,0
missing_burst,223,2.28486821083744,0.175826924729605,0.275370744190184,0.275370744190184,1,1,0,0
missing_burst,224,2.29510117173234,0.163088751673664,0.262611266250729,0.262611266250729,1,1,0,0
missing_burst,225,2.30579048477075,0.157761959224946,0.196273766576732,0.196273766576732,1,1,0,0
missing_burst,226,2.31614730377672,0.158751374122546,0.422443964912974,0.422443964912974,1,1,0,0
missing_burst,227,2.32660728816992,0.145529282750018,0.556605421894271,0.556605421894271,1,1,0,0
missing_burst,228,2.33726640816329,0.144959747508754,0.260513301955276,0.260513301955276,1,1,0,0
missing_burst,229,2.34753422546538,0.157332469221028,0.216651910972124,0.216651910972124,1,1,0,0
missing_burst,230,2.3582894441706,0.137309311892998,0.367895230287229,0.367895230287229,1,1,0,0
missing_burst,231,2.36858452807276,0.128219589397217,0.269118591565831,0.269118591565831,1,1,0,0
missing_burst,232,2.37928549156667,0.153832665761575,0.250850798422067,0.250850798422067,1,1,0,0
missing_burst,233,2.38982816324105,0.164467088412541,0.30350529690493,0.30350529690493,1,1,0,0
missing_burst,234,2.40021013203369,0.137650262592125,0.248440446779121,0.248440446779121,1,1,0,0
missing_burst,235,2.41105932881646,0.16862297616065,0.257206287389244,0.257206287389244,1,1,0,0
missing_burst,236,2.42139735693506,0.170012177341609,0.461630394763067,0.461630394763067,1,1,0,0
missing_burst,237,2.43215363802578,0.1328075940091,0.319668100364232,0.319668100364232,1,1,0,0
missing_burst,238,2.44266225951996,0.144915472518965,0.427649257729756,0.427649257729756,1,1,0,0
missing_burst,239,2.45326298855195,0.165034550976811,0.426777339550824,0.426777339550824,1,1,0,0
missing_burst,240,2.46397865835229,0.185995225196723,0.431360311279504,0.431360311279504,1,1,0,0
missing_burst,241,2.47432358995235,0.150064329823435,0.220125055883448,0.220125055883448,1,1,0,0
missing_burst,242,2.4852175439343,0.118026777773748,0.259855183138399,0.259855183138399,1,1,0,0
missing_burst,243,2.49563330637618,0.134346311364349,0.265740988212857,0.265740988212857,1,1,0,0
missing_burst,244,2.50642891222985,0.154652057772256,0.243487355108699,0.243487355108699,1,1,0,0
missing_burst,245,2.51714222203975,0.15103705667384,0.350116274977705,0.350116274977705,1,1,0,0
missing_burst,246,2.52761503443925,0.140685620960146,0.299496474025809,0.299496474025809,1,1,0,0
missing_burst,247,2.53851585971014,0.137273242158542,0.365084334132194,0.365084334132194,1,1,0,0
missing_burst,248,2.54894740893327,0.189392448139031,0.587907478546894,0.587907478546894,1,1,0,0
missing_burst,249,2.55989647731153,0.157131858809448,0.614162080700234,0.614162080700234,1,1,0,0
missing_burst,250,2.57045282653341,0.114656294691634,0.337571287998758,0.337571287998758,1,1,0,0
missing_burst,251,2.58111896786421,0.129310351401769,0.267047713136647,0.267047713136647,1,1,0,0
missing_burst,252,2.59196589388885,0.127173326700622,0.280298130344246,0.280298130344246,1,1,0,0
missing_burst,253,2.60246491568413,0.122768250312804,0.290293833908694,0.290293833908694,1,1,0,0
missing_burst,254,2.6134631582107,0.130163803329399,0.264144252254806,0.264144252254806,1,1,0,0
missing_burst,255,2.62397009852623,0.174689265934969,0.369398311105321,0.369398311105321,1,1,0,0
missing_burst,256,2.63472915425912,0.216540844394231,0.532840959762632,0.532840959762632,1,1,0,0
missing_burst,257,2.64546491652447,0.17109247192934,0.472362863633441,0.472362863633441,1,1,0,0
missing_burst,258,2.65593010472868,0.122459127979305,0.389082115492931,0.389082115492931,1,1,0,0
missing_burst,259,2.66693980567872,0.133507682095402,0.34068285776486,0.34068285776486,1,1,0,0
missing_burst,260,2.67740535481201,0.130636615406538,0.370928725254323,0.370928725254323,1,1,0,0
missing_burst,261,2.6883263648504,0.126221898754974,0.227251015015964,0.227251015015964,1,1,0,0
missing_burst,262,2.69897269440844,0.13739213594667,0.250810867038509,0.250810867038509,1,1,0,0
missing_burst,263,2.70963114141957,0.132631642950256,0.297571826335539,0.297571826335539,1,1,0,0
missing_burst,264,2.72052373466254,0.149649823296706,0.286394858370678,0.286394858370678,1,1,0,0
missing_burst,265,2.73099646454933,0.145247562568496,0.316728960435106,0.316728960435106,0.94,0.866666666666667,0,1
missing_burst,266,2.74194985700173,0.855406509097652,0.686359707403515,0.855406509097652,0.715922619047619,0.583333333333333,0,1
missing_burst,267,2.75244634558329,0.948364372141021,0.686359707403515,0.948364372141021,0.578205128205128,0.5,0,1
missing_burst,268,2.76322642986239,0.829311359077629,0.686359707403515,0.829311359077629,0.639094202898551,0.416666666666667,0,1
missing_burst,269,2.77416925526816,0.797423346531665,0.686359707403515,0.797423346531665,0.645781499202552,0.366666666666667,0,1
missing_burst,270,2.78454882028813,0.886974170435692,0.686359707403515,0.886974170435692,0.621412466843501,0.483333333333333,0,1
missing_burst,271,2.79506058655805,0.900655526838659,0.686359707403515,0.900655526838659,0.60625,0.416666666666667,0,1
missing_burst,272,2.8062877569225,NaN,0.12,0.12,0.631302889576883,0.316666666666667,0,1
missing_burst,273,2.81710041109851,NaN,0.12,0.12,0.540104166666667,0.333333333333333,0,1
missing_burst,274,2.82722322377814,0.981025953497912,0.686359707403515,0.981025953497912,0.482083333333333,0.4,0,1
missing_burst,275,2.8381903727227,0.914600532267109,0.686359707403515,0.914600532267109,0.552799043062201,0.366666666666667,0,1
missing_burst,276,2.84904948351624,NaN,0.12,0.12,0.572395833333333,0.333333333333333,0,1
missing_burst,277,2.8594925920111,0.905610138047033,0.686359707403515,0.905610138047033,0.56,0.416666666666667,0,1
missing_burst,278,2.86983638434177,0.932762320064005,0.686359707403515,0.932762320064005,0.563260869565217,0.383333333333333,0,1
missing_burst,279,2.88059775399882,0.917031983515977,0.686359707403515,0.917031983515977,0.618240740740741,0.45,0,1
missing_burst,280,2.89143714616686,0.910068583686832,0.686359707403515,0.910068583686832,0.622225274725275,0.466666666666667,0,1
missing_burst,281,2.90249103368254,NaN,0.12,0.12,0.603026315789474,0.316666666666667,0,1
missing_burst,282,2.91328949035464,NaN,0.12,0.12,0.572011278195489,0.316666666666667,0,1
missing_burst,283,2.9229301343859,0.889135233885689,0.686359707403515,0.889135233885689,0.591174242424242,0.4,0,1
missing_burst,284,2.93414747099574,0.908147859958988,0.686359707403515,0.908147859958988,0.583659420289855,0.416666666666667,0,1
missing_burst,285,2.94500953999028,0.954391865523128,0.686359707403515,0.954391865523128,0.529927536231884,0.383333333333333,0,1
missing_burst,286,2.95591843892078,0.916017786798773,0.686359707403515,0.916017786798773,0.591174242424242,0.4,0,1
missing_burst,287,2.96711701370616,0.785277077959848,0.686359707403515,0.785277077959848,0.717407407407407,0.466666666666667,0,1
missing_burst,288,2.97787839184332,0.12430235556019,0.293178972779148,0.293178972779148,0.73,0.4,0,1
missing_burst,289,2.98822572890249,NaN,0.12,0.12,0.594642857142857,0.25,0,1
missing_burst,290,2.99865285607226,NaN,0.12,0.12,0.496127450980392,0.283333333333333,0,1
missing_burst,291,3.00961624191861,0.881773193067187,0.686359707403515,0.881773193067187,0.592113526570048,0.45,0,1
missing_burst,292,3.0205614643348,0.781462143910864,0.686359707403515,0.781462143910864,0.741274509803922,0.566666666666667,0,1
missing_burst,293,3.03099714644678,0.790176105009194,0.686359707403515,0.790176105009194,0.703667781493868,0.433333333333333,0,1
missing_burst,294,3.04109895324467,NaN,0.12,0.12,0.529040616246499,0.283333333333333,0,1
missing_burst,295,3.05173645446964,NaN,0.12,0.12,0.610294117647059,0.333333333333333,0,1
missing_burst,296,3.06249191257216,0.188338081158074,0.381801395881226,0.381801395881226,0.742142857142857,0.466666666666667,0,1
missing_burst,297,3.07268837682713,0.792557671147722,0.686359707403515,0.792557671147722,0.724404761904762,0.5,0,1
missing_burst,298,3.08279220061378,0.783624410115782,0.686359707403515,0.783624410115782,0.703809523809524,0.466666666666667,0,1
missing_burst,299,3.0934823242196,0.151811815744613,0.274262495701473,0.274262495701473,0.69875,0.4,0,1
missing_burst,300,3.10346041913851,0.129696587285176,0.611687530620341,0.611687530620341,0.711630434782609,0.383333333333333,0,1
missing_burst,301,3.11349651621307,0.148198576218712,0.646060352697233,0.646060352697233,0.709166666666667,0.4,0,1
missing_burst,302,3.12396873081127,0.796818710503242,0.686359707403515,0.796818710503242,0.645781499202552,0.366666666666667,0,1
missing_burst,303,3.13370409337289,0.867547870706395,0.686359707403515,0.867547870706395,0.607857142857143,0.366666666666667,0,1
missing_burst,304,3.14442524666951,0.810609624014641,0.686359707403515,0.810609624014641,0.658219696969697,0.4,0,1
missing_burst,305,3.15556842606161,0.827072939859487,0.686359707403515,0.827072939859487,0.681566332218506,0.433333333333333,0,1
missing_burst,306,3.16562130660944,0.896948610196982,0.686359707403515,0.896948610196982,0.621154244306418,0.383333333333333,0,1
missing_burst,307,3.17615357634218,NaN,0.12,0.12,0.542023809523809,0.35,0,1
missing_burst,308,3.18672604741955,NaN,0.12,0.12,0.586464646464646,0.366666666666667,0,1
missing_burst,309,3.19737791181524,NaN,0.12,0.12,0.675,0.333333333333333,0,1
missing_burst,310,3.20742279518992,0.924258247574799,0.686359707403515,0.924258247574799,0.571785714285714,0.416666666666667,0,1
missing_burst,311,3.21783643359092,0.946855596335635,0.686359707403515,0.946855596335635,0.534166666666667,0.4,0,1
missing_burst,312,3.22855444937628,NaN,0.12,0.12,0.593392857142857,0.233333333333333,0,1
missing_burst,313,3.23917045437854,NaN,0.12,0.12,0.596897759103641,0.283333333333333,0,1
missing_burst,314,3.2492274915256,0.867521696447796,0.686359707403515,0.867521696447796,0.621154244306418,0.383333333333333,0,1
missing_burst,315,3.25956763197983,0.812750553713678,0.686359707403515,0.812750553713678,0.666392339544513,0.383333333333333,0,1
missing_burst,316,3.27030066368364,NaN,0.12,0.12,0.657222222222222,0.3,0,1
missing_burst,317,3.28031944456314,NaN,0.12,0.12,0.641705043859649,0.316666666666667,0,1
missing_burst,318,3.29033107885264,0.849248955567946,0.686359707403515,0.849248955567946,0.646481481481482,0.45,0,1
missing_burst,319,3.30089400894739,0.803128593701969,0.686359707403515,0.803128593701969,0.68008281573499,0.466666666666667,0,1
missing_burst,320,3.31107297890149,0.187513321928093,0.394236441781318,0.394236441781318,0.7075,0.416666666666667,0,1
missing_burst,321,3.3206623317846,0.837125345759264,0.686359707403515,0.837125345759264,0.663928571428571,0.4,0,1
missing_burst,322,3.33083345448506,NaN,0.12,0.12,0.62374649859944,0.35,0,1
missing_burst,323,3.34093978597629,0.152503217344245,0.49339747814841,0.49339747814841,0.692272727272727,0.366666666666667,0,1
missing_burst,324,3.35100394381587,0.157109969377238,0.517291936973733,0.517291936973733,0.742142857142857,0.466666666666667,0,1
missing_burst,325,3.36083408691642,0.145997401226085,0.226193602296469,0.226193602296469,0.742142857142857,0.466666666666667,0,1
missing_burst,326,3.37096596150989,0.173131921041317,0.268000020978728,0.268000020978728,0.696923076923077,0.433333333333333,0,1
missing_burst,327,3.38084348810548,NaN,0.12,0.12,0.59797619047619,0.35,0,1
missing_burst,328,3.3905152618074,NaN,0.12,0.12,0.473125,0.266666666666667,0,1
missing_burst,329,3.40057895215169,NaN,0.12,0.12,0.553026315789474,0.316666666666667,0,1
missing_burst,330,3.4109021485637,0.916004056958537,0.686359707403515,0.916004056958537,0.585492424242424,0.4,0,1
missing_burst,331,3.42097414295988,0.924250409667768,0.686359707403515,0.924250409667768,0.560384615384615,0.433333333333333,0,1
missing_burst,332,3.43186964332847,0.807983499138182,0.686359707403515,0.807983499138182,0.661195652173913,0.416666666666667,0,1
missing_burst,333,3.44247028030921,0.833955080885925,0.686359707403515,0.833955080885925,0.655454545454546,0.383333333333333,0,1
missing_burst,334,3.45308860593711,0.939245867475457,0.686359707403515,0.939245867475457,0.588409090909091,0.383333333333333,0,1
missing_burst,335,3.46369869576379,0.874915602677552,0.686359707403515,0.874915602677552,0.609094202898551,0.383333333333333,0,1
missing_burst,336,3.47464348346573,0.121489672107145,0.500254626710224,0.500254626710224,0.700760869565217,0.383333333333333,0,1
missing_burst,337,3.48427857267055,0.820915266033296,0.686359707403515,0.820915266033296,0.653508771929825,0.333333333333333,0,1
missing_burst,338,3.4945995952627,NaN,0.12,0.12,0.57,0.266666666666667,0,1
missing_burst,339,3.50523998451977,NaN,0.12,0.12,0.545707282913165,0.283333333333333,0,1
missing_burst,340,3.51563011313859,NaN,0.12,0.12,0.636468253968254,0.35,0,1
missing_burst,341,3.52595938095279,0.196216234667264,0.639758552837235,0.639758552837235,0.700760869565217,0.383333333333333,0,1
missing_burst,342,3.53604527527999,0.794999624263485,0.686359707403515,0.794999624263485,0.675833333333333,0.4,0,1
missing_burst,343,3.54578024709177,0.850238285711613,0.686359707403515,0.850238285711613,0.643400076277651,0.383333333333333,0,1
missing_burst,344,3.55600877581065,NaN,0.12,0.12,0.645525846702317,0.366666666666667,0,1
missing_burst,345,3.56570354062296,0.905609656155821,0.686359707403515,0.905609656155821,0.544583333333333,0.4,0,1
missing_burst,346,3.57563535378455,0.941424190028997,0.686359707403515,0.941424190028997,0.499542606516291,0.35,0,1
missing_burst,347,3.58663354239928,NaN,0.12,0.12,0.576388888888889,0.333333333333333,0,1
missing_burst,348,3.59790646795299,NaN,0.12,0.12,0.675,0.333333333333333,0,1
missing_burst,349,3.60774991954428,NaN,0.12,0.12,0.612794117647059,0.283333333333333,0,1
missing_burst,350,3.61774457715815,0.821149616317271,0.686359707403515,0.821149616317271,0.609191729323308,0.35,0,1
missing_burst,351,3.62826494945682,0.794631580312818,0.686359707403515,0.794631580312818,0.643400076277651,0.383333333333333,0,1
missing_burst,352,3.6385205019453,NaN,0.12,0.12,0.6625,0.333333333333333,0,1
missing_burst,353,3.64823986376543,NaN,0.12,0.12,0.626960784313725,0.333333333333333,0,1
missing_burst,354,3.65813520500541,NaN,0.12,0.12,0.593055555555556,0.333333333333333,0,1
missing_burst,355,3.66840028028912,NaN,0.12,0.12,0.612794117647059,0.283333333333333,0,1
missing_burst,356,3.67890027173159,NaN,0.12,0.12,0.631302889576883,0.316666666666667,0,1
missing_burst,357,3.68894702446376,0.843687483466081,0.686359707403515,0.843687483466081,0.655476190476191,0.466666666666667,0,1
missing_burst,358,3.69935120861353,0.86752272315777,0.686359707403515,0.86752272315777,0.618690476190476,0.4,0,1
missing_burst,359,3.70928363799337,0.805222913434123,0.686359707403515,0.805222913434123,0.69375,0.416666666666667,0,1
missing_burst,360,3.7199193507309,0.156844263436092,0.550809568392113,0.550809568392113,0.73,0.4,0,1
missing_burst,361,3.72984233473182,NaN,0.12,0.12,0.671111111111111,0.3,0,1
missing_burst,362,3.74010067107685,0.807984153771356,0.686359707403515,0.807984153771356,0.663852657004831,0.45,0,1
missing_burst,363,3.74988696405922,0.897081934903044,0.686359707403515,0.897081934903044,0.599060846560847,0.45,0,1
missing_burst,364,3.76028018682194,NaN,0.12,0.12,0.613541666666667,0.333333333333333,0,1
missing_burst,365,3.77012371166016,NaN,0.12,0.12,0.645277777777778,0.316666666666667,0,1
missing_burst,366,3.7802148125774,0.782567475091186,0.686359707403515,0.782567475091186,0.708122710622711,0.466666666666667,0,1
missing_burst,367,3.79076959584166,0.14736057416057,0.245590282856087,0.245590282856087,0.904791666666667,0.8,0,1
missing_burst,368,3.80041075341484,0.13762015843959,0.237065023874002,0.237065023874002,1,1,0,0
missing_burst,369,3.81047463462924,0.114877411141132,0.42104894648666,0.42104894648666,1,1,0,0
missing_burst,370,3.82018498381068,0.136511150508695,0.234502204021345,0.234502204021345,1,1,0,0
missing_burst,371,3.83005167306312,0.138775498967563,0.393731633605674,0.393731633605674,1,1,0,0
missing_burst,372,3.84005183752278,0.12589510147663,0.451120868755285,0.451120868755285,1,1,0,0
missing_burst,373,3.84965836795392,0.16108348330893,0.286498956162328,0.286498956162328,1,1,0,0
missing_burst,374,3.85977827865968,0.155983871535232,0.285696873808907,0.285696873808907,1,1,0,0
missing_burst,375,3.86939633686222,0.134394775478425,0.2930479988901,0.2930479988901,1,1,0,0
missing_burst,376,3.879365244322,0.127045990633101,0.348845056027112,0.348845056027112,1,1,0,0
missing_burst,377,3.88922403650226,0.122266865726355,0.299042693098821,0.299042693098821,1,1,0,0
missing_burst,378,3.89897481202063,0.139162496239909,0.255886988917749,0.255886988917749,1,1,0,0
missing_burst,379,3.90906047715302,0.143946320445179,0.244550635496223,0.244550635496223,1,1,0,0
missing_burst,380,3.91870740960121,0.131084982117402,0.23078126278784,0.23078126278784,1,1,0,0
missing_burst,381,3.92878856420891,0.119991171939201,0.370520279806009,0.370520279806009,1,1,0,0
missing_burst,382,3.93857834583286,0.115342989016735,0.387307111002082,0.387307111002082,1,1,0,0
missing_burst,383,3.94841269273657,0.126587200072277,0.308075404475326,0.308075404475326,1,1,0,0
missing_burst,384,3.95839384134907,0.124290142635901,0.316988021488646,0.316988021488646,1,1,0,0
missing_burst,385,3.96806044054775,0.136016097661366,0.321402697192882,0.321402697192882,1,1,0,0
missing_burst,386,3.97810135234969,0.139809455877535,0.326482780906866,0.326482780906866,1,1,0,0
missing_burst,387,3.98778196739639,0.118402835570629,0.327279523954522,0.327279523954522,1,1,0,0
missing_burst,388,3.99773826616032,0.125797765779134,0.323365973631609,0.323365973631609,1,1,0,0
missing_burst,389,4.00766526838539,0.136132510452389,0.305619073660118,0.305619073660118,1,1,0,0
missing_burst,390,4.0174746257389,0.142072578292547,0.196485761201716,0.196485761201716,1,1,0,0
missing_burst,391,4.02766497929029,0.143031363101386,0.223978838835849,0.223978838835849,1,1,0,0
missing_burst,392,4.03742338628245,0.146636224577858,0.236859783592,0.236859783592,1,1,0,0
missing_burst,393,4.04753196677616,0.171260376565427,0.356027481469489,0.356027481469489,1,1,0,0
missing_burst,394,4.05738097818565,0.168916765608753,0.243130468992061,0.243130468992061,1,1,0,0
missing_burst,395,4.06737387457782,0.153198495727745,0.183008282135113,0.183008282135113,1,1,0,0
missing_burst,396,4.07755697305939,0.141278112225206,0.175146000163978,0.175146000163978,1,1,0,0
missing_burst,397,4.08736286998685,0.139477775636774,0.300243363274464,0.300243363274464,1,1,0,0
missing_burst,398,4.09766766749784,0.151016907577548,0.26000267779071,0.26000267779071,1,1,0,0
missing_burst,399,4.10749524479573,0.150779160952549,0.165937387875413,0.165937387875413,1,1,0,0
missing_burst,400,4.11755324885929,0.153503495756742,0.212176963020664,0.212176963020664,1,1,0,0
missing_burst,401,4.12762845606503,0.151419992861563,0.2351943068406,0.2351943068406,1,1,0,0
missing_burst,402,4.13745648021275,0.144347516104627,0.304072910704415,0.304072910704415,1,1,0,0
missing_burst,403,4.14774209817528,0.153695765804566,0.20423637103558,0.20423637103558,1,1,0,0
missing_burst,404,4.15750490456321,0.130219118251397,0.299179731907843,0.299179731907843,1,1,0,0
missing_burst,405,4.16776798703373,0.117994899017603,0.376554666385224,0.376554666385224,1,1,0,0
missing_burst,406,4.17773473030219,0.119848647315909,0.257333126765476,0.257333126765476,1,1,0,0
missing_burst,407,4.18778336722091,0.135727241231339,0.174498090443989,0.174498090443989,1,1,0,0
missing_burst,408,4.19806248844094,0.152949323378726,0.183294466314019,0.183294466314019,1,1,0,0
missing_burst,409,4.20801788095906,0.129139091540531,0.243731717416788,0.243731717416788,1,1,0,0
missing_burst,410,4.21836714404972,0.123159116107054,0.240121407774556,0.240121407774556,1,1,0,0
missing_burst,411,4.22835299258248,0.16203664606304,0.460891913559864,0.460891913559864,1,1,0,0
missing_burst,412,4.23860676793488,0.203584346462359,0.468683048058622,0.468683048058622,1,1,0,0
missing_burst,413,4.24886084740162,0.17524590743059,0.263247419162194,0.263247419162194,1,1,0,0
missing_burst,414,4.25881192014665,0.143644656367445,0.379938781116389,0.379938781116389,1,1,0,0
missing_burst,415,4.26924024190389,0.155333191843029,0.156297561151218,0.156297561151218,1,1,0,0
missing_burst,416,4.27918247934932,0.170571003629258,0.246885157235859,0.246885157235859,1,1,0,0
missing_burst,417,4.28956458691705,0.187278406547522,0.383745317275204,0.383745317275204,1,1,0,0
missing_burst,418,4.29967745641869,0.175504036125811,0.308489179663308,0.308489179663308,1,1,0,0
missing_burst,419,4.30988328513024,0.14449389136883,0.279827422057617,0.279827422057617,1,1,0,0
missing_burst,420,4.3203420847442,0.14530291718735,0.13027248920504,0.14530291718735,1,1,0,0
missing_burst,421,4.33034131422129,0.15221721153316,0.212119448737161,0.212119448737161,1,1,0,0
missing_burst,422,4.34080188079646,0.177933947259928,0.273198032319529,0.273198032319529,1,1,0,0
missing_burst,423,4.35087811470467,0.201815235247355,0.482029757009041,0.482029757009041,1,1,0,0
missing_burst,424,4.36126174437129,0.135256067479695,0.392137788097434,0.392137788097434,1,1,0,0
missing_burst,425,4.3716108765893,0.113130842328677,0.312504995024553,0.312504995024553,1,1,0,0
missing_burst,426,4.381824866576,0.121265006159045,0.305327518771268,0.305327518771268,1,1,0,0
missing_burst,427,4.39241901500484,0.141069051847857,0.147184052195711,0.147184052195711,1,1,0,0
missing_burst,428,4.40252684965246,0.13400071862042,0.205533461676416,0.205533461676416,1,1,0,0
missing_burst,429,4.4130820882299,0.141017170710161,0.139773958692054,0.141017170710161,1,1,0,0
missing_burst,430,4.42337004163526,0.221295066813116,0.552386085001044,0.552386085001044,1,1,0,0
missing_burst,431,4.43375462869966,0.216008587008709,0.539819387543911,0.539819387543911,1,1,0,0
missing_burst,432,4.44428733236266,0.1664701679483,0.297929245406358,0.297929245406358,1,1,0,0
missing_burst,433,4.45446720893546,0.140281163159342,0.181262065536426,0.181262065536426,1,1,0,0
missing_burst,434,4.46513230639371,0.127525294608331,0.18850767229105,0.18850767229105,1,1,0,0
missing_burst,435,4.47533996171754,0.13440900383262,0.218595865501297,0.218595865501297,1,1,0,0
missing_burst,436,4.48591701395503,0.148798004845976,0.15274956641887,0.15274956641887,1,1,0,0
missing_burst,437,4.49643982009556,0.173679790985482,0.415201295885269,0.415201295885269,1,1,0,0
missing_burst,438,4.50673203896778,0.139237323484173,0.356964632964261,0.356964632964261,1,1,0,0
missing_burst,439,4.51751423012342,0.124286538657107,0.254720964730804,0.254720964730804,1,1,0,0
missing_burst,440,4.5277252012008,0.125709112188955,0.272548810148304,0.272548810148304,1,1,0,0
missing_burst,441,4.53846410324706,0.13285217877699,0.162746238021076,0.162746238021076,1,1,0,0
missing_burst,442,4.54884102535724,0.129882559590325,0.193787569289225,0.193787569289225,1,1,0,0
missing_burst,443,4.55931582944024,0.124317264236898,0.205996811277874,0.205996811277874,1,1,0,0
missing_burst,444,4.57002614316899,0.148955484801687,0.21251358612076,0.21251358612076,1,1,0,0
missing_burst,445,4.58036637436031,0.132443588280113,0.246760623866118,0.246760623866118,1,1,0,0
missing_burst,446,4.59121433188069,0.13414399225193,0.28235368199057,0.28235368199057,1,1,0,0
missing_burst,447,4.60159472174245,0.140381397965579,0.29824154570937,0.29824154570937,1,1,0,0
missing_burst,448,4.61226884111223,0.143950408675092,0.14895065225581,0.14895065225581,1,1,0,0
missing_burst,449,4.6228984605155,0.141278803004822,0.220927611835541,0.220927611835541,1,1,0,0
missing_burst,450,4.6332939506234,0.126231133215443,0.230862482584986,0.230862482584986,1,1,0,0
missing_burst,451,4.64411874876094,0.119285148261118,0.38627187600535,0.38627187600535,1,1,0,0
missing_burst,452,4.65442885222423,0.144872387421442,0.318471010739045,0.318471010739045,1,1,0,0
missing_burst,453,4.66520611932726,0.185863012573326,0.367984664179835,0.367984664179835,1,1,0,0
missing_burst,454,4.6757547399856,0.165323602997591,0.302726189992609,0.302726189992609,1,1,0,0
missing_burst,455,4.68637031192907,0.129425938492455,0.233143908504928,0.233143908504928,1,1,0,0
missing_burst,456,4.69717540968225,0.139204206489805,0.258450533756887,0.258450533756887,1,1,0,0
missing_burst,457,4.7076153768214,0.18144071335362,0.606174957587047,0.606174957587047,1,1,0,0
missing_burst,458,4.71856893434871,0.155778596168203,0.408925661896732,0.408925661896732,1,1,0,0
missing_burst,459,4.72906607621084,0.175511649312407,0.531355170692052,0.531355170692052,1,1,0,0
missing_burst,460,4.73983556418821,0.230194053051772,0.59963505278103,0.59963505278103,1,1,0,0
missing_burst,461,4.75058750948524,0.157308029302833,0.430598945141337,0.430598945141337,1,1,0,0
missing_burst,462,4.76109662022053,0.145042882094335,0.371909963321392,0.371909963321392,1,1,0,0
missing_burst,463,4.77193222242387,0.164024589044287,0.330614427190883,0.330614427190883,1,1,0,0
missing_burst,464,4.78242309873998,0.153762555384748,0.257538790749204,0.257538790749204,1,1,0,0
missing_burst,465,4.79331300170503,0.135136484084814,0.22217561502284,0.22217561502284,1,1,0,0
missing_burst,466,4.80388092289248,0.123117126739349,0.306663861613415,0.306663861613415,1,1,0,0
missing_burst,467,4.81461052483904,0.132416251393421,0.241706245237925,0.241706245237925,1,1,0,0
missing_burst,468,4.8254797982982,0.163467935344613,0.293314902658238,0.293314902658238,1,1,0,0
missing_burst,469,4.83600236902568,0.159689843073516,0.283491663445975,0.283491663445975,1,1,0,0
missing_burst,470,4.84695157010474,0.136724786162905,0.196316924048503,0.196316924048503,1,1,0,0
missing_burst,471,4.85747351173659,0.140037119716744,0.240115890956826,0.240115890956826,1,1,0,0
missing_burst,472,4.8683020254477,0.138051911596456,0.208762666398658,0.208762666398658,1,1,0,0
missing_burst,473,4.87901958214446,0.152400295063495,0.266925612460448,0.266925612460448,1,1,0,0
missing_burst,474,4.88962783203607,0.147247211464228,0.259835133344047,0.259835133344047,1,1,0,0
missing_burst,475,4.90058658599932,0.138693747642378,0.355813376528719,0.355813376528719,1,1,0,0
missing_burst,476,4.91102629803416,0.158138576966278,0.437257535492612,0.437257535492612,1,1,0,0
missing_burst,477,4.92187397319545,0.151534471643364,0.309021635771776,0.309021635771776,1,1,0,0
missing_burst,478,4.93255725618915,0.141027984314126,0.2471526912958,0.2471526912958,1,1,0,0
missing_burst,479,4.94324478069908,0.133797109549442,0.227799256350555,0.227799256350555,1,1,0,0
missing_burst,480,4.95412714167945,0.134006740869028,0.25348033676047,0.25348033676047,1,1,0,0
missing_burst,481,4.96461194865698,0.129235387981882,0.301777523743431,0.301777523743431,1,1,0,0
missing_burst,482,4.97558921154256,0.122946828456456,0.241219072958823,0.241219072958823,1,1,0,0
missing_burst,483,4.9861061183812,0.134631696439559,0.358289521575992,0.358289521575992,1,1,0,0
missing_burst,484,4.99690011728143,0.160796941590643,0.410616313527846,0.410616313527846,1,1,0,0
missing_burst,485,5.00763109681602,0.180177556427423,0.374791861144733,0.374791861144733,1,1,0,0
missing_burst,486,5.01817506743864,0.184905401208959,0.546330164809722,0.546330164809722,1,1,0,0
missing_burst,487,5.02915952972312,0.169233846764727,0.331041698669072,0.331041698669072,1,1,0,0
missing_burst,488,5.03950536350762,0.167056337145984,0.411318420931002,0.411318420931002,1,1,0,0
missing_burst,489,5.05034608304184,0.159279328945012,0.215648610655983,0.215648610655983,1,1,0,0
missing_burst,490,5.06083036738916,0.143874939364209,0.291419111855795,0.291419111855795,1,1,0,0
missing_burst,491,5.07140907285596,0.151237243389894,0.199605919499082,0.199605919499082,1,1,0,0
missing_burst,492,5.08221077870862,0.155093551046009,0.374278090110878,0.374278090110878,1,1,0,0
missing_burst,493,5.09266931179113,0.15442858405818,0.266991964339686,0.266991964339686,1,1,0,0
missing_burst,494,5.1036443788939,0.1351272752626,0.44477484024251,0.44477484024251,1,1,0,0
missing_burst,495,5.1141340672981,0.133704279457776,0.313993191391101,0.313993191391101,1,1,0,0
missing_burst,496,5.12481519565755,0.164210993647121,0.339431099665461,0.339431099665461,1,1,0,0
missing_burst,497,5.13545199767267,0.164916398488174,0.345744249674624,0.345744249674624,1,1,0,0
missing_burst,498,5.14592682234287,0.167824517150099,0.458463116575328,0.458463116575328,1,1,0,0
missing_burst,499,5.15684439914998,0.15918966293549,0.257645194861817,0.257645194861817,1,1,0,0
missing_burst,500,5.16718456860979,0.179627386988464,0.385960939154904,0.385960939154904,1,1,0,0
missing_burst,501,5.17800175726703,0.219625728439137,0.532974739215361,0.532974739215361,1,1,0,0
missing_burst,502,5.18847639381078,0.169224350964451,0.298290549795552,0.298290549795552,1,1,0,0
missing_burst,503,5.19900654232541,0.137740499041696,0.20263895246367,0.20263895246367,1,1,0,0
missing_burst,504,5.20976718551581,0.156089116317855,0.403329365652333,0.403329365652333,1,1,0,0
missing_burst,505,5.22019037155432,0.16679413984087,0.49412751946047,0.49412751946047,1,1,0,0
missing_burst,506,5.23104794944871,0.136686651730362,0.170225686776097,0.170225686776097,1,1,0,0
missing_burst,507,5.24142066679195,0.11726186364696,0.271429217859051,0.271429217859051,1,1,0,0
missing_burst,508,5.25210786467246,0.132060128509417,0.15168149022924,0.15168149022924,1,1,0,0
missing_burst,509,5.26264026997205,0.161143449257711,0.408528896883008,0.408528896883008,1,1,0,0
missing_burst,510,5.27298763931224,0.155804315803374,0.219998900478668,0.219998900478668,1,1,0,0
missing_burst,511,5.28372582415189,0.136313191986977,0.401958326232794,0.401958326232794,1,1,0,0
missing_burst,512,5.2939201950015,0.139839157138051,0.269924345257681,0.269924345257681,1,1,0,0
missing_burst,513,5.30454389279534,0.130329016557608,0.159550536697888,0.159550536697888,1,1,0,0
missing_burst,514,5.31491714122862,0.136172470235647,0.232891708481944,0.232891708481944,1,1,0,0
missing_burst,515,5.32535760342402,0.162395456049008,0.287264410109504,0.287264410109504,1,1,0,0
missing_burst,516,5.33601879329473,0.175979582875386,0.303052659727485,0.303052659727485,1,1,0,0
missing_burst,517,5.34622263621598,0.151780424859481,0.154837561735834,0.154837561735834,1,1,0,0
missing_burst,518,5.35692999024754,0.139282654760126,0.357596751094988,0.357596751094988,1,1,0,0
missing_burst,519,5.36714955409439,0.131574865119024,0.298609393617697,0.298609393617697,1,1,0,0
missing_burst,520,5.37759508475115,0.137112520966783,0.245047128393934,0.245047128393934,1,1,0,0
missing_burst,521,5.38803477497413,0.170829829337829,0.341173680297546,0.341173680297546,1,1,0,0
missing_burst,522,5.39827039045611,0.177584240118033,0.354941374924596,0.354941374924596,1,1,0,0
missing_burst,523,5.40894401793408,0.1449008824996,0.130250375108659,0.1449008824996,1,1,0,0
missing_burst,524,5.41906616018884,0.122003668171447,0.219582575067714,0.219582575067714,1,1,0,0
missing_burst,525,5.42960313851782,0.118671688890427,0.263649721747914,0.263649721747914,1,1,0,0
missing_burst,526,5.4398940388886,0.136498721492177,0.225669532913364,0.225669532913364,1,1,0,0
missing_burst,527,5.45019906045165,0.147675583658224,0.13384138462681,0.147675583658224,1,1,0,0
missing_burst,528,5.46065323359723,0.134688509533291,0.227663870063706,0.227663870063706,1,1,0,0
missing_burst,529,5.47066797554669,0.144721316837367,0.129500939963473,0.144721316837367,1,1,0,0
missing_burst,530,5.4811697137312,0.168880391234028,0.501486218212019,0.501486218212019,1,1,0,0
missing_burst,531,5.49123996842361,0.169808900887335,0.513561562560669,0.513561562560669,1,1,0,0
missing_burst,532,5.50157336341372,0.156002105122318,0.184587840341908,0.184587840341908,1,1,0,0
missing_burst,533,5.51191203414435,0.144172092921877,0.127824792180744,0.144172092921877,1,1,0,0
missing_burst,534,5.52191719223098,0.138371344398366,0.270730412393065,0.270730412393065,1,1,0,0
missing_burst,535,5.53238521245523,0.130841252464011,0.203252530506941,0.203252530506941,1,1,0,0
missing_burst,536,5.54227079295247,0.140883594191476,0.325674514737072,0.325674514737072,1,1,0,0
missing_burst,537,5.55258060598161,0.136301911055775,0.16519886613014,0.16519886613014,1,1,0,0
missing_burst,538,5.56263300883554,0.16107499052233,0.18454889260021,0.18454889260021,1,1,0,0
missing_burst,539,5.57272625108787,0.172790056192223,0.399201228379208,0.399201228379208,1,1,0,0
missing_burst,540,5.58310214286926,0.150859399822865,0.177858818061106,0.177858818061106,1,1,0,0
missing_burst,541,5.59289111394469,0.154245457864468,0.193552118516493,0.193552118516493,1,1,0,0
missing_burst,542,5.6031909931194,0.148706318168507,0.178202235584058,0.178202235584058,1,1,0,0
missing_burst,543,5.61312118357372,0.154798911379728,0.34310496203182,0.34310496203182,1,1,0,0
missing_burst,544,5.62327134762271,0.156365049168509,0.313054424275844,0.313054424275844,1,1,0,0
missing_burst,545,5.63334747264806,0.149662082362919,0.331027381251164,0.331027381251164,1,1,0,0
missing_burst,546,5.64324171399613,0.138136484091668,0.456888574104374,0.456888574104374,1,1,0,0
missing_burst,547,5.65356947847734,0.140421319105245,0.189331214562769,0.189331214562769,1,1,0,0
missing_burst,548,5.66334780188065,0.158021338474791,0.189434354319659,0.189434354319659,1,1,0,0
missing_burst,549,5.67357138676863,0.17797223409732,0.307945699284062,0.307945699284062,1,1,0,0
missing_burst,550,5.68345118633688,0.159162707683395,0.209602858548496,0.209602858548496,1,1,0,0
missing_burst,551,5.69341068224589,0.134953396817797,0.224432970290638,0.224432970290638,1,1,0,0
missing_burst,552,5.70355226451245,0.124496060081877,0.267582156426155,0.267582156426155,1,1,0,0
missing_burst,553,5.71330090460475,0.127351339805447,0.352366408128071,0.352366408128071,1,1,0,0
missing_burst,554,5.72351480123556,0.122946239769551,0.344147482024895,0.344147482024895,1,1,0,0
missing_burst,555,5.73323709805156,0.124881566688734,0.423640956706469,0.423640956706469,1,1,0,0
missing_burst,556,5.74321499509756,0.123586700928998,0.28156158705646,0.28156158705646,1,1,0,0
missing_burst,557,5.7532936292271,0.116638023904286,0.327578314829425,0.327578314829425,1,1,0,0
missing_burst,558,5.76312551691878,0.138921311233009,0.323075677247546,0.323075677247546,1,1,0,0
missing_burst,559,5.77330078976307,0.128519594322721,0.293944977202773,0.293944977202773,1,1,0,0
missing_burst,560,5.78293177697618,0.116052064987627,0.396255255037935,0.396255255037935,1,1,0,0
missing_burst,561,5.79299421763143,0.134519606707395,0.530226183093739,0.530226183093739,1,1,0,0
missing_burst,562,5.80283591345241,0.138397270962432,0.546926716899881,0.546926716899881,1,1,0,0
missing_burst,563,5.81261888620494,0.121375167355265,0.34291621581714,0.34291621581714,1,1,0,0
missing_burst,564,5.82267810792973,0.12614091980348,0.438151822286778,0.438151822286778,1,1,0,0
missing_burst,565,5.83235397780193,0.139973187448563,0.392310794343448,0.392310794343448,1,1,0,0
missing_burst,566,5.84254498749059,0.141333795581768,0.254615196887469,0.254615196887469,1,1,0,0
missing_burst,567,5.85218660337788,0.129013588121331,0.259383808529595,0.259383808529595,1,1,0,0
missing_burst,568,5.86217828637334,0.144337411830865,0.527549236909095,0.527549236909095,1,1,0,0
missing_burst,569,5.87215476591729,0.149564279577839,0.355926171799217,0.355926171799217,1,1,0,0
missing_burst,570,5.88185179966748,0.160931789072404,0.468686283678307,0.468686283678307,1,1,0,0
missing_burst,571,5.892017007623,0.157231221688787,0.474035208895747,0.474035208895747,1,1,0,0
missing_burst,572,5.90159245800426,0.151522733944332,0.312363855726913,0.312363855726913,1,1,0,0
missing_burst,573,5.91168948019809,0.151080550270221,0.29736457814325,0.29736457814325,1,1,0,0
missing_burst,574,5.92139552214439,0.150074888223444,0.23991757210375,0.23991757210375,1,1,0,0
missing_burst,575,5.93111940406014,0.160316514252559,0.276029507863958,0.276029507863958,1,1,0,0
missing_burst,576,5.94110703847143,0.163901431613255,0.297155814732139,0.297155814732139,1,1,0,0
missing_burst,577,5.95075184097882,0.164631910271228,0.389209312582812,0.389209312582812,1,1,0,0
missing_burst,578,5.9608447091252,0.150844020321429,0.347537348689934,0.347537348689934,1,1,0,0
missing_burst,579,5.97048078941039,0.129769624567251,0.312463620998723,0.312463620998723,1,1,0,0
missing_burst,580,5.98042093872253,0.131059376446197,0.430055664276042,0.430055664276042,1,1,0,0
missing_burst,581,5.99029834677593,0.174164532874807,0.316607439805108,0.316607439805108,1,1,0,0
missing_burst,582,6,0.20928062432721,0.465378963350198,0.465378963350198,1,1,0,0
near_threshold_noise,1,0,0.152427067041363,0.225891586105965,0.225891586105965,1,1,0,0
near_threshold_noise,2,0.0106172332557213,0.148152552437184,0.25661920730097,0.25661920730097,1,1,0,0
near_threshold_noise,3,0.0207535908816726,0.161150740698845,0.189509394950924,0.189509394950924,1,1,0,0
near_threshold_noise,4,0.0311637239698553,0.158777619694569,0.179430996818588,0.179430996818588,1,1,0,0
near_threshold_noise,5,0.0415857865785139,0.155104398938783,0.170043374583985,0.170043374583985,1,1,0,0
near_threshold_noise,6,0.0517640696614293,0.149544501555991,0.235957407441203,0.235957407441203,1,1,0,0
near_threshold_noise,7,0.0623534155950852,0.143909524090541,0.352710055358466,0.352710055358466,1,1,0,0
near_threshold_noise,8,0.0724518781905166,0.132668838754167,0.207277630622936,0.207277630622936,1,1,0,0
near_threshold_noise,9,0.0830233803226073,0.140244094431202,0.151408212960603,0.151408212960603,1,1,0,0
near_threshold_noise,10,0.0933586697882522,0.133589755620173,0.165302397941866,0.165302397941866,1,1,0,0
near_threshold_noise,11,0.103773453292329,0.168691196178677,0.300976364338008,0.300976364338008,1,1,0,0
near_threshold_noise,12,0.114326956811272,0.203623829151261,0.4499094685892,0.4499094685892,1,1,0,0
near_threshold_noise,13,0.124523179451382,0.169916683441897,0.343543207057583,0.343543207057583,1,1,0,0
near_threshold_noise,14,0.13526644062142,0.131920961059556,0.221689210129884,0.221689210129884,1,1,0,0
near_threshold_noise,15,0.145512174193009,0.109268927536301,0.438857645912719,0.438857645912719,1,1,0,0
near_threshold_noise,16,0.15605768111315,0.11573153008717,0.470031284353836,0.470031284353836,1,1,0,0
near_threshold_noise,17,0.166518864324485,0.133428739044489,0.229243658571082,0.229243658571082,1,1,0,0
near_threshold_noise,18,0.176904900236082,0.127209503990786,0.19841807023613,0.19841807023613,1,1,0,0
near_threshold_noise,19,0.187657823522867,0.122659318621212,0.21675202055136,0.21675202055136,1,1,0,0
near_threshold_noise,20,0.197994875512371,0.156431896770904,0.2400166297019,0.2400166297019,1,1,0,0
near_threshold_noise,21,0.208753051997415,0.172324519402192,0.305750201923723,0.305750201923723,1,1,0,0
near_threshold_noise,22,0.219174396896134,0.154032505623201,0.286097296537256,0.286097296537256,1,1,0,0
near_threshold_noise,23,0.229712059737778,0.152381510644148,0.16958666654664,0.16958666654664,1,1,0,0
near_threshold_noise,24,0.240376407866634,0.150470020243938,0.217469356265488,0.217469356265488,1,1,0,0
near_threshold_noise,25,0.25069261215216,0.122592745729117,0.229072997278816,0.229072997278816,1,1,0,0
near_threshold_noise,26,0.261458285859524,0.119623732626027,0.266572201700194,0.266572201700194,1,1,0,0
near_threshold_noise,27,0.271877727917644,0.116984787556246,0.297827521260868,0.297827521260868,1,1,0,0
near_threshold_noise,28,0.282577700354093,0.115673941650395,0.311084182987062,0.311084182987062,1,1,0,0
near_threshold_noise,29,0.293175298383894,0.137844478729122,0.18895259413603,0.18895259413603,1,1,0,0
near_threshold_noise,30,0.303628399265563,0.1270611885466,0.226348701139277,0.226348701139277,1,1,0,0
near_threshold_noise,31,0.314498854208947,0.137148000728391,0.282974127575269,0.282974127575269,1,1,0,0
near_threshold_noise,32,0.324953615385837,0.151783142358259,0.25504469346347,0.25504469346347,1,1,0,0
near_threshold_noise,33,0.33589423060788,0.130992426298402,0.294030808716622,0.294030808716622,1,1,0,0
near_threshold_noise,34,0.346447166152108,0.115116866382749,0.366491248848323,0.366491248848323,1,1,0,0
near_threshold_noise,35,0.357100353439532,0.114790163263936,0.413233430359718,0.413233430359718,1,1,0,0
near_threshold_noise,36,0.368041973063449,0.142369820690201,0.228859322125849,0.228859322125849,1,1,0,0
near_threshold_noise,37,0.378523521936297,0.153721854420066,0.266090193381552,0.266090193381552,1,1,0,0
near_threshold_noise,38,0.389410792600955,0.120680421953515,0.302516778927488,0.302516778927488,1,1,0,0
near_threshold_noise,39,0.399884744467546,0.121589562797035,0.299855317835412,0.299855317835412,1,1,0,0
near_threshold_noise,40,0.410700141334346,0.13622385214153,0.221884868864233,0.221884868864233,1,1,0,0
near_threshold_noise,41,0.421513740897189,0.150299157954901,0.244717033816677,0.244717033816677,1,1,0,0
near_threshold_noise,42,0.432106515669417,0.16860540260564,0.289244803840145,0.289244803840145,1,1,0,0
near_threshold_noise,43,0.443011488612629,0.141137584464325,0.377572644703429,0.377572644703429,1,1,0,0
near_threshold_noise,44,0.453475751612607,0.12638410415294,0.288048844702329,0.288048844702329,1,1,0,0
near_threshold_noise,45,0.464442122757967,0.186163891392103,0.551525286530421,0.551525286530421,1,1,0,0
near_threshold_noise,46,0.475069790459476,0.182141003779188,0.465833942895761,0.465833942895761,1,1,0,0
near_threshold_noise,47,0.485821743917102,0.138416807407514,0.263513637041237,0.263513637041237,1,1,0,0
near_threshold_noise,48,0.496672001187053,0.136905027292243,0.206042922702559,0.206042922702559,1,1,0,0
near_threshold_noise,49,0.507159118317524,0.138911593413045,0.296527756796598,0.296527756796598,1,1,0,0
near_threshold_noise,50,0.518093778612143,0.128281841276946,0.315131596815759,0.315131596815759,1,1,0,0
near_threshold_noise,51,0.528673854443263,0.137288832841565,0.468044877808643,0.468044877808643,1,1,0,0
near_threshold_noise,52,0.539449405270262,0.153499926653503,0.523503210443805,0.523503210443805,1,1,0,0
near_threshold_noise,53,0.550215567950162,0.141989132357286,0.273543768941718,0.273543768941718,1,1,0,0
near_threshold_noise,54,0.560764711265065,0.160154054845551,0.268366279976914,0.268366279976914,1,1,0,0
near_threshold_noise,55,0.571736073484115,0.157566048450984,0.293290218589437,0.293290218589437,1,1,0,0
near_threshold_noise,56,0.58222183527488,0.119599666721963,0.323705940939547,0.323705940939547,1,1,0,0
near_threshold_noise,57,0.593213004092668,0.114577975452514,0.341614406802732,0.341614406802732,1,1,0,0
near_threshold_noise,58,0.603863175926087,0.125123214667528,0.371891383689783,0.371891383689783,1,1,0,0
near_threshold_noise,59,0.614585731831772,0.138583994939736,0.296020002879629,0.296020002879629,1,1,0,0
near_threshold_noise,60,0.625553347090276,0.129478105120635,0.289356304617063,0.289356304617063,1,1,0,0
near_threshold_noise,61,0.636082612769334,0.157851367737562,0.332587528113079,0.332587528113079,1,1,0,0
near_threshold_noise,62,0.647099358047839,0.168675920795207,0.299227893501255,0.299227893501255,1,1,0,0
near_threshold_noise,63,0.657604130740671,0.138491320018227,0.374463873370338,0.374463873370338,1,1,0,0
near_threshold_noise,64,0.668424297725691,0.132960119056028,0.303372704505769,0.303372704505769,1,1,0,0
near_threshold_noise,65,0.679192937948824,0.138098881953639,0.334729021630758,0.334729021630758,1,1,0,0
near_threshold_noise,66,0.6896839437134,0.141125604181162,0.457425150329826,0.457425150329826,1,1,0,0
near_threshold_noise,67,0.700637475901718,0.145820164600133,0.191561605644156,0.191561605644156,1,1,0,0
near_threshold_noise,68,0.711042204209078,0.131950154392802,0.256433372488994,0.256433372488994,1,1,0,0
near_threshold_noise,69,0.721964221271529,0.103358341612904,0.463602857575086,0.463602857575086,1,1,0,0
near_threshold_noise,70,0.732498838745596,0.136289118057057,0.366735017541622,0.366735017541622,1,1,0,0
near_threshold_noise,71,0.743144272680077,0.147072397459562,0.24218858656198,0.24218858656198,1,1,0,0
near_threshold_noise,72,0.753990698164318,0.131373177405578,0.355882301163463,0.355882301163463,1,1,0,0
near_threshold_noise,73,0.764419788880209,0.126617754922198,0.330560979523455,0.330560979523455,1,1,0,0
near_threshold_noise,74,0.775400792130364,0.132045765851971,0.274035173045516,0.274035173045516,1,1,0,0
near_threshold_noise,75,0.785830818414036,0.142549922366384,0.348050267612656,0.348050267612656,1,1,0,0
near_threshold_noise,76,0.796631112335439,0.129495974483388,0.220341087522678,0.220341087522678,1,1,0,0
near_threshold_noise,77,0.807367294916118,0.124980866920474,0.408646731334473,0.408646731334473,1,1,0,0
near_threshold_noise,78,0.817824263298834,0.159933677376565,0.374419917770834,0.374419917770834,1,1,0,0
near_threshold_noise,79,0.828729368926833,0.165494720544159,0.298805838934591,0.298805838934591,1,1,0,0
near_threshold_noise,80,0.839080612462113,0.153896924151176,0.22742115974204,0.22742115974204,1,1,0,0
near_threshold_noise,81,0.849872489687574,0.143382921120509,0.171202994450397,0.171202994450397,1,1,0,0
near_threshold_noise,82,0.860339591008134,0.143351294342682,0.183666275118662,0.183666275118662,1,1,0,0
near_threshold_noise,83,0.870885116321496,0.149053497251173,0.496499565462569,0.496499565462569,1,1,0,0
near_threshold_noise,84,0.881629628690455,0.135064589098817,0.282089217212907,0.282089217212907,1,1,0,0
near_threshold_noise,85,0.891968920758816,0.142604997860671,0.22586391330178,0.22586391330178,1,1,0,0
near_threshold_noise,86,0.902817561606901,0.133361387222048,0.148718433496061,0.148718433496061,1,1,0,0
near_threshold_noise,87,0.913205388135148,0.117214076098116,0.326015386108762,0.326015386108762,1,1,0,0
near_threshold_noise,88,0.923796282663448,0.112600709293577,0.335184586551946,0.335184586551946,1,1,0,0
near_threshold_noise,89,0.934351525727663,0.124141075314246,0.328679664140772,0.328679664140772,1,1,0,0
near_threshold_noise,90,0.944666913151314,0.159402266543972,0.219730766081662,0.219730766081662,1,1,0,0
near_threshold_noise,91,0.9554277958795,0.201705534762533,0.48045888179484,0.48045888179484,1,1,0,0
near_threshold_noise,92,0.965660165660117,0.15598449435032,0.222291993788314,0.222291993788314,1,1,0,0
near_threshold_noise,93,0.976319694711217,0.134070082761586,0.212941239331149,0.212941239331149,1,1,0,0
near_threshold_noise,94,0.986687429434789,0.160914671838249,0.362050262093589,0.362050262093589,1,1,0,0
near_threshold_noise,95,0.997122711343665,0.160598169170236,0.214946663697032,0.214946663697032,1,1,0,0
near_threshold_noise,96,1.00773142201852,0.152047493130801,0.196070269798701,0.196070269798701,1,1,0,0
near_threshold_noise,97,1.01792687153644,0.153722469296946,0.177433048815042,0.177433048815042,1,1,0,0
near_threshold_noise,98,1.02857909287707,0.138407888622927,0.277749166558518,0.277749166558518,1,1,0,0
near_threshold_noise,99,1.0388562900805,0.133318865425174,0.229275806472265,0.229275806472265,1,1,0,0
near_threshold_noise,100,1.04924412230291,0.152397188999442,0.134331210633088,0.152397188999442,1,1,0,0
near_threshold_noise,101,1.05968878679629,0.153323921286574,0.146925683748899,0.153323921286574,1,1,0,0
near_threshold_noise,102,1.06993470717458,0.130730183086114,0.269394588050512,0.269394588050512,1,1,0,0
near_threshold_noise,103,1.0805053157945,0.132521939068799,0.22331048450931,0.22331048450931,1,1,0,0
near_threshold_noise,104,1.09056215424518,0.153602121948495,0.230657435413433,0.230657435413433,1,1,0,0
near_threshold_noise,105,1.10113177853693,0.144864659361402,0.331283227552433,0.331283227552433,1,1,0,0
near_threshold_noise,106,1.11134168341458,0.130361562819338,0.165739571783692,0.165739571783692,1,1,0,0
near_threshold_noise,107,1.12164153249173,0.16223760641454,0.212676258873355,0.212676258873355,1,1,0,0
near_threshold_noise,108,1.13210760709367,0.149718050322987,0.230627137895805,0.230627137895805,1,1,0,0
near_threshold_noise,109,1.14216615939635,0.134122855931673,0.306343758880136,0.306343758880136,1,1,0,0
near_threshold_noise,110,1.15271336955513,0.128216845129755,0.350670678991587,0.350670678991587,1,1,0,0
near_threshold_noise,111,1.1628106397181,0.109700660923181,0.438413958974323,0.438413958974323,1,1,0,0
near_threshold_noise,112,1.17306993106431,0.12893451909243,0.225121686325209,0.225121686325209,1,1,0,0
near_threshold_noise,113,1.1832822100355,0.135264389883565,0.359821738105565,0.359821738105565,1,1,0,0
near_threshold_noise,114,1.19331607802785,0.125225335340728,0.261752806285788,0.261752806285788,1,1,0,0
near_threshold_noise,115,1.20373593025073,0.124885401757629,0.250271384956231,0.250271384956231,1,1,0,0
near_threshold_noise,116,1.21372735668275,0.141595632884652,0.152962158076621,0.152962158076621,1,1,0,0
near_threshold_noise,117,1.22406607489397,0.155527576538484,0.255863540393798,0.255863540393798,1,1,0,0
near_threshold_noise,118,1.23408566448723,0.131154313175868,0.223674506195241,0.223674506195241,1,1,0,0
near_threshold_noise,119,1.24416412989253,0.149722493844513,0.297066450409172,0.297066450409172,1,1,0,0
near_threshold_noise,120,1.25449680295092,0.138879237707487,0.294053655035504,0.294053655035504,1,1,0,0
near_threshold_noise,121,1.26430074117579,0.156161687464975,0.325386870878355,0.325386870878355,1,1,0,0
near_threshold_noise,122,1.27466462815299,0.157295049840436,0.292933873359948,0.292933873359948,1,1,0,0
near_threshold_noise,123,1.28457662624493,0.1388749934308,0.176225819206767,0.176225819206767,1,1,0,0
near_threshold_noise,124,1.29472330105952,0.151976889784717,0.288359596442581,0.288359596442581,1,1,0,0
near_threshold_noise,125,1.30491982320054,0.146276184997679,0.213458152307472,0.213458152307472,1,1,0,0
near_threshold_noise,126,1.31474206895638,0.137521720030889,0.259535036674397,0.259535036674397,1,1,0,0
near_threshold_noise,127,1.32500793949798,0.136947857912597,0.205403161274482,0.205403161274482,1,1,0,0
near_threshold_noise,128,1.33478437451124,0.14422962008719,0.263697906766886,0.263697906766886,1,1,0,0
near_threshold_noise,129,1.3449791082344,0.14403949027729,0.275226846426086,0.275226846426086,1,1,0,0
near_threshold_noise,130,1.35491280308279,0.164863281243563,0.286736216045792,0.286736216045792,1,1,0,0
near_threshold_noise,131,1.36483817142416,0.144210872305176,0.18967021875154,0.18967021875154,1,1,0,0
near_threshold_noise,132,1.37504140951828,0.116539272354118,0.417443042321156,0.417443042321156,1,1,0,0
near_threshold_noise,133,1.38485549968953,0.142589414796699,0.172323423747245,0.172323423747245,1,1,0,0
near_threshold_noise,134,1.39512969566143,0.153959232414588,0.188224899772289,0.188224899772289,1,1,0,0
near_threshold_noise,135,1.40494962835346,0.125827533983522,0.3628987572634,0.3628987572634,1,1,0,0
near_threshold_noise,136,1.41512017562226,0.104719965903755,0.5132783814742,0.5132783814742,1,1,0,0
near_threshold_noise,137,1.42512802399093,0.214757533871577,0.611392281958827,0.611392281958827,1,1,0,0
near_threshold_noise,138,1.43495395496042,0.531279255061309,0.686359707403515,0.686359707403515,1,1,0,0
near_threshold_noise,139,1.44520909695446,0.650137968972743,0.686359707403515,0.686359707403515,1,1,0,0
near_threshold_noise,140,1.45559090751503,0.567768404516252,0.686359707403515,0.686359707403515,1,1,0,0
near_threshold_noise,141,1.46592564859862,0.341420996876783,0.686359707403515,0.686359707403515,1,1,0,0
near_threshold_noise,142,1.47587164063651,0.134273514361995,0.286696906993274,0.286696906993274,1,1,0,0
near_threshold_noise,143,1.48577538021512,0.114903279963028,0.393104820043269,0.393104820043269,1,1,0,0
near_threshold_noise,144,1.4958092089868,0.123908320450787,0.354925698166386,0.354925698166386,1,1,0,0
near_threshold_noise,145,1.5055229446549,0.1221875948189,0.37208457082673,0.37208457082673,1,1,0,0
near_threshold_noise,146,1.51566710615348,0.122462105194855,0.459999270927184,0.459999270927184,1,1,0,0
near_threshold_noise,147,1.5253741989532,0.139205274297866,0.4489878697047,0.4489878697047,1,1,0,0
near_threshold_noise,148,1.53530541000099,0.163974009569348,0.279486226618893,0.279486226618893,1,1,0,0
near_threshold_noise,149,1.54525226216809,0.142924398085529,0.226519708932736,0.226519708932736,1,1,0,0
near_threshold_noise,150,1.554928258246,0.115715542568543,0.404827529001902,0.404827529001902,1,1,0,0
near_threshold_noise,151,1.56503973482825,0.121852126715223,0.406381388593923,0.406381388593923,1,1,0,0
near_threshold_noise,152,1.57468579964449,0.125378823887132,0.291590479536949,0.291590479536949,1,1,0,0
near_threshold_noise,153,1.5847668524505,0.129831043798929,0.433690902304341,0.433690902304341,1,1,0,0
near_threshold_noise,154,1.59459074366695,0.127203074283049,0.289056425704759,0.289056425704759,1,1,0,0
near_threshold_noise,155,1.60444092005219,0.136166143671754,0.396227680973496,0.396227680973496,1,1,0,0
near_threshold_noise,156,1.61455774496819,0.124410008841826,0.347539213020845,0.347539213020845,1,1,0,0
near_threshold_noise,157,1.62419748205347,0.133129628442612,0.367254523626803,0.367254523626803,1,1,0,0
near_threshold_noise,158,1.6342853960449,0.166305637320735,0.383457551461099,0.383457551461099,1,1,0,0
near_threshold_noise,159,1.6438894403522,0.154244180093186,0.1958470462574,0.1958470462574,1,1,0,0
near_threshold_noise,160,1.6539554810773,0.124657281288791,0.325981965991846,0.325981965991846,1,1,0,0
near_threshold_noise,161,1.66385350900903,0.119931636224202,0.318954622588769,0.318954622588769,1,1,0,0
near_threshold_noise,162,1.67362094281604,0.136440014424875,0.257355403572651,0.257355403572651,1,1,0,0
near_threshold_noise,163,1.68376612998336,0.126922572937386,0.300247828128265,0.300247828128265,1,1,0,0
near_threshold_noise,164,1.6934438624996,0.139175334716977,0.256935289371842,0.256935289371842,1,1,0,0
near_threshold_noise,165,1.70349914494277,0.140772588546214,0.402246614813844,0.402246614813844,1,1,0,0
near_threshold_noise,166,1.71324773792077,0.121821354288487,0.307848348244277,0.307848348244277,1,1,0,0
near_threshold_noise,167,1.7231222175148,0.142181397774206,0.253727729730376,0.253727729730376,1,1,0,0
near_threshold_noise,168,1.73318108105995,0.139249014387952,0.252031307240167,0.252031307240167,1,1,0,0
near_threshold_noise,169,1.74280221397082,0.119837959357004,0.355235248775172,0.355235248775172,1,1,0,0
near_threshold_noise,170,1.75293426857351,0.1503114392506,0.261722474233402,0.261722474233402,1,1,0,0
near_threshold_noise,171,1.7626107435986,0.167708690116512,0.244928983998711,0.244928983998711,1,1,0,0
near_threshold_noise,172,1.77262575435583,0.167594043315542,0.399136812995346,0.399136812995346,1,1,0,0
near_threshold_noise,173,1.78258335399245,0.177397417758688,0.346335802357715,0.346335802357715,1,1,0,0
near_threshold_noise,174,1.79232239470509,0.164569589259989,0.286984649728976,0.286984649728976,1,1,0,0
near_threshold_noise,175,1.80240466377456,0.151862666641033,0.261498699369442,0.261498699369442,1,1,0,0
near_threshold_noise,176,1.81207107499322,0.173176710377004,0.28677000863119,0.28677000863119,1,1,0,0
near_threshold_noise,177,1.82225944304039,0.158304329198824,0.29765491523873,0.29765491523873,1,1,0,0
near_threshold_noise,178,1.83204618058206,0.122502256535173,0.309989127022657,0.309989127022657,1,1,0,0
near_threshold_noise,179,1.84194388513051,0.136354305377741,0.252045579890486,0.252045579890486,1,1,0,0
near_threshold_noise,180,1.85198097913686,0.149819612611568,0.292821018791781,0.292821018791781,1,1,0,0
near_threshold_noise,181,1.86171412332495,0.131789572606558,0.213121572687008,0.213121572687008,1,1,0,0
near_threshold_noise,182,1.87190163366094,0.124726783839246,0.296958928087895,0.296958928087895,1,1,0,0
near_threshold_noise,183,1.88171343593087,0.136538813810903,0.185068219748957,0.185068219748957,1,1,0,0
near_threshold_noise,184,1.89171289737685,0.136351361325493,0.31552125395342,0.31552125395342,1,1,0,0
near_threshold_noise,185,1.90176077200822,0.143514659019127,0.409823467713218,0.409823467713218,1,1,0,0
near_threshold_noise,186,1.91155484758501,0.15330671087506,0.347218776089353,0.347218776089353,1,1,0,0
near_threshold_noise,187,1.92181225141441,0.124306337810167,0.308199448787543,0.308199448787543,1,1,0,0
near_threshold_noise,188,1.93164151481384,0.151731396931267,0.37805431392165,0.37805431392165,1,1,0,0
near_threshold_noise,189,1.94181008398335,0.156057871407171,0.294722490477806,0.294722490477806,1,1,0,0
near_threshold_noise,190,1.95174940809594,0.135617091213201,0.187358794973411,0.187358794973411,1,1,0,0
near_threshold_noise,191,1.96172938028507,0.160752242985499,0.277038005485755,0.277038005485755,1,1,0,0
near_threshold_noise,192,1.97188049190681,0.156183902995793,0.244008983151288,0.244008983151288,1,1,0,0
near_threshold_noise,193,1.98170230308726,0.161378451960155,0.206250245670405,0.206250245670405,1,1,0,0
near_threshold_noise,194,1.99205607438138,0.166035012877996,0.23567622768648,0.23567622768648,1,1,0,0
near_threshold_noise,195,2.0019340455213,0.138273046221051,0.17498885318393,0.17498885318393,1,1,0,0
near_threshold_noise,196,2.01204995701306,0.279402927661819,0.686359707403515,0.686359707403515,1,1,0,0
near_threshold_noise,197,2.02217574136623,0.512955852477569,0.686359707403515,0.686359707403515,1,1,0,0
near_threshold_noise,198,2.03229091522326,0.577378579811523,0.686359707403515,0.686359707403515,1,1,0,0
near_threshold_noise,199,2.04264989984955,0.538350385489579,0.686359707403515,0.686359707403515,1,1,0,0
near_threshold_noise,200,2.05296219185386,0.317432500225226,0.686359707403515,0.686359707403515,1,1,0,0
near_threshold_noise,201,2.06326041824045,0.139107486911585,0.202222705028913,0.202222705028913,1,1,0,0
near_threshold_noise,202,2.07331664412045,0.120381804963083,0.23792555846717,0.23792555846717,1,1,0,0
near_threshold_noise,203,2.08351224841597,0.138881698714565,0.227815527643537,0.227815527643537,1,1,0,0
near_threshold_noise,204,2.09385147134605,0.153603067814813,0.148366319458347,0.153603067814813,1,1,0,0
near_threshold_noise,205,2.10378528193005,0.13671506421115,0.172457143017347,0.172457143017347,1,1,0,0
near_threshold_noise,206,2.11420500204504,0.142437098592729,0.18453002167007,0.18453002167007,1,1,0,0
near_threshold_noise,207,2.12422612149416,0.161540331758392,0.200119066045429,0.200119066045429,1,1,0,0
near_threshold_noise,208,2.13460965612794,0.173718177162336,0.265576280610707,0.265576280610707,1,1,0,0
near_threshold_noise,209,2.14503252664252,0.169142209157476,0.238749515931416,0.238749515931416,1,1,0,0
near_threshold_noise,210,2.15514210358986,0.170235769780899,0.291437155167821,0.291437155167821,1,1,0,0
near_threshold_noise,211,2.16571091639092,0.162831753017685,0.36823303088288,0.36823303088288,1,1,0,0
near_threshold_noise,212,2.17573201649278,0.119768965867763,0.245471236340429,0.245471236340429,1,1,0,0
near_threshold_noise,213,2.18630686970297,0.110520211570948,0.376677658260733,0.376677658260733,1,1,0,0
near_threshold_noise,214,2.1965523098398,0.135450973796573,0.332825983718328,0.332825983718328,1,1,0,0
near_threshold_noise,215,2.2068031259113,0.140904188949078,0.177027549126313,0.177027549126313,1,1,0,0
near_threshold_noise,216,2.21735050532007,0.151845107614879,0.361367927685606,0.361367927685606,1,1,0,0
near_threshold_noise,217,2.22748114980476,0.17231881136882,0.383021777090106,0.383021777090106,1,1,0,0
near_threshold_noise,218,2.23818787141023,0.15885507121832,0.16862651990303,0.16862651990303,1,1,0,0
near_threshold_noise,219,2.2483332008145,0.147534925014743,0.180518066711428,0.180518066711428,1,1,0,0
near_threshold_noise,220,2.25882097552832,0.131888594517076,0.145330659898446,0.145330659898446,1,1,0,0
near_threshold_noise,221,2.26929071521341,0.131675121515517,0.19990862103148,0.19990862103148,1,1,0,0
near_threshold_noise,222,2.27953062691648,0.145017723670875,0.321447026973465,0.321447026973465,1,1,0,0
near_threshold_noise,223,2.29020207549511,0.15733497418885,0.269962712861768,0.269962712861768,1,1,0,0
near_threshold_noise,224,2.3003986302095,0.140795804684116,0.350051436388976,0.350051436388976,1,1,0,0
near_threshold_noise,225,2.31112070350383,0.150740017031727,0.337987610355603,0.337987610355603,1,1,0,0
near_threshold_noise,226,2.32143249953108,0.142424582236602,0.225704749273617,0.225704749273617,1,1,0,0
near_threshold_noise,227,2.33191898219105,0.122040231751379,0.213802767291764,0.213802767291764,1,1,0,0
near_threshold_noise,228,2.34255492495946,0.135818905674603,0.206948592661849,0.206948592661849,1,1,0,0
near_threshold_noise,229,2.35281820087145,0.146471359554633,0.200418178901217,0.200418178901217,1,1,0,0
near_threshold_noise,230,2.36359899681328,0.128121550566886,0.201236814627774,0.201236814627774,1,1,0,0
near_threshold_noise,231,2.37391930850312,0.116244524121985,0.301436501896472,0.301436501896472,1,1,0,0
near_threshold_noise,232,2.38453295442353,0.117125581383796,0.274946852660877,0.274946852660877,1,1,0,0
near_threshold_noise,233,2.39513984043191,0.126935446774406,0.232151957123201,0.232151957123201,1,1,0,0
near_threshold_noise,234,2.40556712269148,0.128255807853631,0.46141142059343,0.46141142059343,1,1,0,0
near_threshold_noise,235,2.4164377171625,0.166054005991213,0.379669688473597,0.379669688473597,1,1,0,0
near_threshold_noise,236,2.42670497350364,0.171869108494162,0.307652288599725,0.307652288599725,1,1,0,0
near_threshold_noise,237,2.43760039587283,0.129829019179917,0.206809642937834,0.206809642937834,1,1,0,0
near_threshold_noise,238,2.44808872447543,0.119194585832272,0.432213738591482,0.432213738591482,1,1,0,0
near_threshold_noise,239,2.45866981840152,0.14090656286422,0.163111291767659,0.163111291767659,1,1,0,0
near_threshold_noise,240,2.46942434327226,0.154741156269711,0.365441497881097,0.365441497881097,1,1,0,0
near_threshold_noise,241,2.4797814312125,0.14068370906304,0.250043242279209,0.250043242279209,1,1,0,0
near_threshold_noise,242,2.49070371416911,0.136757692650971,0.178811541830924,0.178811541830924,1,1,0,0
near_threshold_noise,243,2.50114565671008,0.135675144153042,0.230982745105926,0.230982745105926,1,1,0,0
near_threshold_noise,244,2.511898816569,0.136034586476282,0.202609076958977,0.202609076958977,1,1,0,0
near_threshold_noise,245,2.52266280703319,0.131937864482337,0.215461327362515,0.215461327362515,1,1,0,0
near_threshold_noise,246,2.53319497244429,0.115916949833951,0.352078621873435,0.352078621873435,1,1,0,0
near_threshold_noise,247,2.5440876558898,0.108832680119244,0.383512474550701,0.383512474550701,1,1,0,0
near_threshold_noise,248,2.5545043523048,0.132935084057653,0.324752182977357,0.324752182977357,1,1,0,0
near_threshold_noise,249,2.56533713006955,0.139539918935763,0.288977050435188,0.288977050435188,1,1,0,0
near_threshold_noise,250,2.57594961815177,0.115649874905703,0.355766874830936,0.355766874830936,1,1,0,0
near_threshold_noise,251,2.58665132944207,0.133416284844277,0.337064226980661,0.337064226980661,1,1,0,0
near_threshold_noise,252,2.59753368557166,0.137364854370645,0.330744425211657,0.330744425211657,1,1,0,0
near_threshold_noise,253,2.60801177571327,0.11900674272882,0.403855424903305,0.403855424903305,1,1,0,0
near_threshold_noise,254,2.61899513828665,0.138353597169924,0.465675386141199,0.465675386141199,1,1,0,0
near_threshold_noise,255,2.62953941761406,0.246540102932106,0.66785045302914,0.66785045302914,1,1,0,0
near_threshold_noise,256,2.64032861480204,0.524746215568092,0.686359707403515,0.686359707403515,1,1,0,0
near_threshold_noise,257,2.65107579994837,0.650081730800738,0.686359707403515,0.686359707403515,1,1,0,0
near_threshold_noise,258,2.66143070365567,0.568717173347667,0.686359707403515,0.686359707403515,1,1,0,0
near_threshold_noise,259,2.67166301643621,0.342132826992365,0.686359707403515,0.686359707403515,1,1,0,0
near_threshold_noise,260,2.68204827854921,0.210921184458596,0.563275271156729,0.563275271156729,1,1,0,0
near_threshold_noise,261,2.69299057803675,0.142580143230566,0.328813286303199,0.328813286303199,1,1,0,0
near_threshold_noise,262,2.70366810713547,0.130219521222907,0.308724611811232,0.308724611811232,1,1,0,0
near_threshold_noise,263,2.71434617987735,0.123212410751855,0.308385178328793,0.308385178328793,1,1,0,0
near_threshold_noise,264,2.72528563932359,0.133216606971183,0.222460694797632,0.222460694797632,1,1,0,0
near_threshold_noise,265,2.73581288524971,0.146840037926842,0.246228172333192,0.246228172333192,1,1,0,0
near_threshold_noise,266,2.74677292075266,0.121066294654497,0.260643883511012,0.260643883511012,1,1,0,0
near_threshold_noise,267,2.75729527105169,0.110097132783273,0.386941188981548,0.386941188981548,1,1,0,0
near_threshold_noise,268,2.76813402251229,0.149182840837391,0.21296385230275,0.21296385230275,1,1,0,0
near_threshold_noise,269,2.77887052934371,0.187424446481042,0.461836606309143,0.461836606309143,1,1,0,0
near_threshold_noise,270,2.78940249683198,0.169167393021714,0.328243389904014,0.328243389904014,1,1,0,0
near_threshold_noise,271,2.80042868073328,0.142674220054246,0.276483759502675,0.276483759502675,1,1,0,0
near_threshold_noise,272,2.81096177785873,0.140885376136603,0.264014422749242,0.264014422749242,1,1,0,0
near_threshold_noise,273,2.82192129424295,0.135908368726963,0.260064035446589,0.260064035446589,1,1,0,0
near_threshold_noise,274,2.83259812240166,0.116857446854314,0.447165756321328,0.447165756321328,1,1,0,0
near_threshold_noise,275,2.843320132993,0.126608635650395,0.421315921276269,0.421315921276269,1,1,0,0
near_threshold_noise,276,2.8541967957174,0.130097806782139,0.437415839203992,0.437415839203992,1,1,0,0
near_threshold_noise,277,2.86467467356341,0.145231257537766,0.267588004744159,0.267588004744159,1,1,0,0
near_threshold_noise,278,2.87563191438593,0.146224064690265,0.218343762181243,0.218343762181243,1,1,0,0
near_threshold_noise,279,2.88604705924876,0.127504708480252,0.364285709849071,0.364285709849071,1,1,0,0
near_threshold_noise,280,2.89685943550167,0.169135928488667,0.353167338140105,0.353167338140105,1,1,0,0
near_threshold_noise,281,2.9075785814891,0.172100345107072,0.321985571008372,0.321985571008372,1,1,0,0
near_threshold_noise,282,2.91805251144146,0.134499636252968,0.198994576506675,0.198994576506675,1,1,0,0
near_threshold_noise,283,2.92896746970016,0.126568030882976,0.225838847270433,0.225838847270433,1,1,0,0
near_threshold_noise,284,2.93941191991211,0.111292283908022,0.374626980549799,0.374626980549799,1,1,0,0
near_threshold_noise,285,2.95027532516974,0.104287753046838,0.540955449964946,0.540955449964946,1,1,0,0
near_threshold_noise,286,2.96088060325006,0.11137832336865,0.353362832071625,0.353362832071625,1,1,0,0
near_threshold_noise,287,2.97142183839168,0.144016205921494,0.257152343879364,0.257152343879364,1,1,0,0
near_threshold_noise,288,2.9822882337393,0.151875254211547,0.229682864741914,0.229682864741914,1,1,0,0
near_threshold_noise,289,2.9926770637261,0.144888135766496,0.355338727854611,0.355338727854611,1,1,0,0
near_threshold_noise,290,3.00354908325788,0.14646630559743,0.159355734315432,0.159355734315432,1,1,0,0
near_threshold_noise,291,3.01390313231378,0.129238355771742,0.233879562187086,0.233879562187086,1,1,0,0
near_threshold_noise,292,3.02459398238253,0.130217191152176,0.230776776506133,0.230776776506133,1,1,0,0
near_threshold_noise,293,3.03522432436168,0.129936927557962,0.374718826315494,0.374718826315494,1,1,0,0
near_threshold_noise,294,3.04556675517013,0.125999402879348,0.281269103275038,0.281269103275038,1,1,0,0
near_threshold_noise,295,3.05636516330432,0.117177568204263,0.319982119150397,0.319982119150397,1,1,0,0
near_threshold_noise,296,3.06664922096925,0.111136714685959,0.34080037087783,0.34080037087783,1,1,0,0
near_threshold_noise,297,3.07740642558112,0.126217432125342,0.268016048289721,0.268016048289721,1,1,0,0
near_threshold_noise,298,3.08786081235625,0.167724045634287,0.281770206055335,0.281770206055335,1,1,0,0
near_threshold_noise,299,3.09830582090525,0.16502394408639,0.296025203286983,0.296025203286983,1,1,0,0
near_threshold_noise,300,3.10899813442718,0.163904256147268,0.398749635386934,0.398749635386934,1,1,0,0
near_threshold_noise,301,3.11920920419145,0.150956623738976,0.366946067806341,0.366946067806341,1,1,0,0
near_threshold_noise,302,3.13001226050273,0.168165536920694,0.237792606375742,0.237792606375742,1,1,0,0
near_threshold_noise,303,3.14030728876716,0.162559455887131,0.304479765847661,0.304479765847661,1,1,0,0
near_threshold_noise,304,3.15089283178269,0.186341725273654,0.33755975585362,0.33755975585362,1,1,0,0
near_threshold_noise,305,3.16137946753259,0.215915380177232,0.606411494564049,0.606411494564049,1,1,0,0
near_threshold_noise,306,3.17168714024515,0.1646691792207,0.275007886524523,0.275007886524523,1,1,0,0
near_threshold_noise,307,3.18237529783664,0.121683763638796,0.418161214118734,0.418161214118734,1,1,0,0
near_threshold_noise,308,3.19254789720971,0.110633867044142,0.433685904654666,0.433685904654666,1,1,0,0
near_threshold_noise,309,3.20309180191794,0.123607843248336,0.456130372450746,0.456130372450746,1,1,0,0
near_threshold_noise,310,3.21340255942012,0.169998677963133,0.278090569187577,0.278090569187577,1,1,0,0
near_threshold_noise,311,3.22372362098514,0.17153966471622,0.261753739641641,0.261753739641641,1,1,0,0
near_threshold_noise,312,3.23427785380395,0.125049932316551,0.287986640850369,0.287986640850369,1,1,0,0
near_threshold_noise,313,3.24437560800394,0.153354551250664,0.304246931497624,0.304246931497624,1,1,0,0
near_threshold_noise,314,3.25498922509154,0.268550396272859,0.665860447295986,0.665860447295986,1,1,0,0
near_threshold_noise,315,3.26505750355605,0.574063090107072,0.686359707403515,0.686359707403515,1,1,0,0
near_threshold_noise,316,3.27534065512253,0.671682458580893,0.686359707403515,0.686359707403515,1,1,0,0
near_threshold_noise,317,3.2857207380013,0.595422270139848,0.686359707403515,0.686359707403515,1,1,0,0
near_threshold_noise,318,3.29599727498133,0.320811159766479,0.686359707403515,0.686359707403515,1,1,0,0
near_threshold_noise,319,3.30633028050339,0.129087618750508,0.260400576051978,0.260400576051978,1,1,0,0
near_threshold_noise,320,3.31634340622193,0.121628534698653,0.239027799370126,0.239027799370126,1,1,0,0
near_threshold_noise,321,3.32675704673677,0.125151598141118,0.252079942492748,0.252079942492748,1,1,0,0
near_threshold_noise,322,3.33689281543053,0.12038259345782,0.322817308803007,0.322817308803007,1,1,0,0
near_threshold_noise,323,3.34707950366694,0.144792629739365,0.136221175815229,0.144792629739365,1,1,0,0
near_threshold_noise,324,3.35746119635064,0.150701328219057,0.190666952390639,0.190666952390639,1,1,0,0
near_threshold_noise,325,3.36738036052734,0.14664442900444,0.133681418810529,0.14664442900444,1,1,0,0
near_threshold_noise,326,3.37785325441615,0.173273952052542,0.268655726122386,0.268655726122386,1,1,0,0
near_threshold_noise,327,3.38783695575562,0.13861084658019,0.362050292970552,0.362050292970552,1,1,0,0
near_threshold_noise,328,3.39812658235003,0.107482963916927,0.43117031500091,0.43117031500091,1,1,0,0
near_threshold_noise,329,3.40834216907505,0.147146370038932,0.173680136000134,0.173680136000134,1,1,0,0
near_threshold_noise,330,3.41837413297548,0.164463158230322,0.210691712370497,0.210691712370497,1,1,0,0
near_threshold_noise,331,3.42870902595171,0.155054353739157,0.207926748508847,0.207926748508847,1,1,0,0
near_threshold_noise,332,3.43861999120653,0.148881033461629,0.207184232622522,0.207184232622522,1,1,0,0
near_threshold_noise,333,3.44897909431709,0.141433381914558,0.396990298605995,0.396990298605995,1,1,0,0
near_threshold_noise,334,3.45899047886099,0.131041048388633,0.309021468238208,0.309021468238208,1,1,0,0
near_threshold_noise,335,3.46901206688641,0.142404347406944,0.213127161193873,0.213127161193873,1,1,0,0
near_threshold_noise,336,3.47927001206356,0.175720948206753,0.375623746169304,0.375623746169304,1,1,0,0
near_threshold_noise,337,3.4890493678217,0.190522125165355,0.420388153060902,0.420388153060902,1,1,0,0
near_threshold_noise,338,3.49939301951197,0.17623968666798,0.286280354479809,0.286280354479809,1,1,0,0
near_threshold_noise,339,3.50916645596381,0.145956293440566,0.159697790223551,0.159697790223551,1,1,0,0
near_threshold_noise,340,3.51932466320339,0.141380026381878,0.192689077616267,0.192689077616267,1,1,0,0
near_threshold_noise,341,3.52938920629575,0.151879510199607,0.175590827917012,0.175590827917012,1,1,0,0
near_threshold_noise,342,3.53929505606439,0.132195312363249,0.217293763654109,0.217293763654109,1,1,0,0
near_threshold_noise,343,3.54951863405829,0.127380892739187,0.527936671803398,0.527936671803398,1,1,0,0
near_threshold_noise,344,3.5592861785179,0.131595851068915,0.540218959486697,0.540218959486697,1,1,0,0
near_threshold_noise,345,3.56939857489649,0.123043557302259,0.444458608707752,0.444458608707752,1,1,0,0
near_threshold_noise,346,3.57937026209057,0.11559976127921,0.391136833615227,0.391136833615227,1,1,0,0
near_threshold_noise,347,3.58933667862908,0.132063850657058,0.242945665181762,0.242945665181762,1,1,0,0
near_threshold_noise,348,3.59944837700119,0.144802027515369,0.195447306165757,0.195447306165757,1,1,0,0
near_threshold_noise,349,3.60921466703414,0.124831196654105,0.26508306820453,0.26508306820453,1,1,0,0
near_threshold_noise,350,3.61937475908128,0.1334606156313,0.238496580414604,0.238496580414604,1,1,0,0
near_threshold_noise,351,3.6291364323163,0.145882697522812,0.179603345223948,0.179603345223948,1,1,0,0
near_threshold_noise,352,3.63923178233329,0.148260679666842,0.323857702816769,0.323857702816769,1,1,0,0
near_threshold_noise,353,3.64920055390656,0.159162269261273,0.25456725566684,0.25456725566684,1,1,0,0
near_threshold_noise,354,3.65890443136698,0.161741198369268,0.356291630887981,0.356291630887981,1,1,0,0
near_threshold_noise,355,3.66904122579716,0.144835602048023,0.314409653024936,0.314409653024936,1,1,0,0
near_threshold_noise,356,3.67863296749702,0.140817979318778,0.231394057358703,0.231394057358703,1,1,0,0
near_threshold_noise,357,3.688670938548,0.145172350295252,0.270152191931363,0.270152191931363,1,1,0,0
near_threshold_noise,358,3.69845145243768,0.139989516670211,0.213836003328165,0.213836003328165,1,1,0,0
near_threshold_noise,359,3.70832228937586,0.147165275733469,0.301992788284462,0.301992788284462,1,1,0,0
near_threshold_noise,360,3.71842074761931,0.157295237986715,0.253305029167101,0.253305029167101,1,1,0,0
near_threshold_noise,361,3.72806275824155,0.149216131680893,0.244148575900912,0.244148575900912,1,1,0,0
near_threshold_noise,362,3.73819455734448,0.132474715498237,0.34010014815623,0.34010014815623,1,1,0,0
near_threshold_noise,363,3.74783997778061,0.155038417851134,0.29122150328059,0.29122150328059,1,1,0,0
near_threshold_noise,364,3.75780749062263,0.194704990390867,0.471601993569206,0.471601993569206,1,1,0,0
near_threshold_noise,365,3.76771387061672,0.160190481610497,0.245365513521855,0.245365513521855,1,1,0,0
near_threshold_noise,366,3.77747809024026,0.128715482580181,0.382160179591974,0.382160179591974,1,1,0,0
near_threshold_noise,367,3.78759862647897,0.126295703182056,0.34290740279779,0.34290740279779,1,1,0,0
near_threshold_noise,368,3.79723533668416,0.120241996526569,0.414254681792726,0.414254681792726,1,1,0,0
near_threshold_noise,369,3.80724745024542,0.146001583047142,0.436625978216242,0.436625978216242,1,1,0,0
near_threshold_noise,370,3.81703924123631,0.19821043466718,0.546444159753163,0.546444159753163,1,1,0,0
near_threshold_noise,371,3.8268238782185,0.168740233819236,0.569985748338092,0.569985748338092,1,1,0,0
near_threshold_noise,372,3.83683872198491,0.152168748485346,0.407185873873412,0.407185873873412,1,1,0,0
near_threshold_noise,373,3.84641912256007,0.280731128940212,0.686359707403515,0.686359707403515,1,1,0,0
near_threshold_noise,374,3.85650954457961,0.560870014372808,0.686359707403515,0.686359707403515,1,1,0,0
near_threshold_noise,375,3.86652156872812,0.640801819785126,0.686359707403515,0.686359707403515,1,1,0,0
near_threshold_noise,376,3.87681694454427,0.582262762942011,0.686359707403515,0.686359707403515,1,1,0,0
near_threshold_noise,377,3.8870943893203,0.330777327758583,0.686359707403515,0.686359707403515,1,1,0,0
near_threshold_noise,378,3.89716032928518,0.143731338063298,0.224039420540708,0.224039420540708,1,1,0,0
near_threshold_noise,379,3.90724190784521,0.142073344500117,0.327289297940483,0.327289297940483,1,1,0,0
near_threshold_noise,380,3.91695226211655,0.129301654654505,0.33825666370952,0.33825666370952,1,1,0,0
near_threshold_noise,381,3.92696634015569,0.110053723596619,0.459571179082659,0.459571179082659,1,1,0,0
near_threshold_noise,382,3.9368078187622,0.13088264286751,0.268244534095256,0.268244534095256,1,1,0,0
near_threshold_noise,383,3.94662233808522,0.137642307614923,0.251531278505061,0.251531278505061,1,1,0,0
near_threshold_noise,384,3.95666025713664,0.130218756939162,0.25087207104361,0.25087207104361,1,1,0,0
near_threshold_noise,385,3.9663654057839,0.15791938624274,0.257441867632448,0.257441867632448,1,1,0,0
near_threshold_noise,386,3.97653190839804,0.156333136471818,0.297436862457001,0.297436862457001,1,1,0,0
near_threshold_noise,387,3.9862258588027,0.152733583214529,0.29225289285658,0.29225289285658,1,1,0,0
near_threshold_noise,388,3.99621398905013,0.13313774198109,0.29094635481631,0.29094635481631,1,1,0,0
near_threshold_noise,389,4.00617907299194,0.132050659326464,0.29204489364651,0.29204489364651,1,1,0,0
near_threshold_noise,390,4.01604909741735,0.157357379856797,0.233303603997314,0.233303603997314,1,1,0,0
near_threshold_noise,391,4.02621072534431,0.138447385932082,0.234559006154959,0.234559006154959,1,1,0,0
near_threshold_noise,392,4.03588751763499,0.108210115103567,0.425444385206002,0.425444385206002,1,1,0,0
near_threshold_noise,393,4.04608106421303,0.120814330122878,0.383153009445289,0.383153009445289,1,1,0,0
near_threshold_noise,394,4.05594332171041,0.153489234055267,0.316612890562669,0.316612890562669,1,1,0,0
near_threshold_noise,395,4.06586345795842,0.163749431219521,0.265008356898951,0.265008356898951,1,1,0,0
near_threshold_noise,396,4.07600714544307,0.145364081385094,0.306735940818374,0.306735940818374,1,1,0,0
near_threshold_noise,397,4.08570401840687,0.133169346112639,0.195914101777782,0.195914101777782,1,1,0,0
near_threshold_noise,398,4.09595953382681,0.177249386851741,0.335369228230771,0.335369228230771,1,1,0,0
near_threshold_noise,399,4.10579400075959,0.197883680157943,0.454836359541341,0.454836359541341,1,1,0,0
near_threshold_noise,400,4.11597668820937,0.162530824665843,0.242210660110132,0.242210660110132,1,1,0,0
near_threshold_noise,401,4.12604615554752,0.126697101342375,0.275844138492319,0.275844138492319,1,1,0,0
near_threshold_noise,402,4.13591375802326,0.13199815215568,0.192104428075789,0.192104428075789,1,1,0,0
near_threshold_noise,403,4.14620701086999,0.147062975399125,0.16677257645458,0.16677257645458,1,1,0,0
near_threshold_noise,404,4.15604294306514,0.148555976055713,0.149884790086309,0.149884790086309,1,1,0,0
near_threshold_noise,405,4.16632777549192,0.18525652430922,0.572765575006462,0.572765575006462,1,1,0,0
near_threshold_noise,406,4.17634448685648,0.155238328470333,0.522502420885097,0.522502420885097,1,1,0,0
near_threshold_noise,407,4.18640198193533,0.144202840864319,0.172482268195633,0.172482268195633,1,1,0,0
near_threshold_noise,408,4.19663085915344,0.147482382249548,0.29571828873795,0.29571828873795,1,1,0,0
near_threshold_noise,409,4.20642325216212,0.132359598762848,0.210085526117955,0.210085526117955,1,1,0,0
near_threshold_noise,410,4.21680654294642,0.14492045502779,0.203369421742665,0.203369421742665,1,1,0,0
near_threshold_noise,411,4.22676469569483,0.146132827298482,0.398600275929772,0.398600275929772,1,1,0,0
near_threshold_noise,412,4.23696625461992,0.159318641258542,0.509334528682022,0.509334528682022,1,1,0,0
near_threshold_noise,413,4.2470740081903,0.164144258696042,0.482901391704207,0.482901391704207,1,1,0,0
near_threshold_noise,414,4.25713230571417,0.136319978577713,0.322734763503515,0.322734763503515,1,1,0,0
near_threshold_noise,415,4.26760294276132,0.128430689079073,0.333057435080967,0.333057435080967,1,1,0,0
near_threshold_noise,416,4.27755402362678,0.148303984823921,0.456590536148025,0.456590536148025,1,1,0,0
near_threshold_noise,417,4.28799098559492,0.172851724945904,0.287649043625461,0.287649043625461,1,1,0,0
near_threshold_noise,418,4.29806931256041,0.158549822965042,0.205160416819611,0.205160416819611,1,1,0,0
near_threshold_noise,419,4.30835100366959,0.150077371661827,0.181165934776792,0.181165934776792,1,1,0,0
near_threshold_noise,420,4.31875297750025,0.142915910908183,0.213509824850207,0.213509824850207,1,1,0,0
near_threshold_noise,421,4.32875333596678,0.134151927549137,0.141627375224406,0.141627375224406,1,1,0,0
near_threshold_noise,422,4.33924274538265,0.132725249063567,0.157611317023063,0.157611317023063,1,1,0,0
near_threshold_noise,423,4.34932853335212,0.11404620062511,0.28995026314589,0.28995026314589,1,1,0,0
near_threshold_noise,424,4.35969891426364,0.159984453773883,0.233744788202709,0.233744788202709,1,1,0,0
near_threshold_noise,425,4.370061774856,0.1719190038905,0.35943721265358,0.35943721265358,1,1,0,0
near_threshold_noise,426,4.38023341688012,0.145134648630617,0.141678307890097,0.145134648630617,1,1,0,0
near_threshold_noise,427,4.39086834025909,0.140389776479349,0.230264566928768,0.230264566928768,1,1,0,0
near_threshold_noise,428,4.40094119100416,0.143253021534549,0.131404227541066,0.143253021534549,1,1,0,0
near_threshold_noise,429,4.41150287391555,0.145179081781258,0.208882643087651,0.208882643087651,1,1,0,0
near_threshold_noise,430,4.42175971897314,0.13518117696734,0.196218728397297,0.196218728397297,1,1,0,0
near_threshold_noise,431,4.43218291045306,0.160060900213407,0.195305865280054,0.195305865280054,1,1,0,0
near_threshold_noise,432,4.44271531268919,0.25191564839216,0.686359707403515,0.686359707403515,1,1,0,0
near_threshold_noise,433,4.45284933786908,0.513599812337998,0.686359707403515,0.686359707403515,1,1,0,0
near_threshold_noise,434,4.46343102010201,0.654153569620749,0.686359707403515,0.686359707403515,1,1,0,0
near_threshold_noise,435,4.47381834860228,0.630578897359426,0.686359707403515,0.686359707403515,1,1,0,0
near_threshold_noise,436,4.48397731594174,0.390444595823309,0.686359707403515,0.686359707403515,1,1,0,0
near_threshold_noise,437,4.49429755500616,0.194545074006836,0.436659018191601,0.436659018191601,1,1,0,0
near_threshold_noise,438,4.50464357595011,0.175474266061519,0.315426707453291,0.315426707453291,1,1,0,0
near_threshold_noise,439,4.51536192757411,0.157140470040944,0.191074527009981,0.191074527009981,1,1,0,0
near_threshold_noise,440,4.52560582298202,0.136460678370816,0.185333026809857,0.185333026809857,1,1,0,0
near_threshold_noise,441,4.53634064890398,0.143324231852605,0.157045198794318,0.157045198794318,1,1,0,0
near_threshold_noise,442,4.5467281170405,0.160729208309458,0.344250254598983,0.344250254598983,1,1,0,0
near_threshold_noise,443,4.55722950955848,0.142064583421751,0.335614492306656,0.335614492306656,1,1,0,0
near_threshold_noise,444,4.56804181659082,0.144852940847586,0.175133013364202,0.175133013364202,1,1,0,0
near_threshold_noise,445,4.57839763738763,0.147915522082388,0.208026998983575,0.208026998983575,1,1,0,0
near_threshold_noise,446,4.58921480720353,0.162268401842542,0.213992080940398,0.213992080940398,1,1,0,0
near_threshold_noise,447,4.59961501305245,0.150150899312768,0.202244231010816,0.202244231010816,1,1,0,0
near_threshold_noise,448,4.61032470724342,0.121510088029858,0.317711046925221,0.317711046925221,1,1,0,0
near_threshold_noise,449,4.62094677537539,0.108109045953789,0.394174694286894,0.394174694286894,1,1,0,0
near_threshold_noise,450,4.63144785025293,0.113199371327163,0.423743073239373,0.423743073239373,1,1,0,0
near_threshold_noise,451,4.64231981199337,0.123548410020753,0.305003455339897,0.305003455339897,1,1,0,0
near_threshold_noise,452,4.65268218369296,0.128036799228628,0.223862267956971,0.223862267956971,1,1,0,0
near_threshold_noise,453,4.6634971635638,0.127567317920057,0.331515972988077,0.331515972988077,1,1,0,0
near_threshold_noise,454,4.67402640114127,0.120950494646062,0.306393246452334,0.306393246452334,1,1,0,0
near_threshold_noise,455,4.68466595490912,0.122325082607773,0.319251072261064,0.319251072261064,1,1,0,0
near_threshold_noise,456,4.69556353236907,0.149214854486635,0.23861992713783,0.23861992713783,1,1,0,0
near_threshold_noise,457,4.70603036214021,0.156885301084788,0.329169626054601,0.329169626054601,1,1,0,0
near_threshold_noise,458,4.71696036161772,0.154034089965407,0.289999437327097,0.289999437327097,1,1,0,0
near_threshold_noise,459,4.72752054293438,0.144536343393786,0.343677565370323,0.343677565370323,1,1,0,0
near_threshold_noise,460,4.73835121092445,0.12671769036202,0.231872253437025,0.231872253437025,1,1,0,0
near_threshold_noise,461,4.74914676513582,0.116099549816754,0.321152425760707,0.321152425760707,1,1,0,0
near_threshold_noise,462,4.75966054842832,0.111273090472172,0.385633479355977,0.385633479355977,1,1,0,0
near_threshold_noise,463,4.77055857869577,0.107420600990652,0.399571497102072,0.399571497102072,1,1,0,0
near_threshold_noise,464,4.78099550190691,0.120976869115511,0.29857620947965,0.29857620947965,1,1,0,0
near_threshold_noise,465,4.79185305686099,0.183344204544526,0.412038927609787,0.412038927609787,1,1,0,0
near_threshold_noise,466,4.80249627274527,0.214839585471879,0.559364229288107,0.559364229288107,1,1,0,0
near_threshold_noise,467,4.81315702327149,0.159980042014847,0.263874055172557,0.263874055172557,1,1,0,0
near_threshold_noise,468,4.8240132614751,0.135415555036051,0.404345370132825,0.404345370132825,1,1,0,0
near_threshold_noise,469,4.83450702283923,0.124552267723985,0.28183376815351,0.28183376815351,1,1,0,0
near_threshold_noise,470,4.84549751147482,0.14198752421123,0.250137943807494,0.250137943807494,1,1,0,0
near_threshold_noise,471,4.85605568226936,0.139876221621148,0.421374958581324,0.421374958581324,1,1,0,0
near_threshold_noise,472,4.86689792892802,0.140537076284755,0.246701203758262,0.246701203758262,1,1,0,0
near_threshold_noise,473,4.87776566553943,0.157205156255824,0.366773272394277,0.366773272394277,1,1,0,0
near_threshold_noise,474,4.88833911582532,0.143213986181069,0.399060798229323,0.399060798229323,1,1,0,0
near_threshold_noise,475,4.89935538421181,0.124452574816196,0.394018328494859,0.394018328494859,1,1,0,0
near_threshold_noise,476,4.90983060339393,0.139973112441571,0.324870822298033,0.324870822298033,1,1,0,0
near_threshold_noise,477,4.92080775514747,0.12973537339381,0.339430410586704,0.339430410586704,1,1,0,0
near_threshold_noise,478,4.93149789308792,0.118087395975793,0.352743652913414,0.352743652913414,1,1,0,0
near_threshold_noise,479,4.94217461780902,0.134741649703766,0.298750068782511,0.298750068782511,1,1,0,0
near_threshold_noise,480,4.95306566543527,0.143972293675596,0.247036275277566,0.247036275277566,1,1,0,0
near_threshold_noise,481,4.9635809602775,0.136518923548593,0.254641123199579,0.254641123199579,1,1,0,0
near_threshold_noise,482,4.97459873167304,0.130131213263944,0.314217925257343,0.314217925257343,1,1,0,0
near_threshold_noise,483,4.9851250487527,0.138375061442782,0.27017843297648,0.27017843297648,1,1,0,0
near_threshold_noise,484,4.99598792562575,0.131977793470946,0.277011828646501,0.277011828646501,1,1,0,0
near_threshold_noise,485,5.00674998845125,0.140676507519085,0.284752078069261,0.284752078069261,1,1,0,0
near_threshold_noise,486,5.01730074255104,0.171529883503825,0.369026564200467,0.369026564200467,1,1,0,0
near_threshold_noise,487,5.02826538706507,0.198584678450376,0.455052709314784,0.455052709314784,1,1,0,0
near_threshold_noise,488,5.03873911157354,0.168049718888893,0.346045434260333,0.346045434260333,1,1,0,0
near_threshold_noise,489,5.0496279860186,0.115363547141763,0.515415334748077,0.515415334748077,1,1,0,0
near_threshold_noise,490,5.06025163571573,0.12862951575082,0.376220634467018,0.376220634467018,1,1,0,0
near_threshold_noise,491,5.07094789563896,0.292265800159802,0.686359707403515,0.686359707403515,1,1,0,0
near_threshold_noise,492,5.0818389384489,0.557696371351768,0.686359707403515,0.686359707403515,1,1,0,0
near_threshold_noise,493,5.09214880338361,0.673956951056426,0.686359707403515,0.686359707403515,1,1,0,0
near_threshold_noise,494,5.10258601382131,0.623998677915365,0.686359707403515,0.686359707403515,1,1,0,0
near_threshold_noise,495,5.1129505680479,0.331065303322541,0.686359707403515,0.686359707403515,1,1,0,0
near_threshold_noise,496,5.12346615310711,0.124535716636222,0.210233918147401,0.210233918147401,1,1,0,0
near_threshold_noise,497,5.1341939903153,0.124747938548951,0.227954449350486,0.227954449350486,1,1,0,0
near_threshold_noise,498,5.14466076421328,0.146981263192322,0.222180466475911,0.222180466475911,1,1,0,0
near_threshold_noise,499,5.15551685126263,0.145673269985551,0.205031207591566,0.205031207591566,1,1,0,0
near_threshold_noise,500,5.16591194798168,0.137020203463202,0.300533540193899,0.300533540193899,1,1,0,0
near_threshold_noise,501,5.17674697247997,0.134024885860041,0.15720158962855,0.15720158962855,1,1,0,0
near_threshold_noise,502,5.18723724322156,0.122609835011778,0.26661119193772,0.26661119193772,1,1,0,0
near_threshold_noise,503,5.19783871626526,0.143668472496124,0.274397630013301,0.274397630013301,1,1,0,0
near_threshold_noise,504,5.20859015863813,0.137666109482638,0.429962890718129,0.429962890718129,1,1,0,0
near_threshold_noise,505,5.21888697174483,0.14261704574495,0.278090140078151,0.278090140078151,1,1,0,0
near_threshold_noise,506,5.22970330416263,0.147566640903055,0.224832823428308,0.224832823428308,1,1,0,0
near_threshold_noise,507,5.23999985695976,0.126957357229099,0.216290565808001,0.216290565808001,1,1,0,0
near_threshold_noise,508,5.25066998951712,0.122760334233277,0.215363116011073,0.215363116011073,1,1,0,0
near_threshold_noise,509,5.2612502961476,0.147383323912071,0.182115698343573,0.182115698343573,1,1,0,0
near_threshold_noise,510,5.27171386010544,0.17259726644556,0.493803087844403,0.493803087844403,1,1,0,0
near_threshold_noise,511,5.28248871944898,0.135693948950622,0.302872884181367,0.302872884181367,1,1,0,0
near_threshold_noise,512,5.29268127684754,0.142079824503343,0.339765774083878,0.339765774083878,1,1,0,0
near_threshold_noise,513,5.30334227073647,0.136362284344508,0.302925354998502,0.302925354998502,1,1,0,0
near_threshold_noise,514,5.31373245790808,0.127582211859352,0.43787633817359,0.43787633817359,1,1,0,0
near_threshold_noise,515,5.32416329760129,0.134338651609017,0.529677718930859,0.529677718930859,1,1,0,0
near_threshold_noise,516,5.33471503426785,0.139539563472397,0.369145861665171,0.369145861665171,1,1,0,0
near_threshold_noise,517,5.34498130684608,0.168291809037172,0.324244431368182,0.324244431368182,1,1,0,0
near_threshold_noise,518,5.35573539518089,0.138489561137713,0.371722740482673,0.371722740482673,1,1,0,0
near_threshold_noise,519,5.3659353567593,0.148498868772927,0.55709046390009,0.55709046390009,1,1,0,0
near_threshold_noise,520,5.37642321628965,0.175257001090025,0.650370433495906,0.650370433495906,1,1,0,0
near_threshold_noise,521,5.38690100322519,0.144606942795726,0.430459086365374,0.430459086365374,1,1,0,0
near_threshold_noise,522,5.39709793147262,0.197623574230034,0.388866597770262,0.388866597770262,1,1,0,0
near_threshold_noise,523,5.40774065542842,0.19037751364397,0.410829985504459,0.410829985504459,1,1,0,0
near_threshold_noise,524,5.41783260643107,0.159861414428691,0.176678558892786,0.176678558892786,1,1,0,0
near_threshold_noise,525,5.42836331803422,0.160223961182382,0.180737787680927,0.180737787680927,1,1,0,0
near_threshold_noise,526,5.43860100066331,0.131186389605029,0.26705497813287,0.26705497813287,1,1,0,0
near_threshold_noise,527,5.44890412835309,0.13229764403493,0.190620070228497,0.190620070228497,1,1,0,0
near_threshold_noise,528,5.45931818091546,0.147096594462806,0.327967662169764,0.327967662169764,1,1,0,0
near_threshold_noise,529,5.46938675264201,0.153275718234575,0.155730118691723,0.155730118691723,1,1,0,0
near_threshold_noise,530,5.47991277180373,0.149173267977815,0.265936769187657,0.265936769187657,1,1,0,0
near_threshold_noise,531,5.49001599642078,0.139277376066861,0.177701748817976,0.177701748817976,1,1,0,0
near_threshold_noise,532,5.50041527490154,0.116270060856963,0.348808972607563,0.348808972607563,1,1,0,0
near_threshold_noise,533,5.51066279626249,0.126182853902708,0.204320401076552,0.204320401076552,1,1,0,0
near_threshold_noise,534,5.52074318376675,0.140648559153178,0.177521705896695,0.177521705896695,1,1,0,0
near_threshold_noise,535,5.53116390319891,0.123834316936424,0.245363709271277,0.245363709271277,1,1,0,0
near_threshold_noise,536,5.54109651986552,0.123804928173669,0.209222413416099,0.209222413416099,1,1,0,0
near_threshold_noise,537,5.55150861604968,0.137898766072442,0.181650023945526,0.181650023945526,1,1,0,0
near_threshold_noise,538,5.56153769877076,0.160771539303715,0.351713071757461,0.351713071757461,1,1,0,0
near_threshold_noise,539,5.5716472951495,0.170812600925567,0.283228555260753,0.283228555260753,1,1,0,0
near_threshold_noise,540,5.58206848619473,0.150153775993238,0.242767085272376,0.242767085272376,1,1,0,0
near_threshold_noise,541,5.59198595241594,0.155566211154467,0.174622547413232,0.174622547413232,1,1,0,0
near_threshold_noise,542,5.60230841768154,0.154667156668626,0.238867845280709,0.238867845280709,1,1,0,0
near_threshold_noise,543,5.61215654255842,0.141360322520633,0.167058325613599,0.167058325613599,1,1,0,0
near_threshold_noise,544,5.62241673445589,0.128727953087489,0.276232229688741,0.276232229688741,1,1,0,0
near_threshold_noise,545,5.63252666655829,0.117204636436291,0.370754998411156,0.370754998411156,1,1,0,0
near_threshold_noise,546,5.64244226514591,0.123324270886105,0.25844877518728,0.25844877518728,1,1,0,0
near_threshold_noise,547,5.65276913086529,0.118566599765743,0.309523340967404,0.309523340967404,1,1,0,0
near_threshold_noise,548,5.66261436362025,0.123019616365692,0.244871336362428,0.244871336362428,1,1,0,0
near_threshold_noise,549,5.67287010210793,0.150572546630026,0.19527456074016,0.19527456074016,1,1,0,0
near_threshold_noise,550,5.68283230995949,0.157492430955823,0.174328723867891,0.174328723867891,1,1,0,0
near_threshold_noise,551,5.69282156841999,0.178361618290508,0.352692861122433,0.352692861122433,1,1,0,0
near_threshold_noise,552,5.70305672822964,0.179488450750122,0.305013464110708,0.305013464110708,1,1,0,0
near_threshold_noise,553,5.71279571091575,0.168366085391224,0.30581950138235,0.30581950138235,1,1,0,0
near_threshold_noise,554,5.72307404620283,0.146500702926328,0.34388938339775,0.34388938339775,1,1,0,0
near_threshold_noise,555,5.73287338394531,0.12243225448203,0.343418580225244,0.343418580225244,1,1,0,0
near_threshold_noise,556,5.74291898966714,0.120537149141109,0.419883988655889,0.419883988655889,1,1,0,0
near_threshold_noise,557,5.75291378108972,0.127069352441063,0.487510102206169,0.487510102206169,1,1,0,0
near_threshold_noise,558,5.76271666110463,0.158416285837119,0.467644154738004,0.467644154738004,1,1,0,0
near_threshold_noise,559,5.77293641312638,0.151494103488031,0.492141566679182,0.492141566679182,1,1,0,0
near_threshold_noise,560,5.78252015515459,0.152422015461793,0.185650595118827,0.185650595118827,1,1,0,0
near_threshold_noise,561,5.79266171759959,0.164837419300811,0.429916905964982,0.429916905964982,1,1,0,0
near_threshold_noise,562,5.80250303077382,0.155139511082538,0.223026223695569,0.223026223695569,1,1,0,0
near_threshold_noise,563,5.81238267394377,0.164696100114793,0.261406242464191,0.261406242464191,1,1,0,0
near_threshold_noise,564,5.82244004949512,0.153726558905095,0.22727432743136,0.22727432743136,1,1,0,0
near_threshold_noise,565,5.83216280456151,0.161200694367623,0.306288280593995,0.306288280593995,1,1,0,0
near_threshold_noise,566,5.84229006412338,0.147110580335818,0.277436242214317,0.277436242214317,1,1,0,0
near_threshold_noise,567,5.85194686950623,0.144825451700425,0.363010515192129,0.363010515192129,1,1,0,0
near_threshold_noise,568,5.86195314483491,0.161189183329559,0.281002063914058,0.281002063914058,1,1,0,0
near_threshold_noise,569,5.87186179396004,0.156765834996209,0.222192104792838,0.222192104792838,1,1,0,0
near_threshold_noise,570,5.8816433585474,0.148643504976184,0.257740448211512,0.257740448211512,1,1,0,0
near_threshold_noise,571,5.89173186470834,0.128407344535837,0.312087089496635,0.312087089496635,1,1,0,0
near_threshold_noise,572,5.90133035194938,0.131697255807364,0.336112920922374,0.336112920922374,1,1,0,0
near_threshold_noise,573,5.91138881838919,0.169437174840032,0.44388601692018,0.44388601692018,1,1,0,0
near_threshold_noise,574,5.92121484660671,0.158026254239977,0.35055117025861,0.35055117025861,1,1,0,0
near_threshold_noise,575,5.93102510614249,0.12457026726024,0.350832520108607,0.350832520108607,1,1,0,0
near_threshold_noise,576,5.94103287650781,0.136430304169868,0.297465590900554,0.297465590900554,1,1,0,0
near_threshold_noise,577,5.95061679196176,0.13415765859749,0.245702098395887,0.245702098395887,1,1,0,0
near_threshold_noise,578,5.96072566354635,0.148810674623615,0.25658345880139,0.25658345880139,1,1,0,0
near_threshold_noise,579,5.97038064845904,0.141145100222729,0.201681559077612,0.201681559077612,1,1,0,0
near_threshold_noise,580,5.9803712092003,0.142360043474007,0.261703413164046,0.261703413164046,1,1,0,0
near_threshold_noise,581,5.99034698131413,0.185436973590331,0.392657329969502,0.392657329969502,1,1,0,0
near_threshold_noise,582,6,0.170387914415969,0.35669257922461,0.35669257922461,1,1,0,0
