scenario,window_id,start_sec,stop_sec,day0_6,q,coverage,true_risk,true_low_quality,T2,Q,T2_norm,Q_norm,mspc_score,complete_row,mspc_risk
normal,1,0.814868885785436,49.350410204177,0,1,1,0,0,0.738978870594769,0.305047540246507,0.102523757651413,0.284028061572148,0.284028061572148,1,0.231279305297939
normal,2,25.9041523176706,74.3614751534929,0.010492855789328,1,1,0,0,1.09196517326755,0.100028242934865,0.151496040337067,0.0931357385157054,0.151496040337067,1,0.182294745639409
normal,3,50.1736279381875,99.2523754173972,0.0206428510436787,1,1,0,0,5.89557360812021,1.31194188381738,0.817934563309637,1.22154176314566,1.22154176314566,1,0.4679688148968
normal,4,75.2235588507841,123.724071040049,0.0311192487978077,1,1,0,0,3.87231043741797,1.14570796387681,0.537232974628011,1.06676228841163,1.06676228841163,1,0.439407890186369
normal,5,100.065570310168,149.058941580505,0.0415086903483336,1,1,0,0,0.764914231074175,0.405270213635777,0.106121953375537,0.377344833198399,0.377344833198399,1,0.262962292463619
normal,6,124.561980899573,173.20373167185,0.0517535944871313,1,1,0,0,1.14448640148629,0.0391085614727689,0.158782681251602,0.0364137632350994,0.158782681251602,1,0.185116278023164
normal,7,149.89078671348,198.534050878995,0.0623466234766903,1,1,0,0,3.20475435108031,0.0129809544352087,0.444618204249904,0.0120864941989347,0.444618204249904,1,0.284465995726726
normal,8,174.025697636493,223.13671864372,0.0724403409991928,1,1,0,0,0.323907899624908,0.110065257150492,0.0449380304687121,0.10248114641289,0.10248114641289,1,0.162909159185212
normal,9,199.393542960452,247.775432183649,0.0830496971170323,1,1,0,0,3.24521673235291,0.0143628332497385,0.450231836163698,0.0133731538477925,0.450231836163698,1,0.286211809225722
normal,10,223.938894505758,273.149550476171,0.093315069372979,1,1,0,0,0.533156927556329,0.348966211311945,0.0739686259053152,0.324920490993022,0.324920490993022,1,0.245436446604306
normal,11,248.613526801363,297.522255784773,0.103634509505073,1,1,0,0,0.408287968312518,0.303914365705572,0.05664467332005,0.282972969083861,0.282972969083861,1,0.23090825074291
normal,12,273.960733428533,323.068967770254,0.114235234094249,1,1,0,0,0.344357728176762,0.156562085324412,0.0477751796077339,0.14577408352302,0.14577408352302,1,0.180068256272061
normal,13,298.371037043183,347.700312425996,0.124444126520277,1,1,0,0,0.930606594613215,0.0494470615724853,0.129109625148201,0.0460398829556945,0.129109625148201,1,0.173529191980758
normal,14,323.927224551372,372.906525470856,0.135132251224056,1,1,0,0,0.736648209756862,0.573259741376987,0.102200408613407,0.533758944553631,0.533758944553631,1,0.311338457137734
normal,15,348.525003586481,398.177913774606,0.145419549737538,1,1,0,0,1.71313337869042,1.53939965573534,0.237675092388015,1.43332642462881,1.43332642462881,1,0.502046276225241
normal,16,373.771182462451,422.650856278736,0.155978022437498,1,1,0,0,1.73433048218431,0.237641304925614,0.240615916257268,0.221266492209556,0.240615916257268,1,0.215767014279839
normal,17,398.986120935534,448.364648879908,0.166523429756649,1,1,0,0,4.76721303059792,0.0401141212219219,0.661389131502913,0.0373500343032618,0.661389131502913,1,0.346817028709484
normal,18,423.502225834761,472.956805292326,0.176776570462003,1,1,0,0,0.637915970822298,0.155472610966579,0.0885025878235359,0.14475968003123,0.14475968003123,1,0.179672540328037
normal,19,449.223909025196,498.620694162914,0.187533908873391,1,1,0,0,1.72584356882087,0.543033462401025,0.239438466828732,0.505615424959459,0.505615424959459,1,0.303047536262737
normal,20,473.811160228561,523.762114296242,0.197816804430504,1,1,0,0,1.90087279565326,0.884599720756405,0.26372150758636,0.823645861070281,0.823645861070281,1,0.387284538706008
normal,21,499.495915091901,548.78488784135,0.208558698653866,1,1,0,0,0.964856120332876,0.0537051269962075,0.133861303733723,0.0500045438979525,0.133861303733723,1,0.175402067807863
normal,22,524.57485222994,574.284680117412,0.219047227409719,1,1,0,0,3.43158660983341,0.0629439094994126,0.476088245477479,0.058606722704415,0.476088245477479,1,0.294158812439838
normal,23,549.635374752956,599.099530882945,0.229528054793774,1,1,0,0,6.71315901343254,0.173301693795957,0.931363960669955,0.161360239509748,0.931363960669955,1,0.411554796210065
normal,24,575.116788854711,625.14229461056,0.240184907716806,1,1,0,0,2.29670879869555,0.0215212040255926,0.318638631824226,0.0200382729103411,0.318638631824226,1,0.243289765475196
normal,25,599.951747611714,650.110414055666,0.250571399681737,1,1,0,0,1.78493788774625,0.0315864216159391,0.247637039038523,0.0294099408122617,0.247637039038523,1,0.218310206813608
normal,26,626.002504859381,675.599886325285,0.261466363650901,1,1,0,0,2.21177766252594,0.0281998034878294,0.306855535489275,0.0262566795814556,0.306855535489275,1,0.239235783167293
normal,27,650.906042733428,701.107944043287,0.271881536817001,1,1,0,0,4.13456788005121,0.33398300597757,0.573617801800632,0.310969712160905,0.573617801800632,1,0.322785212930509
normal,28,676.492335719409,726.107822702594,0.282582252252509,1,1,0,0,3.54024323607837,0.361129390397796,0.491162946608504,0.336245559129999,0.491162946608504,1,0.298721422302503
normal,29,701.922161621907,752.180528560199,0.293217529926622,1,1,0,0,1.74663505677996,0.0433141248056454,0.242323016790242,0.0403295397737024,0.242323016790242,1,0.216386593354794
normal,30,726.959675591683,777.017954492463,0.303688734659168,1,1,0,0,2.23566522504803,0.210339619295726,0.310169625740498,0.195846045151229,0.310169625740498,1,0.240379621683712
normal,31,753.016546399362,803.018799504435,0.314586255445221,1,1,0,0,1.86401318417734,0.0205924987560467,0.258607713370511,0.0191735606190445,0.258607713370511,1,0.222257292610717
normal,32,777.875546839964,828.11068857403,0.324982802138084,1,1,0,0,2.66074982893096,0.141775888510131,0.369144614937095,0.132006738224019,0.369144614937095,1,0.26026615668108
normal,33,803.880706921914,853.510380775596,0.33585869643212,1,1,0,0,1.96649790091659,0.817233502627544,0.272826141907569,0.760921551491765,0.760921551491765,1,0.372221872180281
normal,34,828.926185707301,879.443692116424,0.346333232214826,1,1,0,0,2.72433641225111,0.3882580795008,0.377966430712355,0.361504930088025,0.377966430712355,1,0.263165991142339
normal,35,854.370694617138,904.258349390325,0.356974650625441,1,1,0,0,6.12663716216414,0.0607287723134953,0.849991642015834,0.0565442208382336,0.849991642015834,1,0.393402941631726
normal,36,880.277342716285,930.412842830577,0.367809345176491,1,1,0,0,7.39256830837878,0.0352880684260702,1.02562321038994,0.0328565234900196,1.02562321038994,1,0.431242174878807
normal,37,905.102212826874,955.366880990098,0.378191617861417,1,1,0,0,2.80915767138894,0.00370231304356507,0.389734283030696,0.00344720300398852,0.389734283030696,1,0.267004475783143
normal,38,931.253681757319,981.162048395056,0.389128701533465,1,1,0,0,1.88575547103199,0.133967206193197,0.261624174377683,0.124736117716412,0.261624174377683,1,0.223336890125048
normal,39,956.182324057387,1007.07469443748,0.399554373888297,1,1,0,0,3.32661962891265,0.0259510390329403,0.46152543489988,0.0241628675528834,0.46152543489988,1,0.289701875921196
normal,40,982.023161454272,1032.20928844641,0.410361545046338,1,1,0,0,5.21762650674699,1.04392650041275,0.723878174030572,0.971994136049834,0.971994136049834,1,0.420211908238362
normal,41,1007.90392882277,1058.40078266657,0.421185415742051,1,1,0,0,3.68974955519428,0.443030009989747,0.511905014126698,0.412502768761854,0.511905014126698,1,0.304915627662775
normal,42,1033.09402849344,1083.32477881474,0.431720434961739,1,1,0,0,4.60009068653615,0.00612458459069477,0.638203068433295,0.00570256651741549,0.638203068433295,1,0.340621625214323
normal,43,1059.26200042969,1109.41287526799,0.442664420531184,1,1,0,0,4.69994690790443,0.02860819621331,0.652056827244163,0.0266369317679989,0.652056827244163,1,0.344336349205401
normal,44,1084.15879973696,1134.8294608591,0.453076775489677,1,1,0,0,9.70972782915172,1.26351457871479,1.3470991153183,1.17645136974554,1.3470991153183,1,0.488821495851619
normal,45,1110.32760706129,1160.30228929519,0.464021110435646,1,1,0,0,3.68715908591749,0.117519899731148,0.511545620029106,0.109422122498736,0.511545620029106,1,0.304809120065493
normal,46,1135.67071592777,1186.44332620687,0.474620121256785,1,1,0,0,3.50406350492849,0.0224935956629815,0.486143476991845,0.0209436613348252,0.486143476991845,1,0.297207921003381
normal,47,1161.17854745516,1211.35303497775,0.485288022492071,1,1,0,0,5.98566971254349,0.457871199080092,0.830434232167278,0.426321317062064,0.830434232167278,1,0.388872614058086
normal,48,1187.27383061455,1237.63613065367,0.49620160811585,1,1,0,0,5.87460874999065,0.429447427725272,0.815025960479976,0.399856102250118,0.815025960479976,1,0.385256307446216
normal,49,1212.2067338424,1262.86288601465,0.506629062478562,1,1,0,0,2.71585662344601,0.0431708792386782,0.376789969724114,0.0401961646260725,0.376789969724114,1,0.262780382419931
normal,50,1238.51694801026,1288.71587499533,0.517632536682964,1,1,0,0,1.60774097433609,0.106363660904184,0.223053259812983,0.099034610814826,0.223053259812983,1,0.209346508508328
normal,51,1263.71149337876,1314.47657571443,0.528169415185174,1,1,0,0,5.58248646416535,0.0309674944796731,0.774497772695087,0.0288336612112986,0.774497772695087,1,0.375542429535412
normal,52,1289.6097224839,1339.62013179499,0.539000588739295,1,1,0,0,1.7227110430728,0.0449194951121009,0.239003869408682,0.0418242911028872,0.239003869408682,1,0.215181205525556
normal,53,1315.30479956309,1365.77617217248,0.549746799926218,1,1,0,0,2.87134177749508,0.0315697200297487,0.398361523237259,0.0293943900586087,0.398361523237259,1,0.269797098601437
normal,54,1340.50099508612,1390.75808488587,0.560284368557088,1,1,0,0,2.81986981242599,1.065966754611,0.391220454009749,0.992515693677958,0.992515693677958,1,0.424485203960868
normal,55,1366.63274098584,1416.92607910219,0.571213203650907,1,1,0,0,4.98080458828992,0.237814051350321,0.691022196761704,0.221427335441117,0.691022196761704,1,0.354579865958564
normal,56,1391.59948314,1442.56329164921,0.581654810150514,1,1,0,0,6.23348906906847,0.0107802310648043,0.864815961687159,0.0100374129559017,0.864815961687159,1,0.396792881233145
normal,57,1417.83441515999,1467.99035331469,0.592626799808008,1,1,0,0,1.51106624384755,0.59762818645585,0.20964089170069,0.556448267711863,0.556448267711863,1,0.317896351575733
normal,58,1443.39331486695,1494.05831145998,0.603316058809252,1,1,0,0,6.65861938716605,0.243896776864873,0.923797293139605,0.227090927206446,0.923797293139605,1,0.409913215912763
normal,59,1468.88526686587,1519.28975030674,0.613977318898218,1,1,0,0,1.93123656978861,0.00034138317032265,0.267934088412019,0.000317859963865771,0.267934088412019,1,0.225587338309493
normal,60,1494.88609939942,1545.49141384851,0.62485140332226,1,1,0,0,6.59319361299926,0.14719642998784,0.914720313429165,0.13705377412977,0.914720313429165,1,0.407931644669986
normal,61,1520.14753598041,1570.62867668284,0.635416257109144,1,1,0,0,3.43216499203189,0.0471280673845871,0.476168488524617,0.0438806804148264,0.476168488524617,1,0.294183236155051
normal,62,1546.35480209867,1596.4120337458,0.646376676315936,1,1,0,0,2.18589286455597,0.0347389169515663,0.303264354659174,0.0323452116181494,0.303264354659174,1,0.237993094681867
normal,63,1571.45750350884,1622.21788172802,0.656875143780526,1,1,0,0,2.77587944515393,0.135506967546747,0.385117359682346,0.126169780915856,0.385117359682346,1,0.265502546565207
normal,64,1597.3029655433,1647.3963432848,0.667684249057381,1,1,0,0,4.58854992125677,0.0686589453941824,0.636601936561063,0.0639279607176603,0.636601936561063,1,0.340189806864373
normal,65,1623.06144457805,1673.5842032345,0.678456976249764,1,1,0,0,2.3218224242897,0.0110050877055687,0.322122822464333,0.0102467757186904,0.322122822464333,1,0.244481656649211
normal,66,1648.27621982894,1698.55010704957,0.689002315306025,1,1,0,0,4.69584728802544,0.0150795912142593,0.651488058025365,0.0140405231867314,0.651488058025365,1,0.344184598938509
normal,67,1674.4783323188,1724.58165891335,0.69996057915913,1,1,0,0,1.40881690427244,0.0553386414489407,0.195455118699931,0.0515255000846012,0.195455118699931,1,0.199084830438593
normal,68,1699.39456895175,1749.85118388226,0.710381063208109,1,1,0,0,7.87962657078939,0.0253992499364965,1.09319624291429,0.0236490998059514,1.09319624291429,1,0.444523374188593
normal,69,1725.44406348867,1775.31044808311,0.721275499085597,1,1,0,0,9.17652895471972,0.253794526196399,1.27312466982668,0.236306666347592,1.27312466982668,1,0.476774024556591
normal,70,1750.69516111298,1801.26375680697,0.731836028907561,1,1,0,0,5.47096681952592,0.059927135052649,0.759025864802535,0.0557978208603869,0.759025864802535,1,0.371755517259837
normal,71,1776.19416437132,1826.29947486119,0.742500237978645,1,1,0,0,2.87636334084286,0.00122329740219053,0.399058200184578,0.00113900538122566,0.399058200184578,1,0.270021824218946
normal,72,1802.12063276031,1852.1560213073,0.753343221783698,1,1,0,0,5.27807261408554,0.273338015906425,0.732264289393736,0.254503500500748,0.732264289393736,1,0.365100701047109
normal,73,1827.15374905284,1877.19916737615,0.763812587316917,1,1,0,0,2.33083347717802,0.0887678359216618,0.323372989470817,0.0826512364151831,0.323372989470817,1,0.244908561982103
normal,74,1853.03959147107,1902.89394002702,0.774638580503099,1,1,0,0,1.03655639096875,0.320682912802625,0.143808788652062,0.298586069663228,0.298586069663228,1,0.236369197472749
normal,75,1878.03165532118,1928.47931082537,0.785090777058206,1,1,0,0,5.65433124712876,0.00268024604826047,0.784465306829224,0.00249556213109819,0.784465306829224,1,0.377958917303962
normal,76,1903.78742817544,1953.5102452414,0.795862372470096,1,1,0,0,4.4123483017652,0.0119064811950028,0.612156241489971,0.0110860581640131,0.612156241489971,1,0.333532103592073
normal,77,1929.30874269366,1979.51735475329,0.806535912570224,1,1,0,0,2.42827672216476,0.0120828519828375,0.33689197902697,0.0112502760198468,0.33689197902697,1,0.249499530478814
normal,78,1954.3872625321,2004.2614206887,0.81702426680278,1,1,0,0,2.29553137309834,0.00705435888314588,0.318475279255725,0.00656827416997057,0.318475279255725,1,0.243233808455092
normal,79,1980.36197359431,2030.0585413829,0.827887426688759,1,1,0,0,0.935539373008183,0.0210470848358106,0.129793984331985,0.0195968231798529,0.129793984331985,1,0.173799343993795
normal,80,2005.09449042172,2055.1626134539,0.838231075325903,1,1,0,0,2.64458934561328,0.00380203874852599,0.366902556955305,0.00354005705108583,0.366902556955305,1,0.25952610305933
normal,81,2030.93236720725,2080.25558053928,0.849037008295214,1,1,0,0,3.92690656343728,0.0113344101238549,0.544807480768091,0.0105534059836731,0.544807480768091,1,0.314545756149348
normal,82,2055.9540232056,2105.81348120448,0.859501580897045,1,1,0,0,3.3179289419458,0.194540757505424,0.46031971452022,0.181135813146999,0.46031971452022,1,0.289330679504381
normal,83,2081.14804105099,2130.48560909677,0.870038238778214,1,1,0,0,1.01849799520406,0.138054440944591,0.14130341987276,0.128541719173452,0.14130341987276,1,0.178322000351546
normal,84,2106.64498489726,2156.09801679139,0.880701586560697,1,1,0,0,1.32979291625775,0.138775780461741,0.184491562746909,0.129213354370464,0.184491562746909,1,0.194948991310562
normal,85,2131.32739181306,2180.88777020788,0.891024278199305,1,1,0,0,1.70759677279215,0.0171207933574276,0.236906959950251,0.015941075105729,0.236906959950251,1,0.214418139816125
normal,86,2156.95153675814,2206.16950151862,0.901740824104793,1,1,0,0,2.74004182916991,0.0978167135358676,0.380145354118786,0.0910765958397816,0.380145354118786,1,0.263879279043678
normal,87,2181.71230497122,2231.46003426635,0.912096288054096,1,1,0,0,4.84713246669622,0.651462087714868,0.672476919292548,0.606572712606942,0.672476919292548,1,0.349741863999414
normal,88,2207.0219770026,2256.0711256306,0.922681314901177,1,1,0,0,1.95162029538492,0.681225671342242,0.270762066621176,0.634285419145379,0.634285419145379,1,0.339564133569045
normal,89,2232.26070740089,2281.6857567907,0.93323667249415,1,1,0,0,1.08643360028692,1.44448099466953,0.150728606151511,1.3449481892634,1.3449481892634,1,0.48848054890858
normal,90,2256.92053503824,2306.17080087941,0.94354992101282,1,1,0,0,0.355731349348815,0.476647810898053,0.0493531223975244,0.443804115491576,0.443804115491576,1,0.284212207085994
normal,91,2282.51204395605,2331.63242943763,0.954252817858593,1,1,0,0,0.402736896527289,1.1081684339046,0.0558745339276255,1.03180944164643,1.03180944164643,1,0.432486235173999
normal,92,2306.9833200332,2356.65839443412,0.964487210225978,1,1,0,0,6.13135282170055,4.47389712916619,0.850645878767,4.16562063815829,4.16562063815829,1,0.674496578365147
normal,93,2332.4861749597,2381.56442609868,0.975153030144126,1,1,0,0,2.77156843092888,0.510833329516213,0.384519262232976,0.475634061011243,0.475634061011243,1,0.294020543819016
normal,94,2357.47757879024,2406.84603355826,0.985604950665438,1,1,0,0,7.44782863481572,0.202619475695081,1.03328986574478,0.188657862548026,1.03328986574478,1,0.43278309570676
normal,95,2382.40898226673,2431.15190940599,0.996031777801198,1,1,0,0,1.04857284468888,0.195443469565119,0.145475916141162,0.181976323305729,0.181976323305729,1,0.193995348941131
normal,96,2407.64455477505,2456.71091010222,1.00658581469946,1,1,0,0,0.490218820992805,0.113099707240852,0.0680115191374503,0.105306505949984,0.105306505949984,1,0.164046060248986
normal,97,2431.97763844538,2481.08175053609,1.01676241215213,1,1,0,0,0.404751922404771,0.0084288581077071,0.056154092698444,0.00784806272381063,0.056154092698444,1,0.143919796905978
normal,98,2457.55873314976,2506.07789787048,1.02746095355906,1,1,0,0,0.8884444542482,0.498010079526907,0.123260173651207,0.463694404541387,0.463694404541387,1,0.290368776472808
normal,99,2481.9045327811,2531.08072887021,1.0376428690889,1,1,0,0,0.610985271726145,0.0281037621014376,0.0847663017436716,0.0261672559828075,0.0847663017436716,1,0.155725683935317
normal,100,2506.94905261829,2555.27495820454,1.04811700381969,1,1,0,0,1.30023428068266,0.022272389293881,0.180390684479892,0.0207376973196024,0.180390684479892,1,0.193393235521107
normal,101,2531.86426040243,2580.34966313973,1.05853705758288,1,1,0,0,1.52871162572096,0.00880748577949927,0.212088960146003,0.00820060083504996,0.212088960146003,1,0.205295119662823
normal,102,2556.09301541565,2604.39542754358,1.06867002263941,1,1,0,0,2.18734152321657,0.144429876009344,0.303465337306106,0.134477851166707,0.303465337306106,1,0.238062730961403
normal,103,2581.1838151529,2629.51182708874,1.07916351257891,1,1,0,0,2.40488415722919,0.0782758719760133,0.333646563286775,0.072882227364465,0.333646563286775,1,0.248401648878966
normal,104,2605.19437269509,2653.83902949731,1.08920522295281,1,1,0,0,0.916625270959072,0.0145181264880672,0.12716989737654,0.0135177465149622,0.12716989737654,1,0.172762727055488
normal,105,2630.37340135113,2678.14062975976,1.09973561204584,1,1,0,0,1.81950022408605,0.285437245111637,0.252432116050558,0.26576902526091,0.26576902526091,1,0.224816362495465
normal,106,2654.63815629147,2703.12040346081,1.10988363301438,1,1,0,0,0.790848264820644,0.311279113333297,0.109719965032632,0.289830244480937,0.289830244480937,1,0.233314576108935
normal,107,2678.99812980442,2727.0484952519,1.12007147635383,1,1,0,0,2.22427647922261,0.172333335947133,0.30858958460073,0.160458606923275,0.30858958460073,1,0.239834634504366
normal,108,2703.9398513103,2752.08702110051,1.13050261870229,1,1,0,0,1.07535904580513,0.0384878795314094,0.149192154995777,0.0358358497449112,0.149192154995777,1,0.181399422181227
normal,109,2727.87460189258,2775.98423572036,1.14051262504206,1,1,0,0,0.566435989495817,0.198325264500586,0.0785856651968505,0.184659546480411,0.184659546480411,1,0.195012617567948
normal,110,2752.92463301645,2800.65784193311,1.15098906470661,1,1,0,0,1.90766483651602,0.354262669015054,0.264663815383079,0.329851993189031,0.329851993189031,1,0.247114602127212
normal,111,2776.79021626375,2825.02653274045,1.16097014384034,1,1,0,0,2.39569070931419,0.136274778598035,0.332371091330101,0.126884685498843,0.332371091330101,1,0.247969441411834
normal,112,2801.50130990639,2849.05337098593,1.17130483285976,1,1,0,0,4.67793945500337,0.427509108542034,0.649003577878674,0.398051344080692,0.649003577878674,1,0.34352096861452
normal,113,2825.85347062266,2873.92129835576,1.18148940872651,1,1,0,0,1.24553131515986,0.00378407800403739,0.172801355740953,0.0035233339021715,0.172801355740953,1,0.190501409238382
normal,114,2849.87538104552,2897.60230403381,1.19153586710925,1,1,0,0,0.500107863417861,0.0784191567054802,0.0693834958330424,0.0730156389760797,0.0730156389760797,1,0.150907797151693
normal,115,2874.71957711858,2922.38303405162,1.20192622231027,1,1,0,0,6.46780414738782,0.029165621446189,0.897324147319516,0.0271559472900978,0.897324147319516,1,0.404096024957844
normal,116,2898.38692902691,2946.32641724739,1.21182439700959,1,1,0,0,6.22917180487264,0.00898809997362929,0.864216997135204,0.00836876970279337,0.864216997135204,1,0.39665664289768
normal,117,2923.22003104076,2970.47358847622,1.22221011244623,1,1,0,0,2.08751985837061,0.42768155409803,0.289616372765631,0.398211907175077,0.398211907175077,1,0.269748821944842
normal,118,2947.09649194982,2995.08940978595,1.23219574084246,1,1,0,0,2.39345543691144,0.304333898881547,0.332060976203372,0.28336359408166,0.332060976203372,1,0.2478642930488
normal,119,2971.27790464334,3018.81898360132,1.24230890636447,1,1,0,0,2.38771032727794,0.00517649670818041,0.331263916569893,0.00481980718340156,0.331263916569893,1,0.247593927904774
normal,120,2995.89725964102,3043.51362408753,1.2526052283905,1,1,0,0,2.40256217454298,0.172583011765732,0.333324418230043,0.160691078683974,0.333324418230043,1,0.248292525564589
normal,121,3019.6080165438,3067.11430147511,1.2625215559537,1,1,0,0,3.39513577171515,0.278419796664666,0.471031163276442,0.259235118191983,0.471031163276442,1,0.292616610463251
normal,122,3044.32174731024,3091.34788840247,1.27285734787269,1,1,0,0,1.72054796798592,0.0353542511294035,0.238703770725468,0.0329181458355798,0.238703770725468,1,0.21507207313322
normal,123,3067.92517717114,3115.53889147587,1.2827287890534,1,1,0,0,0.330887414713516,0.00664218489228102,0.0459063478887932,0.00618450126833957,0.0459063478887932,1,0.139629404447106
normal,124,3092.18466513205,3139.16076878931,1.29287460726251,1,1,0,0,1.61730616756724,0.0479041319279726,0.224380306622765,0.0446032697782238,0.224380306622765,1,0.209834605683056
normal,125,3116.28870408272,3163.73109759168,1.30295541348945,1,1,0,0,1.26180388709971,0.150104152405645,0.175058964568908,0.139761138238497,0.175058964568908,1,0.19136336568452
normal,126,3139.98866324035,3187.21525329071,1.31286722521294,1,1,0,0,0.853298575428076,0.761308073216565,0.118384137669691,0.708849696411884,0.708849696411884,1,0.359167610097922
normal,127,3164.52844722616,3211.92057661335,1.32313026900067,1,1,0,0,4.709716400562,0.128422083047665,0.653412217956208,0.119573084515319,0.653412217956208,1,0.344697712910079
normal,128,3188.00501199641,3235.61032436018,1.33294865258392,1,1,0,0,3.54208227833709,0.0133777244702345,0.491418089929032,0.0124559245632878,0.491418089929032,1,0.298798202617603
normal,129,3212.76699311003,3259.51704482117,1.34330462379325,1,1,0,0,1.75720428040591,0.307848424642848,0.243789359827518,0.286635949395593,0.286635949395593,1,0.232195187555867
normal,130,3236.38896957599,3283.89089005415,1.35318382154671,1,1,0,0,2.83088059808374,0.355047895529733,0.392748058066165,0.330583113212747,0.392748058066165,1,0.267982083833907
normal,131,3260.35865410578,3307.43600718956,1.36320843798383,1,1,0,0,3.58493295315982,0.068583182744472,0.497363066674023,0.0638574185375155,0.497363066674023,1,0.300583072049516
normal,132,3284.71931296194,3332.05531110217,1.37339656794795,1,1,0,0,0.969137682964031,0.132019040060379,0.134455315155474,0.12292219110721,0.134455315155474,1,0.175635728627712
normal,133,3308.25822141406,3355.45945979762,1.38324102494477,1,1,0,0,6.00509192772363,0.195912785247232,0.833128813245868,0.182413300517046,0.833128813245868,1,0.389500747610899
normal,134,3332.87722739652,3379.39970205932,1.39353720100544,1,1,0,0,2.23590308715704,0.00122821189439151,0.310202626030748,0.00114358123747524,0.310202626030748,1,0.240390997247355
normal,135,3356.23724413447,3403.25198628239,1.40330684179781,1,1,0,0,1.10648643368073,0.165400401110562,0.153510677348536,0.154003390005131,0.154003390005131,1,0.183267381898835
normal,136,3380.21941073466,3426.59444031444,1.41333667849421,1,1,0,0,3.19175670966218,0.00908159262102114,0.442814949661961,0.00845582018478871,0.442814949661961,1,0.283903630329712
normal,137,3404.00115154555,3450.87522022433,1.4232826929918,1,1,0,0,8.31435421176003,0.0442433080665856,1.15350907874865,0.0411946971201175,1.15350907874865,1,0.455822286432634
normal,138,3427.41589554852,3474.02207864861,1.43307522185514,1,1,0,0,2.33329211135314,0.0814310128222863,0.323714093153688,0.0758199613905445,0.323714093153688,1,0.24502497211516
normal,139,3451.63370989995,3498.06351322177,1.44320361130126,1,1,0,0,3.77332855165762,0.325264958962198,0.523500518570903,0.302852387259777,0.523500518570903,1,0.308336632444434
normal,140,3474.81911916465,3521.61017673235,1.4529002276471,1,1,0,0,1.64140520326355,0.59718678576353,0.227723736040946,0.556037281991686,0.556037281991686,1,0.317778554064408
normal,141,3498.87281117487,3545.17625844348,1.46295997774516,1,1,0,0,2.23926294402624,0.351395068020158,0.310668762702726,0.327181985913167,0.327181985913167,1,0.246206787998612
normal,142,3522.35732173421,3569.22633169457,1.47278168442129,1,1,0,0,2.42644073894279,0.0846461454714643,0.336637260108214,0.0788135534493607,0.336637260108214,1,0.249413459013193
normal,143,3545.97838038621,3592.25293016121,1.48266049832602,1,1,0,0,3.59727652747715,0.0771655044444512,0.499075577913814,0.0718483703552678,0.499075577913814,1,0.301095747227146
normal,144,3569.99961984139,3616.42963283485,1.49270667609624,1,1,0,0,4.03265588358366,0.356735582318868,0.559478830791621,0.332154508959362,0.559478830791621,1,0.318763857222956
normal,145,3593.0176076883,3639.61161495154,1.50233327335215,1,1,0,0,2.26746994771977,0.0148341430674343,0.314582119533105,0.0138119877876168,0.314582119533105,1,0.241898161641955
normal,146,3617.23036607108,3663.49299766136,1.5124595482879,1,1,0,0,4.08450697645044,0.707520796237481,0.566672499096044,0.658768663123537,0.658768663123537,1,0.346122217552832
normal,147,3640.40835350132,3687.27883475091,1.5221530606695,1,1,0,0,5.62303940257114,0.123421694603001,0.780123968239516,0.114917250752824,0.780123968239516,1,0.376908641345677
normal,148,3664.31413576896,3710.43108720213,1.53215095186262,1,1,0,0,3.87542722263729,0.309362933319054,0.537665388253341,0.288046099968154,0.537665388253341,1,0.312475503972408
normal,149,3688.04442130495,3734.52361128275,1.54207544670301,1,1,0,0,10.9027431488221,0.0060793920193198,1.5126145561182,0.0056604879665289,1.5126145561182,1,0.513474644092382
normal,150,3711.21796731233,3757.42324834916,1.55176710158996,1,1,0,0,3.12716140451258,0.00282696177151058,0.433853186783346,0.00263216832186835,0.433853186783346,1,0.28109749266656
normal,151,3735.31868858202,3781.44960030434,1.5618465202943,1,1,0,0,4.43630639188702,0.0888760522338645,0.615480116533196,0.0827519960192782,0.615480116533196,1,0.334444535936639
normal,152,3758.18538460947,3804.72619273994,1.57140984419096,1,1,0,0,3.61498416816947,0.00159136203914963,0.501532283964769,0.00148170830970779,0.501532283964769,1,0.301830063388446
normal,153,3782.25363017548,3828.34155857302,1.58147568088622,1,1,0,0,4.76891940026857,0.045849076757581,0.661625868218317,0.0426898193829232,0.661625868218317,1,0.346879731675204
normal,154,3805.46242777021,3852.4160479111,1.59118207871405,1,1,0,0,1.43149807998049,0.775986234200747,0.198601838388505,0.722516450152668,0.722516450152668,1,0.362643320790979
normal,155,3829.13130665858,3875.43435468063,1.60108089202791,1,1,0,0,2.27333518579789,0.124262475084459,0.315395845434098,0.115700096764837,0.315395845434098,1,0.242177653345539
normal,156,3853.19861020445,3899.55258483707,1.61114633475092,1,1,0,0,2.36478280508229,0.0202841043090845,0.328083019493305,0.018886416271316,0.328083019493305,1,0.246513346596438
normal,157,3876.21453493002,3922.50165826534,1.62077206916693,1,1,0,0,2.27486284307131,0.0469802700074946,0.315607788116503,0.0437430671022027,0.315607788116503,1,0.242250421634032
normal,158,3900.3371011889,3946.29679536196,1.63086062389629,1,1,0,0,4.76052747066895,0.0321217120508196,0.660461596558144,0.0299083467475279,0.660461596558144,1,0.346571251070813
normal,159,3923.26714498239,3969.91524715196,1.64045044113524,1,1,0,0,8.84714103019268,0.0258387453640235,1.22742635680139,0.0240583115447166,1.22742635680139,1,0.468990615337901
normal,160,3947.09276719811,3992.98883872235,1.65041480774138,1,1,0,0,6.89451863325682,0.00630654988160228,0.956525261554852,0.00587199338382493,0.956525261554852,1,0.416947000533924
normal,161,3970.69656341977,4017.0855676331,1.66028640214171,1,1,0,0,2.50451923114476,0.0303092876850688,0.347469640749706,0.0282208085397642,0.347469640749706,1,0.253059322634231
normal,162,3993.77280560538,4039.90829898797,1.66993736256354,1,1,0,0,8.57428399525476,0.198311685485398,1.18957097333022,0.184646903135185,1.18957097333022,1,0.462337910322266
normal,163,4017.87039703054,4063.83693421205,1.68001547230234,1,1,0,0,4.32635536900905,1.35752735866556,0.600225834615781,1.26398614426249,1.26398614426249,1,0.475238802228382
normal,164,4040.64319090262,4087.03886649497,1.68953952438093,1,1,0,0,4.16300995754784,0.0374625938847277,0.577563772079891,0.0348812120036942,0.577563772079891,1,0.323899921393491
normal,165,4064.61232218208,4110.39615236572,1.69956390943735,1,1,0,0,3.52735512068094,0.165121016957386,0.489374887338926,0.153743256979975,0.489374887338926,1,0.29818292890101
normal,166,4087.81982581921,4134.52251865595,1.70926976610542,1,1,0,0,2.19519770210397,0.0499483328177899,0.304555280486309,0.0465066138134836,0.304555280486309,1,0.238440190693813
normal,167,4111.21284134586,4157.55826332583,1.71905320767183,1,1,0,0,3.63199861047181,0.00405410442266789,0.503892817707467,0.00377475399293806,0.503892817707467,1,0.302534359939098
normal,168,4135.32104773705,4181.76699343999,1.72913575680835,1,1,0,0,2.39235668307959,0.0786443589053377,0.331908538324486,0.0732253234870108,0.331908538324486,1,0.247812598137656
normal,169,4158.34535371167,4204.98749737021,1.73876499643557,1,1,0,0,4.33487917801565,0.0926852275959665,0.601408402837462,0.0862986979314193,0.601408402837462,1,0.330566112036404
normal,170,4182.5384465877,4228.8407305725,1.74888304685081,1,1,0,0,4.87894984042674,0.0201811434963548,0.676891168255887,0.0187905500334375,0.676891168255887,1,0.350899541548467
normal,171,4205.79407052011,4252.6304202374,1.75860902841884,1,1,0,0,7.9252418119893,0.406694232953962,1.09952476747714,0.378670729634931,1.09952476747714,1,0.445733093591675
normal,172,4229.64603517614,4276.07825006758,1.76858441197682,1,1,0,0,6.68674461432826,0.54204652353354,0.927699304534259,0.504696491690253,0.927699304534259,1,0.410760916359166
normal,173,4253.38820650539,4300.3403595533,1.77851387770109,1,1,0,0,1.57037812619671,0.602969416445548,0.217869648020774,0.561421457133942,0.561421457133942,1,0.319318902313018
normal,174,4276.87032232447,4323.42321957072,1.78833458284745,1,1,0,0,4.11389364909162,0.0837822218757265,0.570749519730775,0.0780091590128556,0.570749519730775,1,0.321972870676084
normal,175,4301.13872000515,4347.61625037976,1.79848412728513,1,1,0,0,2.71253856924467,0.417709474579895,0.376329632631473,0.38892695961218,0.38892695961218,1,0.266742220824332
normal,176,4324.19267330827,4371.0698797204,1.8081257660366,1,1,0,0,1.62919674782584,0.0147637029560807,0.226029970797583,0.013746401393219,0.226029970797583,1,0.210440686887378
normal,177,4348.40801358284,4394.61016658602,1.81825312077275,1,1,0,0,2.7348311892126,0.0219323972122452,0.379422445238101,0.0204211325906462,0.379422445238101,1,0.263642758274187
normal,178,4371.83516989939,4418.7229927088,1.82805084072162,1,1,0,0,3.39406595378327,0.0811118952480094,0.470882739879315,0.0755228327988429,0.470882739879315,1,0.292571259019136
normal,179,4395.43648956864,4441.96607456967,1.83792139937666,1,1,0,0,2.20649986863612,0.0144388499735233,0.306123309869268,0.0134439325948896,0.306123309869268,1,0.238982676151103
normal,180,4419.52032497123,4466.21711318631,1.84799375606311,1,1,0,0,1.99417432348614,0.0182590177619837,0.276665887471465,0.0170008694938396,0.276665887471465,1,0.228684044336336
normal,181,4442.73071591451,4489.60401711379,1.85770082026217,1,1,0,0,2.06019200117366,0.0084724001462297,0.28582498613757,0.0078886044727737,0.28582498613757,1,0.231910571623629
normal,182,4467.05590211143,4513.53511859742,1.86787411482859,1,1,0,0,2.18155427733936,0.0171336025517916,0.302662431813956,0.0159530016750847,0.302662431813956,1,0.237784478213059
normal,183,4490.3758747678,4537.62045246342,1.87762700836015,1,1,0,0,3.16387925780445,0.0218623877594046,0.438947313885176,0.0203559471799853,0.438947313885176,1,0.282694896169005
normal,184,4514.35903793272,4561.05942075321,1.88765726184047,1,1,0,0,2.52413790173403,0.272964896771346,0.350191477474642,0.254156091357288,0.350191477474642,1,0.253970766679154
normal,185,4538.39128751487,4585.48728498972,1.89770804427286,1,1,0,0,1.26591919451816,0.0102219897762488,0.175629910230845,0.00951763760891863,0.175629910230845,1,0.191581121968464
normal,186,4561.8622999857,4608.76719199126,1.90752410576998,1,1,0,0,2.46704123933231,0.0409314057249569,0.342270054262546,0.0381110033409481,0.342270054262546,1,0.251312989739064
normal,187,4586.3160573525,4633.38648482499,1.91775117145138,1,1,0,0,8.86220431837465,0.321517348755828,1.22951619315322,0.299363008320406,1.22951619315322,1,0.46935241058627
normal,188,4609.55643660244,4657.20338985725,1.92747077737878,1,1,0,0,0.490659608738741,0.087278154899514,0.0680726727344451,0.0812642027326969,0.0812642027326969,1,0.154294227937542
normal,189,4634.19105623762,4681.06455604568,1.93777348339104,1,1,0,0,2.83995449568116,0.061533203548828,0.394006943962973,0.0572932222701252,0.394006943962973,1,0.268389787280448
normal,190,4657.97057245869,4705.43971611778,1.94771856751929,1,1,0,0,1.75280849082134,0.0988520492155073,0.243179500893807,0.0920405911105742,0.243179500893807,1,0.216697148995674
normal,191,4681.93089261263,4728.84341974248,1.95773926758129,1,1,0,0,2.48261249516956,0.607627947879656,0.34443036455464,0.565758989742574,0.565758989742574,1,0.320555302631137
normal,192,4706.17688749143,4753.4237873873,1.96787944270517,1,1,0,0,3.96745024543288,0.234392996965887,0.550432392105362,0.218242010804313,0.550432392105362,1,0.316168440406756
normal,193,4729.65942994874,4777.00442132619,1.97770032628043,1,1,0,0,1.05452729317898,0.503879095623335,0.146302018832645,0.469159012660689,0.469159012660689,1,0.29204419639261
normal,194,4754.2479371531,4801.35787227975,1.98798374712307,1,1,0,0,1.25138023545814,0.528021326867061,0.173612817761106,0.49163770938003,0.49163770938003,1,0.29886428096428
normal,195,4777.77480865171,4825.51122627625,1.99782317001768,1,1,0,0,2.20587642736112,0.0789096936565406,0.306036815458221,0.0734723751924302,0.306036815458221,1,0.238952768614619
normal,196,4802.17026905801,4849.22649723985,2.00802585470784,1,1,0,0,1.77753192129976,0.135422111404964,0.246609557009811,0.126090771836014,0.246609557009811,1,0.217938868048584
normal,197,4826.26512195921,4874.05985748091,2.01810281913943,1,1,0,0,4.50312887510386,0.130545366324652,0.624750871554208,0.121550061719737,0.624750871554208,1,0.33697745133328
normal,198,4850.03758168958,4897.87356031893,2.02804495209774,1,1,0,0,0.883087506317192,0.0471229975078034,0.122516966432051,0.0438759598808594,0.122516966432051,1,0.170919614005006
normal,199,4874.89675236451,4922.47658982125,2.03844156998611,1,1,0,0,1.98231436910151,0.152289866157157,0.275020472240434,0.141796244109182,0.275020472240434,1,0.228102052464279
normal,200,4898.71005231737,4946.39690438523,2.04840078316778,1,1,0,0,1.62577158818902,0.0633174786380687,0.225554774211461,0.0589545508436943,0.225554774211461,1,0.210266178106262
normal,201,4923.29654387618,4970.42793687254,2.05868336102587,1,1,0,0,2.01194236992078,0.0703742379294344,0.279130974037659,0.0655250600203563,0.279130974037659,1,0.229554615299119
normal,202,4947.18138424977,4995.15884402886,2.06867249388698,1,1,0,0,3.01741849669374,0.876195285084481,0.418627778137867,0.815820537940072,0.815820537940072,1,0.385443817751726
normal,203,4971.29581156075,5018.91744688624,2.07875764474046,1,1,0,0,1.50099044322041,0.0531833501871344,0.20824300472077,0.0495187204242258,0.20824300472077,1,0.203866099985068
normal,204,4995.97254386948,5043.95812492735,2.08907796314136,1,1,0,0,6.92172929730414,0.0340101987092738,0.960300389149605,0.0316667061313543,0.960300389149605,1,0.417747287945934
normal,205,5019.70836812877,5067.89367661932,2.09900477439006,1,1,0,0,1.64917238347926,0.000328761761661083,0.228801331806884,0.000306108240729246,0.228801331806884,1,0.211457189304804
normal,206,5044.78911002089,5092.48587454897,2.10949405793129,1,1,0,0,1.62318750269967,3.4744138408177,0.225196265781784,3.2350073287247,3.2350073287247,1,0.648747079231631
normal,207,5068.69993210491,5117.04601014623,2.11949405687957,1,1,0,0,0.503821535863078,1.1488460711845,0.069898719838654,1.06968416260504,1.06968416260504,1,0.439978327948322
normal,208,5093.31473459687,5141.26670929084,2.12978847495381,1,1,0,0,0.45660269572052,0.0143626273894248,0.0633477166692939,0.0133729621724038,0.0633477166692939,1,0.146911892054313
normal,209,5117.84679036085,5166.40548746071,2.14004828663978,1,1,0,0,0.254778543960267,0.0272110473149546,0.0353472267410552,0.0253360542293476,0.0353472267410552,1,0.135174020124276
normal,210,5142.10622298905,5190.28449385045,2.15019408170762,1,1,0,0,1.02547994571187,0.205132779608234,0.142272075175747,0.190997985789202,0.190997985789202,1,0.197407544427208
normal,211,5167.18749526201,5215.55412045267,2.16068358706506,1,1,0,0,3.93117060453384,1.54619612453374,0.545399061303604,1.43965457878074,1.43965457878074,1,0.502983561492956
normal,212,5191.11825344777,5240.00989034718,2.17069192370225,1,1,0,0,0.835798393668445,1.02093021760423,0.115956213861617,0.950582425520414,0.950582425520414,1,0.415682581615639
normal,213,5216.38558929929,5264.72952948309,2.18125924468575,1,1,0,0,2.6368021666621,0.0927830457260074,0.365822186623557,0.086389775846159,0.365822186623557,1,0.259169052226069
normal,214,5240.80061168185,5289.96067093672,2.19147011059784,1,1,0,0,2.52227119283364,0.434686764543864,0.349932495765524,0.404734419509473,0.404734419509473,1,0.271848421221297
normal,215,5265.6009217284,5314.09329606231,2.20184211175744,1,1,0,0,2.87809648897346,0.367958017019843,0.399298652064851,0.342603655251977,0.399298652064851,1,0.270099359023097
normal,216,5290.74364435451,5339.47729581038,2.21235731691996,1,1,0,0,2.1600578663922,0.148052341910357,0.299680082907892,0.137850708942071,0.299680082907892,1,0.236749455127774
normal,217,5314.94302291574,5363.82162795058,2.22247799613839,1,1,0,0,0.499893990985303,0.3232035942252,0.0693538238000298,0.300933062062237,0.300933062062237,1,0.23718458310037
normal,218,5340.31269511543,5388.9436430588,2.23308811629333,1,1,0,0,1.14935296488301,0.148043475690268,0.159457853961044,0.137842453654047,0.159457853961044,1,0.185376938599215
normal,219,5364.61386521162,5413.73296549332,2.2432513668311,1,1,0,0,4.43970363423287,0.00810555500560594,0.615951439956379,0.00754703701052067,0.615951439956379,1,0.334573734239488
normal,220,5389.80348260456,5438.21373481522,2.25378618435229,1,1,0,0,0.61992024816019,0.295123386444364,0.0860059141263745,0.274787737375832,0.274787737375832,1,0.228019674946249
normal,221,5414.5624171983,5463.66989270968,2.26414088144418,1,1,0,0,0.606950570926437,0.0172605205895245,0.0842065392072241,0.0160711743514049,0.0842065392072241,1,0.15549713768555
normal,222,5439.06500868679,5488.00771054883,2.27438837056245,1,1,0,0,0.472749864332838,0.063667459624317,0.0655879274079764,0.0592804161859648,0.0655879274079764,1,0.147840387265679
normal,223,5464.4802465432,5513.30071944951,2.28501754721482,1,1,0,0,6.5566979764945,0.00353504750972589,0.909657016031586,0.00329146299931324,0.909657016031586,1,0.406820414364226
normal,224,5488.85903660077,5538.15784953091,2.29521326002132,1,1,0,0,4.58733952275706,0.251514490240009,0.636434009428931,0.234183737598569,0.636434009428931,1,0.340144487590173
normal,225,5514.17354063741,5563.08179049347,2.30580030771265,1,1,0,0,0.224761117340621,0.121221300869464,0.0311826971522799,0.112868476432838,0.112868476432838,1,0.167077107769323
normal,226,5538.95300184071,5588.51864357746,2.316163589456,1,1,0,0,1.78131604691384,0.299970594530725,0.247134555481104,0.279300945761953,0.279300945761953,1,0.229614583286633
normal,227,5563.92959196838,5613.00038727962,2.32660931458125,1,1,0,0,0.988000448470615,0.131483239767685,0.137072279829817,0.12242331044618,0.137072279829817,1,0.176663901369242
normal,228,5589.33239194829,5638.6216215748,2.33723328945714,1,1,0,0,0.518095317105845,0.124443155813336,0.0718790223170252,0.115868327582711,0.115868327582711,1,0.168274776966401
normal,229,5613.82970535739,5663.22930892565,2.34747857117375,1,1,0,0,0.365261920062732,1.15766603559723,0.0506753657809743,1.07789638222582,1.07789638222582,1,0.441574922364842
normal,230,5639.47145338814,5688.68644795884,2.35820247905272,1,1,0,0,1.01113845998358,0.437477595536745,0.140282379575946,0.407332946665086,0.407332946665086,1,0.272682031276191
normal,231,5664.04659434988,5714.00291989642,2.36848030985702,1,1,0,0,3.4540112243494,0.0978308789145759,0.479199370619953,0.0910897851448083,0.479199370619953,1,0.295104675540618
normal,232,5689.54133172313,5738.97134247064,2.37914273484698,1,1,0,0,4.82469087469854,0.433577219939066,0.669363438744139,0.403701328722792,0.669363438744139,1,0.348923016902283
normal,233,5714.80811178197,5764.74252870435,2.38970982338651,1,1,0,0,1.80800414507471,0.0652785967641158,0.250837183819883,0.0607805369814781,0.250837183819883,1,0.219464928339192
normal,234,5739.83351201572,5789.56325485507,2.4001759619048,1,1,0,0,2.80632652995868,0.80527551942957,0.38934149878554,0.749787540100333,0.749787540100333,1,0.369473298099569
normal,235,5765.5705686706,5815.19141382286,2.4109397298161,1,1,0,0,3.89982371611314,1.2063944055467,0.541050086090033,1.12326709542395,1.12326709542395,1,0.450220686510004
normal,236,5790.40368121572,5840.27083852302,2.42132544965714,1,1,0,0,4.07795235415886,0.134173244533984,0.565763130054438,0.124927958865159,0.565763130054438,1,0.320556480893844
normal,237,5816.0623978794,5865.47750351653,2.43205645416837,1,1,0,0,1.24714345604171,0.00054770708329206,0.17302501943101,0.00050996700727719,0.17302501943101,1,0.190586869321479
normal,238,5841.0823809793,5891.19936464524,2.44252032712957,1,1,0,0,1.5291167656071,0.00192642390240847,0.212145168063651,0.00179368253985977,0.212145168063651,1,0.205315973971634
normal,239,5866.35442504874,5916.08992981084,2.4530896171869,1,1,0,0,1.27465235012791,0.02740737024988,0.176841522585264,0.02551884941794,0.176841522585264,1,0.192042917063327
normal,240,5892.00410079144,5941.90094217053,2.46381684059851,1,1,0,0,1.25208394260399,0.0224342181440045,0.173710448023283,0.0208883752584243,0.173710448023283,1,0.190848676765633
normal,241,5916.93086347978,5966.96556418515,2.47424172686096,1,1,0,0,1.82961800822329,0.250492251402464,0.253835827699338,0.233231936724327,0.253835827699338,1,0.220544429158367
normal,242,5942.7736447945,5992.57439449032,2.48504971100553,1,1,0,0,1.26107631594264,0.420435874340335,0.174958023483919,0.391465495207002,0.391465495207002,1,0.267566316297641
normal,243,5967.81287536728,6018.13434567276,2.49552163365686,1,1,0,0,5.59938912464023,0.328082105646477,0.776842798155418,0.305475416808724,0.776842798155418,1,0.3761125739599
normal,244,5993.45310902747,6043.077939413,2.50624490819483,1,1,0,0,0.631057528918299,0.465328723786928,0.0875510677414177,0.433264976679503,0.433264976679503,1,0.280912649881657
normal,245,6018.9447685705,6069.29969677967,2.51690604597271,1,1,0,0,5.45278731290942,0.00615864752008744,0.756503693459432,0.00573428232079175,0.756503693459432,1,0.371134012996648
normal,246,6043.94887035877,6094.2970179601,2.52736327704183,1,1,0,0,3.13082450876881,0.00829896445502289,0.43436139510697,0.00772711946902284,0.43436139510697,1,0.281257129547091
normal,247,6070.13262666708,6120.11321207081,2.53831386396122,1,1,0,0,1.18108429091456,1.21912974823917,0.163860164919406,1.13512490190053,1.13512490190053,1,0.452432214055184
normal,248,6095.1209135407,6145.32945147605,2.54876448090686,1,1,0,0,1.26435800134867,1.84895775114462,0.175413314876737,1.72155423892955,1.72155423892955,1,0.54052894628519
normal,249,6120.99076903336,6170.69032306487,2.55958378803105,1,1,0,0,2.38149458049672,0.273730408568306,0.3304015621211,0.254868855117406,0.3304015621211,1,0.247301232470574
normal,250,6146.16492584606,6196.61336269862,2.57011213961871,1,1,0,0,3.51392462548708,0.351941032894359,0.487511579889708,0.327690330759286,0.487511579889708,1,0.297621004797096
normal,251,6171.54502010585,6221.63490668558,2.58072661849415,1,1,0,0,1.33225575369838,0.441118147768689,0.184833249578489,0.410722644522199,0.410722644522199,1,0.273767010636912
normal,252,6197.4390330097,6247.6238537007,2.59155602874593,1,1,0,0,1.45010199505846,0.115437824387043,0.201182890914792,0.10748351377055,0.201182890914792,1,0.201232061061185
normal,253,6222.47449634938,6272.70027764873,2.60202637586268,1,1,0,0,2.84757024590625,0.00746915052827951,0.395063530776861,0.00695448435487626,0.395063530776861,1,0.2687316770436
normal,254,6248.50818407914,6298.39214228366,2.6129142010074,1,1,0,0,1.71485271922294,0.29943646974564,0.237913628642691,0.278803625156703,0.278803625156703,1,0.229439101292007
normal,255,6273.51302268214,6324.15618662273,2.62337174022764,1,1,0,0,2.92167668328598,1.25229410747631,0.405344840200788,1.16600405162189,1.16600405162189,1,0.458099843440319
normal,256,6299.2884216141,6349.37818008799,2.63415154367001,1,1,0,0,2.91780050089048,0.00568806275928109,0.404807070042069,0.00529612347738914,0.404807070042069,1,0.271871749665906
normal,257,6325.0002137165,6375.38946980167,2.64490474542438,1,1,0,0,4.37303303811311,0.0399832032959259,0.606701757305025,0.0372281373533121,0.606701757305025,1,0.332029862947718
normal,258,6350.2354413579,6400.29447304716,2.65545863809217,1,1,0,0,7.76642548798352,0.709273008769431,1.07749105722998,0.660400138429025,1.07749105722998,1,0.441496350815179
normal,259,6376.22698872544,6426.53525790242,2.66632883926829,1,1,0,0,6.02693860266048,0.940080547199317,0.83615975674891,0.875303748808918,0.875303748808918,1,0.399168504633934
normal,260,6401.14840056621,6452.03612323311,2.67675148769592,1,1,0,0,8.38987909080845,0.0864207042629648,1.16398717860281,0.0804658352323524,1.16398717860281,1,0.457733655127587
normal,261,6427.41047731636,6477.41798357624,2.68773482983941,1,1,0,0,6.61276340269413,0.937546806040558,0.917435368562408,0.872944596562464,0.917435368562408,1,0.408525775818178
normal,262,6452.84771101482,6503.37865894094,2.69837320560658,1,1,0,0,2.15456504205745,0.576703009193041,0.298918024595637,0.536964951992594,0.536964951992594,1,0.312271873334026
normal,263,6478.28974375356,6528.64121448886,2.70901358843137,1,1,0,0,3.87554096396357,0.0537073589447069,0.537681168390819,0.0500066220527388,0.537681168390819,1,0.312480090337635
normal,264,6504.22755565379,6554.80737653577,2.71986131632678,1,1,0,0,4.90277372808537,0.0143949149654996,0.680196424443608,0.0134030249542181,0.680196424443608,1,0.351763869634015
normal,265,6529.48320749937,6580.03314227722,2.73042375081801,1,1,0,0,1.96645778471189,0.0968125147672854,0.272820576303176,0.09014159197303,0.272820576303176,1,0.227322815017378
normal,266,6555.69741092308,6605.98311048926,2.74138707134902,1,1,0,0,3.02880765397222,0.053362132960848,0.420207876361424,0.0496851840666447,0.420207876361424,1,0.276788439827163
normal,267,6580.87375846043,6631.73208351378,2.75191633914292,1,1,0,0,5.30578530434765,0.0412790886415302,0.736109066630755,0.0384347289633749,0.736109066630755,1,0.366065019933155
normal,268,6606.83764589656,6656.79647618273,2.76277497236524,1,1,0,0,1.20066902768613,0.137942614245294,0.16657729376616,0.128437597958092,0.16657729376616,1,0.188117486332123
normal,269,6632.5644142826,6683.07184319252,2.77353443751031,1,1,0,0,4.18890058253381,0.140346084950345,0.581155761333074,0.130675456112428,0.581155761333074,1,0.324911768408033
normal,270,6657.69839747589,6707.99004415401,2.78404598766177,1,1,0,0,4.95499443240411,0.00796863959845195,0.687441371555088,0.00741955583935015,0.687441371555088,1,0.353650952320734
normal,271,6683.87634799847,6734.01017271545,2.79499414648183,1,1,0,0,1.32927176145823,0.734699933306706,0.184419259260989,0.684075005901249,0.684075005901249,1,0.352775394338956
normal,272,6708.82410510695,6759.37196340679,2.80542781304377,1,1,0,0,4.53037272925226,0.489542219898599,0.628530603846084,0.4558100277195,0.628530603846084,1,0.338005090107706
normal,273,6734.87498564745,6785.03371960861,2.81632282857654,1,1,0,0,4.6384045080656,0.178137033025657,0.643518615480023,0.165862396869698,0.643518615480023,1,0.342051492616798
normal,274,6760.20011401355,6810.85731566554,2.82691431958158,1,1,0,0,3.03593671009071,1.19700205754809,0.421196940664693,1.11452193264211,1.11452193264211,1,0.448577031574094
normal,275,6785.89439514735,6835.94457836812,2.83766019788773,1,1,0,0,2.03901644046291,0.692511032473328,0.282887151050764,0.644793155885737,0.644793155885737,1,0.342393494007153
normal,276,6811.68083835508,6862.08588369343,2.848444620274,1,1,0,0,2.10914820605173,0.0041833332521714,0.292617026186581,0.00389507823457416,0.292617026186581,1,0.234288970271476
normal,277,6836.77748312967,6887.18152888874,2.85894055472868,1,1,0,0,2.36346371775672,0.0191725719354701,0.327900013192761,0.0178514746841874,0.327900013192761,1,0.246451099138568
normal,278,6862.9428077785,6912.74942654544,2.86988343314792,1,1,0,0,2.63938221483681,0.180204146032035,0.366180134928061,0.167787074248763,0.366180134928061,1,0.259287382359578
normal,279,6887.99112655615,6938.40063932413,2.88035915667396,1,1,0,0,2.1882313215357,0.260213624017764,0.303588785310995,0.242283452489749,0.303588785310995,1,0.238105497907247
normal,280,6913.63765575355,6963.54995068781,2.89108506413544,1,1,0,0,1.79885746395086,0.825109396554705,0.249568200150429,0.768254752354397,0.768254752354397,1,0.374019670928507
normal,281,6939.24070987286,6989.58792583532,2.9017927894226,1,1,0,0,2.10468762527832,0.00137897613246124,0.291998178313664,0.00128395697779015,0.291998178313664,1,0.234072766891376
normal,282,6964.42434641007,7014.40424710316,2.91232510562658,1,1,0,0,4.3202684722701,0.171587688126973,0.599381356443338,0.159764338401049,0.599381356443338,1,0.330004040167156
normal,283,6990.44769518197,7040.21119781621,2.92320860680588,1,1,0,0,1.53777357275388,0.252554355669403,0.213346188056601,0.235151950494067,0.235151950494067,1,0.213778568420991
normal,284,7015.25849275354,7065.35895460665,2.93358499406475,1,1,0,0,2.99047210638118,0.214686335866215,0.414889315104734,0.199893248681282,0.414889315104734,1,0.275096910927042
normal,285,7041.06551828754,7090.51928854279,2.94437802440437,1,1,0,0,2.69940131232453,0.00644648155996498,0.374507008198922,0.00600228298827733,0.374507008198922,1,0.262031124481593
normal,286,7066.18208776156,7116.63586541942,2.95488229177929,1,1,0,0,2.62457720121835,0.000407887348443269,0.364126130830456,0.000379781632805583,0.364126130830456,1,0.258607940010558
normal,287,7091.38598229553,7141.48930773501,2.96542308029532,1,1,0,0,3.37132610232363,0.388046319039551,0.467727879689334,0.361307761104864,0.467727879689334,1,0.291606082058673
normal,288,7117.48235756258,7167.34394465961,2.97633712266105,1,1,0,0,1.52780415198028,0.0449210482209276,0.211963059905055,0.0418257371938444,0.211963059905055,1,0.205248404859606
normal,289,7142.31925995653,7192.2333691023,2.98672442749504,1,1,0,0,1.03447982161955,0.778206238365125,0.143520691520771,0.724583483635321,0.724583483635321,1,0.363165911270449
normal,290,7168.20441514009,7217.78226777688,2.99755013326551,1,1,0,0,0.976649754371844,0.6218950337713,0.135497517874822,0.579042993759825,0.579042993759825,1,0.324316941568812
normal,291,7193.04930488466,7243.34436823163,3.00794077857426,1,1,0,0,2.37315185136155,1.01096315328167,0.329244116388834,0.941302147578115,0.941302147578115,1,0.413696770302254
normal,292,7218.6175231173,7268.37326231268,3.01863393477514,1,1,0,0,1.00806168328637,1.14484534336149,0.139855516615441,1.06595910726603,1.06595910726603,1,0.439250865894539
normal,293,7244.15292719788,7294.35075373258,3.02931336742084,1,1,0,0,6.30223606058996,0.0336974838700812,0.874353717336843,0.0313755390905418,0.874353717336843,1,0.398954078709949
normal,294,7269.21382525709,7319.0262040451,3.03979435186187,1,1,0,0,6.67606508335434,0.00538564876278573,0.926217657779569,0.0050145474937,0.926217657779569,1,0.410439325098311
normal,295,7295.16464020569,7344.80354141825,3.05064751790029,1,1,0,0,2.8474742548458,0.171590350262227,0.395050213259121,0.159766817100321,0.395050213259121,1,0.268727369454432
normal,296,7319.84024880932,7369.73644417755,3.06096736634454,1,1,0,0,1.52646449980736,0.616618650061501,0.211777200498001,0.574130182346909,0.574130182346909,1,0.322930143220424
normal,297,7345.67126514,7394.75605776664,3.07177043013014,1,1,0,0,2.12114637623446,0.0319452602059117,0.294281617071412,0.0297440534199058,0.294281617071412,1,0.234870021242739
normal,298,7370.52137672412,7420.29929138443,3.08216325931989,1,1,0,0,1.72155264322577,0.00373866806703332,0.238843156416869,0.00348105296336126,0.238843156416869,1,0.215122764494329
normal,299,7395.60568676247,7444.63823834142,3.09265403513347,1,1,0,0,1.41405076222201,0.0952845499170391,0.196181248776656,0.0887189124319488,0.196181248776656,1,0.199357553347617
normal,300,7421.1325427815,7470.20876486292,3.10332989280353,1,1,0,0,0.393090431648695,0.264188925188778,0.0545362117282237,0.245984833215049,0.245984833215049,1,0.217712948831555
normal,301,7445.47542908259,7494.9384062951,3.11351058991857,1,1,0,0,1.31942068397866,0.224663745166747,0.183052549710407,0.20918315877481,0.20918315877481,1,0.204215808401243
normal,302,7471.07075435866,7520.0428656927,3.12421508284407,1,1,0,0,1.91055947317855,0.0136906449732947,0.265065408770234,0.0127472830965792,0.265065408770234,1,0.224565536036588
normal,303,7495.77688759257,7545.082102701,3.13454769731826,1,1,0,0,3.76637286925843,0.000259003834112542,0.522535507628139,0.000241157023863535,0.522535507628139,1,0.308053060261288
normal,304,7520.93280740249,7569.66321843229,3.14506842181524,1,1,0,0,1.11650837032292,0.0303584923107438,0.154901091397418,0.0282666226920093,0.154901091397418,1,0.183615168500536
normal,305,7545.90595841217,7595.14067895118,3.15551270863041,1,1,0,0,0.843556993434768,0.0355584940765086,0.117032619201213,0.0331083153032935,0.117032619201213,1,0.168738886717643
normal,306,7570.5066355203,7619.2656840664,3.1658012191778,1,1,0,0,3.347848601725,0.00832776666187896,0.464470680224756,0.00775393704301711,0.464470680224756,1,0.290607197129494
normal,307,7595.9541888026,7644.61314615455,3.17644391080777,1,1,0,0,1.29310309593353,0.285944205627032,0.179401324856661,0.266241053366316,0.266241053366316,1,0.224984557745475
normal,308,7620.07358737091,7669.34494474657,3.1865311407436,1,1,0,0,1.35874859881594,0.0256697273573783,0.188508789083621,0.0239009398223961,0.188508789083621,1,0.196468379424073
normal,309,7645.47086104716,7693.98472765685,3.19715280440532,1,1,0,0,0.84458276359638,0.0270896273432368,0.117174931540091,0.0252230007715971,0.117174931540091,1,0.168795587450324
normal,310,7670.15144632539,7719.04383591153,3.20747473419752,1,1,0,0,0.580622447307697,0.568470295330862,0.0805538526789453,0.529299518080675,0.529299518080675,1,0.310036375219596
normal,311,7694.84120000462,7743.27909494095,3.21780049840412,1,1,0,0,3.31766394245903,0.428968178439627,0.4602829492699,0.399409875916015,0.4602829492699,1,0.289319355577984
normal,312,7719.88065779749,7768.54113169076,3.22827251608357,1,1,0,0,1.80121884263509,0.0211146242489658,0.249895810892195,0.0196597087503534,0.249895810892195,1,0.219125536512487
normal,313,7744.08908533641,7792.71719431398,3.23839697977111,1,1,0,0,2.94065761164604,0.0520360413211415,0.407978198442301,0.048450467544792,0.407978198442301,1,0.272888777005079
normal,314,7769.38271088594,7817.42632706397,3.24897529564852,1,1,0,0,0.292509732058899,0.00282165839630532,0.0405819409371601,0.00262723037882471,0.0405819409371601,1,0.137387199701923
normal,315,7793.50379670528,7842.12315573622,3.25906323122753,1,1,0,0,0.0502867081259495,0.00443150424767194,0.00697663016107982,0.00412614886288832,0.00697663016107982,1,0.12302690810709
normal,316,7818.26842185567,7866.49239674117,3.26942030822757,1,1,0,0,0.72575223297009,0.798518553936698,0.100688732802483,0.74349616725563,0.74349616725563,1,0.367910012758358
normal,317,7842.9140394086,7891.58944895254,3.27972761379586,1,1,0,0,1.84873118288309,0.0381024842468102,0.256487533403986,0.0354770103471725,0.256487533403986,1,0.221497012909224
normal,318,7867.34544706479,7915.56205778483,3.28994533236732,1,1,0,0,0.659892980775545,0.160949193876764,0.0915516136238756,0.149858895801867,0.149858895801867,1,0.181658686478013
normal,319,7892.38128048974,7940.58844520704,3.30041583426136,1,1,0,0,0.237609364673567,0.0256989354532675,0.0329652252437099,0.0239281353174029,0.0329652252437099,1,0.134164055994513
normal,320,7916.35147257032,7964.81349834524,3.31044066296668,1,1,0,0,0.489706467269461,0.000507076457611572,0.0679404366869851,0.000472136058556321,0.0679404366869851,1,0.148813748781758
normal,321,7941.41355828133,7989.07448767661,3.3209221441082,1,1,0,0,7.10353822980075,0.0225984272726714,0.985524026354742,0.0210412694613082,0.985524026354742,1,0.423036678579795
normal,322,7965.60705543343,8014.02287119007,3.33104036360002,1,1,0,0,0.0195189084023988,0.0094046871216413,0.00270799601219589,0.00875665167040439,0.00875665167040439,1,0.123796662560861
normal,323,7989.9129258873,8037.6685060044,3.34120557992431,1,1,0,0,11.0410043778509,0.170573920819233,1.53179651287175,0.158820425320911,1.53179651287175,1,0.516138874690428
normal,324,8014.81798451986,8062.57643942329,3.35162138910299,1,1,0,0,2.83816658077764,0.36438436736898,0.393758893901513,0.339276250014575,0.393758893901513,1,0.268309484106133
normal,325,8038.49633320547,8086.3469358718,3.36152416288137,1,1,0,0,10.5394830808589,1.28115432578458,1.46221692141679,1.19287563975541,1.46221692141679,1,0.506289376800728
normal,326,8063.37275988626,8110.76520076746,3.37192799758729,1,1,0,0,5.76307661586769,0.147423972596696,0.799552319833169,0.137265637782452,0.799552319833169,1,0.381582357064207
normal,327,8087.12989824364,8135.23129679391,3.38186372283141,1,1,0,0,1.25919505954941,0.0459046209811214,0.174697023498379,0.0427415362993454,0.174697023498379,1,0.191225274576601
normal,328,8111.61211805285,8159.11145386283,3.39210269209325,1,1,0,0,0.885973629631983,0.0134623636327856,0.12291737870235,0.012534731614979,0.12291737870235,1,0.171078477858568
normal,329,8136.03556303062,8183.91703753703,3.40231708050837,1,1,0,0,0.52051491692776,0.000539255928228951,0.0722147104884011,0.000502098183982692,0.0722147104884011,1,0.150577860374985
normal,330,8159.92725463404,8207.46035483833,3.4123090786951,1,1,0,0,3.11300398896005,0.0212124804444245,0.431889028538999,0.0197508221075911,0.431889028538999,1,0.280479944807576
normal,331,8184.70681308973,8231.87914554059,3.42267240111141,1,1,0,0,2.33214983049796,0.254940003802668,0.323555616463451,0.237373214151321,0.323555616463451,1,0.244970891698872
normal,332,8208.23840366137,8255.76045992479,3.43251379761969,1,1,0,0,1.17227230068733,0.185026595255168,0.162637615281747,0.172277229795567,0.172277229795567,1,0.190301088795617
normal,333,8232.69550704637,8279.73385859113,3.44274226267491,1,1,0,0,4.47094451342284,0.00211577699628547,0.620285707760696,0.00196998814836628,0.620285707760696,1,0.335759697063864
normal,334,8256.49045654057,8304.48764071461,3.45269380131629,1,1,0,0,0.727952204259045,0.000437760087139711,0.100993950356385,0.000407595973019392,0.100993950356385,1,0.162309755425432
normal,335,8280.55651592651,8327.88611340688,3.46275872370594,1,1,0,0,8.63486665434269,0.189398529199321,1.19797603348195,0.176347913081443,1.19797603348195,1,0.463831371260457
normal,336,8305.27143743094,8352.67251768501,3.47309501361612,1,1,0,0,4.96757591326129,0.0254118122425246,0.689186889249335,0.0236607964989559,0.689186889249335,1,0.354104074449591
normal,337,8328.67329052892,8376.07456182909,3.48288215123712,1,1,0,0,5.55204964851683,0.528207347887417,0.770275058304461,0.491810912513484,0.770275058304461,1,0.37451323190383
normal,338,8353.49721466429,8400.0778149084,3.4932640282957,1,1,0,0,3.50264463343811,0.251383879041245,0.485946626929405,0.234062126240633,0.485946626929405,1,0.297148449378941
normal,339,8376.84036941469,8424.19892129031,3.50302661705711,1,1,0,0,0.856066512392343,0.0500778554748442,0.118768153112907,0.0466272116363117,0.118768153112907,1,0.169429953115182
normal,340,8400.94008410251,8447.78450906136,3.51310561478814,1,1,0,0,1.48817080263254,0.0495806390552055,0.206464445445116,0.0461642562040611,0.206464445445116,1,0.203203855730638
normal,341,8424.97798036155,8472.11607359447,3.52315875877728,1,1,0,0,3.26627316497138,0.301525987905537,0.453153143768938,0.280749163849117,0.453153143768938,1,0.287117418718487
normal,342,8448.56142162123,8495.51803110966,3.5330218403127,1,1,0,0,8.52757349361079,0.0267937604044783,1.18309049555084,0.0249475207168129,1.18309049555084,1,0.461179975694786
normal,343,8472.88395990838,8519.89682421337,3.54319402746863,1,1,0,0,2.31922217570314,0.67787093535768,0.321762071614032,0.631161843200424,0.631161843200424,1,0.338718757130047
normal,344,8496.29095251599,8543.43778007159,3.55298331453856,1,1,0,0,2.70878047351183,0.0257898473532976,0.375808245469437,0.0240127828799387,0.375808245469437,1,0.262458342049015
normal,345,8520.72499135542,8567.19314708401,3.56320213352512,1,1,0,0,2.47745020325908,0.0361621393198385,0.343714163339942,0.0336703660190662,0.343714163339942,1,0.251798691402586
normal,346,8544.19313546323,8591.22311449013,3.57301699541367,1,1,0,0,1.23040895321297,0.0225585955396723,0.170703323668518,0.0210041823571026,0.170703323668518,1,0.18969906986557
normal,347,8567.9994945231,8614.42228790928,3.58297330577073,1,1,0,0,2.26810259427999,0.0544532229577896,0.314669891058381,0.0507010918709878,0.314669891058381,1,0.241928316872219
normal,348,8591.9663047553,8638.88673500715,3.59299672011731,1,1,0,0,3.13348254072489,0.272642361457403,0.434730162652211,0.253855780527265,0.434730162652211,1,0.281372927618207
normal,349,8615.18796126916,8662.26689526189,3.60270849581034,1,1,0,0,1.28038538278756,0.248635881932726,0.17763690669487,0.231503481475597,0.231503481475597,1,0.21244627356669
normal,350,8639.70744710323,8686.22825809137,3.61296305049237,1,1,0,0,4.37073317775517,0.0276420278054898,0.60638268143513,0.0257373377578205,0.60638268143513,1,0.331941794616777
normal,351,8663.03109461971,8709.79049436502,3.62271748092623,1,1,0,0,3.43094708614191,0.234226610919449,0.475999519839212,0.218087089685447,0.475999519839212,1,0.294131805152458
normal,352,8687.06049623795,8733.13907458754,3.63276707228138,1,1,0,0,3.48917199485481,0.0945740230432788,0.48407747263014,0.0880573448268274,0.48407747263014,1,0.296583309565569
normal,353,8710.53571279313,8757.26991300962,3.64258489201328,1,1,0,0,2.58020728802273,0.0408658476418483,0.357970379416588,0.0380499625757918,0.357970379416588,1,0.256565403786125
normal,354,8733.94174159265,8780.45164375871,3.65237377599878,1,1,0,0,2.80905468369508,0.125750893479547,0.389719994820591,0.117085954822317,0.389719994820591,1,0.266999835710013
normal,355,8758.04815252386,8804.60834246869,3.66245557423691,1,1,0,0,2.07669461264331,0.000299796880500579,0.288114509974115,0.000279139201598369,0.288114509974115,1,0.232713658346902
normal,356,8781.21522579549,8828.07484866198,3.67214452209228,1,1,0,0,2.66208092055173,0.128278937481651,0.36932928667829,0.119439802478018,0.36932928667829,1,0.260327057274382
normal,357,8805.43912534962,8851.31127057059,3.68227545649567,1,1,0,0,6.44654661474654,0.00248450932027915,0.894374939687873,0.00231331275651846,0.894374939687873,1,0.403440788868692
normal,358,8828.79944630585,8875.39530389423,3.69204522451841,1,1,0,0,1.96991751931541,0.0728039817737365,0.27330056971861,0.0677873809479609,0.27330056971861,1,0.227492945844725
normal,359,8852.1192229774,8898.53554937686,3.70179803608508,1,1,0,0,2.33350439748534,0.0408234164292741,0.323743545108049,0.0380104551106673,0.323743545108049,1,0.245035021931982
normal,360,8876.16681724688,8922.71816856813,3.71185523598219,1,1,0,0,5.19536787336837,0.127646535213796,0.720790076623504,0.118850976257268,0.720790076623504,1,0.362206235156486
normal,361,8899.34167677472,8945.76399297608,3.72154744021049,1,1,0,0,5.45083903706732,0.914625124117448,0.756233395392435,0.851602346500937,0.851602346500937,1,0.393773095951027
normal,362,8923.53407333448,8969.50482353934,3.7316651994119,1,1,0,0,3.18329429591258,0.61397944275384,0.441640899237879,0.571672831158054,0.571672831158054,1,0.322234557634912
normal,363,8946.53948855265,8993.23031043289,3.74128653853517,1,1,0,0,4.27754819783097,0.0721020682418156,0.593454471064498,0.0671338331773359,0.593454471064498,1,0.328355686546836
normal,364,8970.30605129838,9016.2762568499,3.75122620525287,1,1,0,0,2.90536242958101,0.883481934596179,0.403081448567186,0.822605096617355,0.822605096617355,1,0.387040346061276
normal,365,8993.99818729366,9040.21585732477,3.76113474516851,1,1,0,0,2.76087854018027,1.31863762720655,0.38303617819358,1.22777613243142,1.22777613243142,1,0.469051208479599
normal,366,9017.06172634591,9063.21482588852,3.77078039287798,1,1,0,0,4.01580211389108,0.110162935304894,0.557140588294805,0.102572093997094,0.557140588294805,1,0.31809470374051
normal,367,9041.03590219175,9087.16912841384,3.7808068876761,1,1,0,0,3.16897521617762,0.00637188788873295,0.439654312179772,0.005932829237467,0.439654312179772,1,0.282916113011399
normal,368,9064.01562238391,9110.55030000126,3.79041748060953,1,1,0,0,3.41307782952393,0.312268865757836,0.473520391669502,0.290751797437407,0.473520391669502,1,0.293376453683882
normal,369,9087.96949028379,9134.16505875185,3.80043548220581,1,1,0,0,4.46790950756408,1.53011169808387,0.619864639963611,1.42467845911636,1.42467845911636,1,0.50075818073163
normal,370,9111.30931499458,9158.09225574636,3.81019667827597,1,1,0,0,4.45242666082842,0.160675825965675,0.617716595290556,0.149604364466129,0.617716595290556,1,0.335057189745296
normal,371,9134.99044291717,9181.1640099019,3.82010061438858,1,1,0,0,3.40891601015801,0.195970047671784,0.472942993076606,0.182466617240838,0.472942993076606,1,0.293200327653427
normal,372,9158.83972191089,9205.29691849356,3.83007487474718,1,1,0,0,2.15170546530226,0.0425694747655982,0.298521295317033,0.0396362002789688,0.298521295317033,1,0.236346673389053
normal,373,9181.96562630154,9228.40418532004,3.83974660492743,1,1,0,0,1.88594366582638,0.0139501095725187,0.261650283970608,0.0129888691362655,0.261650283970608,1,0.223346224143479
normal,374,9206.07124613339,9252.1249119847,3.84982807231149,1,1,0,0,3.05771748604049,0.0376077907352076,0.424218741535857,0.0350164039805082,0.424218741535857,1,0.278059610314646
normal,375,9229.16972156001,9275.9105808078,3.85948833113326,1,1,0,0,2.12777167888641,0.391570661340801,0.29520079209858,0.364589256544334,0.364589256544334,1,0.258761228396757
normal,376,9252.93593988974,9299.08047616872,3.86942785380909,1,1,0,0,2.56313989631468,0.792740495740204,0.355602499628889,0.738116249529117,0.738116249529117,1,0.366567343178673
normal,377,9276.64442459776,9323.31137000211,3.87934323109359,1,1,0,0,7.31694679089107,0.154177771863795,1.01513170320259,0.143554062572016,1.01513170320259,1,0.429119076906107
normal,378,9299.87670524211,9346.1762721699,3.8890594500171,1,1,0,0,3.91673495163393,0.0999077447196104,0.543396301227042,0.093023543300251,0.543396301227042,1,0.314137581327266
normal,379,9324.07481744123,9370.25131956195,3.89917959961678,1,1,0,0,3.10342218109368,0.168874705807295,0.430559676663533,0.157238295710408,0.430559676663533,1,0.280061468899967
normal,380,9346.99065544132,9393.65262809588,3.90876347569994,1,1,0,0,1.74348697412426,0.149281069182796,0.241886261050527,0.138994770045168,0.241886261050527,1,0.216228151707732
normal,381,9371.0605390512,9417.07674540218,3.91882999745893,1,1,0,0,5.59341110123018,0.175194684780939,0.776013424748796,0.163122792846856,0.776013424748796,1,0.375911043573997
normal,382,9394.42641745434,9441.04672108617,3.92860208972058,1,1,0,0,1.83282805383072,0.0191507132385761,0.254281179996949,0.0178311221735516,0.254281179996949,1,0.220704547396052
normal,383,9417.89002461573,9464.04307906528,3.93841505416455,1,1,0,0,4.11137502417611,0.16538468517666,0.570400093108814,0.153988756986821,0.570400093108814,1,0.321873788136266
normal,384,9441.79435875899,9488.19466773896,3.94841233972219,1,1,0,0,2.95945214799476,0.817665652774752,0.410585697203715,0.761323924081035,0.761323924081035,1,0.372320773956767
normal,385,9464.83403165209,9511.2864233481,3.95804800611166,1,1,0,0,4.58498465890368,0.147172696328903,0.636107302535659,0.137031675852444,0.636107302535659,1,0.340056301329102
normal,386,9489.00012224445,9535.09590113284,3.96815476361496,1,1,0,0,3.29559022776868,0.153410134635645,0.457220506938418,0.142839319834783,0.457220506938418,1,0.288375007145759
normal,387,9512.04022691275,9559.05793092457,3.97779061058173,1,1,0,0,1.25994810589228,0.0650966677102751,0.174801498935808,0.0606111438551992,0.174801498935808,1,0.191265138861259
normal,388,9535.92293820365,9582.33980784292,3.98777885301655,1,1,0,0,2.78548757001148,1.49993535815456,0.386450362699857,1.39658143748971,1.39658143748971,1,0.496515054263142
normal,389,9559.85013346489,9606.42023011387,3.99778569956523,1,1,0,0,2.14798971721584,0.454131340416683,0.298005783343059,0.422839155541065,0.422839155541065,1,0.277622807086574
normal,390,9583.15987316689,9629.66123063103,4.00753431346422,1,1,0,0,6.89713876943264,0.198989299259031,0.956888771550866,0.185277825536539,0.956888771550866,1,0.417024159461461
normal,391,9607.21794589307,9653.84647991828,4.01759589566805,1,1,0,0,11.1257510834021,0.0053477168517236,1.54355402184449,0.00497922930309273,1.54355402184449,1,0.517753058809428
normal,392,9630.45239803631,9677.3843223213,4.02731302275719,1,1,0,0,6.41687978224258,0.233595175327388,0.890259050496788,0.21749916353113,0.890259050496788,1,0.402523920810308
normal,393,9654.68404194781,9701.07823720849,4.03744719601056,1,1,0,0,9.07665141120071,0.432105410049207,1.25926795284325,0.4023309347518,1.25926795284325,1,0.474442043571325
normal,394,9678.1227552968,9725.36707833395,4.04724974934877,1,1,0,0,1.83811902696412,0.667261561866012,0.255015234066496,0.621283514776933,0.621283514776933,1,0.336032176242933
normal,395,9701.907328985,9748.64955784621,4.05719694861408,1,1,0,0,6.43839861124116,0.117968432821324,0.893244509617449,0.109839749154734,0.893244509617449,1,0.403189252667284
normal,396,9726.15740892635,9773.09878248713,4.06733883219537,1,1,0,0,2.0104385608514,0.00419049559565503,0.278922339985025,0.00390174705260274,0.278922339985025,1,0.229480996344122
normal,397,9749.45174008066,9796.58064265245,4.07708100192192,1,1,0,0,0.923986497647488,0.279027932001924,0.128191172342647,0.259801349609142,0.259801349609142,1,0.222684789484967
normal,398,9773.896484227,9820.89057799451,4.08730429808863,1,1,0,0,1.45062957222505,0.0160606816941051,0.201256085421053,0.0149540110548595,0.201256085421053,1,0.201259440614437
normal,399,9797.34434795432,9845.16266942395,4.09711067830378,1,1,0,0,0.370700204454839,1.04433482850086,0.051429857381806,0.972374328052882,0.972374328052882,1,0.420291676761341
normal,400,9821.74392502656,9868.7463343467,4.10731508466853,1,1,0,0,4.48926815982837,0.754777491732562,0.622827876634698,0.702769108453884,0.702769108453884,1,0.357609714458114
normal,401,9845.9458318578,9893.41634785017,4.11743682126163,1,1,0,0,1.39397316568886,0.0246579035638442,0.193395742014426,0.0229588363374841,0.193395742014426,1,0.198310552877876
normal,402,9869.54134188054,9916.74448685658,4.12730495020267,1,1,0,0,3.64800114690643,0.0992956477462209,0.506112962602692,0.0924536232258079,0.506112962602692,1,0.303195632724644
normal,403,9894.21646579228,9941.3699477239,4.13762459593877,1,1,0,0,5.69442041383131,0.152278259178215,0.790027160049941,0.141785436915894,0.790027160049941,1,0.379299478283565
normal,404,9917.50686273824,9965.38497914838,4.14736512029825,1,1,0,0,0.394570396906048,0.112886669617716,0.0547415377604217,0.10510814780852,0.10510814780852,1,0.16396632119725
normal,405,9942.17658976053,9989.35649038823,4.15768250894388,1,1,0,0,1.69943673535335,0.0938950992384016,0.235774860327256,0.0874252026626958,0.235774860327256,1,0.21400566945119
normal,406,9966.14477885006,10013.9176558411,4.16770649995703,1,1,0,0,0.605515950601947,0.00529432362673672,0.0840075041978043,0.00492951516941424,0.0840075041978043,1,0.155415850269313
normal,407,9990.19088885531,10037.6596864843,4.17776307910424,1,1,0,0,1.39357478846197,0.0908034990147556,0.193340472328256,0.0845466309555822,0.193340472328256,1,0.198289756283124
normal,408,10014.7066555298,10062.516561535,4.18801607835705,1,1,0,0,0.546165129449206,0.0716199711607077,0.0757733456225009,0.0666849552767765,0.0757733456225009,1,0.152042299925543
normal,409,10038.4825279801,10086.3529962292,4.1979596385852,1,1,0,0,0.204508911639738,0.0310769523159385,0.0283729656270568,0.0289355767915167,0.0289355767915167,1,0.132451379289277
normal,410,10063.3113990551,10110.6910511262,4.20834358455596,1,1,0,0,2.37531471738231,0.106348473045504,0.329544186066829,0.0990204694844062,0.329544186066829,1,0.247010039044948
normal,411,10087.1198753756,10135.0593938179,4.2183007803951,1,1,0,0,2.38317322983158,0.0600469810374939,0.33063445299855,0.0559094087877479,0.33063445299855,1,0.247380297625184
normal,412,10111.526158166,10158.955324682,4.22850799122946,1,1,0,0,1.16201323320922,0.823487042369651,0.161214302397295,0.766744187430674,0.766744187430674,1,0.373650150810793
normal,413,10135.857006918,10183.9115568753,4.23868365399324,1,1,0,0,0.95668785211256,0.112795969553057,0.132728062196279,0.105023697484716,0.132728062196279,1,0.174956006148452
normal,414,10159.7878473554,10207.8553813388,4.24869202502977,1,1,0,0,0.417605816072638,0.0375514855237409,0.057937404145794,0.0349639785124766,0.057937404145794,1,0.144663047896047
normal,415,10184.7255202886,10232.8465900293,4.25912147418163,1,1,0,0,1.56370336138527,0.000615962845347231,0.216943610758899,0.000573519566238962,0.216943610758899,1,0.207093059051646
normal,416,10208.6691298075,10257.1375396671,4.2691351855114,1,1,0,0,0.247124540511963,0.150343018699836,0.0342853327873547,0.139983545311373,0.139983545311373,1,0.177805332526739
normal,417,10233.7072901744,10281.5992009879,4.27960666058055,1,1,0,0,0.563381765324716,0.185934271379268,0.0781619311075673,0.173122361966949,0.173122361966949,1,0.19062405863841
normal,418,10257.94029803,10306.6954570942,4.28974140426347,1,1,0,0,0.641621808540894,0.00966075281808,0.0890167248621916,0.00899507301068412,0.0890167248621916,1,0.157457968466866
normal,419,10282.4583619483,10330.7227115199,4.29999536427101,1,1,0,0,0.60094356206479,0.0482841865598315,0.083373144444197,0.0449571365240142,0.083373144444197,1,0.155156691924062
normal,420,10307.5120418145,10355.9034439755,4.31047332991487,1,1,0,0,0.312629828518257,0.543175667425872,0.0433733440143037,0.50574783126413,0.50574783126413,1,0.303086953562182
normal,421,10331.5528558643,10379.9504734824,4.32052769418425,1,1,0,0,1.2964901435945,0.602050698315575,0.179871233899213,0.56056604381254,0.56056604381254,1,0.319074594190614
normal,422,10356.7452587146,10404.6964314497,4.33106367664118,1,1,0,0,0.662560098714667,0.0128577392843167,0.0919216417317134,0.011971769259878,0.0919216417317134,1,0.158638711389671
normal,423,10380.7389853191,10429.6983743317,4.34109834796981,1,1,0,0,1.80705938660186,0.0947929963228405,0.25070611080472,0.0882612296248486,0.25070611080472,1,0.219417687131662
normal,424,10405.5550329003,10454.0593581415,4.35147693089096,1,1,0,0,0.931692924614593,0.348941752958977,0.129260339381344,0.32489771795713,0.32489771795713,1,0.245428682693916
normal,425,10430.5062901195,10479.3025029794,4.36191206127141,1,1,0,0,1.07114631065992,0.219469002568405,0.148607692497236,0.20434636294495,0.20434636294495,1,0.202414037144389
normal,426,10454.9102576205,10503.3653808479,4.37211830380403,1,1,0,0,0.0864853153612051,0.0787520126871107,0.0119987185903728,0.0733255593221635,0.0733255593221635,1,0.15103541345369
normal,427,10480.1409294756,10528.4911488031,4.38267029114802,1,1,0,0,2.04612419254709,2.2357399703913,0.283873259694897,2.08168500377503,2.08168500377503,1,0.578275006251743
normal,428,10504.1898086964,10553.1832381386,4.3927280284383,1,1,0,0,3.27140266757051,1.47707580846612,0.453864795890902,1.37529703840498,1.37529703840498,1,0.49324069793604
normal,429,10529.3430395477,10577.8185484339,4.40324762835732,1,1,0,0,4.14737033823007,0.0558505948991404,0.575393977239337,0.0520021770837269,0.575393977239337,1,0.323287378111133
normal,430,10553.975525847,10602.8374265826,4.41354944216452,1,1,0,0,4.64740186131055,0.115556709634883,0.64476688183823,0.10759420716105,0.64476688183823,1,0.342386447109976
normal,431,10578.6399249484,10627.1331780346,4.42386460256372,1,1,0,0,7.17257577084403,1.3558112449999,0.99510209199155,1.26238828040986,1.26238828040986,1,0.474969287422605
normal,432,10603.647948585,10652.6795285417,4.43432347383073,1,1,0,0,1.55209421543279,0.971243241750725,0.21533299195296,0.904319159717161,0.904319159717161,1,0.40564434893253
normal,433,10627.966476373,10677.2487533376,4.4444939837132,1,1,0,0,1.86998922058138,0.521591039513226,0.259436811105755,0.485650504726664,0.485650504726664,1,0.297058969476528
normal,434,10653.519328356,10702.4974179408,4.45518071343154,1,1,0,0,0.333987899348767,0.0473586013780581,0.046336500018976,0.0440953293290224,0.046336500018976,1,0.139810158742623
normal,435,10678.0096784249,10727.6714087038,4.46542308293568,1,1,0,0,1.19320362015407,0.428331045716034,0.165541565055852,0.398816645194338,0.398816645194338,1,0.269943919631778
normal,436,10703.3637804444,10752.1402292415,4.47602669132014,1,1,0,0,0.203261114698797,1.66919981446872,0.0281998499450506,1.55418262772099,1.55418262772099,1,0.519200056989662
normal,437,10728.4505000536,10777.7982974102,4.48651847486595,1,1,0,0,3.64633231203356,1.46797628317217,0.505881433354868,1.36682452120856,1.36682452120856,1,0.491922685984665
normal,438,10753.0102207628,10802.3121609425,4.4967898566026,1,1,0,0,0.550367263677703,0.216033048158393,0.0763563373809992,0.20114716497752,0.20114716497752,1,0.201218696668065
normal,439,10778.6394523134,10828.0274493013,4.50750852983141,1,1,0,0,2.16187733059999,0.000908113563473993,0.299932510027148,0.000845539468741374,0.299932510027148,1,0.236837149576742
normal,440,10803.1641317994,10853.0779351133,4.51776525660577,1,1,0,0,1.29195772493063,0.0252467961064434,0.179242419448408,0.0235071508959742,0.179242419448408,1,0.192956758477063
normal,441,10828.8825311196,10878.2135025839,4.52852122163491,1,1,0,0,1.49263202471188,0.0446452593904205,0.207083382290933,0.0415689517535525,0.207083382290933,1,0.203434416291998
normal,442,10853.8894255164,10903.7123662982,4.53897962063054,1,1,0,0,2.52721327241015,0.0279784807359986,0.350618145367911,0.0260506072029223,0.350618145367911,1,0.254113473609749
normal,443,10879.073692506,10928.4192780903,4.5495122005027,1,1,0,0,1.8812312781068,0.244230037432968,0.260996501141699,0.227401224260727,0.260996501141699,1,0.223112445792569
normal,444,10904.5264973532,10954.2073509012,4.56015708844543,1,1,0,0,0.684434021883514,0.0331159491065839,0.0949563655744175,0.0308340753190933,0.0949563655744175,1,0.159869471734241
normal,445,10929.2389719478,10979.1631027583,4.57049235500742,1,1,0,0,1.6036582863848,0.306703258271369,0.222486839680093,0.285569691380839,0.285569691380839,1,0.231820937460169
normal,446,10955.0565050876,11004.6304968629,4.58128977984451,1,1,0,0,0.968220057018811,0.097230153800358,0.13432800642749,0.090530453344948,0.13432800642749,1,0.175585659126101
normal,447,10979.9881000703,11030.2742630147,4.59171668707212,1,1,0,0,7.04284339065075,0.0317856517225405,0.977103402670743,0.0295954428521703,0.977103402670743,1,0.421281990646453
normal,448,11005.5481500964,11055.1098398768,4.60240642716056,1,1,0,0,4.33126207086167,0.0366501621479286,0.600906576016683,0.0341247613495558,0.600906576016683,1,0.330427041992028
normal,449,11031.1026829215,11081.0282601759,4.61309385984173,1,1,0,0,0.984004765503514,0.0186806778108555,0.136517930512845,0.017393474811118,0.136517930512845,1,0.176446272874932
normal,450,11055.9693991339,11106.0109924641,4.62349363342953,1,1,0,0,2.81560590369868,0.000984493995982213,0.390628891838757,0.000916656863000057,0.390628891838757,1,0.267294899548737
normal,451,11081.8508059879,11131.6742560626,4.63431777157126,1,1,0,0,2.15232807343641,0.0285243115768207,0.298607674140566,0.0265588272513112,0.298607674140566,1,0.236376709787762
normal,452,11106.8174690042,11157.0052135885,4.64475934497377,1,1,0,0,4.24142828705836,0.00536710314236729,0.588443300751251,0.0049972797700729,0.588443300751251,1,0.326956278729513
normal,453,11132.5283254953,11182.3059254172,4.6555121554362,1,1,0,0,1.63765400452048,0.160839173274147,0.227203305747009,0.149756456233041,0.227203305747009,1,0.210871310174
normal,454,11157.8067518765,11208.0013559138,4.66608411470795,1,1,0,0,1.92406932498173,0.000227270824247366,0.266939725922307,0.000211610595550845,0.266939725922307,1,0.225233402731727
normal,455,11183.1448743337,11233.0378471735,4.67668104010989,1,1,0,0,5.52681405612079,0.147889499753782,0.766773946348554,0.137699087519268,0.766773946348554,1,0.37365743459328
normal,456,11208.8477652285,11259.0600028703,4.68743051919567,1,1,0,0,1.74808682459396,0.00625799870543922,0.242524430791983,0.00582678765477202,0.242524430791983,1,0.216459642720864
normal,457,11233.9020627008,11284.1645503872,4.69790874313512,1,1,0,0,3.95662638762657,0.00517572224636453,0.548930721869928,0.00481908608632879,0.548930721869928,1,0.315735905559365
normal,458,11259.905706677,11309.8351529658,4.70878400336243,1,1,0,0,1.82022413136112,0.213967118614177,0.252532548819321,0.199223589513466,0.252532548819321,1,0.220075551801927
normal,459,11285.0026980711,11335.4199692087,4.71928008278056,1,1,0,0,1.67282377481675,0.229293956343501,0.232082656361741,0.21349432254994,0.232082656361741,1,0.212658011731322
normal,460,11310.7149005398,11360.5680427105,4.73003345615858,1,1,0,0,0.969757076752685,0.239705877905437,0.134541248030155,0.223188804584078,0.223188804584078,1,0.209396385109487
normal,461,11336.2519253241,11386.7014897523,4.74071356661599,1,1,0,0,1.78584356289292,0.0224068169689903,0.247762689747824,0.0208628621773557,0.247762689747824,1,0.21835559817291
normal,462,11361.427241678,11411.7465485251,4.75124240314772,1,1,0,0,1.73373570132213,0.0433843281932434,0.240533398107703,0.040394905755933,0.240533398107703,1,0.21573704484501
normal,463,11387.5430970521,11437.8154985722,4.76216459249598,1,1,0,0,2.54387904898659,1.68877275582969,0.352930306252052,1.57240688414191,1.57240688414191,1,0.521654453588387
normal,464,11412.5573934842,11463.1714295345,4.77262608717541,1,1,0,0,2.41649486082382,0.481381116717167,0.335257398195411,0.448211270112606,0.448211270112606,1,0.285584269072979
normal,465,11438.6682495297,11488.6873058276,4.78354618570135,1,1,0,0,7.43014356307114,0.151753230035683,1.03083629084334,0.141296585212642,1.03083629084334,1,0.43229091547804
normal,466,11464.0146217837,11514.76396491,4.79414656133847,1,1,0,0,2.8188494368474,0.379472090462658,0.391078890099472,0.353324344748831,0.391078890099472,1,0.267440912314746
normal,467,11489.5896493703,11539.8256244108,4.80484256535162,1,1,0,0,10.2666108397228,0.036428959458554,1.42435942828236,0.0339188007605052,1.42435942828236,1,0.500710501814889
normal,468,11515.5919172847,11566.1235343856,4.81571725008153,1,1,0,0,4.97157427342101,0.08614663904233,0.689741609992145,0.0802106546355891,0.689741609992145,1,0.35424795125179
normal,469,11540.684306604,11591.1146235279,4.82621140481701,1,1,0,0,7.53299370606716,0.128666654185674,1.04510541754577,0.119800803336422,1.04510541754577,1,0.435140620862281
normal,470,11566.9651998453,11617.0042593074,4.83720261640518,1,1,0,0,3.21433421037212,0.0795534657052992,0.445947285785858,0.0740717877527002,0.445947285785858,1,0.284879998280744
normal,471,11591.9514402313,11642.7969296723,4.84765237746753,1,1,0,0,5.42762953979952,0.0315287066846647,0.75301337792268,0.029356202761988,0.75301337792268,1,0.370272000680318
normal,472,11617.850600564,11667.8704227149,4.8584839404802,1,1,0,0,2.662542681716,0.00296143980671983,0.369393350065733,0.00275738006962954,0.369393350065733,1,0.260348181970441
normal,473,11643.6330510511,11693.8806874092,4.86926669302837,1,1,0,0,3.93837264938889,0.0753622970771171,0.546398251849769,0.0701694140432691,0.546398251849769,1,0.315005359022041
normal,474,11668.7416997345,11718.8135038063,4.87976764776528,1,1,0,0,1.93177881969869,0.0836204118556821,0.268009318571608,0.0778584986066153,0.268009318571608,1,0.225614105159545
normal,475,11694.7210525583,11744.8460822336,4.89063274893168,1,1,0,0,1.60294621927595,0.165847756143333,0.22238804958121,0.154419919778457,0.22238804958121,1,0.209101656642073
normal,476,11719.6351241382,11770.2214447654,4.90105232751084,1,1,0,0,2.58340420682696,0.6472483404851,0.358413910540086,0.602649316087635,0.602649316087635,1,0.330909778643908
normal,477,11745.6888936008,11795.5519324224,4.91194855125039,1,1,0,0,2.19430734117247,0.216920060330238,0.304431754426233,0.20197305705833,0.304431754426233,1,0.238397427714416
normal,478,11771.028423473,11821.5784953915,4.92254606526232,1,1,0,0,2.61652730172167,0.0516829204727543,0.363009311422004,0.0481216786944146,0.363009311422004,1,0.258238068712892
normal,479,11796.4391007153,11846.7272416085,4.93317333457181,1,1,0,0,1.61832809730752,0.00186406049703846,0.224522086152868,0.00173561632130916,0.224522086152868,1,0.20988672447645
normal,480,11822.3975314805,11873.0373854611,4.9440296857018,1,1,0,0,3.26802999629777,0.0709800888013764,0.453396881386221,0.0660891643846152,0.453396881386221,1,0.28719288808269
normal,481,11847.5738274792,11898.1482540411,4.95455893194116,1,1,0,0,4.52268831704832,0.0183754945079766,0.627464491070957,0.0171093203417169,0.627464491070957,1,0.337715528810283
normal,482,11873.902118551,11923.9940001671,4.96556996627964,1,1,0,0,1.3821825440601,0.100814003928767,0.191759945806269,0.093867356190041,0.191759945806269,1,0.197694678892045
normal,483,11898.9585063108,11949.6988742637,4.97604906442041,1,1,0,0,6.39187106424619,0.128814981703124,0.886789414428614,0.119938910259772,0.886789414428614,1,0.401748812443389
normal,484,11924.8660798233,11974.7830041017,4.98688414599841,1,1,0,0,4.00403746378628,1.07400493654751,0.555508395299587,1,1,1,0.426027399410211
normal,485,11950.5216679337,12001.0383959611,4.99761384208418,1,1,0,0,2.96277506266699,0.361141062346488,0.411046708623809,0.336256426816259,0.411046708623809,1,0.273870593156717
normal,486,11975.6453643125,12025.8901097982,5.00812109007766,1,1,0,0,7.17059467751233,0.034796369564225,0.994827240922452,0.0323987054250246,0.994827240922452,1,0.424962439260061
normal,487,12001.8797875077,12052.04072322,5.01909286693412,1,1,0,0,8.75678072871999,0.728373905129278,1.21489003402123,0.678184876384932,1.21489003402123,1,0.466808366238482
normal,488,12026.7324965839,12077.5201009214,5.02948678244864,1,1,0,0,4.90283599798611,0.228494632460713,0.68020506358671,0.212750076545487,0.68020506358671,1,0.351766125973028
normal,489,12052.8984606355,12102.7350833269,5.04042992827929,1,1,0,0,2.43892588446444,0.106616492873761,0.338369412521007,0.0992700212500793,0.338369412521007,1,0.249998442373899
normal,490,12078.3390720225,12128.7330737973,5.0510697166655,1,1,0,0,5.31478642636716,0.32039948948702,0.737357855857673,0.298322175796486,0.737357855857673,1,0.366377634318448
normal,491,12103.6135435336,12153.6151466693,5.061640021929,1,1,0,0,6.28152694385498,0.728429655305721,0.87148059531699,0.678236785062951,0.87148059531699,1,0.398304673028988
normal,492,12129.5649836742,12179.7640358297,5.07249344943557,1,1,0,0,3.19107402658768,0.00348077076988129,0.442720236217683,0.0032409262298836,0.442720236217683,1,0.283874071839637
normal,493,12154.488837774,12204.7388235233,5.08291711926631,1,1,0,0,4.81968124160909,0.0300079165984949,0.668668416965815,0.0279402036036801,0.668668416965815,1,0.348739964585082
normal,494,12180.6300757284,12230.3781048357,5.09384992413317,1,1,0,0,1.76035992808335,0.183121710982234,0.244227165116125,0.170503602684449,0.244227165116125,1,0.217076754168265
normal,495,12205.5700332402,12255.8402156672,5.1042803287429,1,1,0,0,5.60269338030281,0.163397671110088,0.777301220879325,0.152138659283398,0.777301220879325,1,0.376223912835766
normal,496,12231.2303673421,12280.6012097454,5.11501200970016,1,1,0,0,13.5244108795717,0.241384764158677,1.8763370355628,0.224752006200858,1.8763370355628,1,0.558007345574074
normal,497,12256.6594669901,12306.6155924504,5.12564698363969,1,1,0,0,6.15930946040235,0.0628051960257388,0.854524500693909,0.0584775673635469,0.854524500693909,1,0.394443492730407
normal,498,12281.4419649155,12331.4884086825,5.13601153540285,1,1,0,0,3.38758979851791,0.218678649675962,0.469984257122421,0.20361046977952,0.469984257122421,1,0.292296615719852
normal,499,12307.4674594659,12357.2737968387,5.14689593399099,1,1,0,0,1.2146102734834,0.0939324130772479,0.168511461253693,0.0874599453697137,0.168511461253693,1,0.188859497898042
normal,500,12332.3049724356,12382.5323691452,5.15728349418035,1,1,0,0,3.12949502440099,0.0665024975435759,0.434176946351327,0.0619201041639107,0.434176946351327,1,0.281199198089122
normal,501,12358.1503648937,12407.6490017926,5.16809257035892,1,1,0,0,6.49353011814026,0.326229064619352,0.900893292928034,0.303750060654327,0.900893292928034,1,0.404887059021883
normal,502,12383.3499850046,12433.3651387944,5.17863157122307,1,1,0,0,1.34771794188014,0.521142007744414,0.186978428144463,0.485232413753772,0.485232413753772,1,0.29693260015926
normal,503,12408.5226853082,12458.017016534,5.18915931366861,1,1,0,0,1.26917142733132,0.207440665140955,0.17608111545745,0.193146845123257,0.193146845123257,1,0.198216892428435
normal,504,12434.1996358555,12483.8394731558,5.19989794396602,1,1,0,0,0.951495454445646,0.0704201975324127,0.132007684197374,0.0655678527500863,0.132007684197374,1,0.174672256896614
normal,505,12458.8216352556,12508.5933218912,5.21019537193568,1,1,0,0,5.39288558015357,0.0123419031472257,0.748193103026694,0.0114914771126658,0.748193103026694,1,0.369077808657559
normal,506,12484.7322127632,12534.024028813,5.22103170984639,1,1,0,0,6.13456455568375,0.133749365062601,0.851091465304906,0.124533287055971,0.851091465304906,1,0.393655739293974
normal,507,12509.4086346957,12559.275487199,5.23135189844157,1,1,0,0,1.95015392205407,0.14640994771269,0.270558626292932,0.136321484874491,0.270558626292932,1,0.226520255331089
normal,508,12534.8626812559,12583.9825478973,5.24199730569426,1,1,0,0,0.865380739296968,0.282155784417579,0.120060381591796,0.262713675529831,0.262713675529831,1,0.223726224791219
normal,509,12560.0898914234,12609.6886156978,5.25254784528911,1,1,0,0,2.00407252464174,0.00815140099822266,0.278039134822427,0.00758972395827725,0.278039134822427,1,0.229169219484576
normal,510,12584.8052017624,12634.2806373118,5.26288429781792,1,1,0,0,1.6008606096232,0.160715951058766,0.222098698224759,0.149641724716278,0.222098698224759,1,0.208995113505694
normal,511,12610.5367266736,12659.9372188948,5.27364575223992,1,1,0,0,0.730259846814744,0.240312410088547,0.101314105905537,0.223753543313362,0.223753543313362,1,0.209604138255579
normal,512,12635.063809409,12684.8357940531,5.28390348410278,1,1,0,0,2.12689425847623,0.0320743146916117,0.295079061368418,0.0298642153309999,0.295079061368418,1,0.235148124506696
normal,513,12660.8047724089,12709.6147690497,5.29466888572811,1,1,0,0,2.11969068197072,0.413781094930649,0.294079658325567,0.385269267253825,0.385269267253825,1,0.265552046335106
normal,514,12685.6317405675,12734.6943158698,5.30505203586001,1,1,0,0,0.71923245908356,0.673632819710664,0.099784198526223,0.627215757383874,0.627215757383874,1,0.337647938241741
normal,515,12710.4336657883,12759.0312755916,5.31542471251878,1,1,0,0,1.4717276826837,0.0357648212143957,0.204183175287403,0.0333004253494078,0.204183175287403,1,0.202353133501664
normal,516,12735.5436791399,12784.5286472323,5.32592623798807,1,1,0,0,0.386700275376466,0.322958258783912,0.0536496602190022,0.300704631602618,0.300704631602618,1,0.237105285454014
normal,517,12759.8842039715,12809.0047680886,5.33610594748789,1,1,0,0,2.66030705294139,0.170099542124715,0.369083185497018,0.158378733967012,0.369083185497018,1,0.260245896761542
normal,518,12785.367286346,12834.2416239908,5.34676349811699,1,1,0,0,0.158577845455047,0.0901054045309078,0.0220006244335932,0.0838966390792954,0.0838966390792954,1,0.155370566846984
normal,519,12809.8334729758,12859.3063681497,5.35699576197249,1,1,0,0,4.2747626553902,0.00649970165046316,0.593068013089191,0.00605183591740004,0.593068013089191,1,0.328247952252866
normal,520,12835.1210082359,12883.8122123235,5.36757153076526,1,1,0,0,3.6497101857231,0.702332234182727,0.506350069627574,0.653937621963305,0.653937621963305,1,0.344837693262454
normal,521,12860.0918928255,12909.1068000055,5.37801486971681,1,1,0,0,2.20896212862764,0.00108910520930775,0.306464916587254,0.00101405977965872,0.306464916587254,1,0.239100775982772
normal,522,12884.6616551979,12933.3591244304,5.38829045108414,1,1,0,0,1.27664073499978,0.137589521285422,0.177117385261225,0.128108835074555,0.177117385261225,1,0.192148000992307
normal,523,12909.9447598033,12958.5410432035,5.39886436688572,1,1,0,0,0.74302269913718,0.00765763490676446,0.103084786544069,0.00712998110733147,0.103084786544069,1,0.163152261340432
normal,524,12934.1661314594,12983.0512901361,5.40899424407002,1,1,0,0,1.08168017972954,0.0534002594519364,0.150069130547225,0.0497206834296281,0.150069130547225,1,0.181740410050461
normal,525,12959.3900864008,13007.4608260612,5.41954342226216,1,1,0,0,2.42515074673402,1.20450262273486,0.336458290378704,1.12150566701011,1.12150566701011,1,0.449890492167912
normal,526,12983.8204016422,13032.5144647411,5.42976068396324,1,1,0,0,2.236536239664,0.0631072499206408,0.310290467749588,0.058758808058653,0.310290467749588,1,0.240421275883543
normal,527,13008.2731893317,13056.4506231803,5.43998734410559,1,1,0,0,2.37358770701419,0.244451236453429,0.329304585721694,0.227607181433673,0.329304585721694,1,0.246928629317252
normal,528,13033.2998889713,13081.7077110304,5.45045402606221,1,1,0,0,9.76429636982011,0.0310366647464624,1.35466979434783,0.0288980652605125,1.35466979434783,1,0.490017171614857
normal,529,13057.2261756786,13105.7199801355,5.46046049263493,1,1,0,0,12.9306969775498,0.0445183594644648,1.79396691291481,0.0414507959410069,1.79396691291481,1,0.548958758981211
normal,530,13082.55322366,13130.5312655597,5.47105278646266,1,1,0,0,1.90812440600146,0.550854592429912,0.264727574703439,0.512897635462168,0.512897635462168,1,0.305209645089176
normal,531,13106.5088223145,13155.24560867,5.48107151189623,1,1,0,0,2.09560811656883,1.03715080706817,0.29073851394765,0.965685325806964,0.965685325806964,1,0.418884923844955
normal,532,13131.3781751413,13179.1379548755,5.4914723881705,1,1,0,0,2.25623034549277,0.0525971409474366,0.313022770138053,0.0489729042740857,0.313022770138053,1,0.241362092615077
normal,533,13156.0219699879,13204.122960835,5.50177893144539,1,1,0,0,4.63291602123418,0.132988710979006,0.642757158940238,0.123825046285645,0.642757158940238,1,0.341847012559961
normal,534,13179.9536153528,13227.7894300282,5.51178763911924,1,1,0,0,2.54867149183343,0.338511624259824,0.353595195694145,0.315186283359183,0.353595195694145,1,0.255107932959921
normal,535,13204.944681829,13252.5310083821,5.52223941855197,1,1,0,0,1.20548395869801,0.431769367926683,0.167245303150208,0.402018047807719,0.402018047807719,1,0.270975267970515
normal,536,13228.5638569212,13276.8138249998,5.53211744471318,1,1,0,0,0.754834337271448,0.0924274555701053,0.10472349852046,0.0860586878373411,0.10472349852046,1,0.16381166015978
normal,537,13253.3676843653,13300.8616111785,5.54249091692099,1,1,0,0,1.21469807964397,0.118034043758178,0.168523643222468,0.109900839131717,0.168523643222468,1,0.188864167899935
normal,538,13277.6196045294,13325.4296824156,5.55263357012136,1,1,0,0,1.88381738285296,0.0566898443307429,0.261355289717132,0.0527835975437672,0.261355289717132,1,0.223240754883018
normal,539,13301.6846220051,13349.0434959066,5.56269805676267,1,1,0,0,0.965715470778327,0.000523614617741683,0.133980527490062,0.000487534647117073,0.133980527490062,1,0.175448974112734
normal,540,13326.2327510901,13373.806112694,5.57296459064302,1,1,0,0,1.22382235723018,0.100608978745217,0.169789518690923,0.0936764583863409,0.169789518690923,1,0.189349213344006
normal,541,13349.8520604108,13397.3459166318,5.58284267294132,1,1,0,0,6.32369719173134,0.287194270719038,0.877331171626292,0.267404981994079,0.877331171626292,1,0.399625591508647
normal,542,13374.6389265026,13421.6972998122,5.59320905156177,1,1,0,0,4.01316782040902,0.0151270054035152,0.556775114155713,0.0140846702736231,0.556775114155713,1,0.317990007010162
normal,543,13398.1113601826,13445.9962669381,5.60302570743786,1,1,0,0,0.864145988999514,0.0689380137465628,0.119889075962781,0.0641877997024582,0.119889075962781,1,0.169875811740761
normal,544,13422.5573163285,13469.5830822595,5.61324951048777,1,1,0,0,1.77146347570757,0.0668063777149583,0.245767638695267,0.0622030452948511,0.245767638695267,1,0.217634379854091
normal,545,13446.7585365172,13494.2284380634,5.6233709599128,1,1,0,0,1.36909853609139,0.5864003040367,0.189944708976813,0.545994049079272,0.545994049079272,1,0.314888629404139
normal,546,13470.4075097414,13517.4312747269,5.63326144826736,1,1,0,0,7.20787930059435,0.0261018644767411,1,0.0243033002815128,1,1,0.426027399410211
normal,547,13495.0143130362,13541.7592172622,5.64355252091235,1,1,0,0,2.91162318098283,0.0919057551115103,0.403950046824832,0.0855729354531183,0.403950046824832,1,0.271596474318503
normal,548,13518.2210090705,13565.6748637139,5.6532580398243,1,1,0,0,1.6548420994042,0.0338674660452473,0.229587931538718,0.0315338085447889,0.229587931538718,1,0.211745320038025
normal,549,13542.6099243479,13589.4648222381,5.66345798720657,1,1,0,0,3.55096161604783,0.166458367955907,0.492649983158711,0.154988457027957,0.492649983158711,1,0.299168709765226
normal,550,13566.4395292573,13613.8058818691,5.67342401945731,1,1,0,0,1.32723308798095,0.0191166530410126,0.184136419691644,0.0177994089137662,0.184136419691644,1,0.194814449374526
normal,551,13590.2644236739,13637.0980427693,5.68338808168285,1,1,0,0,2.68942192449809,0.0184334148684007,0.373122497247745,0.0171632496659249,0.373122497247745,1,0.261576108753809
normal,552,13614.5556774515,13661.5240736801,5.69354718501166,1,1,0,0,1.32302964946532,0.0386228646111047,0.18355324698018,0.0359615335989625,0.18355324698018,1,0.194593443225754
normal,553,13637.875703275,13685.1161623006,5.70330010077883,1,1,0,0,2.56491496137725,0.0036303587932732,0.355848766941165,0.00338020680327908,0.355848766941165,1,0.255859244833234
normal,554,13662.3460385409,13709.0518592032,5.71353409967955,1,1,0,0,3.59148150351406,0.0962286360024351,0.498271593312877,0.0895979457150089,0.498271593312877,1,0.300855140035399
normal,555,13685.8988717009,13732.8440158647,5.72338438027639,1,1,0,0,2.11340147702057,0.0281939167746437,0.293207112506212,0.0262511984956752,0.293207112506212,1,0.234495031950954
normal,556,13709.8672708823,13756.1563957168,5.73340845915427,1,1,0,0,10.2387617778939,0.547497075376916,1.42049573125478,0.509771470079922,1.42049573125478,1,0.500132168599135
normal,557,13733.6433233766,13780.2454354278,5.74335209468056,1,1,0,0,5.66456452418206,0.00676862474125811,0.7858850416259,0.00630222870577905,0.7858850416259,1,0.378301644501728
normal,558,13756.9640191794,13803.3973008299,5.7531052906469,1,1,0,0,3.0145557707797,0.625108629509604,0.418230611954216,0.582035154809508,0.582035154809508,1,0.325159074452284
normal,559,13781.0442504237,13827.5400583167,5.76317614,1,1,0,0,3.81305317884758,0.0533421148081403,0.529011796650529,0.0496665452764245,0.529011796650529,1,0.309952215470591
normal,560,13804.159987935,13851.0817847487,5.7728436181816,1,1,0,0,2.60597732217852,0.0970183848875673,0.361545638252244,0.0903332764926037,0.361545638252244,1,0.257752856124691
normal,561,13828.3397238019,13874.677735852,5.78295608242016,1,1,0,0,4.03817957683093,0.0469828819742326,0.560245171766118,0.0437454990898492,0.560245171766118,1,0.31898291192333
normal,562,13851.8513471451,13898.6899255585,5.79278912822166,1,1,0,0,4.1753611028866,0.00776727167636695,0.579277333700955,0.00723206329138076,0.579277333700955,1,0.324382963926111
normal,563,13875.4992321563,13921.7115088968,5.80267916146312,1,1,0,0,2.88099493843242,0.0347169958621484,0.399700774428182,0.032324801014183,0.399700774428182,1,0.270228993970008
normal,564,13899.4742798229,13946.0012673871,5.81270602087465,1,1,0,0,3.14602220023983,0.0210250801845858,0.436469878176291,0.0195763347719545,0.436469878176291,1,0.281918790435975
normal,565,13922.4795802563,13969.0124895555,5.82232731199256,1,1,0,0,5.47675199295728,0.0072150965808089,0.759828482769638,0.00671793614282866,0.759828482769638,1,0.371953048990016
normal,566,13946.7847256831,13992.793953162,5.83249222509558,1,1,0,0,4.84751253568852,0.000414782115063717,0.672529648948034,0.000386201311510796,0.672529648948034,1,0.34975571546865
normal,567,13969.800649348,14016.5987521086,5.84211795906798,1,1,0,0,2.43996890843277,0.0695652855878465,0.338514118602343,0.0647718490116729,0.338514118602343,1,0.250047278195285
normal,568,13993.6133887357,14039.8253510357,5.85207693780975,1,1,0,0,2.69686915821469,0.0129267714772555,0.374155704576284,0.0120360447493005,0.374155704576284,1,0.261915714238818
normal,569,14017.358143233,14063.8584989445,5.86200748386819,1,1,0,0,3.17803449966739,0.0893077366291967,0.440911170558216,0.0831539349495776,0.440911170558216,1,0.28330908929738
normal,570,14040.6393608501,14086.7880376804,5.87174416924298,1,1,0,0,3.17803312321964,0.0623220398272333,0.440910979593899,0.0580277033246919,0.440910979593899,1,0.283309029617555
normal,571,14064.6331547263,14110.9034139723,5.88177886870605,1,1,0,0,3.3179285099623,0.423683551648056,0.460319654588098,0.394489389415683,0.460319654588098,1,0.289330661045168
normal,572,14087.5690150426,14134.2359025103,5.8913711185348,1,1,0,0,2.27709849491938,0.11126112153147,0.315917955886361,0.10359460906123,0.315917955886361,1,0.242356893623891
normal,573,14111.719196962,14157.6780641451,5.90147122270294,1,1,0,0,5.06343565927416,0.0194206006538878,0.702486188809604,0.018082412839104,0.702486188809604,1,0.357537055046253
normal,574,14134.9917693016,14181.7706262873,5.91120429244442,1,1,0,0,5.17010608887859,0.0106252116226518,0.717285330853455,0.00989307521882312,0.717285330853455,1,0.361317156218666
normal,575,14158.4920087084,14204.8377772528,5.92103257724894,1,1,0,0,5.82129888106357,0.00261559343413096,0.80762990587031,0.00243536444305278,0.80762990587031,1,0.383505560047979
normal,576,14182.5557854029,14228.8776735038,5.93109654496998,1,1,0,0,2.58515791079281,0.424261519624015,0.358657214276554,0.395027532171169,0.395027532171169,1,0.268720033092685
normal,577,14205.5947459544,14251.8646502374,5.9407319134435,1,1,0,0,3.19135697679901,0.136344684276909,0.442759491898797,0.126949774286143,0.442759491898797,1,0.28388632313934
normal,578,14229.6606514245,14275.770186955,5.95079677146239,1,1,0,0,4.11174289059815,0.0062805887491681,0.570451129815548,0.00584782111836251,0.570451129815548,1,0.321888261596697
normal,579,14252.6096957451,14299.5196508116,5.96039453511366,1,1,0,0,2.37220080296876,0.0141045480011332,0.329112170728657,0.0131326658948828,0.329112170728657,1,0.246863241305777
normal,580,14276.6252229794,14322.4250249402,5.97043832391529,1,1,0,0,8.39080362585049,0.792854210570185,1.1641154458786,0.738222128772416,1.1641154458786,1,0.457756960139646
normal,581,14300.2684214409,14346.5254367133,5.98032639714497,1,1,0,0,4.78900643408271,0.474476252486677,0.664412684281189,0.441782189579059,0.664412684281189,1,0.347617021824204
normal,582,14323.2010771855,14369.46739079,5.98991730675574,1,1,0,0,3.8253320741976,0.000607011964034834,0.5307153345204,0.000565185450623842,0.5307153345204,1,0.310450243128481
normal,583,14347.3096281502,14393.5399725724,6,1,1,0,0,3.33525630565891,0.00127051628279442,0.462723662060196,0.00118297061732194,0.462723662060196,1,0.290070433057777
low_quality_artifact,1,0.802328584171772,49.4378746258211,0,1,1,0,0,3.28428001572182,0.00201747833858222,0.455651361344383,0.00187846281700306,0.455651361344383,1,0.28789029732615
low_quality_artifact,2,26.1869001522219,74.2767349996031,0.0106209339264972,1,1,0,0,0.322934050780578,0.813746873619185,0.0448029215408684,0.757675170688743,0.757675170688743,1,0.371422830360908
low_quality_artifact,3,50.2175895420772,99.2489438359619,0.0206754019931976,1,1,0,0,0.726223956717787,0.00467993586996961,0.100754178369483,0.00435746215935815,0.100754178369483,1,0.162213054437162
low_quality_artifact,4,75.1617081328215,123.51602022598,0.0311120498876397,1,1,0,0,0.525923355855263,0.05550173701779,0.0729650614171489,0.0516773574581562,0.0729650614171489,1,0.150886967949201
low_quality_artifact,5,100.035890727617,148.767015142653,0.0415194364809777,1,1,0,0,0.608599554220859,0.0629391152115732,0.0844353143053707,0.0586022587697754,0.0844353143053707,1,0.155590556192711
low_quality_artifact,6,124.367155913611,172.953934614301,0.0516996658063282,1,1,0,0,1.02823648096521,0.080574019334809,0.142654508779084,0.0750220195391484,0.142654508779084,1,0.178850357628214
low_quality_artifact,7,149.585902827707,198.284936162347,0.0622512185069768,1,1,0,0,2.50129859963146,0.023513555440698,0.347022819794611,0.0218933401891844,0.347022819794611,1,0.252909520689891
low_quality_artifact,8,173.771431787902,222.877860391785,0.0723704716279128,1,1,0,0,1.50596342422873,0.292120747892823,0.20893294149703,0.271991997384922,0.271991997384922,1,0.227028985966163
low_quality_artifact,9,199.146272367594,247.625056089836,0.0829873340976942,1,1,0,0,1.55195668444004,0.0747406601786745,0.215313911307042,0.0695906113978727,0.215313911307042,1,0.206490223082544
low_quality_artifact,10,223.685635792734,272.920145636249,0.0932546319655355,1,1,0,0,1.18400146350757,0.0963120183234774,0.164264884875352,0.0896755825285884,0.164264884875352,1,0.187228954805018
low_quality_artifact,11,248.484977354776,297.120676320368,0.103630704984731,1,1,0,0,0.0364906337369341,0.477909640330839,0.00506260332826677,0.444978997831356,0.444978997831356,1,0.284578422016246
low_quality_artifact,12,273.737011943247,322.916451887612,0.114196185286606,1,1,0,0,10.8176400373622,0.0387467112653522,1.50080760043668,0.0360768465272676,1.50080760043668,1,0.511815586819703
low_quality_artifact,13,297.954353640712,347.500446117166,0.124328748893388,1,1,0,0,3.53020624068149,0.140063543422341,0.489770443352234,0.130412383273199,0.489770443352234,1,0.298302117089576
low_quality_artifact,14,323.759857298354,372.653263223075,0.13512580129008,1,1,0,0,3.19937184939119,0.000965622303786443,0.443871451777415,0.000899085535761622,0.443871451777415,1,0.284233204760029
low_quality_artifact,15,348.304306425336,397.805018773388,0.145395227021419,1,1,0,0,2.15392398472342,0.388321308008271,0.298829086184311,0.361563801798312,0.361563801798312,1,0.257758880665934
low_quality_artifact,16,373.542639706559,422.718452116285,0.15595497468059,1,1,0,0,3.67086715316356,0.0327893990876466,0.50928532513868,0.0305300264196655,0.50928532513868,1,0.304138615954691
low_quality_artifact,17,398.645320691635,448.417533906204,0.166457965263106,1,1,0,0,2.32252173808565,0.0355049147648707,0.32221984320605,0.0330584279053732,0.32221984320605,1,0.244514801488948
low_quality_artifact,18,423.575791561648,472.960378590531,0.176888902935504,1,1,0,0,0.714414202681264,0.338798054600667,0.0991157277872778,0.315452977050334,0.315452977050334,1,0.242197270023221
low_quality_artifact,19,449.241501667478,498.418955549927,0.187627465549409,1,1,0,0,0.392759659908446,0.585010011974563,0.0544903214286704,0.54469955590254,0.54469955590254,1,0.314514554813507
low_quality_artifact,20,473.762148208798,523.428352859946,0.197886932251543,1,1,0,0,2.04069660395818,0.100279080034261,0.28312025199838,0.0933692915384707,0.28312025199838,1,0.230960064781117
low_quality_artifact,21,499.297886689047,548.407987483126,0.208571114587888,1,1,0,0,0.198628407787542,0.336351987682138,0.0275571217974146,0.313175457799453,0.313175457799453,1,0.241414610870067
low_quality_artifact,22,524.263595507612,574.133120223621,0.219016795858471,1,1,0,0,1.88969163706184,0.591043114252971,0.26217026648962,0.550316943749752,0.550316943749752,1,0.316135204426097
low_quality_artifact,23,549.250701001441,598.758869380409,0.229471429522582,1,1,0,0,1.52275237266413,0.704556807219277,0.211262190883048,0.656008909497328,0.656008909497328,1,0.345388997379455
low_quality_artifact,24,574.948759388426,624.726777756758,0.240223526694509,1,1,0,0,7.68341788413061,0.355945461459221,1.065974826118,0.331418831838373,1.065974826118,1,0.4392539398842
low_quality_artifact,25,599.600510578835,649.593908306052,0.250537847732542,1,1,0,0,2.97301488282582,0.0089650775363425,0.412467351191725,0.00834733363997525,0.412467351191725,1,0.274324384541629
low_quality_artifact,26,625.571092788228,675.21586260883,0.261403969185062,1,1,0,0,3.34932906748735,0.116845197504267,0.464676075695547,0.108793911022306,0.464676075695547,1,0.290670257842838
low_quality_artifact,27,650.41067522917,700.688166304376,0.271796879034251,1,1,0,0,5.17460224175485,0.00313611274067208,0.717909113895422,0.00292001706319285,0.717909113895422,1,0.361475567621314
low_quality_artifact,28,676.096579512237,725.542175729831,0.282543890915127,1,1,0,0,3.67542895868863,0.804061989552172,0.509918216636279,0.748657629206908,0.748657629206908,1,0.369193080092538
low_quality_artifact,29,701.501957405947,751.611862641649,0.293173530232199,1,1,0,0,3.70553154613427,0.0692685509007893,0.514094561187882,0.0644955610012927,0.514094561187882,1,0.305563887113908
low_quality_artifact,30,726.383436964092,776.241014186756,0.303583969883392,1,1,0,0,4.27078311999909,1.00620529504347,0.592515904039477,0.936872132336762,0.936872132336762,1,0.412743942534801
low_quality_artifact,31,752.440022377425,802.235206819766,0.314486075175311,1,1,0,0,3.79278941051627,0.0809791081428519,0.526200460959927,0.0753991954666121,0.526200460959927,1,0.309128931384361
low_quality_artifact,32,777.054797732604,827.539322357807,0.324784925481375,1,1,0,0,2.51569112857909,1.12166017245306,0.349019596980717,1.04437152408139,1.04437152408139,1,0.434994796808222
low_quality_artifact,33,803.096721452957,852.895815989891,0.335680896304096,1,1,0,0,4.3851372146363,0.248866184302669,0.608381055198123,0.23171791472642,0.608381055198123,1,0.332493019826511
low_quality_artifact,34,828.370750969914,878.748505922586,0.346255579309336,1,1,0,0,4.16545540663237,0.23802800258502,0.577903046502026,0.221626544241206,0.577903046502026,1,0.32399561007133
low_quality_artifact,35,853.796097796788,903.839902710412,0.356893573651,1,1,0,0,7.48598971873242,1.16329304915264,1.0385842224238,1.08313566313033,1.08313566313033,1,0.442588401029372
low_quality_artifact,36,879.608726968067,929.736610527899,0.367693607370789,1,1,0,0,4.14747805124919,0.288976968851404,0.575408921027187,0.269064842271907,0.575408921027187,1,0.323291600222599
low_quality_artifact,37,904.694823046773,954.827904766179,0.378189658809414,1,1,0,0,3.21063203775021,0.0581274995349162,0.44543365723195,0.0541221902776096,0.44543365723195,1,0.284720054361175
low_quality_artifact,38,930.611124341823,980.65195979521,0.389033069064971,1,1,0,0,1.29330181698996,0.0375596634531244,0.179428894832259,0.0349715929368663,0.179428894832259,1,0.193027666830768
low_quality_artifact,39,955.67923351014,1006.27154348592,0.39952159475961,1,1,0,0,6.22406620412411,0.512316326083437,0.863508661085777,0.47701487083507,0.863508661085777,1,0.396495448307602
low_quality_artifact,40,981.533384225228,1031.49494266834,0.410339001141062,1,1,0,0,6.90127929383831,0.123236039361396,0.957463215743532,0.114744388193922,0.957463215743532,1,0.417146048573838
low_quality_artifact,41,1007.12526810732,1057.59669334241,0.421046674778082,1,1,0,0,2.6693982320818,0.470844520864598,0.370344468984335,0.438400704542544,0.438400704542544,1,0.282523783945713
low_quality_artifact,42,1032.34925065613,1082.59973383183,0.431600418074314,1,1,0,0,1.64139179730135,2.0905514341927,0.227721876137133,1.94650076834188,1.94650076834188,1,0.565286200104171
low_quality_artifact,43,1058.44718923632,1108.60336407426,0.442519825578788,1,1,0,0,1.67460742097568,0.566072261314435,0.232330114190119,0.527066721996762,0.527066721996762,1,0.309382796190861
low_quality_artifact,44,1083.4505003505,1134.00023087122,0.452981239693083,1,1,0,0,2.67004772762033,0.0285215507745246,0.370434578087367,0.0265562566837075,0.370434578087367,1,0.26069138129174
low_quality_artifact,45,1109.46340710056,1159.53280627408,0.463865069782074,1,1,0,0,1.43583091617434,0.0129088660810418,0.199202963353721,0.0120193731348559,0.199202963353721,1,0.200490867589702
low_quality_artifact,46,1134.81341825717,1185.62107949599,0.474471543592694,1,1,0,0,3.00011068247312,0.123909306047922,0.416226542837049,0.115371263046742,0.416226542837049,1,0.275522841449741
low_quality_artifact,47,1160.41539504804,1210.58821487605,0.485183440114353,1,1,0,0,3.50943998807245,0.0158919208484783,0.48688939446906,0.0147968787737274,0.48688939446906,1,0.297433195222569
low_quality_artifact,48,1186.48145921109,1236.80708751854,0.496089511326052,1,1,0,0,6.39034519744058,0.300334715619596,0.886577720150452,0.279639976874828,0.886577720150452,1,0.401701455131616
low_quality_artifact,49,1211.44579100636,1262.0279986603,0.506534616448505,1,1,0,0,3.66860435404906,0.0138116466526065,0.508971391036827,0.0128599470846059,0.508971391036827,1,0.304045399190107
low_quality_artifact,50,1237.68715831049,1287.84570507438,0.517514034695958,1,1,0,0,1.58548522762044,0.415152695098875,0.219965562893056,0.386546356512497,0.386546356512497,1,0.265967968725859
low_quality_artifact,51,1262.87022198502,1313.55170877335,0.528050657488153,1,1,0,0,3.42181225715384,0.927591471444335,0.474732180500259,0.863675240102869,0.863675240102869,1,0.396533364056492
low_quality_artifact,52,1288.70689610801,1338.66652955204,0.538860751643378,1,1,0,0,1.55913665316016,2.77045740724851,0.216310039075098,2.57955742378095,2.57955742378095,1,0.616206114812332
low_quality_artifact,53,1314.34606870366,1364.87985856854,0.549588210932517,1,1,0,0,3.91705615540826,2.64066329856685,0.543440864095111,2.45870685385816,2.45870685385816,1,0.608256378585799
low_quality_artifact,54,1339.52926174354,1389.98077641211,0.560124887851321,1,1,0,0,2.45017651531414,0.000739390311659726,0.339930291994776,0.000688442190998272,0.339930291994776,1,0.250524932789088
low_quality_artifact,55,1365.72633564685,1416.05315328938,0.571085773688954,1,1,0,0,3.65676977985308,0.0260115887744799,0.507329496978611,0.0242192450791676,0.507329496978611,1,0.303557512224949
low_quality_artifact,56,1390.80234945076,1441.53996021523,0.581577606692213,1,1,0,0,2.85911377120743,0.00486787428131668,0.396665045566408,0.00453245056485953,0.396665045566408,1,0.269249378014806
low_quality_artifact,57,1416.91156276541,1467.09297760036,0.592501731558541,1,1,0,0,2.4443073968638,0.584275891970567,0.339116027742341,0.544016020865582,0.544016020865582,1,0.314316884543861
low_quality_artifact,58,1442.34987123217,1493.06908337021,0.603145149065239,1,1,0,0,7.34277204643877,0.123079463969281,1.01871462329194,0.114598601720521,1.01871462329194,1,0.429846008293156
low_quality_artifact,59,1467.9555158743,1518.07630470867,0.613858580220078,1,1,0,0,2.52899277967186,0.279865601709932,0.350865028977846,0.260581299197364,0.350865028977846,1,0.254196027523003
low_quality_artifact,60,1493.88905750876,1544.22671911847,0.624709203853464,1,1,0,0,2.12854576482322,0.00081555174424592,0.295308186507465,0.000759355675652283,0.295308186507465,1,0.235227999581436
low_quality_artifact,61,1518.9277094561,1569.17569596683,0.635185404612984,1,1,0,0,2.30921412549973,0.0173640742295656,0.320373584128873,0.0161675925674831,0.320373584128873,1,0.243883656856901
low_quality_artifact,62,1545.06426185523,1595.04116938793,0.64612096818369,1,1,0,0,1.8767751151908,0.18507148872385,0.260378266189341,0.172319029853606,0.260378266189341,1,0.222891273104507
low_quality_artifact,63,1570.02008779791,1620.82496161955,0.656562514447639,1,1,0,0,7.38354705127991,0.0408941725227211,1.02437162768126,0.038076335714228,1.02437162768126,1,0.430989776950951
low_quality_artifact,64,1595.88860937365,1646.07784900036,0.66738593361371,1,1,0,0,3.96629815579423,0.18791650277308,0.550272554573323,0.174968006550469,0.550272554573323,1,0.316122424631764
low_quality_artifact,65,1621.65388292354,1672.31417200188,0.678166153687069,1,1,0,0,3.82859803592627,0.000287161272572811,0.531168444456411,0.000267374257604363,0.531168444456411,1,0.310582602286295
low_quality_artifact,66,1646.94768518192,1697.2099838548,0.688749109630053,1,1,0,0,3.63001705950145,0.0537367331489333,0.503617903146924,0.0500339722102909,0.503617903146924,1,0.302452399671036
low_quality_artifact,67,1673.15603366985,1723.13971163367,0.69971471276685,1,1,0,0,8.53276953806143,0.0994169256663152,1.1838113794938,0.0925665444200848,1.1838113794938,1,0.461309061936152
low_quality_artifact,68,1697.9955443134,1748.47497923326,0.710107592575928,1,1,0,0,4.94486966586783,0.00154191960765532,0.686036691188778,0.00143567273779203,0.686036691188778,1,0.35328587776923
low_quality_artifact,69,1724.05478201924,1773.65227176308,0.72101080759008,1,1,0,0,1.18687172556142,0.0400909555505615,0.164663096600904,0.0373284648759975,0.164663096600904,1,0.187382075520496
low_quality_artifact,70,1749.26274122328,1799.61270657763,0.73155784670044,1,1,0,0,3.80244028346037,0.104711238594578,0.527539394721389,0.0974960496282095,0.527539394721389,1,0.309521247222159
low_quality_artifact,71,1774.5033227036,1824.38274728467,0.742118535008697,1,1,0,0,4.29236397384376,0.0189465808858051,0.595509968305077,0.0176410556796049,0.595509968305077,1,0.328928180544102
low_quality_artifact,72,1800.43290841136,1850.35761478994,0.752967503477804,1,1,0,0,3.07995672036482,0.369791572013926,0.42730414757512,0.344310868069803,0.42730414757512,1,0.279034874542053
low_quality_artifact,73,1825.2130983352,1875.19324066408,0.763335563429558,1,1,0,0,4.1207526153825,0.361080283052662,0.571701112564788,0.336199835555122,0.571701112564788,1,0.322242570353527
low_quality_artifact,74,1851.2012157176,1900.939871544,0.774209021618627,1,1,0,0,3.99500840796675,0.0680920358946387,0.554255730619314,0.0634001144478229,0.554255730619314,1,0.317267502359949
low_quality_artifact,75,1876.01105117017,1926.35315570298,0.784589485293683,1,1,0,0,2.88039358305512,0.0594669768228205,0.399617344149701,0.0553693701017639,0.399617344149701,1,0.270202101192603
low_quality_artifact,76,1901.78412416078,1951.37756283692,0.795372968662004,1,1,0,0,2.05494623299684,0.00225947794356586,0.285097203670903,0.00210378729806324,0.285097203670903,1,0.231655001421054
low_quality_artifact,77,1927.18592415944,1977.35454362566,0.806001110983677,1,1,0,0,1.60560445481194,0.284071603833078,0.22275684537053,0.264497484291137,0.264497484291137,1,0.224362984749244
low_quality_artifact,78,1952.21440156189,2002.12762917051,0.816473054701916,1,1,0,0,2.82653333666768,0.64225442933021,0.392144931787996,0.597999513293485,0.597999513293485,1,0.329620384107383
low_quality_artifact,79,1978.23528597613,2027.97151239217,0.827360222654769,1,1,0,0,1.62904566115068,0.00429443967061091,0.226009009476109,0.00399852880045021,0.226009009476109,1,0.210432990469273
low_quality_artifact,80,2002.9438327909,2052.98924804366,0.837698307047328,1,1,0,0,2.74306835999602,0.00099140021730827,0.380565246114739,0.000923087207117707,0.380565246114739,1,0.264016600120034
low_quality_artifact,81,2028.85023483046,2078.21717468946,0.848537575443009,1,1,0,0,5.35013020475294,0.00679376640503739,0.742261347843571,0.00632563796855218,0.742261347843571,1,0.367602316927459
low_quality_artifact,82,2053.83977603874,2104.04521118177,0.858993228212845,1,1,0,0,8.67828344656827,0.00652650514703612,1.20399955169236,0.00607679250340897,1.20399955169236,1,0.464895889422728
low_quality_artifact,83,2079.07041385825,2128.79367167697,0.869549756081992,1,1,0,0,2.97626450863322,0.00463458781765537,0.41291819473001,0.00431523884103708,0.41291819473001,1,0.274468295035315
low_quality_artifact,84,2104.88672755763,2154.59840860794,0.88035133141257,1,1,0,0,1.48290184308336,0.803619319150633,0.205733445475575,0.748245461267566,0.748245461267566,1,0.36909080328027
low_quality_artifact,85,2129.63042200589,2179.3628876455,0.890704121615387,1,1,0,0,0.918172105820638,0.0775842543691626,0.127384500701188,0.0722382660721883,0.127384500701188,1,0.172847580380367
low_quality_artifact,86,2155.44262346216,2204.64384731493,0.901503976378724,1,1,0,0,0.84256111415956,0.147878526408818,0.116894453836107,0.13768887029904,0.13768887029904,1,0.176905858457229
low_quality_artifact,87,2180.15873663939,2229.82266320834,0.911845226546033,1,1,0,0,2.36456773594698,0.015789982521028,0.328053181433269,0.0147019645661838,0.328053181433269,1,0.246503198111392
low_quality_artifact,88,2205.53663640177,2254.59662648695,0.922463368981371,1,1,0,0,4.5116501393598,0.785581390879427,0.625933086724659,0.731450446964196,0.731450446964196,1,0.36489622220404
low_quality_artifact,89,2230.63774991523,2280.09300735049,0.932965703731959,1,1,0,0,3.90896344712728,0.0418369109868331,0.542318105521683,0.0389541142346346,0.542318105521683,1,0.313825428731676
low_quality_artifact,90,2255.44983876892,2304.60096750142,0.943347110232637,1,1,0,0,1.12408237401466,0.00580604582467271,0.155951886419904,0.00540597685084838,0.155951886419904,1,0.184021969138418
low_quality_artifact,91,2280.92787236949,2329.93783259782,0.954007148780984,1,1,0,0,0.160998367441435,0.0216134952523905,0.0223364405433592,0.0201242047563293,0.0223364405433592,1,0.129635418439974
low_quality_artifact,92,2305.40395829317,2354.96378091611,0.964247971269471,1,1,0,0,0.590843064582324,0.00814889207787408,0.0819718310951189,0.00758738791654858,0.0819718310951189,1,0.154583768759396
low_quality_artifact,93,2330.81997069062,2379.85485465899,0.974882060075134,1,1,0,0,1.13426884203268,0.0248422247724098,0.157365127068533,0.0231304567856714,0.157365127068533,1,0.184568580247615
low_quality_artifact,94,2355.74304494075,2405.20700643273,0.98530990299327,1,1,0,0,0.531116073531025,0.34660140218623,0.0736854838131418,0.322718630419348,0.322718630419348,1,0.244685162266443
low_quality_artifact,95,2380.72345772665,2429.54275992578,0.995761736420687,1,1,0,0,0.291432157671151,0.0397265374415457,0.040432441432131,0.0369891572093239,0.040432441432131,1,0.137324113413851
low_quality_artifact,96,2406.04084133739,2455.11291433572,1.00635455882861,1,1,0,0,0.520436048508869,0.0736298457567984,0.0722037685156512,0.0685563382915991,0.0722037685156512,1,0.150573351534925
low_quality_artifact,97,2430.37740073164,2479.47319808432,1.01653700325678,1,1,0,0,1.98747869196525,0.0490358815966912,0.275736955223621,0.045657035575946,0.275736955223621,1,0.228355564481194
low_quality_artifact,98,2455.94329825303,2504.53811983223,1.02723380417061,1,1,0,0,0.933990567140335,0.0158881531060233,0.129579107555716,0.0147933706497637,0.129579107555716,1,0.173714535934772
low_quality_artifact,99,2480.29627577825,2529.60335107307,1.03742311796365,1,1,0,0,1.22006904547399,0.00394051944157817,0.169268795243753,0.00366899565121679,0.169268795243753,1,0.189149743517365
low_quality_artifact,100,2505.38981217275,2553.75081502881,1.04792228243896,1,1,0,0,3.76726751096542,0.302759972449729,0.52265962759043,0.281898119968591,0.52265962759043,1,0.30808954489262
low_quality_artifact,101,2530.3985011405,2579.00509644848,1.05838594665337,1,1,0,0,3.18033555361933,0.251095020183445,0.441230412023837,0.233793171370901,0.441230412023837,1,0.283408846117244
low_quality_artifact,102,2554.60006796486,2603.13395020206,1.06851191003511,1,1,0,0,0.949488455175784,0.0562528310891032,0.131729239014517,0.0523766969544231,0.131729239014517,1,0.174562539206011
low_quality_artifact,103,2579.85019191189,2628.2364644008,1.07907659092241,1,1,0,0,0.802304361324262,0.604222448507769,0.111309350207641,0.562588148291106,0.562588148291106,1,0.319651859572693
low_quality_artifact,104,2603.931828492,2652.65995200391,1.08915237535208,1,1,0,0,0.591775531430074,1.92302539412514,0.0821011988063226,1.79051820777183,1.79051820777183,1,0.548567580773909
low_quality_artifact,105,2629.09699840967,2677.23504325584,1.09968151137583,1,1,0,0,1.32612269936251,0.521289561359936,0.183982367636644,0.485369800101359,0.485369800101359,1,0.296974129988033
low_quality_artifact,106,2653.45702036048,2702.13625408169,1.10987377256464,1,1,0,0,0.538374639598895,0.0344381074933533,0.074692515946334,0.0320651296110965,0.074692515946334,1,0.151597933135428
low_quality_artifact,107,2678.09053706645,2726.0331125418,1.12018046427342,1,1,0,0,4.40285245315964,0.0852121156888598,0.610838815349834,0.0793405251588344,0.610838815349834,1,0.333169828855532
low_quality_artifact,108,2702.93666606963,2751.22234147614,1.13057611321178,1,1,0,0,2.078786831639,0.0155187373265739,0.288404778291389,0.0144494096800527,0.288404778291389,1,0.232815376089518
low_quality_artifact,109,2726.85428745556,2775.14800872962,1.14058327349565,1,1,0,0,4.76073437448102,0.463077406732215,0.660490301785222,0.431168787939487,0.660490301785222,1,0.346578859928277
low_quality_artifact,110,2752.04614025803,2799.9274412575,1.15112357366908,1,1,0,0,6.06130385476489,0.0680833508397441,0.840927490873089,0.0633920278417012,0.840927490873089,1,0.391311559401576
low_quality_artifact,111,2775.92927527435,2824.4571354438,1.16111630481626,1,1,0,0,0.528972390807784,0.00030291901768197,0.0733880755694904,0.000282046206096344,0.0733880755694904,1,0.151061152254675
low_quality_artifact,112,2800.74581427318,2848.36745419054,1.17149957326278,1,1,0,0,1.98250999948221,0.122219816113964,0.27504761342476,0.113798188402049,0.27504761342476,1,0.228111658268394
low_quality_artifact,113,2825.24413285251,2873.23961480597,1.18174969791995,1,1,0,0,0.9349618728255,0.0405242718782369,0.129713863653128,0.0377319232893901,0.129713863653128,1,0.173767723378424
low_quality_artifact,114,2849.21184990939,2896.88951425533,1.19177781829014,1,1,0,0,0.742991724852468,0.621754127846517,0.103080489262799,0.57891179703997,0.57891179703997,1,0.324279973461328
low_quality_artifact,115,2874.05317005071,2921.62060642516,1.20217145519516,1,1,0,0,0.880694382747125,0.0230501372705268,0.122184951498079,0.0214618541183095,0.122184951498079,1,0.170787850658345
low_quality_artifact,116,2897.66565450546,2945.73805022793,1.21205094583624,1,1,0,0,0.524012732593973,0.488092404284038,0.0726999871586035,0.454460112495439,0.454460112495439,1,0.28752193889148
low_quality_artifact,117,2922.45686857789,2969.68356434335,1.22242361830444,1,1,0,0,3.77141893878113,1.13954013704416,0.523235584490176,1.06101945928416,1.06101945928416,1,0.438283067582303
low_quality_artifact,118,2946.52407212858,2994.27891822038,1.23249336393801,1,1,0,0,1.77708883565092,0.019345391502575,0.246548084608518,0.0180123860182269,0.246548084608518,1,0.217916642444727
low_quality_artifact,119,2970.50211067568,3017.90034743462,1.24252580283157,1,1,0,0,0.788672276954586,0.252542256281111,0.109418074868367,0.235140684821182,0.235140684821182,1,0.213774460194938
low_quality_artifact,120,2995.06446142586,3042.68411672661,1.25280271862264,1,1,0,0,3.54446099621517,0.483279022162833,0.491748106259618,0.449978399276618,0.491748106259618,1,0.298897492688089
low_quality_artifact,121,3018.68530769687,3066.44853620746,1.26268570785725,1,1,0,0,1.19884950930577,0.235306630091348,0.166324859131162,0.219092689506404,0.219092689506404,1,0.20788689100049
low_quality_artifact,122,3043.51764787915,3090.80129646957,1.27307558753709,1,1,0,0,1.2315355995702,0.00861759384245241,0.170859631274437,0.00802379351267648,0.170859631274437,1,0.18975888929668
low_quality_artifact,123,3067.23949482411,3114.92595410191,1.2830008355698,1,1,0,0,3.00113055382828,0.00181758272170596,0.416368036792849,0.00169234112419329,0.416368036792849,1,0.275567884773922
low_quality_artifact,124,3091.67209282209,3138.57849345201,1.29322346266018,1,1,0,0,2.42301747103748,0.0175645344538363,0.336162325975364,0.0163542399630855,0.336162325975364,1,0.249252931228755
low_quality_artifact,125,3115.6636308739,3163.1566560593,1.30326154976203,1,1,0,0,2.83042498437598,0.0922397907883881,0.39268484755878,0.0858839542068603,0.39268484755878,1,0.267961602294658
low_quality_artifact,126,3139.38685775487,3186.5909907935,1.31318737516155,1,1,0,0,1.23951357342134,0.0657090529132438,0.171966471930119,0.0611813322985944,0.171966471930119,1,0.190182280241644
low_quality_artifact,127,3163.96872332447,3210.85348821934,1.32347245597549,1,1,0,0,5.01751225283176,0.138813942943342,0.696114910306285,0.129248887244013,0.696114910306285,1,0.3558966938688
low_quality_artifact,128,3187.3914781367,3234.69459952799,1.33327256351603,1,1,0,0,2.14177810145071,0.241575390030756,0.297144002019304,0.224929496886041,0.297144002019304,1,0.235867485974148
low_quality_artifact,129,3211.68985317898,3258.46952472247,1.34343903156744,1,1,0,0,4.16445384402339,0.0499950284686769,0.577764092647889,0.0465500918733118,0.577764092647889,1,0.323956422585031
low_quality_artifact,130,3235.46085549462,3282.69707636909,1.35338484626375,1,1,0,0,4.45193813548358,0.416431089748565,0.617648818719326,0.387736662633249,0.617648818719326,1,0.335038638344513
low_quality_artifact,131,3259.28176957813,3305.84695159422,1.36335154410111,1,1,0,0,2.78104004834499,0.783703659366728,0.385833326609072,0.729702101636533,0.729702101636533,1,0.364456526146192
low_quality_artifact,132,3283.46212483289,3330.17054045122,1.37346863253774,1,1,0,0,1.52416941993465,0.05946994217314,0.211458787858583,0.0553721311228902,0.211458787858583,1,0.205061252421401
low_quality_artifact,133,3306.65472084482,3353.47093242334,1.38317244137164,1,1,0,0,3.47922048569787,0.933867687770667,0.48269682948367,0.869518990082741,0.869518990082741,1,0.397860491018545
low_quality_artifact,134,3330.97729810977,3377.45224720096,1.39334903566084,1,1,0,0,3.75063325406393,0.0589538297319587,0.520351839653399,0.0548915817104821,0.520351839653399,1,0.30741062284355
low_quality_artifact,135,3354.1986079199,3401.42050956859,1.40306485838091,1,1,0,0,2.17333037871149,0.04207835964884,0.30152147227719,0.0391789257357652,0.30152147227719,1,0.237388782028986
low_quality_artifact,136,3378.29137096803,3424.82843264531,1.41314529813759,1,1,0,0,2.30812006488503,0.229866267772685,0.320221797373148,0.214027198526305,0.320221797373148,1,0.243831729586286
low_quality_artifact,137,3402.21312864716,3449.18887831351,1.42315418905129,1,1,0,0,7.39757382741904,1.43959973595007,1.02631766139717,1.34040327652292,1.34040327652292,1,0.487758315589016
low_quality_artifact,138,3425.6017258114,3472.47838311841,1.43294000499264,1,1,0,0,9.42264459521619,0.183888530529175,1.30727003078967,0.171217584083275,1.30727003078967,1,0.482418045806185
low_quality_artifact,139,3449.97689868126,3496.42147788663,1.4431386053434,1,1,0,0,7.98825692739951,0.757840974490693,1.10826729947334,0.705621500145843,1.10826729947334,1,0.447394842103124
low_quality_artifact,140,3473.26918836958,3520.23634346663,1.4528841261261,1,1,0,0,4.65690930637599,1.07528949512184,0.646085916837146,1.00119604531657,1.00119604531657,1,0.426273051948755
low_quality_artifact,141,3497.22381824587,3543.73869833455,1.46290677080489,1,1,0,0,1.88641718232424,0.0455350466380437,0.2617159782585,0.0423974276919252,0.2617159782585,1,0.223369708637707
low_quality_artifact,142,3520.98905865467,3567.69987998081,1.47285017471275,1,1,0,0,1.74481725180752,0.0877021522490317,0.242070819868424,0.0816589842975571,0.242070819868424,1,0.216295110343787
low_quality_artifact,143,3544.52399928496,3590.88200451195,1.48269722092853,1,1,0,0,2.15325459101914,0.031802917678883,0.298736216468218,0.0296115190877209,0.298736216468218,1,0.236421404045971
low_quality_artifact,144,3568.4690789142,3615.14678772867,1.49271586977297,1,1,0,0,1.52338197141448,0.150664770366265,0.211349539564135,0.140283126491571,0.211349539564135,1,0.205020697349437
low_quality_artifact,145,3591.67712964735,3638.17529451511,1.50242614487999,1,1,0,0,9.98526995907525,0.0724646704534572,1.38532702097993,0.0674714500721029,1.38532702097993,1,0.494790206697084
low_quality_artifact,146,3615.9605369723,3661.99964077156,1.51258635042126,1,1,0,0,5.21574215575711,0.0655006658632325,0.723616744709783,0.0609873042798022,0.723616744709783,1,0.362921599742836
low_quality_artifact,147,3638.9317512259,3685.74283670251,1.52219753287297,1,1,0,0,5.54821829186779,0.00198132067396639,0.769743507138125,0.00184479661735591,0.769743507138125,1,0.374383446381775
low_quality_artifact,148,3662.81003798672,3709.04362187786,1.53218823550447,1,1,0,0,5.86427014761073,0.00551192880018004,0.813591613156892,0.00513212613146702,0.813591613156892,1,0.384917536430995
low_quality_artifact,149,3686.56909435082,3733.23308094677,1.54212905200093,1,1,0,0,1.86748587267345,0.44119338103567,0.259089503970947,0.41079269379704,0.41079269379704,1,0.273789403032556
low_quality_artifact,150,3709.84591773312,3756.28870679571,1.55186810166341,1,1,0,0,2.48825379438737,0.0600724577178205,0.345213021836005,0.0559331299825579,0.345213021836005,1,0.252302251067305
low_quality_artifact,151,3734.05215124203,3780.34350677849,1.56199601759133,1,1,0,0,2.52010897957114,0.0128166911683134,0.349632516649292,0.0119335495882485,0.349632516649292,1,0.253783742828475
low_quality_artifact,152,3757.05186997159,3803.52395819808,1.57161912634855,1,1,0,0,2.17377966408501,0.110266014908529,0.301583804810072,0.102668070840522,0.301583804810072,1,0.237410408320191
low_quality_artifact,153,3781.1388732755,3826.94734484059,1.58169715622163,1,1,0,0,7.04788019122071,0.0158375658001211,0.977802193585504,0.0147462690916789,0.977802193585504,1,0.421428026584428
low_quality_artifact,154,3804.30166633686,3850.9203270246,1.59138849546674,1,1,0,0,4.39804676101623,0.589091832533814,0.610172087739257,0.548500116235505,0.610172087739257,1,0.33298635113311
low_quality_artifact,155,3827.76472521888,3873.96900072193,1.60120546627641,1,1,0,0,2.79133739132484,0.122862190187051,0.387261949724196,0.114396299314977,0.387261949724196,1,0.266200849008868
low_quality_artifact,156,3851.69784417786,3898.14163156292,1.61121911076266,1,1,0,0,2.03881143134698,0.166950938169474,0.282858708688264,0.155447086403675,0.282858708688264,1,0.230868050063799
low_quality_artifact,157,3874.76553866195,3921.22361234473,1.62087066065372,1,1,0,0,3.83302279004701,0.42902199950696,0.531782321844782,0.399459988411312,0.531782321844782,1,0.310761851920464
low_quality_artifact,158,3898.95507211446,3945.1419536097,1.63099158925884,1,1,0,0,4.05884520654222,0.357375515161309,0.563112260524054,0.332750346856065,0.563112260524054,1,0.319801339026647
low_quality_artifact,159,3921.99933420143,3968.67466816885,1.64063333500801,1,1,0,0,8.55464569663783,0.378898559494567,1.18684641347039,0.352790333266599,1.18684641347039,1,0.461851770355079
low_quality_artifact,160,3945.92938794945,3991.76336340981,1.65064569700647,1,1,0,0,8.84081269666885,0.319164047177611,1.22654838239867,0.297171862359958,1.22654838239867,1,0.468838449999531
low_quality_artifact,161,3969.41084691073,4015.80938036422,1.66047036643045,1,1,0,0,2.26622107062814,0.146786898757042,0.314408853994166,0.136672461887282,0.314408853994166,1,0.24183862782742
low_quality_artifact,162,3992.57515767551,4038.83187484733,1.67016234068442,1,1,0,0,2.42051192360313,0.0891258171914535,0.335814713684723,0.0829845507767934,0.335814713684723,1,0.249135401993137
low_quality_artifact,163,4016.58640710312,4062.90754055898,1.68020867504857,1,1,0,0,2.414473585589,0.42346880707499,0.334976972407114,0.394289441942671,0.394289441942671,1,0.268481224353393
low_quality_artifact,164,4039.6118375993,4086.08779414225,1.6898425416385,1,1,0,0,3.89061379605718,0.460149864557683,0.539772328836911,0.42844296976593,0.539772328836911,1,0.313087388709144
low_quality_artifact,165,4063.73189448508,4109.54469501907,1.69993440116823,1,1,0,0,7.87382088341089,0.179086090087011,1.09239077890242,0.166746058600717,1.09239077890242,1,0.444368994642127
low_quality_artifact,166,4086.83550930959,4133.55556323777,1.70960098017102,1,1,0,0,2.58211838941642,0.185286188016367,0.358235520009818,0.172518935166152,0.358235520009818,1,0.256653574403155
low_quality_artifact,167,4110.36090242349,4156.59581555386,1.71944403169496,1,1,0,0,2.91638869965703,0.00956533414315055,0.404611200886306,0.00890622921520197,0.404611200886306,1,0.271808852206928
low_quality_artifact,168,4134.30739949785,4180.66695643378,1.72946327360007,1,1,0,0,4.32660902869651,0.396640727947482,0.600261026615657,0.369309967254454,0.600261026615657,1,0.330248065467445
low_quality_artifact,169,4157.39199511802,4203.89973032629,1.73912189494589,1,1,0,0,4.94454352708879,0.000932573590412955,0.685991443652653,0.000868314063258222,0.685991443652653,1,0.353274111599757
low_quality_artifact,170,4181.47750408687,4227.76120272436,1.74919929958747,1,1,0,0,3.89693978636709,0.0140998656345681,0.540649978149017,0.0131283061695167,0.540649978149017,1,0.31334198509793
low_quality_artifact,171,4204.66864965304,4251.60692396598,1.75890250155319,1,1,0,0,2.52629902709774,0.116721919933587,0.350491305658993,0.108679127964533,0.350491305658993,1,0.254071054504208
low_quality_artifact,172,4228.55681267557,4274.86281515667,1.76889733642395,1,1,0,0,3.82536404621098,0.315075151197672,0.530719770223614,0.293364714142294,0.530719770223614,1,0.310451539071657
low_quality_artifact,173,4252.35451540332,4299.06439436204,1.77885432260338,1,1,0,0,3.10578052953401,0.00121282332306813,0.430886866998162,0.001129253024634,0.430886866998162,1,0.280164506128541
low_quality_artifact,174,4275.68120021996,4322.15310669523,1.78861423434731,1,1,0,0,2.15627108325767,0.0920032126121298,0.299154715740019,0.0856636775878172,0.299154715740019,1,0.236566886691756
low_quality_artifact,175,4299.83398715254,4346.30081234455,1.79871978816625,1,1,0,0,2.21475975227454,0.667929319466907,0.307269261860685,0.621905260150879,0.621905260150879,1,0.336201858160768
low_quality_artifact,176,4322.95532965369,4369.82121933805,1.80839378444933,1,1,0,0,3.09245953843525,0.309723731046934,0.429038751825415,0.288382036718165,0.429038751825415,1,0.279582174381011
low_quality_artifact,177,4347.11288849406,4393.34920790771,1.81850133483997,1,1,0,0,3.34880654794325,0.605804850648759,0.464603582868974,0.564061514089662,0.564061514089662,1,0.320071921396915
low_quality_artifact,178,4370.5663676951,4417.5901148526,1.8283142975001,1,1,0,0,7.7531157121943,1.24582331031537,1.07564449803634,1.15997912851331,1.15997912851331,1,0.457004297704966
low_quality_artifact,179,4394.16981344538,4440.65191620118,1.83819000633684,1,1,0,0,3.16783694036793,0.323231051513707,0.439496391137781,0.300958627390265,0.439496391137781,1,0.282866710344289
low_quality_artifact,180,4418.37803000428,4465.09480822874,1.84831875197516,1,1,0,0,4.44856168761549,0.250307273255521,0.6171803802609,0.233059704604486,0.6171803802609,1,0.334910394364698
low_quality_artifact,181,4441.42619910787,4488.70892862917,1.85796213242456,1,1,0,0,2.4334170823087,0.052829616492307,0.337605137492805,0.0491893609559495,0.337605137492805,1,0.249740424717435
low_quality_artifact,182,4465.88356031669,4512.63475427394,1.86819512047083,1,1,0,0,1.58740892689997,0.00401209473026242,0.22023245127996,0.00373563900288921,0.22023245127996,1,0.208307380035814
low_quality_artifact,183,4489.46896768384,4536.53624001174,1.87806328202733,1,1,0,0,2.48885037719621,0.00108642757772237,0.345295789982358,0.00101156665183942,0.345295789982358,1,0.252330041539338
low_quality_artifact,184,4513.44402213167,4559.87500103779,1.88809447237033,1,1,0,0,9.69774625545407,0.106619270115987,1.34543682698105,0.09927260712481,1.34543682698105,1,0.488558051992479
low_quality_artifact,185,4537.28002550178,4584.35896381764,1.89806748358255,1,1,0,0,2.1443196316885,0.0379480310628866,0.297496606458391,0.0353331998499692,0.297496606458391,1,0.235990211134472
low_quality_artifact,186,4560.71209226333,4607.58684496346,1.90787148725338,1,1,0,0,2.47142590963057,0.228046200495671,0.342878370539137,0.212332544046537,0.342878370539137,1,0.251517650757106
low_quality_artifact,187,4585.14838234469,4631.93673295631,1.91809565911569,1,1,0,0,3.30021508371139,0.00604555679181107,0.457862145865741,0.00562898417510546,0.457862145865741,1,0.288573045455185
low_quality_artifact,188,4608.32521555879,4655.61316499794,1.92779287277685,1,1,0,0,0.899955197299697,0.192002788267657,0.124857140327737,0.178772724159787,0.178772724159787,1,0.192778110146303
low_quality_artifact,189,4632.78429306681,4679.34470593479,1.93802657892467,1,1,0,0,3.24843044166838,0.329192477635769,0.450677696753401,0.306509277968489,0.450677696753401,1,0.286350154978402
low_quality_artifact,190,4656.37503645218,4703.70541868088,1.94789697307733,1,1,0,0,1.56383881904034,0.381972408326646,0.216962403756038,0.355652376752134,0.355652376752134,1,0.255793821350005
low_quality_artifact,191,4680.19484726311,4727.11694752608,1.95786320930418,1,1,0,0,2.41658936188576,0.311958381363383,0.335270508995134,0.290462707151238,0.335270508995134,1,0.248951342461966
low_quality_artifact,192,4704.50208296825,4751.87826731895,1.96803338466712,1,1,0,0,6.38952410784916,0.169025820858018,0.886463804592605,0.157378998090426,0.886463804592605,1,0.401675968409023
low_quality_artifact,193,4727.93146594316,4775.64641519163,1.97783626543854,1,1,0,0,1.16109274090948,1.43073640044947,0.161086595999705,1.33215067432438,1.33215067432438,1,0.486440582128487
low_quality_artifact,194,4752.698588166,4799.97799770768,1.98819885784917,1,1,0,0,2.28444808896206,1.56259684332933,0.31693761697337,1.45492519648229,1.45492519648229,1,0.505227111356992
low_quality_artifact,195,4776.41064407922,4824.30068849613,1.99812000930294,1,1,0,0,3.00874317523497,0.280392930702525,0.417424189523661,0.261072292278167,0.417424189523661,1,0.275903950508227
low_quality_artifact,196,4800.78581906243,4848.17623091768,2.00831861053793,1,1,0,0,3.6846775643495,0.0953594502448218,0.511201341016582,0.0887886517089613,0.511201341016582,1,0.304707064945844
low_quality_artifact,197,4825.08542206266,4872.93500944686,2.01848559236835,1,1,0,0,1.7929443730861,0.527886310465419,0.248747835294392,0.491511996362289,0.491511996362289,1,0.29882645819493
low_quality_artifact,198,4849.01266598634,4896.43330259004,2.02849677873308,1,1,0,0,0.991224152128085,0.0224917914007748,0.137519527005169,0.0209419813963583,0.137519527005169,1,0.176839417374361
low_quality_artifact,199,4873.76053748138,4921.21303623475,2.03885131661707,1,1,0,0,3.5079188444349,0.548482069330031,0.48667835546936,0.510688592450217,0.510688592450217,1,0.30455502129835
low_quality_artifact,200,4897.25165930691,4945.28595433306,2.04868002899457,1,1,0,0,2.51268921983595,0.103258366995089,0.348603120980225,0.0961432889936458,0.348603120980225,1,0.253439109997315
low_quality_artifact,201,4922.05130729102,4969.66957067455,2.05905623022111,1,1,0,0,4.48641231332754,0.032072588045446,0.622431664880625,0.0298626076603953,0.622431664880625,1,0.336345458608822
low_quality_artifact,202,4946.06398261795,4994.29229244719,2.06910316118317,1,1,0,0,1.30823905480017,0.171792903915765,0.181501243325799,0.159955413676226,0.181501243325799,1,0.193815022307346
low_quality_artifact,203,4970.48851180456,5018.10258097636,2.0793224122736,1,1,0,0,0.613389410134401,0.683736338361941,0.0850998448439365,0.636623087189783,0.636623087189783,1,0.340195514477956
low_quality_artifact,204,4995.12122325581,5043.01172599361,2.08962876706288,1,1,0,0,0.242879522242322,0.0777822642674126,0.033696391422966,0.0724226319829136,0.0724226319829136,1,0.150663531199302
low_quality_artifact,205,5018.92516710971,5066.96029778945,2.09958836453666,1,1,0,0,0.279510799559054,0.210158404606327,0.0387785072283336,0.195677317165694,0.195677317165694,1,0.199168300419927
low_quality_artifact,206,5043.83717862665,5091.51889410615,2.11001157879452,1,1,0,0,1.28853343523139,0.529512383904218,0.17876734355487,0.493026024262408,0.493026024262408,1,0.299281740605969
low_quality_artifact,207,5067.73007531839,5116.11894653974,2.12000839423792,1,1,0,0,0.310231277506476,0.0903926640572744,0.0430405760930118,0.0841641048204586,0.0841641048204586,1,0.155479808175998
low_quality_artifact,208,5092.38496931545,5140.03674098335,2.13032403022986,1,1,0,0,1.08388347469289,0.138605556746251,0.150374809217951,0.12905486001937,0.150374809217951,1,0.18185921210863
low_quality_artifact,209,5116.884812545,5165.3501090084,2.14057479280244,1,1,0,0,12.1434656446343,0.0989259007797829,1.68474875038944,0.0921093538897407,1.68474875038944,1,0.536065568369588
low_quality_artifact,210,5140.87104158422,5189.33577655168,2.15061065860732,1,1,0,0,5.63233430024591,0.00474468185456676,0.781413515037839,0.00441774678412466,0.781413515037839,1,0.377220971355108
low_quality_artifact,211,5166.15549025428,5214.28401072735,2.1611897009982,1,1,0,0,0.834094688686277,0.152489381384883,0.115719846837266,0.141982011623778,0.141982011623778,1,0.178587437589933
low_quality_artifact,212,5190.13158470112,5238.78912861197,2.17122132647797,1,1,0,0,3.87173759153551,0.0162239016354498,0.537153499673094,0.0151059842309506,0.537153499673094,1,0.312326698386719
low_quality_artifact,213,5215.10591311481,5263.4207134261,2.18167061419707,1,1,0,0,19.4180746701767,0.782425226025723,2.69400663640075,0.728511759490514,2.69400663640075,1,0.623098673484452
low_quality_artifact,214,5239.60531661197,5288.53618537542,2.1919211927851,1,1,0,0,9.86235634950082,0.165278569012872,1.36827434786368,0.153889952819189,1.36827434786368,1,0.492148820043827
low_quality_artifact,215,5264.27825225205,5312.61585148996,2.20224437742123,1,1,0,0,1.30140921364674,0.021417613927645,0.180553691227797,0.0199418207485097,0.180553691227797,1,0.193455166976171
low_quality_artifact,216,5289.3434825509,5337.9289999102,2.21273169859358,1,1,0,0,4.43701084448644,0.486657869924887,0.61557785021741,0.453124425562974,0.61557785021741,1,0.334471330266327
low_quality_artifact,217,5313.44497142478,5362.2806107818,2.22281578924579,1,1,0,0,0.687604967953732,0.122423635358207,0.0953962933170971,0.113987963362394,0.113987963362394,1,0.167524370138142
low_quality_artifact,218,5338.76269060487,5387.30643098641,2.23340875205631,1,1,0,0,3.25251781095122,0.00500385707853444,0.451244766360477,0.0046590633881254,0.451244766360477,1,0.286526043764119
low_quality_artifact,219,5363.09466298686,5412.4204210551,2.24358927727327,1,1,0,0,4.32380961340725,0.0232431459727145,0.599872643962104,0.0216415634433039,0.599872643962104,1,0.330140345851428
low_quality_artifact,220,5388.16256192004,5436.93917810432,2.25407771500529,1,1,0,0,0.172993007210774,0.184745467523982,0.0240005416290072,0.172015473334661,0.172015473334661,1,0.190201016235605
low_quality_artifact,221,5413.24070926944,5462.44937202813,2.26457044068644,1,1,0,0,0.271397206216155,0.0405997645786845,0.0376528511227672,0.0378022141212836,0.0378022141212836,1,0.136213043773972
low_quality_artifact,222,5437.83451144715,5486.82529045837,2.27486051579094,1,1,0,0,0.659944441586348,0.242816846254398,0.0915587531455931,0.226085409844536,0.226085409844536,1,0.210461041990509
low_quality_artifact,223,5463.26069293694,5512.2020919944,2.28549885935653,1,1,0,0,0.623534520501859,0.477297515037854,0.0865073476536216,0.444409051388695,0.444409051388695,1,0.284400808019594
low_quality_artifact,224,5487.64841341406,5536.95796152248,2.29570270964059,1,1,0,0,2.7298620823317,0.0247517947812738,0.378733045946898,0.0230462579258162,0.378733045946898,1,0.26341708165636
low_quality_artifact,225,5513.07247208158,5561.88142043541,2.3063401650149,1,1,0,0,1.69134043025804,0.000536192645677067,0.234651602742373,0.000499245978701652,0.234651602742373,1,0.213596074331606
low_quality_artifact,226,5537.74257159825,5587.5053453182,2.31666216301373,1,1,0,0,1.27316543955295,0.181302130820021,0.176635232980104,0.168809401754553,0.176635232980104,1,0.191964321283867
low_quality_artifact,227,5562.73631066911,5612.04524115311,2.3271195721741,1,1,0,0,3.1286669593558,0.0569585654363788,0.434062063039515,0.0530338022648923,0.434062063039515,1,0.28116311161716
low_quality_artifact,228,5588.30335879144,5637.83585139933,2.33781685450068,1,1,0,0,5.20040247421313,0.627202747155605,0.721488562354854,0.583984976057753,0.721488562354854,1,0.362383146907227
low_quality_artifact,229,5612.90029678765,5662.55181562336,2.34810824163525,1,1,0,0,2.08191227889468,0.0965072137763764,0.288838393662198,0.089857327924961,0.288838393662198,1,0.23296728521233
low_quality_artifact,230,5638.69729114076,5688.11723299891,2.35890173372914,1,1,0,0,2.6169116658853,0.202617079104375,0.363062636976941,0.1886556310958,0.363062636976941,1,0.258255736259693
low_quality_artifact,231,5663.39342432632,5713.51266667293,2.36923462424497,1,1,0,0,2.00802615777491,0.00466347538383104,0.278587650268967,0.00434213589261724,0.278587650268967,1,0.229362873115456
low_quality_artifact,232,5688.9930268821,5738.13070287228,2.37994552738393,1,1,0,0,0.540606391496928,0.852261707912244,0.0750021426485805,0.793536117861731,0.793536117861731,1,0.380142362131328
low_quality_artifact,233,5714.33538342453,5764.06698388543,2.39054879849518,1,1,0,0,7.5098404821686,0.0121011626286026,1.04189320727795,0.0112673249598861,1.04189320727795,1,0.43450176360444
low_quality_artifact,234,5739.00540814866,5788.83363869889,2.40087076520073,1,1,0,0,5.29680932806652,0.00295463990485069,0.734863766049711,0.00275104871896462,0.734863766049711,1,0.365752987171839
low_quality_artifact,235,5764.89791608893,5814.51584683214,2.41170422028929,1,1,0,0,0.944132542166435,0.869729099870462,0.130986175377352,0.809799908989515,0.809799908989515,1,0.384020236557193
low_quality_artifact,236,5789.6807870994,5839.68068184748,2.42207340201077,1,1,0,0,1.86166802120919,0.0509992215274625,0.258282352349557,0.0474850904237037,0.258282352349557,1,0.222140699244422
low_quality_artifact,237,5815.38850304545,5864.82906561765,2.43282953991652,1,1,0,0,0.925286056937536,0.0337134998159253,0.128371469380909,0.0313904514482964,0.128371469380909,1,0.173237648188993
low_quality_artifact,238,5840.51483606871,5890.75538541301,2.443342426539,1,1,0,0,2.3831633353902,0.000195898013071558,0.330633080272818,0.000182399546226753,0.330633080272818,1,0.24737983163291
low_quality_artifact,239,5865.71522953441,5915.44153300793,2.45388630013574,1,1,0,0,4.08752775748134,0.231812547064036,0.567091593382298,0.215839368307951,0.567091593382298,1,0.320934350218102
low_quality_artifact,240,5891.58265192848,5943.24916766106,2.46470925940293,0.808056526806527,0.916666666666667,0,1,9034.67283893845,3890.30389137738,1253.44396904558,3622.24023278994,5,1,0.686359707403515
low_quality_artifact,241,5916.2691832994,5968.22672331804,2.47503813250848,0.642291666666667,0.8,0,1,16274.0097469196,8937.78220614131,2257.80830508325,8321.9191104211,5,1,0.686359707403515
low_quality_artifact,242,5944.06916766106,5993.82005485057,2.48666967792461,0.690135658914729,0.716666666666667,0,1,11469.0415786709,8384.81677008944,1591.18113669372,7807.05608024786,5,1,0.686359707403515
low_quality_artifact,243,5969.05271250996,6017.2889563018,2.49712282181079,0.64906746031746,0.6,0,1,14971.3110560158,11254.9608931635,2077.07571556884,10479.4312485598,5,1,0.686359707403515
low_quality_artifact,244,5994.64005485057,6041.84060149328,2.50782859526163,0.661637931034483,0.666666666666667,0,1,11895.7994533186,8437.91222411611,1650.38827056076,7856.49296104782,5,1,0.686359707403515
low_quality_artifact,245,6017.5089563018,6069.27783684314,2.51739696991921,0.68088963963964,0.8,0,1,14157.9976542915,10065.8358924974,1964.2390034367,9372.2435996011,5,1,0.686359707403515
low_quality_artifact,246,6042.69408738511,6098.37945305975,2.52793445771761,0.5375,0.75,0,1,27469.5558827351,19705.6431459745,3811.04548746675,18347.8143120275,5,1,0.686359707403515
low_quality_artifact,247,6070.85763699556,6122.01548370334,2.5397181192518,0.573651315789474,0.8,0,1,24904.9829574938,17297.5732436366,3455.2441736143,16105.673870775,5,1,0.686359707403515
low_quality_artifact,248,6099.20590649788,6148.47358863512,2.5515790678011,0.681791355857832,0.883333333333333,0,1,14981.7916277036,9019.87208735333,2078.52975929664,8398.35254049071,5,1,0.686359707403515
low_quality_artifact,249,6122.90628122976,6176.14038448906,2.56149533183517,0.663931623931624,0.866666666666667,0,1,16854.1901959175,9699.09391222947,2338.30083621513,9030.77218937945,5,1,0.686359707403515
low_quality_artifact,250,6149.29358863512,6202.00527087229,2.57253581158875,0.634506802721089,0.816666666666667,0,1,20053.4675799008,13998.2132528304,2782.15918213936,13033.6582044297,5,1,0.686359707403515
low_quality_artifact,251,6177.0462499793,6227.73787097807,2.58414755699997,0.645414078674948,0.766666666666667,0,1,22062.9068203139,13641.7925001221,3060.94287934241,12701.796831563,5,1,0.686359707403515
low_quality_artifact,252,6202.82527087229,6254.02958313342,2.59493352897748,0.629116161616162,0.733333333333333,0,1,21406.6879894751,13827.8207238673,2969.90100648744,12875.0066720533,5,1,0.686359707403515
low_quality_artifact,253,6228.58535546793,6278.23496903607,2.60571157798642,0.695609756097561,0.683333333333333,0,1,17069.9541635608,12099.786760446,2368.2352952488,11266.0438967272,5,1,0.686359707403515
low_quality_artifact,254,6254.90517203663,6303.9850031601,2.61672381949636,0.606538054968287,0.716666666666667,0,1,28907.4176547014,19805.5911027953,4010.53020578712,18440.8752965906,5,1,0.686359707403515
low_quality_artifact,255,6279.08204154816,6326.53301151165,2.62683944949402,0.589138959931799,0.766666666666667,0,1,28574.0871877512,18730.7484928021,3964.28491600783,17440.0953435222,5,1,0.686359707403515
low_quality_artifact,256,6304.87678795679,6352.56693118931,2.63763200104535,0.735670289855072,0.766666666666667,0,1,14715.9184533238,6694.56786567621,2041.64329612322,6233.2747624015,5,1,0.686359707403515
low_quality_artifact,257,6327.34604933595,6380.05382805523,2.64703316583734,0.676815476190476,0.8,0,1,13168.0350631765,7556.14591886547,1826.89450170047,7035.48527733534,5,1,0.686359707403515
low_quality_artifact,258,6353.40988503983,6406.3122201445,2.65793830465916,0.596288759689922,0.716666666666667,0,1,16352.2252663167,9991.45242513785,2268.65969647527,9302.98556844286,5,1,0.686359707403515
low_quality_artifact,259,6380.90608222115,6437.16744766206,2.6694427451698,0.537726480836237,0.683333333333333,0,1,32687.2785734328,18916.6681688515,4534.93700577609,17613.2041158591,5,1,0.686359707403515
low_quality_artifact,260,6406.5322201445,6460.90212307204,2.68016475073706,0.534130009775171,0.733333333333333,0,1,33811.3233321661,22571.6889314496,4690.88367356235,21016.3735410831,5,1,0.686359707403515
low_quality_artifact,261,6438.04025412354,6486.50783342303,2.69334774837593,0.639583333333333,0.75,0,1,21519.4160636605,14617.9599975574,2985.54056834526,13610.7009382548,5,1,0.686359707403515
low_quality_artifact,262,6461.72704686086,6514.81654676918,2.70325832968786,0.658295795795796,0.75,0,1,20478.4620079964,12424.8301691581,2841.12166061213,11568.6899997861,5,1,0.686359707403515
low_quality_artifact,263,6488.42767140791,6537.15211742955,2.71442990169372,0.685975048449612,0.716666666666667,0,1,14782.5639985795,6636.39282399783,2050.88950329128,6179.10830589955,5,1,0.686359707403515
low_quality_artifact,264,6515.63654676918,6563.45216850436,2.72581412642455,0.635416666666667,0.666666666666667,0,1,17869.7401874203,11473.4735080598,2479.19525871456,10682.8871242831,5,1,0.686359707403515
low_quality_artifact,265,6538.01461213739,6589.39445970261,2.73517713470071,0.638665311653117,0.683333333333333,0,1,21191.2465846772,15107.4610130393,2940.01129887536,14066.4726007719,5,1,0.686359707403515
low_quality_artifact,266,6564.33154404783,6616.24641953467,2.74618816926632,0.592979782107689,0.716666666666667,0,1,25794.5892399314,17499.5644730034,3578.66553589548,16293.7467766744,5,1,0.686359707403515
low_quality_artifact,267,6590.21445970261,6648.25632648464,2.75701761093161,0.523333333333333,0.7,0,1,34905.9811918543,21663.9231725787,4842.75328930328,20171.1579112658,5,1,0.686359707403515
low_quality_artifact,268,6617.90017018662,6676.45657470134,2.76860134402596,0.554169621749409,0.783333333333333,0,1,33304.1093982044,20917.4158379,4620.51430237715,19476.0890998705,5,1,0.686359707403515
low_quality_artifact,269,6649.10779729063,6707.09389325971,2.78165865108296,0.528031914893617,0.783333333333333,0,1,38663.6679789413,27977.4675794002,5364.08371540755,26049.6638584702,5,1,0.686359707403515
low_quality_artifact,270,6676.67657470134,6737.30364637432,2.79319345924502,0.543989361702128,0.783333333333333,0,1,36248.5616325597,25082.4939502908,5029.0189556269,23354.1700757176,5,1,0.686359707403515
low_quality_artifact,271,6707.95405775219,6762.19589974608,2.80627999411049,0.654924242424242,0.833333333333333,0,1,15908.9630319971,10636.6654463125,2207.16279623124,9903.73981008417,5,1,0.686359707403515
low_quality_artifact,272,6738.15686299856,6788.37512736504,2.81891688254709,0.764735772357724,0.75,0,1,4984.58667717148,2484.70491059041,691.54691266271,2313.49486956525,5,1,0.686359707403515
low_quality_artifact,273,6763.08912715265,6813.07810363447,2.82934857053161,0.716130150958792,0.716666666666667,0,1,6999.13103442361,4081.06600452023,971.038878779015,3799.85777126799,5,1,0.686359707403515
low_quality_artifact,274,6789.19764562816,6840.35919290004,2.84027240467645,0.618130081300813,0.833333333333333,0,1,21335.8439568786,11298.2018641063,2960.07231351936,10519.6926751803,5,1,0.686359707403515
low_quality_artifact,275,6814.91575449289,6867.30335428424,2.85103289099132,0.607209302325581,0.833333333333333,0,1,27031.2258437452,16170.9296388721,3750.23286551375,15056.6623006921,5,1,0.686359707403515
low_quality_artifact,276,6841.2198377134,6894.48423658909,2.86203854965028,0.712251773049645,0.783333333333333,0,1,13493.6097531032,10030.5332395603,1872.06377775922,9339.3734965543,5,1,0.686359707403515
low_quality_artifact,277,6868.15440049777,6921.60135600323,2.87330800168358,0.683930205949657,0.766666666666667,0,1,11990.5356545771,7781.00638822296,1663.53169282238,7244.8516049058,5,1,0.686359707403515
low_quality_artifact,278,6895.34280645406,6946.44584973572,2.88468366199183,0.60449306551889,0.683333333333333,0,1,20260.038994113,13542.0211968662,2810.81829331442,12608.9003281478,5,1,0.686359707403515
low_quality_artifact,279,6922.42135600323,6973.50054530795,2.89601335825304,0.645357142857143,0.7,0,1,16154.1403987352,9927.0375547574,2241.17798384931,9243.00924227482,5,1,0.686359707403515
low_quality_artifact,280,6947.30622988647,7001.79488486635,2.90642521809376,0.656876633072042,0.783333333333333,0,1,15670.5734444762,9171.85803032591,2174.08932516171,8539.86580341961,5,1,0.686359707403515
low_quality_artifact,281,6974.33104711052,7027.84141076021,2.91773243268837,0.662083333333333,0.8,0,1,20237.1025615709,14099.5983531108,2807.63616004255,13128.0573052442,5,1,0.686359707403515
low_quality_artifact,282,7002.01488486635,7053.04436250995,2.9293153822311,0.662080745341615,0.766666666666667,0,1,21615.9283966017,13903.9892745847,2998.9304058989,12945.9267843595,5,1,0.686359707403515
low_quality_artifact,283,7029.80627329124,7077.31273699919,2.94094333109741,0.679211012564671,0.683333333333333,0,1,13471.5226507249,5856.07404383726,1868.99947805924,5452.55784639331,5,1,0.686359707403515
low_quality_artifact,284,7053.86436250995,7108.32146279469,2.951009263284,0.641897321428571,0.7,0,1,17691.8723635063,8831.97554980949,2454.51839933661,8223.40312345372,5,1,0.686359707403515
low_quality_artifact,285,7077.53273699919,7133.78533673422,2.96091213837976,0.632738095238095,0.75,0,1,20827.3691901157,10926.1602910703,2889.52801809519,10173.2868437212,5,1,0.686359707403515
low_quality_artifact,286,7109.16904924543,7159.58984336877,2.97414880779309,0.687377450980392,0.666666666666667,0,1,13934.4688818844,8016.64415428682,1933.22727820032,7464.2526132674,5,1,0.686359707403515
low_quality_artifact,287,7134.65807435425,7186.80971670822,2.98481344520113,0.594869337979094,0.683333333333333,0,1,19845.8973909477,11679.3243415985,2753.36150389078,10874.5536860778,5,1,0.686359707403515
low_quality_artifact,288,7160.40984336876,7214.08946646694,2.99558801496136,0.551990171990172,0.733333333333333,0,1,25954.517268862,14440.299927725,3600.85348081812,13445.2826391513,5,1,0.686359707403515
low_quality_artifact,289,7187.62971670822,7238.46548454762,3.0069768412589,0.571159732185557,0.683333333333333,0,1,20529.1197273429,12093.1752757917,2848.14976378005,11259.8879802791,5,1,0.686359707403515
low_quality_artifact,290,7214.95853497412,7263.72175999408,3.01841125023891,0.616145833333334,0.666666666666667,0,1,20248.402850881,12218.2690367811,2809.20392898524,11376.3620827087,5,1,0.686359707403515
low_quality_artifact,291,7239.63672745737,7291.42249850766,3.02873663434426,0.560981198589894,0.766666666666667,0,1,26602.9882395035,17353.9678219383,3690.82043830976,16158.1825477677,5,1,0.686359707403515
low_quality_artifact,292,7264.58551922727,7315.96723538374,3.03917523750224,0.58086003051106,0.766666666666667,0,1,22894.2120354125,16512.3914583683,3176.2757228086,15374.5954943643,5,1,0.686359707403515
low_quality_artifact,293,7292.23667042131,7338.58474723518,3.05074451094994,0.663172043010753,0.666666666666667,0,1,11014.1443220599,8035.59874221772,1528.07002763651,7481.90112426199,5,1,0.686359707403515
low_quality_artifact,294,7316.83933976814,7362.59936429898,3.06103829608819,0.757241315594974,0.683333333333333,0,1,3071.9695281781,2083.98556150953,426.19602799464,1940.38732094538,5,1,0.686359707403515
low_quality_artifact,295,7339.40474723517,7390.45305990658,3.07047968851388,0.717223942208462,0.633333333333333,0,1,5131.16778695217,3575.66802472913,711.88314523095,3329.28453403897,5,1,0.686359707403515
low_quality_artifact,296,7363.92449489458,7413.91982780551,3.08073877912279,0.685865614538498,0.683333333333333,0,1,11463.1996534692,6761.67879937413,1590.37064515272,6295.76137807168,5,1,0.686359707403515
low_quality_artifact,297,7391.33943607164,7438.21568805531,3.09220922202783,0.683631019036954,0.783333333333333,0,1,19811.4047662895,13843.210009334,2748.57609847266,12889.3355498293,5,1,0.686359707403515
low_quality_artifact,298,7414.73982780551,7467.85149748543,3.10199997283067,0.665652173913043,0.766666666666667,0,1,22938.4231628662,13310.8122738063,3182.4094447551,12393.6229907799,5,1,0.686359707403515
low_quality_artifact,299,7439.06531642573,7494.10855651967,3.11217778523426,0.654864066193854,0.783333333333333,0,1,22719.8607699759,14843.0932109962,3152.08674042341,13820.3212163165,5,1,0.686359707403515
low_quality_artifact,300,7468.67149748542,7521.98328773379,3.12456504542527,0.581359649122807,0.75,0,1,25958.0765109554,18701.081105192,3601.34727961037,17412.4722045584,5,1,0.686359707403515
low_quality_artifact,301,7494.92855651967,7545.50113980086,3.13555102911065,0.616666666666667,0.666666666666667,0,1,18910.0024295413,10301.2158785799,2623.51818626901,9591.40459046132,5,1,0.686359707403515
low_quality_artifact,302,7522.80328773379,7570.09249519862,3.14721384869578,0.666782945736434,0.716666666666667,0,1,14124.8755523316,8869.92132875675,1959.64374031165,8258.73422637141,5,1,0.686359707403515
low_quality_artifact,303,7546.31604126567,7594.0463429867,3.15705161180408,0.614586288416076,0.783333333333333,0,1,25841.1752503519,18425.3594349822,3585.12874212822,17155.7492968442,5,1,0.686359707403515
low_quality_artifact,304,7570.91249519862,7617.48011716402,3.16734279640602,0.673214285714286,0.75,0,1,16590.1457384637,11494.5843533781,2301.66808385591,10702.5433144922,5,1,0.686359707403515
low_quality_artifact,305,7594.28815154048,7644.39122674755,3.1771231978924,0.683440170940171,0.75,0,1,16276.9060406893,7807.43486097875,2258.2101283726,7269.4590083324,5,1,0.686359707403515
low_quality_artifact,306,7618.30011716403,7671.9836295618,3.18716983191376,0.627110917537747,0.816666666666667,0,1,28520.6394604559,14420.456205112,3956.86973533312,13426.8062598185,5,1,0.686359707403515
low_quality_artifact,307,7646.77122674755,7698.74818192795,3.19908217689425,0.596676213857065,0.783333333333333,0,1,25012.5201616496,16145.6296571678,3470.16356941315,15033.1056289829,5,1,0.686359707403515
low_quality_artifact,308,7672.78544689847,7723.72748121116,3.20996655651168,0.636675503711559,0.766666666666667,0,1,19381.5460784287,13515.9761510706,2688.93876688952,12584.649931423,5,1,0.686359707403515
low_quality_artifact,309,7699.41485968897,7750.20010497962,3.22110833343673,0.653242753623188,0.766666666666667,0,1,23991.4062830894,16311.6714610779,3328.49722956807,15187.7062255537,5,1,0.686359707403515
low_quality_artifact,310,7724.49497603495,7774.70659529802,3.23160188294831,0.582295630725863,0.716666666666667,0,1,30093.0301918398,20742.2996130507,4175.01860628526,19313.0393606279,5,1,0.686359707403515
low_quality_artifact,311,7751.02010497962,7799.74996788663,3.24270002739238,0.590975177304965,0.783333333333333,0,1,25668.6678380286,18479.6812318178,3561.1955705074,17206.3280185867,5,1,0.686359707403515
low_quality_artifact,312,7775.50671840287,7827.04056014029,3.25294525459879,0.710871212121212,0.733333333333333,0,1,14838.1460419505,9056.26913033627,2058.60079270847,8432.24162399897,5,1,0.686359707403515
low_quality_artifact,313,7800.60186384153,7849.72594580263,3.26344509230002,0.70109649122807,0.75,0,1,11551.1309635475,7158.43657312169,1602.56997680233,6665.1803260171,5,1,0.686359707403515
low_quality_artifact,314,7827.8690843926,7878.52052301852,3.27485372872533,0.654149659863946,0.816666666666667,0,1,18548.8717382055,11813.6283084723,2573.41597502555,10999.6033597837,5,1,0.686359707403515
low_quality_artifact,315,7850.36239467702,7903.49535522043,3.28426495560693,0.607209302325581,0.833333333333333,0,1,21521.2579988506,13543.7961790891,2985.79611302259,12610.5530041854,5,1,0.686359707403515
low_quality_artifact,316,7878.74052301852,7929.80110968274,3.29613839712887,0.587421171171171,0.8,0,1,19460.6982289463,12691.9806340571,2699.9201037317,11817.4323060904,5,1,0.686359707403515
low_quality_artifact,317,7903.71535522042,7955.23208778467,3.30658789563353,0.601969696969697,0.733333333333333,0,1,20730.355831283,14347.3754040044,2876.06866968119,13358.7611339343,5,1,0.686359707403515
low_quality_artifact,318,7930.62110968274,7979.7643714686,3.31784529423176,0.637077922077922,0.7,0,1,15636.8482224787,10439.51642913,2169.41038693438,9720.1754609144,5,1,0.686359707403515
low_quality_artifact,319,7956.04402732182,8003.20807858431,3.32848227219846,0.643921568627451,0.7,0,1,9521.35255609561,6599.32607259204,1320.96448331349,6144.59566061792,5,1,0.686359707403515
low_quality_artifact,320,7979.9843714686,8027.57005603573,3.33849893971159,0.715052552552553,0.75,0,1,7374.15014286795,5036.95945317347,1023.06792821293,4689.88482433354,5,1,0.686359707403515
low_quality_artifact,321,8004.04729481224,8051.67315472762,3.34856689450161,0.701503496503497,0.733333333333333,0,1,17158.0624091891,12309.3718052924,2380.45917441684,11461.1873618217,5,1,0.686359707403515
low_quality_artifact,322,8027.97311604382,8079.24192845629,3.35857748561033,0.609439731353835,0.766666666666667,0,1,23105.7709645101,13291.4033651945,3205.62678714735,12375.5514643359,5,1,0.686359707403515
low_quality_artifact,323,8051.89315472762,8104.11778891181,3.36858565729442,0.645416666666667,0.8,0,1,16402.3570807889,8474.73347791563,2275.61483714584,7890.77702487893,5,1,0.686359707403515
low_quality_artifact,324,8079.46192845629,8130.72851190398,3.3801204639159,0.764730392156863,0.85,0,1,12350.4676166524,8369.66977387616,1713.46759588968,7792.95279664288,5,1,0.686359707403515
low_quality_artifact,325,8104.93778891181,8153.63623465777,3.39077959321786,0.842354819976771,0.816666666666667,0,1,5742.64343937285,4085.54941940778,796.717480951618,3804.03225383784,5,1,0.686359707403515
low_quality_artifact,326,8131.575615996,8179.3517499166,3.40192489069307,0.833352713178295,0.8,0,1,4247.58707264897,3179.64102118507,589.297752571789,2960.54600214998,5,1,0.686359707403515
low_quality_artifact,327,8154.42222044662,8207.47589080325,3.41148393625996,0.67807492480175,0.883333333333333,0,1,17765.1980766913,10231.9694698916,2464.69139337924,9526.9296459505,5,1,0.686359707403515
low_quality_artifact,328,8180.20696517769,8230.86471407947,3.4222723030979,0.622863683935112,0.816666666666667,0,1,25519.8088150864,15205.5928791476,3540.54330695882,14157.8426334123,5,1,0.686359707403515
low_quality_artifact,329,8208.29589080325,8256.83383530616,3.43402474187102,0.586323678861789,0.683333333333333,0,1,29411.8997186279,22450.9057846405,4080.5205653489,20903.9130274495,5,1,0.686359707403515
low_quality_artifact,330,8231.6839405196,8281.90667467031,3.44381032875954,0.562616279069767,0.716666666666667,0,1,28338.2558112684,20845.4861282934,3931.5663636226,19409.1157488561,5,1,0.686359707403515
low_quality_artifact,331,8257.65383530616,8308.98036324374,3.45467616259356,0.57680441898527,0.783333333333333,0,1,26544.7544525533,16783.7013067227,3682.74125377828,15627.2105793811,5,1,0.686359707403515
low_quality_artifact,332,8282.66728912456,8332.91923303698,3.46514182042696,0.571527777777778,0.75,0,1,21857.8322531147,12740.1974950918,3032.49143632473,11862.3267561939,5,1,0.686359707403515
low_quality_artifact,333,8309.20036324374,8357.96364262652,3.47624328914119,0.669116507067943,0.85,0,1,16790.2357755854,10465.0423104976,2329.42798781341,9743.94246653887,5,1,0.686359707403515
low_quality_artifact,334,8333.70730428821,8381.83499560072,3.48649702144768,0.69225890985325,0.883333333333333,0,1,17920.8988040772,9856.16507385519,2486.29285490387,9177.02027100433,5,1,0.686359707403515
low_quality_artifact,335,8358.79038259758,8407.43109657302,3.49699181024814,0.61710407239819,0.65,0,1,18643.5058610384,12839.9348614105,2586.54523522627,11955.1916611163,5,1,0.686359707403515
low_quality_artifact,336,8382.63179222151,8432.5855187565,3.50696708344319,0.642979782107689,0.716666666666667,0,1,23045.6260559686,16287.8700673371,3197.28245922046,15165.5448807303,5,1,0.686359707403515
low_quality_artifact,337,8408.23281812583,8458.05595959989,3.51767858211281,0.616666666666667,0.833333333333333,0,1,27536.0839526989,19907.6306373523,3820.27539645792,18535.8837375062,5,1,0.686359707403515
low_quality_artifact,338,8432.8055187565,8481.43166512943,3.52795982830578,0.581515151515152,0.733333333333333,0,1,20685.9732136076,15175.5016390102,2869.91115568512,14129.8248477268,5,1,0.686359707403515
low_quality_artifact,339,8458.87595959989,8512.05710510343,3.53886773072556,0.536428571428571,0.7,0,1,25768.6626804794,16415.9634582267,3575.06856120004,15284.8119218124,5,1,0.686359707403515
low_quality_artifact,340,8482.66193683157,8539.27799981927,3.54881981094395,0.566079545454546,0.733333333333333,0,1,32629.739865796,20655.2232985075,4526.95425450664,19231.963090324,5,1,0.686359707403515
low_quality_artifact,341,8513.7487523146,8566.1409746494,3.56182657027985,0.601292121499763,0.816666666666667,0,1,29709.2677259888,20722.0331422201,4121.77652912959,19294.1693627899,5,1,0.686359707403515
low_quality_artifact,342,8540.09799981927,8595.3309279387,3.57285112572723,0.589102787456446,0.816666666666667,0,1,31223.9589307287,20294.9925086063,4331.92033725565,18896.5542130994,5,1,0.686359707403515
low_quality_artifact,343,8566.3609746494,8619.348386682,3.58383958458841,0.655593775593776,0.733333333333333,0,1,24640.780210404,12597.1688376809,3418.58946061599,11729.1535718409,5,1,0.686359707403515
low_quality_artifact,344,8596.1509279387,8644.38000512528,3.59630373529156,0.685548730548731,0.733333333333333,0,1,20162.9345756239,13791.0133958839,2797.34631155121,12840.7355744717,5,1,0.686359707403515
low_quality_artifact,345,8620.168386682,8662.96030668338,3.60635266764053,0.726372549019608,0.85,0,1,16601.7050235595,11416.5518252824,2303.27178511307,10629.887663256,5,1,0.686359707403515
low_quality_artifact,346,8645.20000512528,8686.31520541802,3.61682592557386,0.772600732600733,0.866666666666667,0,1,6632.50102930007,4051.08449100718,920.173708895648,3771.94215142975,5,1,0.686359707403515
low_quality_artifact,347,8663.7372847098,8711.02263592174,3.62458194466272,0.684357389304198,0.783333333333333,0,1,13017.8339033208,7973.89364750522,1806.05603401924,7424.44785508907,5,1,0.686359707403515
low_quality_artifact,348,8687.11580567188,8739.79404926229,3.6343635447095,0.555538277511962,0.733333333333333,0,1,28408.0276849306,18984.1373916918,3941.24630840975,17676.0243325493,5,1,0.686359707403515
low_quality_artifact,349,8711.24263592174,8765.40672800923,3.64445823822255,0.624848678601876,0.85,0,1,26008.7270062987,17115.1400901707,3608.37438054131,15935.8113801496,5,1,0.686359707403515
low_quality_artifact,350,8740.69404251172,8795.23316003579,3.65678074059751,0.617840136054422,0.816666666666667,0,1,25099.5058411591,15436.2890490829,3482.23170705556,14372.6425492087,5,1,0.686359707403515
low_quality_artifact,351,8767.00581603702,8819.95609252208,3.66778961688884,0.63703055337005,0.683333333333333,0,1,35293.2485072763,21349.5217280118,4896.48161899243,19878.4204816059,5,1,0.686359707403515
low_quality_artifact,352,8796.02489170469,8845.32597753334,3.67993123150889,0.596845238095238,0.7,0,1,29307.397880309,18020.510915159,4066.02228728945,16778.7971004004,5,1,0.686359707403515
low_quality_artifact,353,8820.39676730549,8871.18275297871,3.69012845227848,0.624132882882883,0.8,0,1,20174.1048099098,12383.845445652,2798.89603704189,11530.5293525568,5,1,0.686359707403515
low_quality_artifact,354,8846.11708161787,8895.12483061515,3.70088986135518,0.610274122807018,0.8,0,1,22601.990865575,14794.4503897593,3135.73381614634,13775.030157047,5,1,0.686359707403515
low_quality_artifact,355,8872.00275297871,8920.95161687979,3.71172045601105,0.630178571428571,0.7,0,1,21827.1120211066,15436.4129541296,3028.22940158096,14372.7579165059,5,1,0.686359707403515
low_quality_artifact,356,8895.94483061515,8945.15786480764,3.72173784881826,0.713455580440463,0.783333333333333,0,1,12012.0493287206,7538.80051443497,1666.51643677359,7019.33506811353,5,1,0.686359707403515
low_quality_artifact,357,8921.74402534522,8970.03706229623,3.7325322615524,0.763379715522573,0.816666666666667,0,1,15711.7949559287,11546.1771801498,2179.80827656661,10750.5811074445,5,1,0.686359707403515
low_quality_artifact,358,8945.96177310088,9000.04912339813,3.7426649950544,0.617886904761905,0.8,0,1,27504.5025123924,17278.4083708249,3815.89388020474,16087.829564702,5,1,0.686359707403515
low_quality_artifact,359,8970.82804223032,9027.29214821635,3.75306907064473,0.578579545454545,0.733333333333333,0,1,30423.3313088768,18792.1829988764,4220.84361295674,17497.2966691249,5,1,0.686359707403515
low_quality_artifact,360,9000.83364833918,9050.98823252848,3.7656234507355,0.596812354312354,0.65,0,1,24009.9015390639,16681.3997764718,3331.06320704955,15531.9581957377,5,1,0.686359707403515
low_quality_artifact,361,9028.11214821635,9072.87817494384,3.77703680644382,0.616190476190476,0.7,0,1,19921.692855898,15127.7041733441,2763.87714403809,14085.3208943094,5,1,0.686359707403515
low_quality_artifact,362,9051.79814482021,9102.11421004076,3.7869470546526,0.539005167958656,0.716666666666667,0,1,28795.2475165685,21209.5406597057,3994.96805033821,19748.084890453,5,1,0.686359707403515
low_quality_artifact,363,9073.64401467198,9125.04227620056,3.79608739171286,0.558109756097561,0.683333333333333,0,1,25534.8453935592,17270.0992986875,3542.62943768407,16080.0930340263,5,1,0.686359707403515
low_quality_artifact,364,9102.91237525314,9152.556440622,3.8083333074273,0.627052071668533,0.783333333333333,0,1,30694.0886449869,21857.7189426187,4258.4076903807,20351.6000707431,5,1,0.686359707403515
low_quality_artifact,365,9125.78569186472,9175.93550927579,3.81790352939304,0.705077519379845,0.833333333333333,0,1,23168.1061172852,17055.5327481908,3214.27498312503,15880.3113168338,5,1,0.686359707403515
low_quality_artifact,366,9153.36246666379,9197.52380259346,3.82944168367158,0.770088383838384,0.733333333333333,0,1,2165.09208128343,934.979950980139,300.378515093184,870.554612147056,5,1,0.686359707403515
low_quality_artifact,367,9177.05368974206,9224.32814754959,3.83935411864326,0.632992801771872,0.716666666666667,0,1,17170.0972788236,11788.0020962321,2382.12885687581,10975.742936644,5,1,0.686359707403515
low_quality_artifact,368,9199.19972335328,9249.2113582927,3.84862004456555,0.545174418604651,0.716666666666667,0,1,24947.4926899797,16353.8994271483,3461.14184902106,15227.0244489932,5,1,0.686359707403515
low_quality_artifact,369,9224.54814754959,9274.68374030013,3.85922585439016,0.626212121212121,0.733333333333333,0,1,16442.8066811221,9790.82870868349,2281.22669586965,9116.18594618108,5,1,0.686359707403515
low_quality_artifact,370,9249.98209283019,9299.69143572599,3.86986744633475,0.754974292042398,0.816666666666667,0,1,11172.2520379528,6447.79057465288,1550.00542767573,6003.5018045447,5,1,0.686359707403515
low_quality_artifact,371,9275.47594768159,9323.66171166889,3.88053410451263,0.719101307189543,0.85,0,1,12766.3823769084,7880.22985707729,1771.17038791919,7337.23802276836,5,1,0.686359707403515
low_quality_artifact,372,9300.42691724177,9348.60729652565,3.89097361886056,0.649881342062193,0.783333333333333,0,1,19265.3056737744,13439.0712766984,2672.81191462041,12513.0442322729,5,1,0.686359707403515
low_quality_artifact,373,9325.13908311575,9377.36669935715,3.90131321747165,0.553191554467564,0.716666666666667,0,1,28852.311714953,21284.1062771014,4002.88496958792,19817.5125204929,5,1,0.686359707403515
low_quality_artifact,374,9349.40765187248,9405.69370248044,3.91146721453892,0.558223443223443,0.7,0,1,30488.5133778559,19788.9151788642,4229.88678172536,18425.348436924,5,1,0.686359707403515
low_quality_artifact,375,9378.18669935715,9433.32907827733,3.92350840109127,0.534155052264808,0.683333333333333,0,1,38939.0674439731,26073.5934943554,5402.29182816119,24276.9773276569,5,1,0.686359707403515
low_quality_artifact,376,9406.51370248044,9459.70205531766,3.93536045176314,0.596393308853529,0.716666666666667,0,1,29101.2455428153,19171.850785516,4037.42131758722,17850.8032254915,5,1,0.686359707403515
low_quality_artifact,377,9434.08256215748,9483.4359443102,3.94689529434552,0.666403205531112,0.716666666666667,0,1,20151.0667955924,13142.2219078679,2795.69981061291,12236.6494423339,5,1,0.686359707403515
low_quality_artifact,378,9460.51892259707,9507.12222434534,3.95795629794502,0.700116279069767,0.716666666666667,0,1,19288.8113367949,12536.0161577748,2676.07302125666,11672.2146530099,5,1,0.686359707403515
low_quality_artifact,379,9484.24820887966,9535.22271531916,3.96788465860514,0.724488636363636,0.8,0,1,19882.294411461,10748.8883871665,2758.4111195954,10008.2299637466,5,1,0.686359707403515
low_quality_artifact,380,9507.90852506883,9557.0358640404,3.97778416209889,0.624061784897025,0.766666666666667,0,1,24014.7003756971,14367.7476284467,3331.72898354679,13377.7295983696,5,1,0.686359707403515
low_quality_artifact,381,9536.01094793593,9577.630474573,3.98954224813338,0.671056535685646,0.716666666666667,0,1,14356.4604057457,9477.3586992963,1991.77314256107,8824.31577061665,5,1,0.686359707403515
low_quality_artifact,382,9558.69560149753,9606.39825382862,3.99903353326212,0.628472222222222,0.75,0,1,21775.7492175,13807.3193708604,3021.10347709407,12855.9179767324,5,1,0.686359707403515
low_quality_artifact,383,9578.45100135956,9631.21139108316,4.00729921527545,0.547271557271557,0.7,0,1,27960.6352261222,19188.4774575044,3879.17639295328,17866.2842269493,5,1,0.686359707403515
low_quality_artifact,384,9607.1649587378,9653.37768738701,4.01931316805244,0.571064993564994,0.616666666666667,0,1,22778.6907032708,14593.8361098303,3160.24863254751,13588.2393210813,5,1,0.686359707403515
low_quality_artifact,385,9632.00047724087,9678.22020702527,4.02970437754535,0.645292792792793,0.616666666666667,0,1,18415.0164065702,12648.0742816463,2554.84527953344,11776.5513465001,5,1,0.686359707403515
low_quality_artifact,386,9654.18322654893,9703.3156906663,4.03898566535741,0.664163449163449,0.7,0,1,13145.155589245,9207.16717719746,1823.72027069891,8572.74195293253,5,1,0.686359707403515
low_quality_artifact,387,9678.98219381446,9729.30713889255,4.04936158177052,0.641608409321175,0.783333333333333,0,1,15603.7958551115,11077.6484337977,2164.82479858185,10314.336607621,5,1,0.686359707403515
low_quality_artifact,388,9704.84721790307,9751.12431941368,4.06018353758395,0.660568181818182,0.8,0,1,19142.2133698246,13812.6265826828,2655.73444997146,12860.8594920288,5,1,0.686359707403515
low_quality_artifact,389,9730.12713889255,9779.39548861106,4.07076068558807,0.617847376201035,0.683333333333333,0,1,28046.6971382645,18753.7939075682,3891.11636982487,17461.552800543,5,1,0.686359707403515
low_quality_artifact,390,9752.35790833956,9806.87944735685,4.08006206508147,0.51713963963964,0.616666666666667,0,1,40665.3765247868,27663.698297991,5641.79487875631,25757.515032397,5,1,0.686359707403515
low_quality_artifact,391,9780.18582835329,9832.94128688603,4.09170529880654,0.653242753623188,0.766666666666667,0,1,25557.1035050198,17508.9513498598,3545.71746268176,16302.4868453063,5,1,0.686359707403515
low_quality_artifact,392,9807.69944735685,9856.53144822827,4.10321702862764,0.92302111410602,0.933333333333333,0,1,3853.61783233716,3068.53414230893,534.639617511269,2857.09500756396,5,1,0.686359707403515
low_quality_artifact,393,9833.75780587052,9880.16573763263,4.11411987578678,1,1,0,0,2.81842017640689,0.0122380619622055,0.391019335766969,0.0113947911650629,0.391019335766969,1,0.267421591307454
low_quality_artifact,394,9857.29078478965,9904.38369042261,4.12396610122035,1,1,0,0,1.45320708886182,0.000835894688353538,0.201613682507418,0.000778296877331497,0.201613682507418,1,0.201393183806986
low_quality_artifact,395,9880.96097107351,9927.58454914052,4.13386973437307,1,1,0,0,1.57469504453934,0.502951346460124,0.218468564590071,0.468295190594663,0.468295190594663,1,0.291779809839416
low_quality_artifact,396,9905.1558046989,9951.87399687955,4.14399288057662,1,1,0,0,2.24211431118823,0.997242035494177,0.311064353006487,0.928526491414376,0.928526491414376,1,0.410940301790338
low_quality_artifact,397,9928.37305066733,9975.2448897767,4.15370700298065,1,1,0,0,3.07702339902906,0.0282052522314277,0.426897187190043,0.0262617528761983,0.426897187190043,1,0.278906367834453
low_quality_artifact,398,9952.67245879221,9999.51265345025,4.163873903275,1,1,0,0,4.98712593702671,0.0140558419295571,0.691899202115591,0.0130873159435756,0.691899202115591,1,0.354806992733772
low_quality_artifact,399,9975.98073083855,10023.6614585144,4.17362611109468,1,1,0,0,2.66528206911199,0.966903460286237,0.369773404625715,0.900278413425585,0.900278413425585,1,0.404750933462754
low_quality_artifact,400,10000.3210227129,10047.186060818,4.18381011719683,1,1,0,0,1.45386260607235,0.214102831120213,0.201704627039532,0.199349950670122,0.201704627039532,1,0.201427191819863
low_quality_artifact,401,10024.4450384466,10071.7571733593,4.19390363311306,1,1,0,0,1.17306433408468,0.298672192645653,0.162747499668584,0.278092011016042,0.278092011016042,1,0.229187890918978
low_quality_artifact,402,10048.0070143513,10095.153723229,4.20376199091876,1,1,0,0,1.11837086968936,0.00483407318963265,0.155159489088162,0.00450097855711189,0.155159489088162,1,0.183715233290027
low_quality_artifact,403,10072.5256333391,10119.8135524368,4.21402060929014,1,1,0,0,2.56997759188577,0.0457512718266146,0.356551141425724,0.0425987537577681,0.356551141425724,1,0.256093148070436
low_quality_artifact,404,10095.9302727869,10143.6289020856,4.22381313734139,1,1,0,0,2.41601363070405,0.470008684805299,0.335190633742275,0.437622462254398,0.437622462254398,1,0.282280039583848
low_quality_artifact,405,10120.6750216576,10167.6487919573,4.23416636871578,1,1,0,0,1.72497780315252,0.0822435901781121,0.239318353043215,0.0765765476297455,0.239318353043215,1,0.215295542723517
low_quality_artifact,406,10144.3990701546,10192.3005978159,4.24409253788038,1,1,0,0,0.367728807474787,0.199940636576631,0.0510176144936923,0.186163610401419,0.186163610401419,1,0.195581946369345
low_quality_artifact,407,10168.4815412986,10215.9715596858,4.25416867149254,1,1,0,0,0.549322188566701,0.0712635377215763,0.0762113467301547,0.066353082091652,0.0762113467301547,1,0.152222274922642
low_quality_artifact,408,10193.0734373182,10240.7007494245,4.26445794905829,1,1,0,0,0.380750813994097,0.341885996195621,0.0528242494241962,0.3183281422287,0.3183281422287,1,0.243183400259199
low_quality_artifact,409,10216.8054905508,10264.5019284201,4.27438746741349,1,1,0,0,0.370582925864447,0.0809319577343245,0.0514135864946974,0.075355293984484,0.075355293984484,1,0.151870467028257
low_quality_artifact,410,10241.5328970149,10288.9885986483,4.28473344270498,1,1,0,0,1.05282767907244,0.243582895969032,0.14606621936436,0.226798674456797,0.226798674456797,1,0.210722850068655
low_quality_artifact,411,10265.2884643652,10313.1844115476,4.29467279939408,1,1,0,0,1.13688693665207,0.825786612771738,0.157728353825004,0.76888530459302,0.76888530459302,1,0.37417379520154
low_quality_artifact,412,10289.8064566016,10337.2372915657,4.30493115553197,1,1,0,0,0.657862349174671,0.0066195997451402,0.0912698897608377,0.00616347236393488,0.0912698897608377,1,0.158374021737835
low_quality_artifact,413,10313.9626096022,10362.0111422469,4.31503811771764,1,1,0,0,0.617576587432165,0.49180874452175,0.085680761521803,0.457920376141582,0.457920376141582,1,0.288591013191621
low_quality_artifact,414,10338.0512111407,10385.8824194702,4.32511681629393,1,1,0,0,1.55770951356138,0.0385481396117083,0.216112041919588,0.0358919575692315,0.216112041919588,1,0.206785548628502
low_quality_artifact,415,10362.8313397467,10410.6619139276,4.33548485059023,1,1,0,0,1.87021429607877,0.00241109657568459,0.259468037419072,0.0022449585599069,0.259468037419072,1,0.222565453335888
low_quality_artifact,416,10386.7030749593,10434.7756151826,4.34547281204639,1,1,0,0,2.73333087940712,0.154004417310522,0.379214296663061,0.143392653115342,0.379214296663061,1,0.263574632603172
low_quality_artifact,417,10411.4552295037,10459.2037114167,4.35582914196316,1,1,0,0,3.12038989381356,0.118249712159306,0.432913727281235,0.110101646775881,0.432913727281235,1,0.280802232203578
low_quality_artifact,418,10435.5985308167,10484.3123083143,4.36593072698798,1,1,0,0,0.438150140220498,0.257984120812919,0.0607876633262115,0.240207574503553,0.240207574503553,1,0.215618692158758
low_quality_artifact,419,10460.0640905286,10508.3105985181,4.37616714529735,1,1,0,0,2.38214788857204,0.228953679341617,0.330492200164286,0.213177492533331,0.330492200164286,1,0.24733200522245
low_quality_artifact,420,10485.1062132839,10533.5314835087,4.38664479824693,1,1,0,0,1.87571213331489,0.00862514654069383,0.260230791206537,0.00803082578784059,0.260230791206537,1,0.222838498985017
low_quality_artifact,421,10509.1438123882,10557.6010868692,4.39670215734607,1,1,0,0,0.702800465257411,0.180002417489382,0.097504471974088,0.167599245928997,0.167599245928997,1,0.188509675594895
low_quality_artifact,422,10534.3733562859,10582.3981982627,4.4072582275171,1,1,0,0,0.225513878488627,0.0637694033739381,0.031287133022612,0.0593753354420614,0.0593753354420614,1,0.145261627357033
low_quality_artifact,423,10558.4146411428,10607.3249496773,4.41731712873937,1,1,0,0,0.411442825180206,0.178580591123639,0.0570823688940351,0.166275391338241,0.166275391338241,1,0.18800156927899
low_quality_artifact,424,10583.2603850582,10631.5866495264,4.42771261655657,1,1,0,0,2.64678715852817,0.0164887437481568,0.36720747506273,0.015352577243417,0.36720747506273,1,0.259626822892422
low_quality_artifact,425,10608.0771919522,10657.0326725242,4.43809599709073,1,1,0,0,7.32130546994576,0.0218900199795001,1.01573641353041,0.0203816753858391,1.01573641353041,1,0.429241902420156
low_quality_artifact,426,10632.4060834046,10681.1684200083,4.44827523324321,1,1,0,0,4.14865969482458,0.299915229227562,0.575572858785591,0.279249395437295,0.575572858785591,1,0.323337914923241
low_quality_artifact,427,10657.8535681064,10706.4832069442,4.45892249009719,1,1,0,0,3.29150417145925,0.0745352670279847,0.456653619489416,0.0693993709820231,0.456653619489416,1,0.288199961155022
low_quality_artifact,428,10681.9633655223,10731.1271695028,4.46901005705295,1,1,0,0,2.22838049077732,0.266686598226387,0.309158963107716,0.248310402635277,0.309158963107716,1,0.240031098754515
low_quality_artifact,429,10707.3058938349,10755.9005309044,4.47961340003301,1,1,0,0,0.660133870404115,0.0564661751495885,0.091585033943296,0.0525753404179914,0.091585033943296,1,0.158502024317102
low_quality_artifact,430,10731.947098626,10781.2087183934,4.48992330844547,1,1,0,0,0.49320900732864,0.12310201077608,0.068426368805589,0.114619594926447,0.114619594926447,1,0.167776556711233
low_quality_artifact,431,10756.7634979835,10805.6041307771,4.50030651846589,1,1,0,0,0.798981584475712,0.463241443890918,0.1108483579088,0.431321522022098,0.431321522022098,1,0.28030134652792
low_quality_artifact,432,10782.0136865337,10831.1686509255,4.51087122638324,1,1,0,0,2.63231014696432,0.114623982108377,0.36519897700663,0.106725749768755,0.36519897700663,1,0.258962956499938
low_quality_artifact,433,10806.4524279319,10855.7352535108,4.52109642387931,1,1,0,0,1.06369597435478,0.21540980507576,0.147574054724678,0.200566866822992,0.200566866822992,1,0.201001568019357
low_quality_artifact,434,10832.0250343953,10880.872959167,4.5317960318222,1,1,0,0,0.738320384751989,0.0118932318800511,0.102432401259981,0.0110737218008355,0.102432401259981,1,0.162889523394912
low_quality_artifact,435,10856.5584369637,10905.8799072961,4.54206083566072,1,1,0,0,2.70945115855644,0.027955728557759,0.375901294342293,0.0260294227767941,0.375901294342293,1,0.262488875552162
low_quality_artifact,436,10881.7403839242,10930.6194520262,4.5525969912185,1,1,0,0,3.95008027078806,0.0306438414730496,0.548022532849896,0.0285323097038615,0.548022532849896,1,0.315474078075148
low_quality_artifact,437,10906.6778143516,10956.3368558561,4.56303084077768,1,1,0,0,1.19898999861205,0.486279517230337,0.166344350204807,0.452772143481509,0.452772143481509,1,0.286999420573685
low_quality_artifact,438,10931.4632806459,10980.7879863783,4.57340110836892,1,1,0,0,3.43443951133021,0.678568730953959,0.476484048650345,0.631811556784164,0.631811556784164,1,0.338894761242748
low_quality_artifact,439,10957.1925910252,11006.1764230751,4.58416628141036,1,1,0,0,0.772811407050329,0.0750389714468953,0.107217584371398,0.0698683673541719,0.107217584371398,1,0.164813697493801
low_quality_artifact,440,10981.612299963,11031.0875155271,4.59438351570316,1,1,0,0,2.78224883584587,0.176132100107269,0.38600103023596,0.163995615023393,0.38600103023596,1,0.265790415615559
low_quality_artifact,441,11007.0336659639,11056.2843250263,4.60501984446266,1,1,0,0,3.86123922668703,0.482611701549167,0.535696987374447,0.44935706077904,0.535696987374447,1,0.311902978797814
low_quality_artifact,442,11031.8777861548,11081.8273622796,4.61541465291164,1,1,0,0,7.06300435060162,0.232974378268947,0.979900475028656,0.21692114285607,0.979900475028656,1,0.42186607361609
low_quality_artifact,443,11057.1468033426,11106.6817116876,4.62598723875258,1,1,0,0,5.34992984347508,0.918018084936122,0.74223355030847,0.854761513375515,0.854761513375515,1,0.394497803478515
low_quality_artifact,444,11082.6503377418,11132.7631739615,4.63665794686441,1,1,0,0,2.37341363952932,0.0276826649847523,0.32928043611019,0.025775174808545,0.32928043611019,1,0.246920423119747
low_quality_artifact,445,11107.531816402,11157.5419375459,4.64706838613988,1,1,0,0,14.8218709353352,1.37096543034462,2.05634283222708,1.27649825777498,2.05634283222708,1,0.575939297840101
low_quality_artifact,446,11133.5976845685,11182.9785590971,4.6579743753464,1,1,0,0,6.68050114213041,1.70107319369159,0.926833103542612,1.58385975315891,1.58385975315891,1,0.523179819167221
low_quality_artifact,447,11158.3818760538,11208.4026027579,4.66834410955607,1,1,0,0,1.04791810830599,0.381606765701807,0.145385079938781,0.355311928945614,0.355311928945614,1,0.255680385104078
low_quality_artifact,448,11183.8802865539,11233.2323611864,4.6790126738226,1,1,0,0,1.016029823318,0.308077960262387,0.140960992955892,0.286849668729395,0.286849668729395,1,0.232270165746247
low_quality_artifact,449,11209.2210870889,11259.1675911525,4.68961529389855,1,1,0,0,1.95420344503909,0.0197189771907551,0.271120445215828,0.0183602295666756,0.271120445215828,1,0.226719720714475
low_quality_artifact,450,11234.0915289827,11283.960703424,4.7000211153783,1,1,0,0,1.31919245807942,0.227862246176596,0.183020886319592,0.212161265207105,0.212161265207105,1,0.205321946185382
low_quality_artifact,451,11260.0061999924,11310.0444908731,4.71086384352059,1,1,0,0,10.7974827208184,0.373361355478495,1.49801103355435,0.347634673522732,1.49801103355435,1,0.511420469877191
low_quality_artifact,452,11284.8120215163,11335.2826574624,4.7212426277633,1,1,0,0,5.83706265611325,0.243619154480983,0.809816925712385,0.226832434554835,0.809816925712385,1,0.384024269236509
low_quality_artifact,453,11310.9109736055,11360.7500449181,4.73216245932108,1,1,0,0,3.53898121418271,0.0425960216627537,0.490987857398069,0.0396609179466928,0.490987857398069,1,0.298668724180502
low_quality_artifact,454,11336.1191693941,11386.5422473094,4.7427095974187,1,1,0,0,11.0246066319838,0.0793158162092491,1.52952153778085,0.0738505136337803,1.52952153778085,1,0.51582489729737
low_quality_artifact,455,11361.5971974851,11411.5048115524,4.75336963366183,1,1,0,0,1.98939589267071,0.0112573456596438,0.276002942017448,0.010481651691315,0.276002942017448,1,0.228449643490389
low_quality_artifact,456,11387.3988078343,11437.5331472706,4.76416505709382,1,1,0,0,1.25101680552391,0.563469239465825,0.173562396559658,0.524643062886797,0.524643062886797,1,0.308672108253673
low_quality_artifact,457,11412.3638362225,11462.6332069305,4.77461045367153,1,1,0,0,1.67286446069834,0.171747495440879,0.232088301001433,0.159913134098786,0.232088301001433,1,0.212660074879403
low_quality_artifact,458,11438.3876014797,11488.4386943719,4.78549882697238,1,1,0,0,1.21803969017065,0.053966191989295,0.168987248450485,0.0502476200554296,0.168987248450485,1,0.189041860938854
low_quality_artifact,459,11463.4446914909,11514.216682681,4.79598274223903,1,1,0,0,3.65177851404934,0.481485764967968,0.50663702342355,0.448308707514651,0.50663702342355,1,0.303351564295352
low_quality_artifact,460,11489.3349508686,11539.2210447251,4.80681525652644,1,1,0,0,1.78465202328345,1.29502462323905,0.247597379042722,1.20579019627417,1.20579019627417,1,0.465211418426516
low_quality_artifact,461,11515.0439135327,11565.5705437134,4.81757191606042,1,1,0,0,5.83664799471879,0.0334867118410316,0.809759396808643,0.031179290431083,0.809759396808643,1,0.384010635639339
low_quality_artifact,462,11540.118873595,11590.5436267044,4.82806330817702,1,1,0,0,5.2781129626,0.00271912053826645,0.732269887228103,0.00253175795169744,0.732269887228103,1,0.365102107077262
low_quality_artifact,463,11566.4111021972,11616.6065854267,4.83906400685004,1,1,0,0,7.70980286699234,0.57138939398049,1.06963540113062,0.532017474535337,1.06963540113062,1,0.439968818494356
low_quality_artifact,464,11591.3411548875,11641.9318458645,4.84949476955557,1,1,0,0,4.77602835625678,0.0749528168749716,0.662612143888557,0.0697881493132747,0.662612143888557,1,0.347140840538291
low_quality_artifact,465,11617.4395687169,11667.5320654539,4.86041437590483,1,1,0,0,1.66112428050694,0.309446230690849,0.230459502890117,0.288123657685964,0.288123657685964,1,0.232716864286507
low_quality_artifact,466,11642.7505385455,11693.6581586841,4.87100451477897,1,1,0,0,4.63240086876856,0.17052646179418,0.642685688200492,0.158776236487659,0.642685688200492,1,0.341827813951198
low_quality_artifact,467,11668.399147984,11718.7839941127,4.88173592245398,1,1,0,0,2.90557979060684,0.0145561487546516,0.403111604597381,0.0135531488350917,0.403111604597381,1,0.271326995894359
low_quality_artifact,468,11694.481054734,11744.972199294,4.89264862222229,1,1,0,0,2.54088942367045,0.0576090944916796,0.352515534418137,0.0536395062362279,0.352515534418137,1,0.254747537512646
low_quality_artifact,469,11719.6327919835,11770.2414926889,4.9031721380022,1,1,0,0,2.55357216844026,0.784531866505846,0.354275101170145,0.730473240679693,0.730473240679693,1,0.364650533043449
low_quality_artifact,470,11745.8318731701,11796.0214893863,4.9141338636895,1,1,0,0,2.22017019619354,0.847123079260735,0.308019890956064,0.78875156941447,0.78875156941447,1,0.37899251953762
low_quality_artifact,471,11771.066557418,11821.8115705056,4.92469208458892,1,1,0,0,2.53172615598063,0.0921003442742823,0.351244249577246,0.0857541163361387,0.351244249577246,1,0.254322803030935
low_quality_artifact,472,11796.8796988523,11847.045425756,4.93549233264013,1,1,0,0,2.41811201569036,0.0550423541435887,0.335481757510974,0.0512496286288289,0.335481757510974,1,0.249022799320741
low_quality_artifact,473,11822.6417644273,11873.2046273018,4.94627121049314,1,1,0,0,2.95194768481816,0.0219510926253254,0.409544550028016,0.0204385397853844,0.409544550028016,1,0.273390237154881
low_quality_artifact,474,11847.8923563263,11898.1367530086,4.95683608717208,1,1,0,0,2.89809963014039,0.506004258779708,0.402073829108295,0.471137740210308,0.471137740210308,1,0.292649172416274
low_quality_artifact,475,11874.0339129322,11924.3725421143,4.96777374450866,1,1,0,0,6.86716925226944,0.496532296251768,0.952730888779337,0.462318448784713,0.952730888779337,1,0.416140346852622
low_quality_artifact,476,11898.9994332778,11949.9389484415,4.97821934692192,1,1,0,0,10.0364328853987,0.300618855643331,1.39242521507972,0.279904538064507,1.39242521507972,1,0.495879768112423
low_quality_artifact,477,11925.2748981642,11975.4691843155,4.98921303163701,1,1,0,0,3.65232104763772,0.0627004289514609,0.506712292939833,0.0583800193256257,0.506712292939833,1,0.303373955315253
low_quality_artifact,478,11950.7541083213,12001.5644699075,4.99987356245794,1,1,0,0,4.31370281152399,0.197405359902586,0.598470455958979,0.183803028445255,0.598470455958979,1,0.329751181679379
low_quality_artifact,479,11976.3691618235,12026.6630950785,5.01059093029064,1,1,0,0,1.92186326514922,0.00776300682622831,0.266633663661758,0.00722809231322832,0.266633663661758,1,0.225124409119148
low_quality_artifact,480,12002.3891578862,12052.8427023695,5.02147772655622,1,1,0,0,4.47100136042854,0.212848555650469,0.620293594547271,0.198182101783155,0.620293594547271,1,0.33576185157164
low_quality_artifact,481,12027.5427306582,12078.1822914678,5.03200201032088,1,1,0,0,3.49419450986603,0.201887088298229,0.484774281608447,0.187975940731907,0.484774281608447,1,0.296794082763946
low_quality_artifact,482,12053.6902347156,12103.9389045552,5.04294215607802,1,1,0,0,2.56682326677222,0.184658653651412,0.356113519625747,0.171934641422613,0.356113519625747,1,0.255947426670999
low_quality_artifact,483,12079.022858574,12129.5786494468,5.05354135502304,1,1,0,0,4.71526147577535,0.454977959517482,0.654181525401866,0.423627437858947,0.654181525401866,1,0.344902656301402
low_quality_artifact,484,12104.8112034835,12154.7451804497,5.06433122817979,1,1,0,0,2.35662891539034,0.323504164886609,0.326951772790649,0.301212921726919,0.326951772790649,1,0.246128429369878
low_quality_artifact,485,12130.4319195942,12181.0706482871,5.0750509652544,1,1,0,0,4.1924629234706,0.205049088020042,0.581649990049763,0.190920061018706,0.581649990049763,1,0.325050777174653
low_quality_artifact,486,12155.6235612459,12205.9011222771,5.08559117708213,1,1,0,0,8.17971476182427,0.0284265621294316,1.13482959698698,0.0264678132866051,1.13482959698698,1,0.452377376995068
low_quality_artifact,487,12181.9138293808,12231.8569660143,5.09659105549336,1,1,0,0,1.85138370074153,0.112096672411506,0.256855535939519,0.104372585820556,0.256855535939519,1,0.22162906241981
low_quality_artifact,488,12206.7299592171,12257.2810963082,5.10697415274582,1,1,0,0,4.61635502328163,0.0764258715814921,0.640459534734574,0.0711597023261088,0.640459534734574,1,0.341229304760215
low_quality_artifact,489,12232.7518151576,12282.7481299548,5.11786172718639,1,1,0,0,3.31006772138107,0.0885962108641551,0.459229071872516,0.0824914372823612,0.459229071872516,1,0.288994621972338
low_quality_artifact,490,12258.1212841904,12308.6215894775,5.12847634219478,1,1,0,0,4.34424819256541,0.0352480204615242,0.602708232393291,0.0328192350538279,0.602708232393291,1,0.330926087357809
low_quality_artifact,491,12283.6188548516,12333.4219653446,5.13914455507177,1,1,0,0,7.0213315239692,0.032968229672087,0.974118909481493,0.0306965345783852,0.974118909481493,1,0.420657417894329
low_quality_artifact,492,12309.4706886837,12359.4667837448,5.14996099206669,1,1,0,0,12.5663451986552,0.0168145945403035,1.74341781744584,0.015655975096684,1.74341781744584,1,0.543122579310649
low_quality_artifact,493,12334.2830512622,12384.436206647,5.16034251309414,1,1,0,0,2.64680232750207,0.202176566852304,0.367209579561609,0.188245472597379,0.367209579561609,1,0.259627517965516
low_quality_artifact,494,12360.3567704305,12410.2182088727,5.17125178716886,1,1,0,0,2.57513902918865,0.554139026740246,0.357267224074674,0.515955753910759,0.515955753910759,1,0.306114094226222
low_quality_artifact,495,12385.2573645943,12436.025104565,5.18167022439303,1,1,0,0,10.7402808933459,0.223087705422778,1.49007502004928,0.207715716968597,1.49007502004928,1,0.510294695617428
low_quality_artifact,496,12411.108557535,12460.9452965693,5.19248639323826,1,1,0,0,3.88525935240388,0.154956065205905,0.539029469053887,0.144278727157462,0.539029469053887,1,0.312871762283292
low_quality_artifact,497,12436.8351426517,12486.955489857,5.20325042602669,1,1,0,0,1.73378541178611,0.124141321812122,0.240540294791443,0.115587291629391,0.240540294791443,1,0.215739549694869
low_quality_artifact,498,12461.8041026445,12511.7476163638,5.21369746759231,1,1,0,0,1.43335493458222,0.0941765673529276,0.198859452941176,0.087687276052629,0.198859452941176,1,0.200362161069794
low_quality_artifact,499,12487.7940627397,12537.4920697588,5.22457169677455,1,1,0,0,4.88002606566556,0.865347181083722,0.677040480583958,0.805719928872454,0.805719928872454,1,0.3830518623433
low_quality_artifact,500,12512.5647631319,12562.676711315,5.23493578629534,1,1,0,0,5.41751438110149,0.911392221801026,0.751610030519624,0.848592209204162,0.848592209204162,1,0.393080976210335
low_quality_artifact,501,12538.3752044433,12587.9446109618,5.24573490461203,1,1,0,0,3.5154261493422,0.079780307644607,0.487719896898429,0.0742829990158784,0.487719896898429,1,0.297683866677758
low_quality_artifact,502,12563.5093085599,12613.7472655906,5.25625104266892,1,1,0,0,7.1326296824353,0.0916348245230916,0.989560089033005,0.0853206734949101,0.989560089033005,1,0.42387379194346
low_quality_artifact,503,12588.791527283,12638.4484928696,5.26682915204742,1,1,0,0,1.03447249949344,0.165991893347023,0.143519675670504,0.154554125124062,0.154554125124062,1,0.183480774924577
low_quality_artifact,504,12614.5723265941,12664.1552899815,5.27761586811713,1,1,0,0,4.30776351366547,0.0204814380844673,0.597646455221616,0.0190701526478145,0.597646455221616,1,0.329522296986752
low_quality_artifact,505,12639.3187313951,12689.0947988442,5.28796979233463,1,1,0,0,2.44672354747236,0.00255388490905743,0.339451237379989,0.00237790797988987,0.339451237379989,1,0.250363411445362
low_quality_artifact,506,12664.9972012077,12714.5010258968,5.29871369362454,1,1,0,0,3.25421866012573,0.00204849522684315,0.451480737178465,0.0019073424684883,0.451480737178465,1,0.286599213129992
low_quality_artifact,507,12689.9058827382,12739.9582419655,5.30913551461221,1,1,0,0,4.84257548749888,1.70117621350944,0.671844697385481,1.58395567433613,1.58395567433613,1,0.523192539309593
low_quality_artifact,508,12715.3836558017,12764.6617764662,5.31979544415154,1,1,0,0,2.63619560578364,0.640924681496654,0.365738034149138,0.596761392509952,0.596761392509952,1,0.329276293347212
low_quality_artifact,509,12740.7754750588,12790.2979221719,5.33041941051948,1,1,0,0,0.919331475383904,0.0591312489309377,0.127545348228583,0.0550567757360788,0.127545348228583,1,0.17291116991715
low_quality_artifact,510,12765.5155127598,12814.7666129653,5.34077067073505,1,1,0,0,1.81893934942943,0.0752207519878128,0.252354301948348,0.0700376222008971,0.252354301948348,1,0.220011388739802
low_quality_artifact,511,12791.1339702274,12840.1702519563,5.35148946279079,1,1,0,0,0.453224423739311,0.0428135408994873,0.0628790251387726,0.039863448893555,0.0628790251387726,1,0.146717437095173
low_quality_artifact,512,12815.5997217766,12864.9042618187,5.36172596136512,1,1,0,0,0.699108662921986,0.472161123542546,0.0969922821632624,0.439626585945083,0.439626585945083,1,0.282907439796919
low_quality_artifact,513,12841.0303020266,12889.8537641095,5.37236614537703,1,1,0,0,0.203418647337475,0.695430776193846,0.0282217055605664,0.647511712962303,0.647511712962303,1,0.343121881466854
low_quality_artifact,514,12865.7392108352,12915.2727580661,5.38270438122821,1,1,0,0,2.28920212994338,0.0269083322779569,0.317597178653451,0.0250541979485275,0.317597178653451,1,0.242932894377736
low_quality_artifact,515,12890.7345466273,12939.6047574025,5.39316245845858,1,1,0,0,2.66246488286475,0.0128614243298072,0.369382556481655,0.0119752003851598,0.369382556481655,1,0.260344622891888
low_quality_artifact,516,12916.0866667551,12965.3407718591,5.40376981466519,1,1,0,0,7.96215745459436,0.0123185748558767,1.10464633528725,0.0114697562708379,1.10464633528725,1,0.446707904086104
low_quality_artifact,517,12940.4374986841,12989.7946561032,5.41395823073832,1,1,0,0,6.33083679646626,0.153219902575625,0.878321699413617,0.142662195825808,0.878321699413617,1,0.399848655540376
low_quality_artifact,518,12966.1770606432,13014.794869362,5.42472769305251,1,1,0,0,0.263936967055794,0.0692623017741349,0.036617839457166,0.0644897424743551,0.0644897424743551,1,0.14738541990129
low_quality_artifact,519,12990.6057305328,13039.7410330649,5.43494867661782,1,1,0,0,1.83644003819845,0.0892399955597507,0.254782296097413,0.0830908616180306,0.254782296097413,1,0.220884650550345
low_quality_artifact,520,13015.6665648426,13064.2504192324,5.4454341585033,1,1,0,0,1.62962923571907,0.330718737441263,0.226089972897395,0.307930369951921,0.307930369951921,1,0.239607067440817
low_quality_artifact,521,13040.5835616539,13089.5464108431,5.45585945861406,1,1,0,0,6.17946284821614,1.9057047571022,0.857320522515768,1.77439105934491,1.77439105934491,1,0.546724829039571
low_quality_artifact,522,13065.099885568,13113.752144615,5.466117116724,1,1,0,0,19.2414492750204,1.48011795020058,2.66950214793882,1.37812955958895,2.66950214793882,1,0.621672285541495
low_quality_artifact,523,13090.3573880005,13138.8946887769,5.4766848847781,1,1,0,0,11.1439131230134,0.0402667931418894,1.54607376986661,0.0374921862755406,1.54607376986661,1,0.518097145854479
low_quality_artifact,524,13114.5756977713,13163.3922945573,5.48681785342788,1,1,0,0,2.66782700056736,0.510087118462431,0.370126480939738,0.474939268065336,0.474939268065336,1,0.293808934942919
low_quality_artifact,525,13139.7425024301,13187.9381512713,5.49734767342918,1,1,0,0,0.831064474058039,0.0422107166253089,0.115299443761428,0.0393021625775756,0.115299443761428,1,0.168047861154004
low_quality_artifact,526,13164.1727446971,13213.0907324289,5.50756931487903,1,1,0,0,0.366901468250012,0.0679054868185157,0.0509028318800729,0.0632264196445916,0.0632264196445916,1,0.146861573809133
low_quality_artifact,527,13188.8167882302,13237.0317144375,5.51788041102437,1,1,0,0,2.75974827845864,0.55357772216524,0.382879369002624,0.515433126354864,0.515433126354864,1,0.305959672242578
low_quality_artifact,528,13213.9311320049,13262.206902538,5.52838828133147,1,1,0,0,3.06546743869558,0.0412916506322245,0.425293947200643,0.0384464253627739,0.425293947200643,1,0.278399727683063
low_quality_artifact,529,13237.8474861402,13286.2253640873,5.53839491139624,1,1,0,0,0.386956652062051,0.158122055533459,0.0536852291672175,0.147226563074987,0.147226563074987,1,0.180634340551027
low_quality_artifact,530,13263.0048221293,13310.9748311803,5.54892076969524,1,1,0,0,0.432513331973724,0.997598865723464,0.0600056291089752,0.928858734048599,0.928858734048599,1,0.411012321283671
low_quality_artifact,531,13287.0237090218,13335.6222014484,5.55897029958349,1,1,0,0,0.266092727765991,0.682300759591561,0.0369169233652469,0.635286427811852,0.635286427811852,1,0.339834631586771
low_quality_artifact,532,13311.8282725362,13359.6085103726,5.56934855747356,1,1,0,0,0.389145483116448,0.073180871708995,0.0539889011577039,0.0681383010624159,0.0681383010624159,1,0.14889553780544
low_quality_artifact,533,13336.4037453285,13384.6522811358,5.57963096354213,1,1,0,0,0.041051254753275,0.00493132295901405,0.00569533049060492,0.00459152727441483,0.00569533049060492,1,0.122472185037961
low_quality_artifact,534,13360.4209889031,13408.332424231,5.58967980586427,1,1,0,0,4.77468388568739,0.116217940614297,0.662425615991333,0.108209875634176,0.662425615991333,1,0.347091473527477
low_quality_artifact,535,13385.4897310088,13433.161489217,5.60016859638064,1,1,0,0,2.81367682850813,0.0087335480063063,0.39036125761375,0.00813175778724177,0.39036125761375,1,0.267208035810476
low_quality_artifact,536,13409.0915482095,13457.2783000859,5.61004362383036,1,1,0,0,0.0965477591277143,0.0470776898607812,0.0133947524786872,0.0438337741836802,0.0438337741836802,1,0.138757670076387
low_quality_artifact,537,13434.0016311469,13481.3944060798,5.62046603116833,1,1,0,0,0.692527597325017,0.0278347527160615,0.0960792444551495,0.0259167828460258,0.0960792444551495,1,0.160324156121328
low_quality_artifact,538,13458.0319335549,13505.9275813222,5.63052033732137,1,1,0,0,0.461114326553125,0.0712836420085985,0.0639736470774562,0.0663718010810515,0.0663718010810515,1,0.148164909400016
low_quality_artifact,539,13482.2357640879,13529.6743246156,5.64064724784141,1,1,0,0,1.32089878065188,0.0206704240631334,0.183257616500731,0.0192461164373979,0.183257616500731,1,0.194481370614661
low_quality_artifact,540,13506.6957884886,13554.52760906,5.6508813501702,1,1,0,0,0.263625949914693,0.453088202211,0.0365746898526665,0.421867895381837,0.421867895381837,1,0.277315016391137
low_quality_artifact,541,13530.5292122759,13578.1508575512,5.66085328208201,1,1,0,0,1.55886570028851,0.0478383263394056,0.216272447869649,0.044541998562117,0.216272447869649,1,0.206844880958951
low_quality_artifact,542,13555.3555243599,13602.554373873,5.6712406395986,1,1,0,0,0.997937680760977,0.307376272146196,0.138450942245757,0.286196330842097,0.286196330842097,1,0.232040920369022
low_quality_artifact,543,13578.9360420122,13626.8550531923,5.68110675529279,1,1,0,0,4.91411076091675,0.0611644856996242,0.681769291074496,0.056949911139369,0.681769291074496,1,0.352174424172922
low_quality_artifact,544,13603.4063108629,13650.3821012543,5.69134514391128,1,1,0,0,3.57629418099688,0.110272234239366,0.496164548801751,0.102673861624739,0.496164548801751,1,0.300223879391667
low_quality_artifact,545,13627.6014603204,13675.1101457395,5.70146842225935,1,1,0,0,8.19506534857461,0.0974439897731347,1.1369592922982,0.0907295548253044,1.1369592922982,1,0.452772581840705
low_quality_artifact,546,13651.1843603744,13698.4989708182,5.71133553475311,1,1,0,0,3.22343500240117,0.0481072903305615,0.447209902937105,0.0447924294325936,0.447209902937105,1,0.285272915437902
low_quality_artifact,547,13675.9172314079,13722.9553538589,5.72168379642676,1,1,0,0,1.33588549997701,0.0297057476033037,0.185336829914294,0.0276588557393374,0.185336829914294,1,0.195269067120377
low_quality_artifact,548,13699.2824672438,13746.7933770772,5.73145983796147,1,1,0,0,0.824899505083309,0.0477025380539458,0.114444134076342,0.0444155668476629,0.114444134076342,1,0.167706513819311
low_quality_artifact,549,13723.7888260386,13770.5668769759,5.74171332665403,1,1,0,0,1.21620613562755,0.267954301362599,0.168732866479502,0.249490753947523,0.249490753947523,1,0.218979428164572
low_quality_artifact,550,13747.5571713345,13795.063208707,5.75165802965022,1,1,0,0,1.12169448264172,1.35433271806233,0.155620597385589,1.26101163223324,1.26101163223324,1,0.474736826346723
low_quality_artifact,551,13771.3892647396,13818.441748437,5.76162940492862,1,1,0,0,1.62879735858128,0.62121651498488,0.225974560707054,0.578411228706118,0.578411228706118,1,0.324138891819349
low_quality_artifact,552,13795.8440656621,13842.9737790223,5.77186132174813,1,1,0,0,1.6044607404223,0.286057646402226,0.222598169795933,0.266346677438733,0.266346677438733,1,0.225022186054139
low_quality_artifact,553,13819.243003488,13866.4383925146,5.78165146423419,1,1,0,0,1.24790692700097,0.00272312233413836,0.173130941149093,0.00253548400149081,0.173130941149093,1,0.190627336149601
low_quality_artifact,554,13843.790391819,13890.4723372941,5.7919221197319,1,1,0,0,1.52793121499351,0.0731735414288466,0.211980688254244,0.0681314758794964,0.211980688254244,1,0.205254946056776
low_quality_artifact,555,13867.1668101812,13914.2605826113,5.80170284004844,1,1,0,0,5.69787513301683,0.143914230042165,0.790506457641014,0.133997736085637,0.790506457641014,1,0.379414740806066
low_quality_artifact,556,13891.313144717,13937.6125114606,5.81180569417716,1,1,0,0,5.89955671923307,0.314162628487643,0.818487168444483,0.292515069341813,0.818487168444483,1,0.386072292908806
low_quality_artifact,557,13915.0110687021,13962.0602184641,5.82172093281596,1,1,0,0,6.1239709592196,0.0317268166362789,0.849621740851657,0.0295406618318421,0.849621740851657,1,0.393317871875378
low_quality_artifact,558,13938.4199495012,13985.3839031209,5.83151523545346,1,1,0,0,3.81378683070577,0.114640388102545,0.529113581354129,0.106741025298326,0.529113581354129,1,0.309981990007708
low_quality_artifact,559,13962.8731458082,14009.6875088418,5.84174648089999,1,1,0,0,2.03300665231789,0.348408455075017,0.282053370698127,0.324401167274901,0.324401167274901,1,0.245259362894127
low_quality_artifact,560,13986.134058403,14033.2943501665,5.85147887347069,1,1,0,0,1.84195129945798,0.104727532062723,0.255546912294452,0.0975112203854293,0.255546912294452,1,0.221159326302073
low_quality_artifact,561,14010.4936047938,14057.0085042996,5.86167093568468,1,1,0,0,4.95345448714944,0.491007138996441,0.687227724074262,0.457174005712517,0.687227724074262,1,0.35359545042302
low_quality_artifact,562,14034.0530084507,14081.2101674753,5.87152821725891,1,1,0,0,7.17136218536123,0.0371855663931327,0.994933722706745,0.034623273252979,0.994933722706745,1,0.424984403250674
low_quality_artifact,563,14057.8253475891,14104.1906954715,5.88147459128337,1,1,0,0,2.7554017026308,0.35595470526332,0.38227633784095,0.331427438692759,0.38227633784095,1,0.264575746952701
low_quality_artifact,564,14082.0028821826,14128.3214628277,5.89159049955211,1,1,0,0,2.41805787741718,0.701452870534131,0.335474246525991,0.653118851379789,0.653118851379789,1,0.344619528947515
low_quality_artifact,565,14104.9733906269,14151.5897815666,5.90120138669239,1,1,0,0,1.85300248071935,0.56908098920771,0.257080120718247,0.529868131739762,0.529868131739762,1,0.310202643746316
low_quality_artifact,566,14129.1353593829,14175.3021293151,5.91131078219679,1,1,0,0,3.48400157541669,0.27809485448383,0.483360143826132,0.258932566341634,0.483360143826132,1,0.296366214363516
low_quality_artifact,567,14152.3468058485,14199.1706325306,5.9210224780822,1,1,0,0,1.53873139224224,0.00931780500658379,0.213479073118685,0.00867575621815741,0.213479073118685,1,0.205810622642215
low_quality_artifact,568,14176.1222215507,14222.3315455347,5.93097013934449,1,1,0,0,3.61734616537765,0.118037327591276,0.501859980518732,0.109903896690381,0.501859980518732,1,0.301927910550976
low_quality_artifact,569,14199.9172768232,14246.6214824835,5.94092601782562,1,1,0,0,3.81419577592609,0.0543814262958963,0.529170317212662,0.0506342423999564,0.529170317212662,1,0.309998585659598
low_quality_artifact,570,14223.1365326234,14269.4762521028,5.95064098114558,1,1,0,0,10.4152528580072,0.0495252452283828,1.44498158524219,0.0461126793211831,1.44498158524219,1,0.503769122071376
low_quality_artifact,571,14247.4162230146,14293.4542745303,5.9607996315175,1,1,0,0,10.1177748610836,0.892326239214717,1.40371036183269,0.830839979267866,1.40371036183269,1,0.497600122502029
low_quality_artifact,572,14270.2548426629,14316.8608246357,5.97035533623391,1,1,0,0,3.20500500086096,1.94848634945528,0.444652978664151,1.81422476112528,1.81422476112528,1,0.551236241733495
low_quality_artifact,573,14294.2732287247,14340.2986728445,5.98040465657399,1,1,0,0,6.12644581242831,0.626519596983423,0.849965094715602,0.583348898746621,0.849965094715602,1,0.393396837077835
low_quality_artifact,574,14317.6278716293,14364.3267548002,5.99017626601406,1,1,0,0,3.46113488645296,0.187791091273878,0.480187686573436,0.174851236603763,0.480187686573436,1,0.295404687718314
low_quality_artifact,575,14341.1070948461,14387.3333375779,6,1,1,0,0,2.34654825565874,0.539725880453845,0.325553211672849,0.50253575387544,0.50253575387544,1,0.302129614315971
high_risk_irregular,1,0.80532250372044,49.2070362920805,0,1,1,0,0,2.69583117872144,0.0478407354904247,0.374011698350602,0.04454424170918,0.374011698350602,1,0.261868396535205
high_risk_irregular,2,26.0187103305473,74.1822669466586,0.0105576851697924,1,1,0,0,3.84297158102325,0.183270670485785,0.533162587878846,0.170642298046531,0.533162587878846,1,0.311164582577423
high_risk_irregular,3,50.0185145001308,99.2249706159544,0.0206072024460681,1,1,0,0,0.654681583163762,0.750267339301739,0.0908285996284342,0.698569730706775,0.698569730706775,1,0.356529644883933
high_risk_irregular,4,75.0460728051202,123.50713842089,0.031087074606348,1,1,0,0,2.87657231931899,0.109639101428573,0.399087193244453,0.102084355199538,0.399087193244453,1,0.270031173904539
high_risk_irregular,5,100.027266371142,148.879115734917,0.0415475323063276,1,1,0,0,0.30252187127345,0.875639054887403,0.0419709957197125,0.815302635109136,0.815302635109136,1,0.385321611866266
high_risk_irregular,6,124.367467970515,173.111982817938,0.0517395853227826,1,1,0,0,0.961263472688595,0.740419773452155,0.133362870353466,0.689400717125478,0.689400717125478,1,0.354159541645155
high_risk_irregular,7,149.72754044212,198.457478309142,0.062358692238413,1,1,0,0,0.39740319744469,0.00732587878977922,0.0551345521854009,0.00682108483907808,0.0551345521854009,1,0.143494424573415
high_risk_irregular,8,173.968987633681,223.132994405477,0.0725093934954784,1,1,0,0,7.76502770574952,0.0791947133150525,1.07729713302902,0.0737377554051395,1.07729713302902,1,0.44145875049568
high_risk_irregular,9,199.320736570632,247.95271487605,0.0831250150699487,1,1,0,0,2.96711120805172,0.0665418080599891,0.411648292696447,0.0619567059662632,0.411648292696447,1,0.274062814287546
high_risk_irregular,10,223.943890737121,273.48276715472,0.0934355497494832,1,1,0,0,5.42878347492054,0.114532573788147,0.753173471491524,0.106640639992143,0.753173471491524,1,0.370311588802713
high_risk_irregular,11,248.812307428906,297.76490402353,0.103848784016388,1,1,0,0,10.3518322103623,0.203693874676682,1.43618279089505,0.189658229441175,1.43618279089505,1,0.502469893565026
high_risk_irregular,12,274.320884738133,323.510149346112,0.114530074853218,1,1,0,0,11.6049513623422,0.0144090489354578,1.61003686082608,0.0134161850147329,1.61003686082608,1,0.526617444276671
high_risk_irregular,13,298.589463418936,348.228843230011,0.124692136968395,1,1,0,0,2.12924511134869,1.34682385052336,0.295405211789981,1.25402016759146,1.25402016759146,1,0.473552534449396
high_risk_irregular,14,324.33087951742,373.562820598632,0.135470925160566,1,1,0,0,2.69732526525495,0.439516892199537,0.37421898352717,0.409231724401944,0.409231724401944,1,0.273290134562732
high_risk_irregular,15,349.051005153291,398.797771468,0.145822065023792,1,1,0,0,3.70162569589886,0.0374360718315996,0.513552675000209,0.0348565174681054,0.513552675000209,1,0.305403549923304
high_risk_irregular,16,374.442067365165,423.472628752679,0.15645414837573,1,1,0,0,4.14512024128213,0.00243708224530519,0.575081805398757,0.0022691536718066,0.575081805398757,1,0.323199168480916
high_risk_irregular,17,399.626285728707,449.047646383084,0.166999619319809,1,1,0,0,0.410243821622601,0.200720459499008,0.0569160226626954,0.186889699170511,0.186889699170511,1,0.195856560802389
high_risk_irregular,18,424.330041494444,473.452203249279,0.17734390457324,1,1,0,0,2.06359698585922,0.825673412157185,0.28629738371022,0.768779904132835,0.768779904132835,1,0.374148037509531
high_risk_irregular,19,449.86109719945,499.15425412841,0.188034607862986,1,1,0,0,4.30953303527445,0.110803245538154,0.597891953451426,0.103168283280281,0.597891953451426,1,0.329590504422463
high_risk_irregular,20,474.301385169787,524.126753841256,0.198268570376161,1,1,0,0,4.85709163735784,0.0027833734605833,0.67385862537367,0.00259158348892764,0.67385862537367,1,0.350104641344931
high_risk_irregular,21,500.013341359395,549.394943439758,0.209035022723375,1,1,0,0,13.9641845003241,0.129061010558201,1.93734993580881,0.120167986353098,1.93734993580881,1,0.564358462589688
high_risk_irregular,22,524.940969338119,575.015772790009,0.219473050728048,1,1,0,0,8.02593304788518,0.27610009918427,1.11349437375059,0.257075260819397,1.11349437375059,1,0.448383192960914
high_risk_irregular,23,550.279326290378,599.738971804652,0.230083064632531,1,1,0,0,0.660145756344771,0.106137304522129,0.0915866829637861,0.0988238516512948,0.0988238516512948,1,0.161433912191305
high_risk_irregular,24,575.827510157496,625.667168362951,0.240780940054176,1,1,0,0,2.50195206553891,0.160562123366457,0.347113479734962,0.149498496610825,0.347113479734962,1,0.252939919553534
high_risk_irregular,25,600.571874927222,650.610435175918,0.251142229649988,1,1,0,0,1.25114548897777,0.0425741912461153,0.173580249724021,0.0396405917676451,0.173580249724021,1,0.190798956360841
high_risk_irregular,26,626.50518309899,676.086082335971,0.262001369443864,1,1,0,0,0.669921939804434,0.170976024341695,0.0929430019380586,0.159194821665638,0.159194821665638,1,0.185275406720902
high_risk_irregular,27,651.411320775229,701.602884996711,0.27243039874319,1,1,0,0,2.49948348914448,0.815169221550344,0.346770996697791,0.758999510906145,0.758999510906145,1,0.371749029304903
high_risk_irregular,28,676.96221430368,726.621162776678,0.283129408790275,1,1,0,0,2.1125051491805,0.146304844063222,0.293082758614772,0.13622362345329,0.293082758614772,1,0.234451614410612
high_risk_irregular,29,702.411172066919,752.833070527524,0.293785734937677,1,1,0,0,4.68121420078341,0.000629794498046527,0.649457906488168,0.000586398140841943,0.649457906488168,1,0.343642416888793
high_risk_irregular,30,727.487781163767,777.773413648237,0.304286146298057,1,1,0,0,4.45774303716156,0.0992336851194338,0.618454173725409,0.0923959301699581,0.618454173725409,1,0.335259014377187
high_risk_irregular,31,753.703066289895,803.547093238282,0.315263359233461,1,1,0,0,1.03631556940885,0.163921243276895,0.143775377776289,0.152626154404686,0.152626154404686,1,0.182733359225006
high_risk_irregular,32,778.577410295883,828.818477662531,0.325679075464222,1,1,0,0,7.11491150638762,0.641071826639253,0.987101921337797,0.596898398530681,0.987101921337797,1,0.423364248991194
high_risk_irregular,33,804.428724920323,854.11962504797,0.336503881829184,1,1,0,0,9.00512293373566,0.0321927283587337,1.24934430200477,0.0299744696353262,1.24934430200477,1,0.472757011922523
high_risk_irregular,34,829.639895626225,879.844029925645,0.347060638616608,1,1,0,0,1.90195975315021,0.877944794374446,0.263872308876395,0.817449496272041,0.817449496272041,1,0.385827882279997
high_risk_irregular,35,854.979324770208,904.67996354894,0.357671101483473,1,1,0,0,0.776721108227166,0.0480771239682738,0.107760004827373,0.0447643417010934,0.107760004827373,1,0.165031375212158
high_risk_irregular,36,880.64778112266,930.812758403321,0.368419339000187,1,1,0,0,3.07526658259181,0.178348041136665,0.426653451638436,0.16605886534375,0.426653451638436,1,0.278829384181762
high_risk_irregular,37,905.546397346352,955.902725804507,0.378845218816843,1,1,0,0,2.57090832183191,0.602649063832555,0.356680268164302,0.561123178604587,0.561123178604587,1,0.319233731038109
high_risk_irregular,38,931.668049282419,981.647525394141,0.389783224417283,1,1,0,0,1.40102283243023,0.390047755392841,0.19437379206873,0.363171287318927,0.363171287318927,1,0.25829173154208
high_risk_irregular,39,956.735910848717,1007.50655173937,0.4002799728953,1,1,0,0,2.53585082264191,0.654169607990598,0.351816493713041,0.609093669618958,0.609093669618958,1,0.332689385427349
high_risk_irregular,40,982.525527574297,1032.80190717047,0.411078944295272,1,1,0,0,1.84461187458466,0.871584125569301,0.255916032671712,0.811527113060664,0.811527113060664,1,0.384429292704064
high_risk_irregular,41,1008.33022271605,1059.00190912181,0.421884229530255,1,1,0,0,3.89161648751516,0.213346131551623,0.539911439304244,0.198645391926637,0.539911439304244,1,0.313127754299009
high_risk_irregular,42,1033.65545375029,1084.11435663952,0.432488747175726,1,1,0,0,2.93602187851748,0.836708373130339,0.407335050446166,0.779054494684185,0.779054494684185,1,0.376649384135775
high_risk_irregular,43,1059.86273432253,1109.88411147107,0.443462608337842,1,1,0,0,1.11718243983058,0.656108441244883,0.154994609820737,0.610898906437066,0.610898906437066,1,0.333186360900854
high_risk_irregular,44,1084.933357588,1135.24273737668,0.453960513231277,1,1,0,0,1.78647258870951,0.384414456458296,0.247849958941765,0.357926154132991,0.357926154132991,1,0.256550695276612
high_risk_irregular,45,1110.75259656896,1160.5145489803,0.464771888456093,1,1,0,0,0.932079302181123,0.00363354258274092,0.129313944269886,0.00338317121187664,0.129313944269886,1,0.173609861839518
high_risk_irregular,46,1136.07298178672,1186.65924287753,0.475374376996823,1,1,0,0,4.23413027126078,0.0195069097382995,0.587430795478448,0.0181627747457161,0.587430795478448,1,0.326672889592179
high_risk_irregular,47,1161.38971610069,1211.58639530044,0.485975336782551,1,1,0,0,5.40633204111181,0.00270382457771835,0.750058625519161,0.002517515968232,0.750058625519161,1,0.369540491995669
high_risk_irregular,48,1187.51048696611,1237.69837022858,0.496912973449369,1,1,0,0,4.96269526908956,0.00328282642132242,0.688509763014531,0.00305662135210978,0.688509763014531,1,0.353928368433408
high_risk_irregular,49,1212.44213622465,1262.86136084485,0.507352685297824,1,1,0,0,4.34823481973126,0.173764669712352,0.603261325335,0.1617913138006,0.603261325335,1,0.331079154739969
high_risk_irregular,50,1238.52694091497,1288.80280702345,0.518275261729338,1,1,0,0,1.970184766526,0.0114831438785447,0.273337646811531,0.0106918911522496,0.273337646811531,1,0.227506085053003
high_risk_irregular,51,1263.67495417235,1314.43208493467,0.52880557238972,1,1,0,0,2.52992284664229,0.199722158292633,0.350994063737121,0.185960186491004,0.350994063737121,1,0.254239168591662
high_risk_irregular,52,1289.70434767839,1339.83463232745,0.539704946313005,1,1,0,0,2.95732037167601,0.0960883416142116,0.410289940819646,0.0894673183934301,0.410289940819646,1,0.273628663744936
high_risk_irregular,53,1315.28932167417,1366.31056839186,0.550418226986749,1,1,0,0,4.65879228576934,0.133890216980274,0.646347155866661,0.124664433490108,0.646347155866661,1,0.342810041594514
high_risk_irregular,54,1340.70230385224,1391.30081203233,0.561059488958542,1,1,0,0,11.4588030910897,0.901295999829409,1.58976067900371,0.839191673295945,1.58976067900371,1,0.523960642132052
high_risk_irregular,55,1367.16993159631,1417.46325057883,0.572142366151893,1,1,0,0,2.58090771909145,0.687066081867272,0.358067555165447,0.639723392776863,0.639723392776863,1,0.341031170448158
high_risk_irregular,56,1392.15300141348,1442.89105170859,0.582603609500714,1,1,0,0,3.97195425581214,0.0449982862265689,0.551057265274214,0.0418976530696593,0.551057265274214,1,0.316348282793669
high_risk_irregular,57,1418.35744738139,1468.24301981114,0.593576283719594,1,1,0,0,2.72737271622673,4.35946929386652e-05,0.37838767860636,4.059077519588e-05,0.37838767860636,1,0.263303980897927
high_risk_irregular,58,1443.71279802858,1494.22175941068,0.60419341345009,1,1,0,0,9.3343804654787,0.619409077555225,1.29502452471825,0.57672833380671,1.29502452471825,1,0.480410540466566
high_risk_irregular,59,1469.11193778819,1519.24188490391,0.614828879140276,1,1,0,0,1.51641329306641,0.715045677634692,0.210382725601602,0.665775038179317,0.665775038179317,1,0.347976890685079
high_risk_irregular,60,1495.04524896671,1545.45304371226,0.625688020193176,1,1,0,0,6.41234175844576,0.13319297628533,0.889629458406303,0.124015236571902,0.889629458406303,1,0.402383421201453
high_risk_irregular,61,1520.11302656978,1570.64207121984,0.636184733512995,1,1,0,0,2.83304121701586,0.0688024717987406,0.393047815989683,0.0640615973516032,0.393047815989683,1,0.268079198512018
high_risk_irregular,62,1546.31486479201,1596.28404730764,0.647156315781912,1,1,0,0,4.59459421654038,0.0515126672522799,0.63744050433274,0.0479631568713942,0.63744050433274,1,0.340416029642155
high_risk_irregular,63,1571.49902602767,1622.01282839259,0.657701762804645,1,1,0,0,7.58741378421256,0.047132726712135,1.05265549932099,0.0438850186886922,1.05265549932099,1,0.436636165039368
high_risk_irregular,64,1597.15182438441,1647.11175513767,0.668443443797094,1,1,0,0,1.25227506919662,0.0156208578329854,0.173736964365283,0.0145444935134098,0.173736964365283,1,0.19085880228791
high_risk_irregular,65,1622.86871139832,1673.39144986673,0.679211960844655,1,1,0,0,4.79558846315639,0.29368947345517,0.66532585565923,0.273452628997464,0.66532585565923,1,0.347858278736268
high_risk_irregular,66,1647.99266219812,1698.23962734915,0.689732195752691,1,1,0,0,6.52556156332515,0.631988970252405,0.905337241536087,0.588441401660587,0.905337241536087,1,0.405869021748361
high_risk_irregular,67,1674.23387989744,1724.18390427235,0.700720267520127,1,1,0,0,2.43493977550632,0.39677384731451,0.337816391473916,0.369433913953857,0.369433913953857,1,0.260361557257353
high_risk_irregular,68,1699.06127694745,1749.35690814621,0.711116325496938,1,1,0,0,2.83684298352738,0.0215401341191738,0.393575261907266,0.0200558986147835,0.393575261907266,1,0.268250025869066
high_risk_irregular,69,1725.07336231442,1774.65500762374,0.722008451925975,1,1,0,0,2.10223383300986,0.350563431951938,0.2916577463827,0.326407654213264,0.326407654213264,1,0.245943171606633
high_risk_irregular,70,1750.20462601373,1800.58050134888,0.732531748988581,1,1,0,0,1.66840178428932,0.0104834867505851,0.231469162386189,0.00976111598172466,0.231469162386189,1,0.212433724105237
high_risk_irregular,71,1775.53702019413,1825.36463175209,0.743139266081909,1,1,0,0,2.59110455078408,0.402369074048164,0.359482233639848,0.37464359832611,0.37464359832611,1,0.262075988851851
high_risk_irregular,72,1801.41808043196,1851.28353448997,0.753976527925822,1,1,0,0,1.16488118024609,0.289117717342749,0.16161219294419,0.269195892406366,0.269195892406366,1,0.226036087781915
high_risk_irregular,73,1826.21658975497,1876.27950888964,0.76436048964928,1,1,0,0,3.83176350189736,0.0304244094899158,0.531607611906237,0.0283279978095054,0.531607611906237,1,0.310710845749107
high_risk_irregular,74,1852.12395394207,1901.96532370884,0.775208765832758,1,1,0,0,4.10022357797268,0.0272572300427947,0.568852974221499,0.0253790547093906,0.568852974221499,1,0.321434778832555
high_risk_irregular,75,1877.09077201766,1927.61875795002,0.785663204036145,1,1,0,0,2.43100443408309,0.000909014043072004,0.337270413765479,0.000846377900267495,0.337270413765479,1,0.249627376105532
high_risk_irregular,76,1902.85181274012,1952.5329637144,0.796450209711935,1,1,0,0,1.50928523489534,0.0356157884384104,0.209393799750626,0.0331616617637725,0.209393799750626,1,0.204294126564134
high_risk_irregular,77,1928.42953496564,1978.49845285848,0.807160453827966,1,1,0,0,2.05776650121579,0.16444663156315,0.285488479398665,0.153115340504653,0.285488479398665,1,0.23179242027944
high_risk_irregular,78,1953.36953368712,2003.12279556685,0.817603661874615,1,1,0,0,6.82021273140256,0.0904300227690255,0.946216279015685,0.0841988893083876,0.946216279015685,1,0.414750026945707
high_risk_irregular,79,1979.3452014335,2028.81102653822,0.828480539033092,1,1,0,0,1.40809818201279,0.105468645148665,0.195355405284975,0.0982012666419429,0.195355405284975,1,0.199047368066177
high_risk_irregular,80,2003.97426281987,2053.86817357893,0.83879354726232,1,1,0,0,0.934643474720529,0.401063211493031,0.129669690035384,0.37342771699196,0.37342771699196,1,0.261676458988501
high_risk_irregular,81,2029.69380285717,2079.08272062835,0.849563175219129,1,1,0,0,3.22169855257162,0.763389166288894,0.44696899298882,0.710787390552302,0.710787390552302,1,0.359662572047567
high_risk_irregular,82,2054.67986249954,2104.83104258731,0.860025670507331,1,1,0,0,6.72968449378992,0.043243673098596,0.933656657268803,0.0402639425826169,0.933656657268803,1,0.412050358026389
high_risk_irregular,83,2079.96429741713,2129.5610264347,0.870613105460122,1,1,0,0,1.05315771573237,0.388620336954786,0.146112007681028,0.361842225980864,0.361842225980864,1,0.257851218991246
high_risk_irregular,84,2105.63532502682,2155.45133143622,0.881362419647874,1,1,0,0,0.968459699849634,0.103579237474532,0.134361253769854,0.0964420497055603,0.134361253769854,1,0.175598735500416
high_risk_irregular,85,2130.42944220831,2180.20185986146,0.891744542235404,1,1,0,0,1.04328228131092,1.03411677361583,0.144741918919882,0.962860354199207,0.962860354199207,1,0.418288685853236
high_risk_irregular,86,2156.28942868658,2205.47385030541,0.902572979794368,1,1,0,0,4.26551371631705,0.0430065032155874,0.591784842452248,0.0400431150287223,0.591784842452248,1,0.327890014060655
high_risk_irregular,87,2181.00509013134,2230.81825650103,0.912922250352104,1,1,0,0,4.95973077624399,0.0985371193068093,0.688098477985754,0.0917473616309124,0.688098477985754,1,0.353821601406664
high_risk_irregular,88,2206.34289540769,2255.65364632341,0.92353203325151,1,1,0,0,1.69536316129543,0.121093644916369,0.23520970462916,0.112749616687645,0.23520970462916,1,0.213799628938547
high_risk_irregular,89,2231.65681149054,2281.34060207291,0.934131812950015,1,1,0,0,1.00136022327374,0.108644767358752,0.138925775739776,0.101158536298726,0.138925775739776,1,0.177390896934688
high_risk_irregular,90,2256.47785704384,2305.52774597494,0.944525211343625,1,1,0,0,10.262026681128,0.592404375420968,1.42372343558553,0.551584406423037,1.42372343558553,1,0.500615419140684
high_risk_irregular,91,2282.17802339087,2331.09960852369,0.955286726891111,1,1,0,0,6.61450884596031,0.0555687611027479,0.917677526233671,0.0517397632094495,0.917677526233671,1,0.408578708050823
high_risk_irregular,92,2306.32634014087,2355.97479500619,0.965398431330753,1,1,0,0,1.03259349095932,0.460472997665962,0.143258987546334,0.428743837198921,0.428743837198921,1,0.279489173571643
high_risk_irregular,93,2331.94854516547,2380.84634345829,0.976127301876177,1,1,0,0,1.67995269309137,0.435128652328802,0.233071701540957,0.405145858758867,0.405145858758867,1,0.271980519611976
high_risk_irregular,94,2356.78450038018,2406.12936755019,0.986526943441562,1,1,0,0,0.677988754602534,1.49957328451383,0.0940621681257382,1.39624431274437,1.39624431274437,1,0.496463597900326
high_risk_irregular,95,2381.66503754631,2430.42439895259,0.996945252954724,1,1,0,0,0.883038887632705,1.04205962093135,0.122510221218589,0.970255894987926,0.970255894987926,1,0.419846916011079
high_risk_irregular,96,2406.89843826601,2455.97823488322,1.00751131818925,1,1,0,0,1.83523131792039,0.90405423104567,0.254614601796823,0.84175984698156,0.84175984698156,1,0.391504203296559
high_risk_irregular,97,2431.24471502162,2480.40070180282,1.01770591507595,1,1,0,0,2.33620862152384,0.49192962884424,0.32411872120711,0.458032930859327,0.458032930859327,1,0.288625741242589
high_risk_irregular,98,2456.83655966277,2505.28619779184,1.02842207271773,1,1,0,0,4.14465305582253,0.549999815535676,0.575016989460515,0.512101757468363,0.575016989460515,1,0.323180851011127
high_risk_irregular,99,2481.2234278496,2530.16182804526,1.03863366658849,1,1,0,0,2.10597608150903,0.376507448888832,0.292176934946091,0.350563983531725,0.350563983531725,1,0.254095360717117
high_risk_irregular,100,2506.11955133212,2554.60735730964,1.04905850261141,1,1,0,0,0.0776496532064907,0.615085397405378,0.0107728847790345,0.572702579359299,0.572702579359299,1,0.322526197465645
high_risk_irregular,101,2530.95396996043,2579.86754678789,1.05945750075689,1,1,0,0,1.26884017372874,1.32290140930628,0.176035158305732,1.23174611613879,1.23174611613879,1,0.469737832968996
high_risk_irregular,102,2555.44517577912,2603.91652138494,1.0697127842689,1,1,0,0,1.13929505519087,0.0198130706141491,0.158062449116889,0.0184478394278523,0.158062449116889,1,0.18483807603952
high_risk_irregular,103,2580.71905919366,2629.02414426029,1.08029580095596,1,1,0,0,3.88171040534248,0.0230819329374153,0.538537098564123,0.0214914588862267,0.538537098564123,1,0.312728777994446
high_risk_irregular,104,2604.69904398268,2653.40098145708,1.09033701919755,1,1,0,0,3.7687944177433,0.0204706247162843,0.522871466151289,0.0190600843810729,0.522871466151289,1,0.308151806256576
high_risk_irregular,105,2629.87077084147,2677.78313596476,1.10087725953258,1,1,0,0,1.89891815182812,0.444601474123431,0.263450326044102,0.413965950242878,0.413965950242878,1,0.274802553577486
high_risk_irregular,106,2654.17158467534,2702.63376767537,1.11105281957988,1,1,0,0,0.423100497727907,0.336647881294529,0.0586997201372419,0.313450962689907,0.313450962689907,1,0.241509357969044
high_risk_irregular,107,2678.61510461661,2726.6101894096,1.12128813542692,1,1,0,0,0.722780958370187,0.297080235222194,0.100276506893031,0.276609748347328,0.276609748347328,1,0.228664199469854
high_risk_irregular,108,2703.45000013212,2751.64935261112,1.13168733326095,1,1,0,0,2.97603852052947,0.849382187157572,0.412886841804367,0.79085501216409,0.79085501216409,1,0.379498535934492
high_risk_irregular,109,2727.41391426332,2775.67909420846,1.1417218221829,1,1,0,0,3.31997462980168,0.0411858640107397,0.460603527243849,0.0383479280301408,0.460603527243849,1,0.289418085085266
high_risk_irregular,110,2752.48312393944,2800.39275188484,1.1522191351594,1,1,0,0,1.1337781457238,0.27224431191938,0.157297049304129,0.253485158824814,0.253485158824814,1,0.220418314965915
high_risk_irregular,111,2776.46254403379,2824.85165417387,1.16226011694452,1,1,0,0,0.0269862717264263,0.570417391552836,0.00374399606333601,0.531112448501864,0.531112448501864,1,0.310566247593697
high_risk_irregular,112,2801.21672081662,2848.69422215531,1.17262551515699,1,1,0,0,0.622441834332383,0.0360738403089293,0.0863557515843886,0.0335881513030025,0.0863557515843886,1,0.15637411990609
high_risk_irregular,113,2825.64632364303,2873.65899134975,1.18285500344455,1,1,0,0,0.987797516562566,0.0110086731282751,0.137044125653035,0.0102501140857542,0.137044125653035,1,0.176652850679793
high_risk_irregular,114,2849.52698475233,2897.48655840553,1.19285463155364,1,1,0,0,0.336164334097371,0.0289999369190454,0.0466384521824125,0.0270016793519297,0.0466384521824125,1,0.139937007279637
high_risk_irregular,115,2874.49254536577,2922.25674412312,1.20330854321575,1,1,0,0,1.58307395562164,0.296310349027528,0.219631030099395,0.275892911609928,0.275892911609928,1,0.228410728226293
high_risk_irregular,116,2898.24097832897,2946.55472306153,1.21325280299644,1,1,0,0,1.02144096669581,0.200863849210648,0.141711719092131,0.187023208530442,0.187023208530442,1,0.195907039176007
high_risk_irregular,117,2923.10569319235,2970.68056967059,1.22366448718451,1,1,0,0,0.846667370592714,0.0491582367400164,0.117464143790934,0.0457709597667588,0.117464143790934,1,0.168910798072609
high_risk_irregular,118,2947.32191281243,2995.40687557482,1.23380462481724,1,1,0,0,0.412412406583911,0.0665016084782756,0.0572168857697026,0.0619192763601734,0.0619192763601734,1,0.146319034527007
high_risk_irregular,119,2971.52341139411,3019.13491807446,1.24393859826093,1,1,0,0,0.558839126325531,0.757544775521337,0.0775316987174646,0.705345710939223,0.705345710939223,1,0.358270728309196
high_risk_irregular,120,2996.21036232081,3043.81629180814,1.2542758467686,1,1,0,0,1.66460102537982,0.0485424104765574,0.230941856260351,0.0451975673711535,0.230941856260351,1,0.212240863458502
high_risk_irregular,121,3019.94463308385,3067.40491152249,1.26421417636445,1,1,0,0,2.52979751028605,0.00771389313146928,0.35097667493925,0.00718236282625137,0.35097667493925,1,0.254233355120006
high_risk_irregular,122,3044.5905049218,3091.72029945538,1.27453422368959,1,1,0,0,1.08458735559768,0.786262228338053,0.150472463586931,0.732084370920648,0.732084370920648,1,0.365055507070087
high_risk_irregular,123,3068.19425960343,3115.91019553772,1.28441790185554,1,1,0,0,3.8156267628022,0.00310073700204019,0.529368848128127,0.00288707891046368,0.529368848128127,1,0.310056651839882
high_risk_irregular,124,3092.53775056776,3139.44725623414,1.29461133223865,1,1,0,0,1.12869077129714,0.0100231286991477,0.156591241921056,0.00933247917031743,0.156591241921056,1,0.184269329871265
high_risk_irregular,125,3116.69223748755,3164.12626433895,1.30472562033387,1,1,0,0,3.61568240593688,0.312720081890517,0.501629155421447,0.291171922259301,0.501629155421447,1,0.301858990813917
high_risk_irregular,126,3140.28239764007,3187.56749231226,1.31460360601774,1,1,0,0,2.98061848713897,0.202285535040035,0.413522252917469,0.188346932268581,0.413522252917469,1,0.274661035804834
high_risk_irregular,127,3164.95081864737,3211.96109740964,1.32493309543106,1,1,0,0,1.04725891657616,0.510592470874848,0.145293625614652,0.475409798875037,0.475409798875037,1,0.293952253711021
high_risk_irregular,128,3188.33864248283,3235.44552034053,1.33472635616052,1,1,0,0,2.24815547273834,0.0109931842594214,0.311902486013183,0.0102356924864425,0.311902486013183,1,0.240976577105137
high_risk_irregular,129,3212.76866923965,3259.34801523736,1.34495602196187,1,1,0,0,2.80071978707752,0.0884315574603544,0.388563635748808,0.0823381294173806,0.388563635748808,1,0.266624145070036
high_risk_irregular,130,3236.24305496967,3283.50557300825,1.35478552903938,1,1,0,0,3.86498575638298,0.568442451003749,0.536216769898502,0.529273592383161,0.536216769898502,1,0.312054243848494
high_risk_irregular,131,3260.15533704369,3306.7637146484,1.36479839789948,1,1,0,0,3.02638483888519,0.461465231905658,0.419871742113611,0.429667700959627,0.429667700959627,1,0.279780443684917
high_risk_irregular,132,3284.30506266714,3331.22626390111,1.37491069228135,1,1,0,0,4.23451509320053,4.55108182280619,0.5874841845439,4.2374868754664,4.2374868754664,1,0.675834815338976
high_risk_irregular,133,3307.56195290438,3354.63396961522,1.38464912675274,1,1,0,0,0.964171210646004,0.163929912409731,0.133766281375786,0.152634226185868,0.152634226185868,1,0.182736490662881
high_risk_irregular,134,3332.01234003117,3378.57029054379,1.39488731811905,1,1,0,0,3.41501882512392,0.00271198922220185,0.473789679697095,0.00252511802312548,0.473789679697095,1,0.293458569530867
high_risk_irregular,135,3355.39616451738,3402.7472507092,1.4046789041878,1,1,0,0,1.81493829954082,0.0988069675295148,0.251799208040451,0.0919986158044481,0.251799208040451,1,0.21981151807209
high_risk_irregular,136,3379.41625369527,3426.12532370917,1.41473691547261,1,1,0,0,1.80506611789628,0.0376343703940954,0.250429570560017,0.0350411521524982,0.250429570560017,1,0.219318001531563
high_risk_irregular,137,3403.52500571791,3450.52841571766,1.42483205284327,1,1,0,0,1.5236178341004,0.448499483159556,0.2113822624603,0.417595364692923,0.417595364692923,1,0.275958393048239
high_risk_irregular,138,3426.95128865091,3473.59247310547,1.4346414176777,1,1,0,0,6.19373795878842,0.124925474017353,0.859301009421411,0.116317411369577,0.859301009421411,1,0.395536154389163
high_risk_irregular,139,3451.31926955669,3497.91769669433,1.44484510281488,1,1,0,0,11.5589411418033,0.418445472320501,1.60365353799004,0.389612242999212,1.60365353799004,1,0.525785386510413
high_risk_irregular,140,3474.35130112823,3521.45167308865,1.45448938147443,1,1,0,0,6.17127867845523,0.00532387177641186,0.856185074845295,0.00495702728660258,0.856185074845295,1,0.39482380528312
high_risk_irregular,141,3498.73723805921,3544.90601712725,1.46470058539736,1,1,0,0,2.44913039749681,0.141788204463837,0.339785156681919,0.132018205539751,0.339785156681919,1,0.250476004097781
high_risk_irregular,142,3522.19630573207,3569.01785787329,1.47452367829419,1,1,0,0,2.72989215940485,0.0257552997062004,0.378737218751672,0.023980615758614,0.378737218751672,1,0.263418447985686
high_risk_irregular,143,3545.71358583626,3592.02249636407,1.48437114667469,1,1,0,0,3.48064968790937,0.687767375795962,0.482895112800011,0.64037636363838,0.64037636363838,1,0.341206924548198
high_risk_irregular,144,3569.79896953653,3616.25997124636,1.49445649895054,1,1,0,0,2.1174912322967,0.22268419862392,0.293774513138989,0.207340014041052,0.293774513138989,1,0.234693085667113
high_risk_irregular,145,3592.81887944387,3639.4601020528,1.50409570186559,1,1,0,0,3.37688227587801,0.00336657173881647,0.468498726886223,0.0031345961496589,0.468498726886223,1,0.291842120801076
high_risk_irregular,146,3617.07453054406,3663.31460938326,1.51425235077224,1,1,0,0,6.8997154644549,0.0308787284911356,0.957246254648848,0.0287510116949725,0.957246254648848,1,0.417100018601719
high_risk_irregular,147,3640.24188471975,3687.09364723809,1.52395329351281,1,1,0,0,5.05176173819177,0.28461644033952,0.700866583292427,0.265004778520336,0.700866583292427,1,0.357120811134526
high_risk_irregular,148,3664.13038350218,3710.45072250186,1.53395620351666,1,1,0,0,2.02310033330378,2.38240236134686,0.280678997099321,2.21824153714351,2.21824153714351,1,0.5901246050341
high_risk_irregular,149,3687.84513025998,3734.53199832945,1.54388635776129,1,1,0,0,1.76772417500823,3.49830193900619,0.245248859100965,3.2572494035752,3.2572494035752,1,0.649594966009217
high_risk_irregular,150,3711.25246553621,3757.5106017301,1.55368778858081,1,1,0,0,6.87540821678784,0.949943219622241,0.953873938513497,0.884486828036308,0.953873938513497,1,0.416383591848104
high_risk_irregular,151,3735.29006229668,3781.03593545658,1.5637531308735,0.965535714285714,0.933333333333333,0,0,4.61631680604376,0.252682402198554,0.64045423258726,0.235271173902446,0.64045423258726,1,0.34122787806607
high_risk_irregular,152,3758.26346858312,3805.42290307559,1.57337286117376,0.782954545454545,0.833333333333333,0,1,10292.3991690673,8012.4982664458,1427.93722533875,7460.39240024608,5,1,0.686359707403515
high_risk_irregular,153,3781.85593545658,3830.55253684082,1.58325181275852,0.642164634146342,0.8,0,1,20514.3740042817,15403.9825294663,2846.10398548019,14342.5621291685,5,1,0.686359707403515
high_risk_irregular,154,3806.20717342651,3850.51180839275,1.59344848707087,0.71960407239819,0.85,0,1,14644.0770005725,10629.078453336,2031.67622401293,9896.67560328369,5,1,0.686359707403515
high_risk_irregular,155,3831.36310768112,3878.12185202828,1.60398211451658,0.577623839009288,0.85,0,1,24701.179618688,17760.0395970312,3426.96909708951,16536.2737103635,5,1,0.686359707403515
high_risk_irregular,156,3851.27683454519,3900.457706138,1.61232065514556,0.554627659574468,0.783333333333333,0,1,25321.5569656827,18776.2771898438,3513.0384277654,17482.4868591405,5,1,0.686359707403515
high_risk_irregular,157,3878.93181849471,3924.16680456092,1.62390071792491,0.651319444444445,0.8,0,1,20145.4480991631,15561.2425152689,2794.92028917603,14488.9860239303,5,1,0.686359707403515
high_risk_irregular,158,3901.27012272692,3949.23902726491,1.63325450984413,0.730360962566845,0.85,0,1,16956.1265719257,11642.1590113719,2352.44318956999,10839.9492546065,5,1,0.686359707403515
high_risk_irregular,159,3924.94613513359,3974.04393789707,1.64316844472597,0.688257575757576,0.833333333333333,0,1,13732.743722103,9052.08992070831,1905.24052212842,8428.35038524788,5,1,0.686359707403515
high_risk_irregular,160,3950.7924590015,3995.87714221952,1.65399116129496,0.638690476190476,0.75,0,1,15013.0824483456,10397.2545771945,2082.8709558313,9680.82568653496,5,1,0.686359707403515
high_risk_irregular,161,3974.79466540711,4018.00872303443,1.66404168446746,0.779937888198758,0.766666666666667,0,1,6053.49267755689,3834.99791713442,839.843791093689,3570.74514895843,5,1,0.686359707403515
high_risk_irregular,162,3996.69714221952,4044.48405203148,1.67321298093156,0.676904761904762,0.833333333333333,0,1,15686.9659135847,11415.4661947094,2176.36356817063,10628.8768386908,5,1,0.686359707403515
high_risk_irregular,163,4019.52651950513,4068.91658303365,1.68277240149255,0.616323529411765,0.85,0,1,18762.0438227592,14156.853189458,2602.9908438134,13181.3669636999,5,1,0.686359707403515
high_risk_irregular,164,4045.26884646649,4094.64260030469,1.69355157109334,0.677434640522876,0.85,0,1,14021.7956829357,9573.95459238629,1945.34274204334,8914.25566735539,5,1,0.686359707403515
high_risk_irregular,165,4069.73002602813,4122.79838114377,1.70379428161155,0.58729674796748,0.75,0,1,21513.9219447104,13059.7453131311,2984.77833042187,12159.8559454605,5,1,0.686359707403515
high_risk_irregular,166,4096.15476463546,4148.90156566227,1.71485919969501,0.624981884057971,0.766666666666667,0,1,19992.7220677722,13914.1335469394,2773.73152823517,12955.3720597112,5,1,0.686359707403515
high_risk_irregular,167,4123.57844916461,4175.57917034265,1.72634240970403,0.62195652173913,0.833333333333333,0,1,20071.5702112374,14249.4583214081,2784.67068803197,13267.5910850227,5,1,0.686359707403515
high_risk_irregular,168,4149.72156566227,4202.10275712626,1.73728940323125,0.595562015503876,0.8,0,1,23666.4729909464,16493.4303233153,3283.41693915365,15356.9408873809,5,1,0.686359707403515
high_risk_irregular,169,4176.39965377631,4226.25875823796,1.74846040719052,0.690806119082962,0.783333333333333,0,1,16911.5584824817,12467.1785427406,2346.2599437656,11608.120333988,5,1,0.686359707403515
high_risk_irregular,170,4202.9116530016,4248.69479010717,1.75956186420077,0.760457317073171,0.8,0,1,9110.89520403222,6801.50392213317,1264.01883606471,6332.8423275197,5,1,0.686359707403515
high_risk_irregular,171,4227.07875823796,4273.29258775505,1.76968143600537,0.669897563676633,0.716666666666667,0,1,10193.8821698101,7425.22754837376,1414.26926626942,6913.58791351822,5,1,0.686359707403515
high_risk_irregular,172,4249.51479010717,4297.9834494525,1.77907614974084,0.499035087719298,0.633333333333333,0,1,26069.8998504841,20005.4373219261,3616.86132123972,18626.9509954353,5,1,0.686359707403515
high_risk_irregular,173,4275.03192721894,4320.86638431006,1.78976102485206,0.638690476190476,0.75,0,1,19266.0925166863,14029.1721146293,2672.92107889454,13062.4838278001,5,1,0.686359707403515
high_risk_irregular,174,4298.76004196098,4342.98297720748,1.7996967767169,0.797517006802721,0.816666666666667,0,1,6936.32464967639,5259.30585433029,962.32530546182,4896.91031703898,5,1,0.686359707403515
high_risk_irregular,175,4321.68638431006,4368.24335969984,1.80929679977921,0.738410852713178,0.833333333333333,0,1,9161.60486520536,6696.06516340416,1271.05414548908,6234.66888795623,5,1,0.686359707403515
high_risk_irregular,176,4344.64025160191,4394.43084894738,1.81890834845172,0.635555555555555,0.833333333333333,0,1,16939.7467766622,11988.0516166074,2350.1707048931,11162.0079281425,5,1,0.686359707403515
high_risk_irregular,177,4369.06335969984,4417.64441787015,1.82913511718018,0.642164634146342,0.8,0,1,19854.3369013765,14602.4396591811,2754.53237677542,13596.2500378463,5,1,0.686359707403515
high_risk_irregular,178,4395.16998921741,4445.0371098998,1.8400668323937,0.66593023255814,0.833333333333333,0,1,18865.2480169269,11956.380845288,2617.30909053531,11132.5194497923,5,1,0.686359707403515
high_risk_irregular,179,4418.4915436939,4468.12583767596,1.84983234393558,0.741132075471698,0.883333333333333,0,1,14256.6453442747,8487.18356611323,1977.92509415344,7902.36923248798,5,1,0.686359707403515
high_risk_irregular,180,4446.74351750751,4490.91664638047,1.86166238625271,0.855749485840848,0.816666666666667,0,1,2474.68361338979,1098.11162851026,343.330334788726,1022.44560629325,5,1,0.686359707403515
high_risk_irregular,181,4468.94583767596,4513.63056537846,1.87095923711572,0.7625,0.75,0,1,7789.31042793725,6295.16431886963,1080.66604657142,5861.3923499328,5,1,0.686359707403515
high_risk_irregular,182,4491.69316945004,4536.89625887853,1.88048430248865,0.722222222222222,0.75,0,1,10173.3354475305,7698.14009656813,1411.41867437925,7167.69526340777,5,1,0.686359707403515
high_risk_irregular,183,4514.40680031282,4564.6935096336,1.88999525616767,0.690806119082962,0.783333333333333,0,1,14828.9925220039,11071.0927131958,2057.33086024083,10308.2326127708,5,1,0.686359707403515
high_risk_irregular,184,4538.53426943031,4589.54826630775,1.90009823100929,0.658315217391304,0.766666666666667,0,1,16825.6378956304,12211.4155658491,2334.33957394972,11369.9808541885,5,1,0.686359707403515
high_risk_irregular,185,4565.45274607572,4617.76780797296,1.91136989365235,0.629622093023256,0.716666666666667,0,1,17828.3244341257,10990.195668118,2473.44935876709,10232.9098257658,5,1,0.686359707403515
high_risk_irregular,186,4590.36342585267,4643.41119817361,1.92180082488051,0.55625,0.666666666666667,0,1,27039.8728601487,18447.3350592637,3751.43252716774,17176.2106779178,5,1,0.686359707403515
high_risk_irregular,187,4618.53318600307,4670.52267981593,1.93359644159886,0.573147694818441,0.716666666666667,0,1,22864.4685938581,15991.1686560966,3172.1492051029,14889.2878532772,5,1,0.686359707403515
high_risk_irregular,188,4644.21308935346,4692.34715277138,1.94434947235483,0.695585106382979,0.783333333333333,0,1,10734.3886014633,6801.57199608696,1489.25754078293,6332.905710798,5,1,0.686359707403515
high_risk_irregular,189,4671.31412961224,4720.21813699486,1.95569758046277,0.652029505582137,0.733333333333333,0,1,16667.9917422001,12643.3191214289,2312.46820973066,11772.1238433709,5,1,0.686359707403515
high_risk_irregular,190,4693.1241048787,4749.22500560201,1.96483014344898,0.560872093023256,0.716666666666667,0,1,30836.6568865048,23253.5221513543,4278.18718939453,21651.2246453028,5,1,0.686359707403515
high_risk_irregular,191,4721.03813699486,4775.70068444878,1.97651867832283,0.55140243902439,0.683333333333333,0,1,26890.3401833513,19322.2065700831,3730.68680286224,17990.7986570306,5,1,0.686359707403515
high_risk_irregular,192,4750.04500560201,4802.8376063587,1.98866482023043,0.624007936507937,0.75,0,1,20506.3553682719,13888.1504405321,2844.99150347606,12931.179334405,5,1,0.686359707403515
high_risk_irregular,193,4776.48398330997,4829.39097635864,1.99973570069952,0.564850427350427,0.75,0,1,26357.7661163813,17884.5926667819,3656.79904132244,16652.2443781997,5,1,0.686359707403515
high_risk_irregular,194,4804.54830427592,4858.45870316069,2.01148716651989,0.557272727272727,0.733333333333333,0,1,30863.4255183833,21041.3459145415,4281.90099074472,19591.4797023009,5,1,0.686359707403515
high_risk_irregular,195,4830.21097635864,4883.01072860148,2.02223298197023,0.607319109461967,0.816666666666667,0,1,23158.0182263624,16459.3591746662,3212.87541877301,15325.2174311008,5,1,0.686359707403515
high_risk_irregular,196,4859.297000798,4906.91303325836,2.03441226906091,0.872393048128342,0.916666666666667,0,1,5897.50752839214,4502.06863856896,818.202869727,4191.85097327513,5,1,0.686359707403515
high_risk_irregular,197,4883.79079011488,4931.70025506319,2.04466863436965,1,1,0,0,0.361784838830515,0.0267317559170624,0.0501929657452341,0.0248897886847654,0.0501929657452341,1,0.14142808250663
high_risk_irregular,198,4907.7329914561,4955.21713535325,2.05469403142333,1,1,0,0,2.05433601261016,0.00277812533783682,0.285012543487065,0.00258669699113988,0.285012543487065,1,0.231625262846676
high_risk_irregular,199,4932.50581334745,4979.9442477495,2.06506723696368,1,1,0,0,1.61959328252234,0.300473147453579,0.224697614232911,0.279768869982552,0.279768869982552,1,0.22977963287055
high_risk_irregular,200,4956.01844367515,5004.09614404094,2.07491275832791,1,1,0,0,1.41872353846322,2.12473885804552,0.19682953602542,1.97833248781491,1.97833248781491,1,0.568464242122103
high_risk_irregular,201,4980.79602604592,5028.39983288659,2.08528795723953,1,1,0,0,0.545049545704633,0.323996703123357,0.0756185728109638,0.3016715213292,0.3016715213292,1,0.237440839880749
high_risk_irregular,202,5004.88322436183,5053.02495024562,2.09537406935538,1,1,0,0,1.1743636793178,0.117317988429182,0.162927767009218,0.109234124012793,0.162927767009218,1,0.186714470381443
high_risk_irregular,203,5029.23105120492,5076.69771672995,2.10556931531532,1,1,0,0,1.20688273339763,0.191937019088864,0.167439365042935,0.178711486844617,0.178711486844617,1,0.192754813931285
high_risk_irregular,204,5053.78838813571,5101.69140070555,2.11585229012634,1,1,0,0,1.72876785086325,0.940884015653019,0.239844173128801,0.876051853800208,0.876051853800208,1,0.39933724744792
high_risk_irregular,205,5077.50869421189,5125.59875145723,2.12578477224273,1,1,0,0,0.400069134305543,0.582647293600731,0.0555044164339092,0.542499642016271,0.542499642016271,1,0.313878003735965
high_risk_irregular,206,5102.49981911691,5150.26479401937,2.13624938852509,1,1,0,0,0.600980135052425,0.454173598821091,0.0833782184730631,0.422878502105471,0.422878502105471,1,0.277635271221234
high_risk_irregular,207,5126.35385367962,5174.90465283275,2.14623786721237,1,1,0,0,0.324695042427971,2.13269709817312,0.0450472363488658,1.98574236076501,1.98574236076501,1,0.569193212096052
high_risk_irregular,208,5151.11592052229,5199.19457076487,2.15660656925566,1,1,0,0,5.51345474243918,0.510780336066845,0.764920514413241,0.47558471910641,0.764920514413241,1,0.37320347885092
high_risk_irregular,209,5175.70285910768,5224.43282557534,2.1669019392653,1,1,0,0,0.788121697203072,0.292891411879037,0.109341689051048,0.272709558319689,0.272709558319689,1,0.227283456627905
high_risk_irregular,210,5200.04927987302,5248.42220522285,2.17709659645366,1,1,0,0,2.84103004423018,0.544499102178628,0.39415616240909,0.506980073973377,0.506980073973377,1,0.303453604015963
high_risk_irregular,211,5225.27403722892,5273.52369504038,2.18765904242392,1,1,0,0,1.75030008312301,0.0262422718411293,0.242831491778543,0.0244340327945676,0.242831491778543,1,0.216570987183655
high_risk_irregular,212,5249.22454848492,5297.85617707878,2.19768791911566,1,1,0,0,0.947230491861621,0.00172380622709031,0.131415975817397,0.00160502635363265,0.131415975817397,1,0.174439074538586
high_risk_irregular,213,5274.36722717344,5322.38793185467,2.20821599601441,1,1,0,0,1.30366605508377,0.254541351773884,0.180866798778979,0.237002031473088,0.237002031473088,1,0.214452762336936
high_risk_irregular,214,5298.65106945067,5347.63957899334,2.21838444950573,1,1,0,0,2.93987232085237,0.0784568973892997,0.40786924950449,0.073050779116069,0.40786924950449,1,0.272853875593617
high_risk_irregular,215,5323.27221145886,5371.74383531794,2.22869414162758,1,1,0,0,0.412741681837213,0.000697420952222344,0.0572625684510532,0.000649364754750821,0.0572625684510532,1,0.144381905856876
high_risk_irregular,216,5348.44827099535,5397.10613573753,2.23923619619905,1,1,0,0,2.841306465331,0.0179186518047453,0.394194512260591,0.0166839566513973,0.394194512260591,1,0.268450500304534
high_risk_irregular,217,5372.55305704174,5421.48687576766,2.24932967288338,1,1,0,0,0.195009724674335,0.00780209400310069,0.0270550763326815,0.00726448616538139,0.0270550763326815,1,0.131650357970455
high_risk_irregular,218,5397.93193118436,5446.28503392826,2.25995665268482,1,1,0,0,2.04394955077519,0.0294933655513054,0.28357155628378,0.0274611079965001,0.28357155628378,1,0.231118797715373
high_risk_irregular,219,5422.28177727658,5471.40981484057,2.27015274417162,1,1,0,0,1.0629840030529,0.134544351815943,0.147475277917771,0.125273494783412,0.147475277917771,1,0.180731211976988
high_risk_irregular,220,5447.14400361583,5495.95245782189,2.28056338633176,1,1,0,0,0.787855565741663,0.0142997501772931,0.109304766753891,0.0133144175512461,0.109304766753891,1,0.16565081568244
high_risk_irregular,221,5472.21887095317,5521.3500903574,2.29106306835943,1,1,0,0,0.593433747818974,1.06819972850286,0.0823312548768734,0.994594803201455,0.994594803201455,1,0.424914488252719
high_risk_irregular,222,5496.79168603683,5545.69068160859,2.30135252438853,1,1,0,0,1.01682244032038,0.0933165846311055,0.141070958310377,0.086886550941824,0.141070958310377,1,0.178231039860326
high_risk_irregular,223,5522.15128204799,5571.17021717256,2.31197143179431,1,1,0,0,2.22328986301717,0.590281989603668,0.308452704366711,0.549608264838322,0.549608264838322,1,0.315931122531103
high_risk_irregular,224,5546.5032560365,5596.1026200412,2.32216841430215,1,1,0,0,0.832152379679639,0.325535726808132,0.115450376591492,0.303104497689366,0.303104497689366,1,0.237937700093294
high_risk_irregular,225,5572.04446946686,5620.94968646537,2.33286337096979,1,1,0,0,1.42637079071355,0.00297570270279197,0.197890493337747,0.00277066017252924,0.197890493337747,1,0.199998932441379
high_risk_irregular,226,5596.89804345693,5646.5470298976,2.34327039010318,1,1,0,0,1.51284616669523,0.124629300010491,0.209887832967803,0.116041645405396,0.209887832967803,1,0.204477763916497
high_risk_irregular,227,5621.80546592323,5671.06915965628,2.35369995738689,1,1,0,0,5.9966208798359,0.0394714346981928,0.831953564946825,0.036751632469286,0.831953564946825,1,0.38922694166872
high_risk_irregular,228,5647.35918319733,5696.7410110671,2.36440014983031,1,1,0,0,2.09636716834642,0.38043956187699,0.290843822561451,0.354225151981097,0.354225151981097,1,0.25531808022815
high_risk_irregular,229,5671.89700301581,5721.32536499777,2.37467495217643,1,1,0,0,0.873282372795192,0.154439881319922,0.121156631011175,0.143798111223197,0.143798111223197,1,0.17929715699408
high_risk_irregular,230,5697.5542019951,5746.67321705124,2.38541847585609,1,1,0,0,0.913278373436651,1.1802491664442,0.126705558646264,1.09892340927056,1.09892340927056,1,0.445618388608454
high_risk_irregular,231,5722.14708591216,5772.03742251881,2.3957163353741,1,1,0,0,13.4092457460899,4.06523376269366,1.8603593632574,3.78511645929836,3.78511645929836,1,0.666073692052532
high_risk_irregular,232,5747.55708458072,5796.91686042057,2.4063563480511,1,1,0,0,2.09133987038503,0.611921494614182,0.290146350010687,0.569756687135222,0.569756687135222,1,0.321691277606557
high_risk_irregular,233,5772.87023501278,5822.63102945361,2.41695580714611,1,1,0,0,0.958903115754981,0.241672647330198,0.133035401366378,0.225020052614542,0.225020052614542,1,0.210069735279581
high_risk_irregular,234,5797.79548421857,5847.19141485031,2.42739283907934,1,1,0,0,1.03652632482274,0.0321311089225066,0.143804617363289,0.0299170961222908,0.143804617363289,1,0.179299697812113
high_risk_irregular,235,5823.46888699232,5873.10308067188,2.43814314782738,1,1,0,0,9.99059809511246,0.297788393056514,1.38606623092158,0.277269110153053,1.38606623092158,1,0.494903945004988
high_risk_irregular,236,5848.00228165706,5898.29252877228,2.44841609721425,1,1,0,0,3.12767887243364,0.789846994941598,0.433924978762579,0.735422127090623,0.735422127090623,1,0.365892930750157
high_risk_irregular,237,5873.98532528254,5923.46311170818,2.45929606289895,1,1,0,0,1.43188092490308,0.0393830594016702,0.198654953168405,0.0366693467241136,0.198654953168405,1,0.200285523324397
high_risk_irregular,238,5899.10177902657,5949.22488408398,2.46981315854006,1,1,0,0,2.06838961876112,0.278684086137885,0.286962299519993,0.259481196644907,0.286962299519993,1,0.232309674663267
high_risk_irregular,239,5924.31000150855,5974.00259449958,2.48036868080794,1,1,0,0,4.21466814681348,0.159976812839739,0.584730677505371,0.148953517247323,0.584730677505371,1,0.325916103140561
high_risk_irregular,240,5950.08500888533,5999.846308127,2.49116153478703,1,1,0,0,6.60233881135662,0.0686309119961944,0.915989091383952,0.0639018589773107,0.915989091383952,1,0.408209439894252
high_risk_irregular,241,5974.85579850008,6024.87194148083,2.50153388934549,1,1,0,0,4.83110366022879,0.0336836560291379,0.670253129770143,0.0313626640650436,0.670253129770143,1,0.349157201292661
high_risk_irregular,242,6000.72402117013,6050.41473310329,2.51236577567224,1,1,0,0,1.46780185024516,0.234091176288899,0.203638516827567,0.217960987257105,0.217960987257105,1,0.207469019551531
high_risk_irregular,243,6025.71190284396,6076.1517482871,2.52282903390569,1,1,0,0,3.48064543349569,0.066331152244506,0.482894522555154,0.0617605655126073,0.482894522555154,1,0.296225234391512
high_risk_irregular,244,6051.31632468694,6101.23317719511,2.53355045804073,1,1,0,0,1.05804365743959,0.252538038826539,0.146789868880345,0.235136757972777,0.235136757972777,1,0.21377302819234
high_risk_irregular,245,6076.99179887847,6127.38554155636,2.54430163416039,1,1,0,0,1.72442883736489,0.257138614855997,0.239242191142504,0.239420328627719,0.239420328627719,1,0.215332612321183
high_risk_irregular,246,6102.10492496628,6152.3290079268,2.55481733640101,1,1,0,0,3.95051811979396,0.324078645760845,0.548083278734732,0.301747817661459,0.548083278734732,1,0.315491596451609
high_risk_irregular,247,6128.25642011867,6178.16959839377,2.56576783835,1,1,0,0,1.78764805825235,0.0678014637206788,0.248013040133031,0.0631295643189808,0.248013040133031,1,0.218446024579435
high_risk_irregular,248,6153.16346256875,6203.53982030445,2.57619724650827,1,1,0,0,4.20266967780679,0.0146096777128759,0.583066045162583,0.0136029893492298,0.583066045162583,1,0.325448777363939
high_risk_irregular,249,6179.01923519401,6228.98233901492,2.58702391958664,1,1,0,0,1.13079071742574,0.146351217930695,0.156882582278049,0.136266801902377,0.156882582278049,1,0.184382007428658
high_risk_irregular,250,6204.3526447284,6255.13824050811,2.5976318618425,1,1,0,0,3.76691557864027,0.0474843846078404,0.52261080153349,0.0442124453919957,0.52261080153349,1,0.308075193048195
high_risk_irregular,251,6229.87772295604,6279.97175376456,2.6083200621634,1,1,0,0,7.92554895537344,0.945170284473003,1.09956737964798,0.88004277476726,1.09956737964798,1,0.445741219610465
high_risk_irregular,252,6255.96512411635,6306.21367535607,2.61924372582337,1,1,0,0,7.8186952047891,0.114749441718195,1.08474280418991,0.106842564510987,1.08474280418991,1,0.442898486672502
high_risk_irregular,253,6280.82681479873,6331.48678823331,2.62965414368614,1,1,0,0,3.65544439561594,0.984132015874606,0.507145617063054,0.916319825342882,0.916319825342882,1,0.40828180970354
high_risk_irregular,254,6307.10368004856,6357.16250122428,2.64065714227016,1,1,0,0,1.24459874276541,0.00373739660846215,0.172671973386511,0.00347986911538449,0.172671973386511,1,0.190451966744108
high_risk_irregular,255,6332.31751267598,6382.92839119501,2.65121501369277,1,1,0,0,2.6784652557021,0.0264336863235293,0.371602401205752,0.0246122577504186,0.371602401205752,1,0.261075988905304
high_risk_irregular,256,6358.06539015405,6408.15704745401,2.66199650747975,1,1,0,0,2.89020350159197,1.10456310117989,0.400978343429482,1.02845253647587,1.02845253647587,1,0.431811872861084
high_risk_irregular,257,6383.75511930218,6434.46440577465,2.67275365262447,1,1,0,0,2.36215287282867,0.168236519999166,0.327718150418236,0.156644084467598,0.327718150418236,1,0.246389232173307
high_risk_irregular,258,6409.00855757874,6459.64022974625,2.68332810825138,1,1,0,0,3.61890914028901,0.351828353504957,0.502076823066473,0.327585415608929,0.502076823066473,1,0.301992644511475
high_risk_irregular,259,6435.31375637023,6485.79826564649,2.69434297103288,1,1,0,0,6.26558607943181,0.76259222892265,0.869269006615464,0.710045366620079,0.869269006615464,1,0.397803838296327
high_risk_irregular,260,6460.50190484799,6511.19271280623,2.70489008764667,1,1,0,0,5.83814947204508,0.191919170861612,0.809967707362091,0.178694868459874,0.809967707362091,1,0.384059999722622
high_risk_irregular,261,6486.66675099603,6536.48228338971,2.71584618010217,1,1,0,0,0.990252724689839,0.0495045295985756,0.137384754016092,0.0460933911139297,0.137384754016092,1,0.17678653376506
high_risk_irregular,262,6512.01093695175,6562.52412309522,2.72645863480452,1,1,0,0,2.55860046033971,0.0729256303871348,0.354972711616956,0.0679006472927035,0.354972711616956,1,0.255567330038722
high_risk_irregular,263,6537.33092941083,6587.70787008774,2.73706095888411,1,1,0,0,2.49041410697114,0.160609844420858,0.345512737257654,0.14954292941814,0.345512737257654,1,0.252402876196987
high_risk_irregular,264,6563.33178967993,6614.02605474542,2.74794838499085,1,1,0,0,3.01914739130115,0.201451905107015,0.418867639896827,0.187570744092296,0.418867639896827,1,0.276362823279056
high_risk_irregular,265,6588.58370613275,6639.33300413465,2.75852220337947,1,1,0,0,4.75884968851098,0.212801076974417,0.66022882599027,0.198137894652967,0.66022882599027,1,0.346509544826752
high_risk_irregular,266,6614.90069673573,6665.14813363151,2.76954200378515,1,1,0,0,1.79276481604326,0.34709484257938,0.248722924077743,0.323178070014417,0.323178070014417,1,0.244842027487114
high_risk_irregular,267,6640.15720933685,6690.86093480058,2.78011774673413,1,1,0,0,2.75611684392682,0.0470729935628959,0.382375554443531,0.0438294014869397,0.382375554443531,1,0.264608146733514
high_risk_irregular,268,6666.01359735642,6716.06860698543,2.7909446774986,1,1,0,0,1.1373367077478,0.266685442225579,0.157790753745559,0.248309326289379,0.248309326289379,1,0.218553021023247
high_risk_irregular,269,6691.65264602465,6742.24976891183,2.80168060103856,1,1,0,0,2.87278133015907,0.000533264722289421,0.398561242544972,0.000496519805582693,0.398561242544972,1,0.269861533644703
high_risk_irregular,270,6716.95014328452,6767.38115607203,2.81227350562908,1,1,0,0,2.66067062162835,0.107849736235785,0.369133625948614,0.100418287258975,0.369133625948614,1,0.260262532493541
high_risk_irregular,271,6743.11894372067,6793.34573577228,2.8232312538767,1,1,0,0,2.1826697922681,1.06502395154587,0.302817195078187,0.9916378550079,0.9916378550079,1,0.424303751078437
high_risk_irregular,272,6768.23900742378,6818.8050200523,2.8337498611279,1,1,0,0,2.82404602620866,0.0116913812437778,0.391799849641738,0.0108857798003805,0.391799849641738,1,0.267674742292212
high_risk_irregular,273,6794.2257094903,6844.35680376477,2.84463135872369,1,1,0,0,2.04615595958656,0.0740794101809905,0.283877666960633,0.0689749252169417,0.283877666960633,1,0.231226432515985
high_risk_irregular,274,6819.66356406283,6870.44359247968,2.85528303559538,1,1,0,0,3.89204777907965,0.00518622262696926,0.53997127542892,0.00482886293208379,0.53997127542892,1,0.313145115611389
high_risk_irregular,275,6845.27301739201,6895.29090759832,2.86600656658125,1,1,0,0,4.56903110262293,0.459757239163373,0.633893953003094,0.428077398453407,0.633893953003094,1,0.339458294203978
high_risk_irregular,276,6871.25100919312,6921.54657050584,2.87688441689885,1,1,0,0,8.25490838659326,0.0313671274459,1.14526173959552,0.0292057572349087,1.14526173959552,1,0.454307243297121
high_risk_irregular,277,6896.15056886154,6946.72349885078,2.88731069176723,1,1,0,0,4.44563542895422,0.0202189072278548,0.616774399730534,0.0188257116329935,0.616774399730534,1,0.334799212985209
high_risk_irregular,278,6922.43243130067,6970.20676279727,2.89831578284083,0.94364406779661,1,1,0,3999.64448529935,2340.64516343905,554.898926369307,2179.36164331169,5,1,0.686359707403515
high_risk_irregular,279,6947.54421788123,6992.9750482284,2.90883092418516,0.94364406779661,1,1,0,8701.70271178069,3577.80038485706,1207.24867175053,3331.26996264863,5,1,0.686359707403515
high_risk_irregular,280,6971.16376084531,7018.31682667409,2.91872121343077,0.962429378531073,1,1,0,9509.82546258121,3353.28434383515,1319.36524822177,3122.22433037841,5,1,0.686359707403515
high_risk_irregular,281,6993.80254490673,7043.74956284666,2.92820082626142,0.88728813559322,1,1,0,10780.3744364185,4770.95387639094,1495.63748043472,4442.20851696234,5,1,0.686359707403515
high_risk_irregular,282,7019.21249642819,7067.85151420123,2.93884081919636,0.868502824858757,1,1,0,10977.3363912475,5414.60180064883,1522.9634034441,5041.50550560279,5,1,0.686359707403515
high_risk_irregular,283,7044.70804980436,7093.66473532723,2.94951665647868,0.83093220338983,1,1,0,12484.3246682373,6032.28201434382,1732.03853000256,5616.62410392188,5,1,0.686359707403515
high_risk_irregular,284,7068.99332915428,7118.60019647447,2.9596857117202,0.793361581920904,1,1,0,14399.8012267418,7574.91674193297,1997.78612074627,7052.96268589162,5,1,0.686359707403515
high_risk_irregular,285,7094.39503211736,7143.98528284307,2.97032225070904,0.83093220338983,1,1,0,12396.2177548689,6512.81607315241,1719.81483566834,6064.04668314513,5,1,0.686359707403515
high_risk_irregular,286,7119.59563082469,7168.50726444955,2.98087458064858,0.88728813559322,1,1,0,8450.7905197506,3581.4563813343,1172.43785131831,3334.67404055631,5,1,0.686359707403515
high_risk_irregular,287,7144.79788748711,7192.77622184413,2.99142760482913,0.906073446327684,1,1,0,7686.08619748935,3084.71528439453,1066.34502007485,2872.16117861678,5,1,0.686359707403515
high_risk_irregular,288,7169.43609863963,7215.96969925768,3.00174444437017,0.868502824858757,1,1,0,10273.9980233229,5057.98274018017,1425.38430443413,4709.45948948759,5,1,0.686359707403515
high_risk_irregular,289,7193.43334149407,7240.26634916636,3.01179288913849,0.906073446327684,1,1,0,9992.8440232799,4621.54925717366,1386.3778243978,4303.09871016988,5,1,0.686359707403515
high_risk_irregular,290,7216.88325139084,7265.17094677488,3.0216121473695,0.868502824858757,1,1,0,11959.912375036,5488.71616442677,1659.28310897906,5110.51297591869,5,1,0.686359707403515
high_risk_irregular,291,7241.60920363468,7290.65653800375,3.03196572702752,0.83093220338983,1,1,0,12440.7044388206,5968.64395868328,1725.98678751387,5557.37106560242,5,1,0.686359707403515
high_risk_irregular,292,7265.99456543027,7315.05012686137,3.04217669012212,0.812146892655367,1,1,0,11962.5448500228,6072.39102275388,1659.64833082546,5653.96937771457,5,1,0.686359707403515
high_risk_irregular,293,7291.4183688976,7339.63356991552,3.0528224833281,0.812146892655367,1,1,0,14078.0014045223,7564.41406191969,1953.14055874402,7043.18369917016,5,1,0.686359707403515
high_risk_irregular,294,7316.13364880073,7365.36053888863,3.06317159412165,0.88728813559322,1,1,0,12744.49722747,6129.90246586506,1768.13410657682,5707.51796129562,5,1,0.686359707403515
high_risk_irregular,295,7340.45833505281,7390.51596157698,3.07335715034548,0.906073446327684,1,1,0,11390.4935673939,4967.1460079388,1580.28361635505,4624.88191526025,5,1,0.686359707403515
high_risk_irregular,296,7366.24492993104,7413.62310744308,3.08415485639733,0.906073446327684,1,1,0,12198.784500035,5936.45417354342,1692.42352588079,5527.39933638175,5,1,0.686359707403515
high_risk_irregular,297,7391.35431823992,7437.8456588359,3.09466899350544,0.88728813559322,1,1,0,11934.8709632132,5595.31020021704,1655.80893706544,5209.76208750371,5,1,0.686359707403515
high_risk_irregular,298,7414.31333770434,7462.73577414938,3.1042826995642,0.906073446327684,1,1,0,9611.18483067235,4161.07456652335,1333.42754919326,3874.35329664268,5,1,0.686359707403515
high_risk_irregular,299,7438.85315031645,7485.87290309246,3.11455833635937,0.924858757062147,1,1,0,7634.72114234463,2929.28212040821,1059.21878321618,2727.43822744862,5,1,0.686359707403515
high_risk_irregular,300,7463.62351408629,7510.1479929754,3.12493051260238,0.868502824858757,1,1,0,7633.27424596794,3418.39014808717,1059.01804506334,3182.84398121662,5,1,0.686359707403515
high_risk_irregular,301,7486.87050459278,7534.57345903535,3.13466480172681,0.849717514124294,1,1,0,10826.7525718652,5318.30589637298,1502.07184670426,4951.84492677397,5,1,0.686359707403515
high_risk_irregular,302,7511.10364422623,7559.47211378048,3.14481202433263,0.868502824858757,1,1,0,11456.1844626488,5386.22890535357,1589.39737818641,5015.08766120584,5,1,0.686359707403515
high_risk_irregular,303,7535.29791000741,7583.65367718499,3.15494296916187,0.868502824858757,1,1,0,11335.9555879737,5519.19481166091,1572.7171773033,5138.89147418902,5,1,0.686359707403515
high_risk_irregular,304,7560.44794668462,7608.75724458697,3.16547412709552,0.924858757062147,1,1,0,10239.7921178131,4262.6252608778,1420.63867758839,3968.90658117497,5,1,0.686359707403515
high_risk_irregular,305,7584.58888439414,7632.04514847869,3.17558274168517,0.88728813559322,1,1,0,10910.2476527389,5217.93195556591,1513.65570894608,4858.38731089957,5,1,0.686359707403515
high_risk_irregular,306,7609.65553066065,7656.72758904132,3.18607898127669,0.83093220338983,1,1,0,12047.1429849217,6565.51437546614,1671.38522754235,6113.11377820257,5,1,0.686359707403515
high_risk_irregular,307,7632.86272306607,7680.46281995506,3.1957966056108,0.83093220338983,1,1,0,11694.5367703067,6109.471455057,1622.46567715728,5688.49476120332,5,1,0.686359707403515
high_risk_irregular,308,7657.83486909635,7705.19220268,3.20625327480625,0.88728813559322,1,1,0,10304.0331404051,5109.78664343999,1429.55128834572,4757.69381457956,5,1,0.686359707403515
high_risk_irregular,309,7681.1129985804,7730.09083361794,3.21600060285761,0.906073446327684,1,1,0,9806.52100759318,4370.73088265544,1360.52791655162,4069.56312203329,5,1,0.686359707403515
high_risk_irregular,310,7706.28603081563,7755.78087498183,3.22654138979723,0.849717514124294,1,1,0,13420.900593555,6414.60744544213,1861.97632255695,5972.6051782057,5,1,0.686359707403515
high_risk_irregular,311,7730.90462129371,7781.49535084291,3.23685001350845,0.849717514124294,1,1,0,12142.5987277535,6176.04155115219,1684.6284768881,5750.47780600122,5,1,0.686359707403515
high_risk_irregular,312,7756.72556796404,7807.35908040104,3.24766210379967,0.849717514124294,1,1,0,11902.9492916234,5752.08872078915,1651.38021812351,5355.73769267746,5,1,0.686359707403515
high_risk_irregular,313,7782.29148872515,7831.64399748855,3.25836740624952,0.812146892655367,1,1,0,13138.7265604559,6236.03935417375,1822.82832613089,5806.3414254129,5,1,0.686359707403515
high_risk_irregular,314,7808.54368294481,7854.53457551777,3.26936007425158,0.812146892655367,1,1,0,10062.5755175866,4437.85420907035,1396.05216707179,4132.06127649307,5,1,0.686359707403515
high_risk_irregular,315,7832.66950561293,7877.4769407561,3.27946235967001,0.737005649717514,1,1,0,12935.681216752,7085.91876620635,1794.65841161981,6597.65940088201,5,1,0.686359707403515
high_risk_irregular,316,7855.50243814589,7902.45718427775,3.28902326893147,0.755790960451977,1,1,0,13079.4746845611,7112.08658824993,1814.60789493001,6622.02411388574,5,1,0.686359707403515
high_risk_irregular,317,7878.46837708893,7927.79256747392,3.29863987240636,0.94364406779661,1,1,0,8698.85911792173,3817.90360358704,1206.854159892,3554.828729056,5,1,0.686359707403515
high_risk_irregular,318,7903.54803483169,7954.59581377048,3.30914156033631,0.924858757062147,1,1,0,11528.8894059343,5363.7595241499,1599.4842484368,4994.16654581889,5,1,0.686359707403515
high_risk_irregular,319,7929.23081461649,7979.57801829856,3.31989579555117,0.906073446327684,1,1,0,9867.8153318284,4281.90205930844,1369.03171103527,3986.85510056688,5,1,0.686359707403515
high_risk_irregular,320,7955.46726929541,8003.53938996682,3.33088187288334,0.88728813559322,1,1,0,9266.25720367524,4230.15999806254,1285.57330349735,3938.67835622879,5,1,0.686359707403515
high_risk_irregular,321,7980.27086757178,8029.53574105611,3.34126796552105,0.849717514124294,1,1,0,11602.9872493917,5918.9704653757,1609.76436556519,5511.12035332239,5,1,0.686359707403515
high_risk_irregular,322,8004.45971942796,8054.64211697718,3.3513966433596,0.868502824858757,1,1,0,10790.8136291917,4951.1174777984,1497.08578337347,4609.95784033753,5,1,0.686359707403515
high_risk_irregular,323,8030.38296822933,8078.64778652903,3.36225157096008,0.868502824858757,1,1,0,9859.23318744357,4263.81698857812,1367.84104953458,3970.01619218304,5,1,0.686359707403515
high_risk_irregular,324,8055.39380122527,8104.54313934635,3.37272443967645,0.94364406779661,1,1,0,9925.24817149305,4600.3160728136,1376.99977449326,4283.32861076203,5,1,0.686359707403515
high_risk_irregular,325,8079.88466202107,8128.7994869293,3.38297957871589,0.906073446327684,1,1,0,10525.2885933181,4856.47046768101,1460.24761991369,4521.83253765351,5,1,0.686359707403515
high_risk_irregular,326,8105.27355735606,8153.22354861281,3.39361075472431,0.906073446327684,1,1,0,8259.84349990026,3576.56694452544,1145.94642271814,3330.12151324245,5,1,0.686359707403515
high_risk_irregular,327,8129.59401162422,8178.00569206363,3.40379453887554,0.94364406779661,1,1,0,8375.87013923406,3570.0378257481,1162.04361781466,3324.04228720245,5,1,0.686359707403515
high_risk_irregular,328,8154.11253494952,8202.89446640493,3.41406126113732,0.924858757062147,1,1,0,9929.38522758244,4554.66002801362,1377.57373750191,4240.81852235709,5,1,0.686359707403515
high_risk_irregular,329,8178.88616323292,8227.26996832234,3.42443480434088,0.906073446327684,1,1,0,10157.1622922307,4699.50032657555,1409.17485832389,4375.67851567102,5,1,0.686359707403515
high_risk_irregular,330,8203.72485440919,8252.09981998644,3.43483559154448,0.83093220338983,1,1,0,12276.6725273014,6027.41018510689,1703.22948197663,5612.08797091993,5,1,0.686359707403515
high_risk_irregular,331,8228.13146404785,8276.35336002428,3.44505545181859,0.868502824858757,1,1,0,11086.9736115966,5040.72018125414,1538.17414932051,4693.38641725244,5,1,0.686359707403515
high_risk_irregular,332,8253.05370836143,8301.03424587103,3.45549122550337,0.906073446327684,1,1,0,8389.29696737966,3366.85259097877,1163.90641650837,3134.85764953916,5,1,0.686359707403515
high_risk_irregular,333,8277.2846805208,8325.07452293076,3.4656375405156,0.868502824858757,1,1,0,10878.908137207,5016.52615519063,1509.30775662543,4670.85949466558,5,1,0.686359707403515
high_risk_irregular,334,8301.98834343179,8348.85927499173,3.47598178688766,0.88728813559322,1,1,0,11142.122114934,4730.88189183743,1545.82529066701,4404.89771587578,5,1,0.686359707403515
high_risk_irregular,335,8325.83121034575,8374.63877051481,3.4859655893085,0.94364406779661,1,1,0,8814.06075746901,3561.85684941952,1222.83689694169,3316.4250258192,5,1,0.686359707403515
high_risk_irregular,336,8349.88299281731,8399.70649692457,3.49603687163085,0.94364406779661,1,1,0,8719.55203680097,3683.49071307888,1209.72503466893,3429.67763716228,5,1,0.686359707403515
high_risk_irregular,337,8375.74150216873,8424.13343123665,3.50686469066761,0.88728813559322,1,1,0,10869.9115864305,5398.87386515064,1508.05960159935,5026.86131267314,5,1,0.686359707403515
high_risk_irregular,338,8400.61452771201,8449.31136914027,3.51727985481412,0.94364406779661,1,1,0,10161.8861473351,4749.22661147632,1409.83023210407,4421.97838190871,5,1,0.686359707403515
high_risk_irregular,339,8425.2590918338,8473.28840271885,3.52759935455496,0.981214689265537,1,1,0,7439.75656599504,2623.08864569268,1032.16997062944,2442.34319269039,5,1,0.686359707403515
high_risk_irregular,340,8450.39004887043,8498.49181027869,3.53812252320769,0.924858757062147,1,1,0,9713.20820395756,4288.10209847655,1347.58197229477,3992.62792242004,5,1,0.686359707403515
high_risk_irregular,341,8474.26451930906,8523.83917295495,3.5481195590768,0.94364406779661,1,1,0,9272.57457008134,4157.15571290346,1286.44975635437,3870.70447391707,5,1,0.686359707403515
high_risk_irregular,342,8499.02117597017,8549.24424481943,3.55848599569689,0.906073446327684,1,1,0,11293.602726807,5721.8254632949,1566.84126576256,5327.55974259137,5,1,0.686359707403515
high_risk_irregular,343,8524.91532386242,8575.42640210644,3.56932873777757,0.812146892655367,1,1,0,14788.5874197857,8146.93210850417,2051.72517505478,7585.56300001122,5,1,0.686359707403515
high_risk_irregular,344,8550.41148368848,8599.53725113087,3.58000482900066,0.812146892655367,1,1,0,11872.9437093435,5649.99025737882,1647.21733178363,5260.67438343557,5,1,0.686359707403515
high_risk_irregular,345,8576.75872574547,8624.21791156315,3.5910372966976,0.924858757062147,1,1,0,8184.36188282469,3112.40397621836,1135.474324903,2897.94196498154,5,1,0.686359707403515
high_risk_irregular,346,8600.53522887708,8647.69368928209,3.60099331039264,0.94364406779661,1,1,0,7968.40295350053,3327.39643039306,1105.51281745845,3098.12023871072,5,1,0.686359707403515
high_risk_irregular,347,8625.29212359738,8673.60186812664,3.61135984669604,0.88728813559322,1,1,0,9654.29435165996,4275.69734261167,1339.40843749477,3981.07792349289,5,1,0.686359707403515
high_risk_irregular,348,8648.5369439609,8699.03427245362,3.62109322710934,0.849717514124294,1,1,0,10552.2494393843,4910.67309425506,1463.98808849562,4572.30030063073,5,1,0.686359707403515
high_risk_irregular,349,8674.47170946868,8724.66880368884,3.63195297713833,0.906073446327684,1,1,0,10027.7024136211,4470.31600687437,1391.21397507229,4162.28627518663,5,1,0.686359707403515
high_risk_irregular,350,8699.97592144585,8750.35480755986,3.64263244006525,0.94364406779661,1,1,0,8556.64437547856,3508.00422558382,1187.12370430135,3266.2831484375,5,1,0.686359707403515
high_risk_irregular,351,8725.72033039892,8773.01838537353,3.65341248146531,0.88728813559322,1,1,0,10962.0723699247,5098.74277319709,1520.845717966,4747.41092865689,5,1,0.686359707403515
high_risk_irregular,352,8751.06729877589,8797.98826946144,3.66402610126011,0.83093220338983,1,1,0,12471.3028249569,6387.07090735074,1730.23191771934,5946.96606133171,5,1,0.686359707403515
high_risk_irregular,353,8774.045156325,8821.20735181002,3.67364769545229,0.868502824858757,1,1,0,11205.8000669371,5356.45005613149,1554.65978266493,4987.36074095741,5,1,0.686359707403515
high_risk_irregular,354,8798.65963048887,8845.88557786881,3.68395459552566,0.88728813559322,1,1,0,9114.69376523285,3516.00437212557,1264.54583728688,3273.73204021586,5,1,0.686359707403515
high_risk_irregular,355,8822.1252858054,8869.10739890332,3.69378044688829,0.906073446327684,1,1,0,8613.11171109023,3412.40850641908,1194.95781656333,3177.27450805636,5,1,0.686359707403515
high_risk_irregular,356,8846.55761375059,8893.33000482164,3.70401107627384,0.83093220338983,1,1,0,12526.3612777218,6688.10689123446,1737.87056571395,6227.25898517192,5,1,0.686359707403515
high_risk_irregular,357,8870.07078682973,8919.18590832321,3.71385682490617,0.812146892655367,1,1,0,14992.0182025842,8491.94555092406,2079.94856425357,7906.80308995807,5,1,0.686359707403515
high_risk_irregular,358,8894.85337671633,8942.86220935634,3.72423412063144,0.849717514124294,1,1,0,11217.9169221052,5157.4431490516,1556.34083955598,4802.06652087717,5,1,0.686359707403515
high_risk_irregular,359,8920.11981580075,8967.86578084274,3.73481402012956,0.88728813559322,1,1,0,9107.54305887272,4027.98138515344,1263.55376929269,3750.43097855935,5,1,0.686359707403515
high_risk_irregular,360,8943.69438959776,8993.98554578064,3.74468547928731,0.868502824858757,1,1,0,11552.4086430465,6121.88749480386,1602.74723830266,5700.05526648998,5,1,0.686359707403515
high_risk_irregular,361,8969.01321885138,9017.43458801496,3.75528731629404,0.849717514124294,1,1,0,12777.9251999363,6239.82178511692,1772.77180527741,5809.8632257459,5,1,0.686359707403515
high_risk_irregular,362,8994.9627296301,9040.32073182477,3.76615324065904,0.812146892655367,1,1,0,12355.6008116123,5972.78411018672,1714.17976027893,5561.22593755184,5,1,0.686359707403515
high_risk_irregular,363,9018.34711552694,9064.53078484427,3.77594506180911,0.755790960451977,1,1,0,14141.1573257727,7684.36672726727,1961.90262572886,7154.87095615166,5,1,0.686359707403515
high_risk_irregular,364,9041.29974078381,9088.47286250066,3.78555609040022,0.718220338983051,1,1,0,14358.4200225572,8033.26068914942,1992.04501404084,7479.72417610398,5,1,0.686359707403515
high_risk_irregular,365,9065.25408207706,9112.5903799883,3.79558657085612,0.774576271186441,1,1,0,13114.8101882692,6711.95702378242,1819.51023891144,6249.46571042648,5,1,0.686359707403515
high_risk_irregular,366,9089.24965645221,9138.02226185206,3.8056343169766,0.868502824858757,1,1,0,12210.8719904869,5712.01473637362,1694.10050879737,5318.42502953054,5,1,0.686359707403515
high_risk_irregular,367,9113.33088147314,9163.59340155912,3.81571792787491,0.924858757062147,1,1,0,10238.0122623812,4964.16446268048,1420.39174567435,4622.10581511689,5,1,0.686359707403515
high_risk_irregular,368,9138.84166156245,9187.19009301317,3.82640014108912,0.924858757062147,1,1,0,8385.5067658184,3481.00882834641,1163.38057507802,3241.14788479134,5,1,0.686359707403515
high_risk_irregular,369,9164.56125976358,9212.75475481661,3.83716979340106,0.924858757062147,1,1,0,8152.96915653005,2942.39683914901,1131.11899027745,2739.64926884566,5,1,0.686359707403515
high_risk_irregular,370,9188.33772982749,9236.80708358689,3.84712579324955,0.88728813559322,1,1,0,11133.2116860951,4419.52234624136,1544.58908394555,4114.99258136405,5,1,0.686359707403515
high_risk_irregular,371,9214.00776015106,9262.29062135709,3.85787468984039,0.94364406779661,1,1,0,10265.6270429701,3857.89439303877,1424.22293921093,3592.06392983662,5,1,0.686359707403515
high_risk_irregular,372,9237.84750338771,9287.90466526334,3.8678571842735,0.924858757062147,1,1,0,9615.81208282474,3874.65050792026,1334.06952056367,3607.66545484949,5,1,0.686359707403515
high_risk_irregular,373,9263.41422261513,9313.4496978178,3.87856282106779,0.868502824858757,1,1,0,12300.1670292531,5850.8328113342,1706.48904015898,5447.67776407273,5,1,0.686359707403515
high_risk_irregular,374,9289.01681098609,9338.23217034409,3.88928347746704,0.868502824858757,1,1,0,12102.1136332151,6321.83456788003,1679.01169380253,5886.22486988019,5,1,0.686359707403515
high_risk_irregular,375,9314.56833515664,9360.39800209473,3.89998275158497,0.793361581920904,1,1,0,10793.4406182994,4745.27905002603,1497.45024412511,4418.30282948251,5,1,0.686359707403515
high_risk_irregular,376,9338.87532510321,9385.56252509856,3.91016089777634,0.88728813559322,1,1,0,8484.81073301431,3307.09190538271,1177.15771576734,3079.21480883847,5,1,0.686359707403515
high_risk_irregular,377,9361.094448863,9410.17530494748,3.91946478486267,0.924858757062147,1,1,0,7993.46301298722,4025.5726621679,1108.98957649417,3748.18823003598,5,1,0.686359707403515
high_risk_irregular,378,9386.54986865985,9435.81035132567,3.93012381687875,0.88728813559322,1,1,0,10094.092225461,5026.92867927777,1400.42470253749,4680.54522676341,5,1,0.686359707403515
high_risk_irregular,379,9411.01277862621,9459.9996403927,3.94036725197505,0.849717514124294,1,1,0,12010.3950902977,5712.48749594454,1666.28693259435,5318.86521332749,5,1,0.686359707403515
high_risk_irregular,380,9436.77270643576,9484.9830091656,3.95115379163714,0.868502824858757,1,1,0,10066.3913377982,4284.00748063727,1396.58156275843,3988.81544661109,5,1,0.686359707403515
high_risk_irregular,381,9461.2013868147,9511.41741256934,3.96138289366522,0.962429378531073,1,1,0,8291.88380733704,3283.89318193782,1150.39160084899,3057.6146069628,5,1,0.686359707403515
high_risk_irregular,382,9486.17499775919,9537.09473701957,3.97184017626904,0.906073446327684,1,1,0,11164.686258916,5266.96067492673,1548.95577371771,4904.03767775769,5,1,0.686359707403515
high_risk_irregular,383,9512.54841445245,9562.93604380308,3.9828836041579,0.88728813559322,1,1,0,12415.224906879,6270.47077783859,1722.45183210202,5838.40033174859,5,1,0.686359707403515
high_risk_irregular,384,9537.88487294097,9587.18506132757,3.99349282311239,0.924858757062147,1,1,0,10439.2973588236,4614.13273132418,1448.31744865134,4296.19322435961,5,1,0.686359707403515
high_risk_irregular,385,9563.7877427592,9610.76796203657,4.00433921735394,0.849717514124294,1,1,0,10783.0003940753,4870.34790011104,1496.00179808591,4534.75373750817,5,1,0.686359707403515
high_risk_irregular,386,9588.21223098678,9635.97281012606,4.01456656398864,0.849717514124294,1,1,0,10731.8504766343,4816.23209481216,1488.90540880025,4484.36681333551,5,1,0.686359707403515
high_risk_irregular,387,9611.80232237413,9660.78852959858,4.02444452087825,0.88728813559322,1,1,0,9373.76355955657,4057.54625231739,1300.4884194972,3777.95866130817,5,1,0.686359707403515
high_risk_irregular,388,9637.04195208318,9684.38638681851,4.03501319439806,0.924858757062147,1,1,0,8733.90731451242,3498.42348401027,1211.71664372796,3257.36257344989,5,1,0.686359707403515
high_risk_irregular,389,9661.71007282743,9709.53576810767,4.04534255808124,0.981214689265537,1,1,0,7579.62777112341,2603.36788040566,1051.57529073751,2423.98129823727,5,1,0.686359707403515
high_risk_irregular,390,9685.29544689235,9735.31896246384,4.05521853967084,0.924858757062147,1,1,0,9557.9865428396,3925.79978493426,1326.04697501684,3655.29026109892,5,1,0.686359707403515
high_risk_irregular,391,9710.36490594624,9760.04975217192,4.06571595707011,0.88728813559322,1,1,0,10149.982115614,4476.55964739968,1408.17870171287,4168.09969402004,5,1,0.686359707403515
high_risk_irregular,392,9736.318001629,9784.06656968546,4.07658338255383,0.962429378531073,1,1,0,7370.3606533484,2451.06524951756,1022.54218556915,2282.17316895837,5,1,0.686359707403515
high_risk_irregular,393,9761.04333018806,9809.22367922246,4.08693670105427,0.906073446327684,1,1,0,11599.0685755914,5147.56464041581,1609.22070027379,4792.8686966404,5,1,0.686359707403515
high_risk_irregular,394,9784.91853425464,9834.11847889778,4.09693404411783,0.849717514124294,1,1,0,12903.5269395778,6521.74904860251,1790.1974216624,6072.36412671184,5,1,0.686359707403515
high_risk_irregular,395,9810.22367101243,9858.14995830602,4.10753014762056,0.849717514124294,1,1,0,10598.8389737145,4766.0430748375,1470.45178362525,4437.63609705408,5,1,0.686359707403515
high_risk_irregular,396,9834.63621837196,9882.52173039719,4.11775249421613,0.849717514124294,1,1,0,11365.0554850936,5307.11944138923,1576.75441154466,4941.42928099518,5,1,0.686359707403515
high_risk_irregular,397,9859.09865624489,9907.72657351465,4.12799573163119,0.755790960451977,1,1,0,14765.6621906531,7898.21689634023,2048.54459611103,7353.98565460026,5,1,0.686359707403515
high_risk_irregular,398,9883.84665057116,9932.46044233669,4.1383585410432,0.755790960451977,1,1,0,16580.9309637367,8863.9352120171,2300.38965308,8253.160586497,5,1,0.686359707403515
high_risk_irregular,399,9908.58428142474,9957.24984873268,4.14871701092406,0.849717514124294,1,1,0,12991.4932858599,6473.10689768165,1802.401614132,6027.07369156987,5,1,0.686359707403515
high_risk_irregular,400,9933.42525743982,9982.00154997302,4.15911875486577,0.868502824858757,1,1,0,10564.5751131978,4888.49344341665,1465.6981162721,4551.64895156924,5,1,0.686359707403515
high_risk_irregular,401,9958.4430102917,10006.0048209445,4.16959452115628,0.924858757062147,1,1,0,8656.14960031102,3415.77566924975,1200.92876688394,3180.40965456834,5,1,0.686359707403515
high_risk_irregular,402,9983.19968312881,10031.0847413162,4.1799609645498,0.906073446327684,1,1,0,8393.32189261574,3439.07417704693,1164.46482281184,3202.1027650973,5,1,0.686359707403515
high_risk_irregular,403,10006.8536730378,10055.4427519321,4.18986567787844,0.906073446327684,1,1,0,9654.24772104008,4277.76480770933,1339.40196809955,3983.00292870219,5,1,0.686359707403515
high_risk_irregular,404,10031.8904893822,10078.9083957881,4.20034942668812,0.924858757062147,1,1,0,9160.422875525,3660.25698696407,1270.89015971309,3408.04484449607,5,1,0.686359707403515
high_risk_irregular,405,10056.5781214939,10102.9087603366,4.21068696043066,0.962429378531073,1,1,0,7428.77960864474,2757.74988252999,1030.64705981303,2567.7255184646,5,1,0.686359707403515
high_risk_irregular,406,10079.8499067407,10129.0952110579,4.22043163193861,0.924858757062147,1,1,0,8641.9996963151,3794.17553513572,1198.96565077089,3532.7356570003,5,1,0.686359707403515
high_risk_irregular,407,10103.9906727687,10153.2013379619,4.23054017463947,0.868502824858757,1,1,0,11631.8174265216,5428.19647964507,1613.76417964747,5054.16343531393,5,1,0.686359707403515
high_risk_irregular,408,10129.7048883878,10178.0796107088,4.24130757308506,0.812146892655367,1,1,0,13593.7426150085,7458.36465030399,1885.95591686553,6944.44168411331,5,1,0.686359707403515
high_risk_irregular,409,10153.9774696512,10204.339735676,4.25147131121488,0.849717514124294,1,1,0,12398.1077897458,6407.95104618537,1720.07705355491,5966.40744202195,5,1,0.686359707403515
high_risk_irregular,410,10179.1570359773,10229.0275405465,4.26201483419594,0.88728813559322,1,1,0,10722.9216629183,5092.08765146831,1487.66665141495,4741.21438197232,5,1,0.686359707403515
high_risk_irregular,411,10205.1774937968,10252.7956123781,4.27291046644968,0.849717514124294,1,1,0,9851.2086118591,5251.56053003033,1366.72774349132,4889.69868882724,5,1,0.686359707403515
high_risk_irregular,412,10230.1038588615,10277.4402876159,4.28334796563019,0.868502824858757,1,1,0,9051.40637522421,4004.6205654432,1255.76553071274,3728.67984975603,5,1,0.686359707403515
high_risk_irregular,413,10253.4392672211,10300.4945514769,4.29311927825433,0.793361581920904,1,1,0,12547.572567377,6029.55877053853,1740.81335772955,5614.08850681927,5,1,0.686359707403515
high_risk_irregular,414,10278.1569919257,10324.818763034,4.30346941276767,0.793361581920904,1,1,0,12237.8055833722,6435.75419230035,1697.83719635304,5992.29479613818,5,1,0.686359707403515
high_risk_irregular,415,10301.7069949766,10350.7082492678,4.31333058333573,0.849717514124294,1,1,0,11442.6585984056,5573.08512749879,1587.52083951545,5189.0684463835,5,1,0.686359707403515
high_risk_irregular,416,10325.581145271,10375.8869034721,4.32332748514981,0.88728813559322,1,1,0,10314.6543527207,4741.23166864101,1431.02484414107,4414.53433527238,5,1,0.686359707403515
high_risk_irregular,417,10351.4991268133,10401.7917422529,4.33418020717348,0.88728813559322,1,1,0,9887.02459663733,4415.56661597439,1371.69674800493,4111.30942299823,5,1,0.686359707403515
high_risk_irregular,418,10376.6953964789,10426.8424305112,4.34473072439909,0.924858757062147,1,1,0,11102.596461137,5437.835655131,1540.34161757141,5063.13841779112,5,1,0.686359707403515
high_risk_irregular,419,10402.723305728,10452.2680974712,4.35562947681456,0.924858757062147,1,1,0,10821.1892685251,5322.89356824091,1501.30001034184,4956.11648243616,5,1,0.686359707403515
high_risk_irregular,420,10427.8301338784,10477.103235294,4.36614254189905,0.83093220338983,1,1,0,13884.0225882166,7488.94807168979,1926.22850760996,6972.91773701128,5,1,0.686359707403515
high_risk_irregular,421,10453.2775459615,10502.8991583422,4.37679822081872,0.849717514124294,1,1,0,12719.5799610597,6668.43064199636,1764.67715823305,6208.9385393634,5,1,0.686359707403515
high_risk_irregular,422,10477.9395962153,10526.7535824425,4.38712504258535,0.88728813559322,1,1,0,10361.8921364252,4671.11455932697,1437.57847548456,4349.24868627021,5,1,0.686359707403515
high_risk_irregular,423,10503.9514207777,10551.0413171793,4.39801705980686,0.906073446327684,1,1,0,8240.25111368813,3807.52795118231,1143.22823261048,3545.16801703163,5,1,0.686359707403515
high_risk_irregular,424,10527.5086171453,10575.3311426104,4.40788124245617,0.862429378531073,1,1,0,2583.21190606698,1450.92920066947,358.387231297557,1350.95207786812,5,1,0.686359707403515
high_risk_irregular,425,10551.822307035,10600.7418710544,4.41806219413686,1,1,0,0,0.0763383795557587,1.67227981606981,0.0105909625247837,1.5570504000154,1.5570504000154,1,0.519588508893605
high_risk_irregular,426,10576.1966614657,10624.9515860838,4.42826854808119,1,1,0,0,0.326739817742323,0.726921763662469,0.0453309224691624,0.67683279557283,0.67683279557283,1,0.350884257766099
high_risk_irregular,427,10601.564681079,10650.3093980103,4.43889098272971,1,1,0,0,0.501810417001522,0.7176528527355,0.0696197031157477,0.668202564359215,0.668202564359215,1,0.348617216590584
high_risk_irregular,428,10625.79809296,10675.218240557,4.44903831933464,1,1,0,0,0.953810249972316,0.202060286855953,0.132328832128705,0.188137204941995,0.188137204941995,1,0.196328031594586
high_risk_irregular,429,10651.1885718072,10700.0029860825,4.45967015841235,1,1,0,0,1.11597041234972,0.0281335208992323,0.154826456688544,0.0261949642332839,0.154826456688544,1,0.183586262517848
high_risk_irregular,430,10676.020516217,10725.3134058961,4.47006812052014,1,1,0,0,1.1000113922774,0.00247618888696978,0.152612349125587,0.00230556564751902,0.152612349125587,1,0.182728003439521
high_risk_irregular,431,10700.8590033317,10749.6138719178,4.48046882227639,1,1,0,0,0.585913054275503,0.00222236111105636,0.0812878559477528,0.00206922802254555,0.0812878559477528,1,0.154303908623663
high_risk_irregular,432,10726.132356526,10775.2955961215,4.49105161694259,1,1,0,0,4.52136653803888,0.00159578708382544,0.627281111334099,0.00148582844409938,0.627281111334099,1,0.337665698660426
high_risk_irregular,433,10750.442749645,10799.8400917462,4.50123118815557,1,1,0,0,2.25280862808892,0.00215462643158131,0.312548051117221,0.0020061606406648,0.312548051117221,1,0.241198770438516
high_risk_irregular,434,10776.1406543372,10825.0902745978,4.51199175667288,1,1,0,0,0.262445608316283,0.130552330119055,0.0364109327267234,0.121556545669825,0.121556545669825,1,0.170538371873471
high_risk_irregular,435,10800.6555636557,10850.256353434,4.52225696562967,1,1,0,0,1.11086212448462,0.00291053619414727,0.154117747836458,0.00270998400016993,0.154117747836458,1,0.183311699314478
high_risk_irregular,436,10825.9836124333,10874.9350584733,4.53286266315813,1,1,0,0,0.906589532818224,0.216540282132227,0.125777568548279,0.201619447698552,0.201619447698552,1,0.201395339725022
high_risk_irregular,437,10851.0741771473,10900.6765836854,4.54336891820017,1,1,0,0,2.31939612552043,0.0236173624468539,0.32178620490068,0.0219899943130375,0.32178620490068,1,0.244366640524951
high_risk_irregular,438,10875.7745571844,10925.3845763385,4.55371178992359,1,1,0,0,1.50941096376349,0.167657203302423,0.209411243004448,0.156104685925721,0.209411243004448,1,0.204300611564243
high_risk_irregular,439,10901.5231202811,10950.9116421908,4.56449357080194,1,1,0,0,5.5281869554864,0.278178578450054,0.766964418373453,0.259010521259135,0.766964418373453,1,0.373704050610491
high_risk_irregular,440,10926.2032507453,10975.6831784883,4.5748279633548,1,1,0,0,2.30781442128277,1.73955754750621,0.320179393277641,1.61969232012861,1.61969232012861,1,0.527868475238063
high_risk_irregular,441,10951.7825576864,11000.84726759,4.58553887104403,1,1,0,0,0.248234701176961,1.47145580702379,0.0344393532167626,1.37006428643981,1.37006428643981,1,0.492427663468547
high_risk_irregular,442,10976.5155519845,11026.4446227629,4.5958953994447,1,1,0,0,3.99982073311728,0.190988998173106,0.554923378473813,0.177828789862976,0.554923378473813,1,0.317459102283638
high_risk_irregular,443,11001.7187458212,11051.0526746244,4.60644881605132,1,1,0,0,2.07041507429042,0.00319554785025613,0.287243305270067,0.00297535676188652,0.287243305270067,1,0.232408232030213
high_risk_irregular,444,11027.2690377724,11076.9630890229,4.61714757419798,1,1,0,0,3.5168527913878,0.0139134112040852,0.487917825024874,0.0129546994903126,0.487917825024874,1,0.29774358450409
high_risk_irregular,445,11051.9024141716,11101.753813191,4.6274623892668,1,1,0,0,1.31392624334874,1.37095851640435,0.182290267158108,1.27649182024379,1.27649182024379,1,0.47733703992558
high_risk_irregular,446,11077.7991810223,11127.3018239002,4.63830622799261,1,1,0,0,1.29775925376452,0.492650628232029,0.180047306516011,0.45870424936379,0.45870424936379,1,0.288832811473558
high_risk_irregular,447,11102.5601849201,11152.7179734878,4.64867448494545,1,1,0,0,1.73726810720796,0.396154581543445,0.241023473723361,0.368857319051923,0.368857319051923,1,0.260171396179516
high_risk_irregular,448,11128.1574982281,11177.4940880278,4.65939293250016,1,1,0,0,3.05423006544053,0.0509135923891997,0.42373490704661,0.0474053616111546,0.42373490704661,1,0.277906470546261
high_risk_irregular,449,11153.5430903788,11203.5414459645,4.67002272535533,1,1,0,0,4.0434898387728,0.277969468465448,0.560981901908288,0.258815820119978,0.560981901908288,1,0.319193383850197
high_risk_irregular,450,11178.3552895226,11228.2970175387,4.68041241946269,1,1,0,0,3.09224550183725,0.102684217356893,0.429009057016572,0.0956087014711323,0.429009057016572,1,0.279572811106522
high_risk_irregular,451,11204.350872094,11254.2797964125,4.69129763562162,1,1,0,0,2.85312661402476,0.0525793552364932,0.395834404967005,0.0489563440979281,0.395834404967005,1,0.268980945193158
high_risk_irregular,452,11229.169244478,11279.6431825297,4.70168991467019,1,1,0,0,4.5293947030512,0.0153374559994187,0.62839491536404,0.0142806196484743,0.62839491536404,1,0.337968249328289
high_risk_irregular,453,11255.1267776021,11305.0186389509,4.71255919825838,1,1,0,0,8.14437389566652,0.0373237580925311,1.12992650903504,0.0347519427727324,1.12992650903504,1,0.451465114058945
high_risk_irregular,454,11280.4730594515,11330.9056208672,4.72317253058124,1,1,0,0,2.99049539159618,0.183922185601914,0.414892545627059,0.171248920133598,0.414892545627059,1,0.275097940419981
high_risk_irregular,455,11305.8958203727,11355.8056784579,4.73381788723843,1,1,0,0,2.38320273104768,0.00118665432407588,0.330638545910607,0.00110488721577993,0.330638545910607,1,0.247381687022529
high_risk_irregular,456,11331.7506860535,11381.8902576456,4.74464418054898,1,1,0,0,4.41273527431534,0.313769850995184,0.612209928924791,0.292149356411551,0.612209928924791,1,0.333546859335973
high_risk_irregular,457,11356.666013268,11406.9790519489,4.755077057814,1,1,0,0,3.5993872854366,0.0830199039579211,0.499368418272459,0.0772993690557853,0.499368418272459,1,0.301183349055123
high_risk_irregular,458,11382.7618604455,11432.849145518,4.76600425810266,1,1,0,0,2.7178063665748,0.121077446066683,0.377060471358156,0.112734534029143,0.377060471358156,1,0.262869074888573
high_risk_irregular,459,11407.7855624984,11458.45957487,4.77648251552173,1,1,0,0,3.16649056153154,0.0323216432034427,0.439309598493198,0.0300945015274732,0.439309598493198,1,0.282808268177933
high_risk_irregular,460,11433.7219070578,11483.6731568644,4.78734292675223,1,1,0,0,2.15436980039301,0.617508407409682,0.298890937340664,0.574958630446079,0.574958630446079,1,0.323164357554559
high_risk_irregular,461,11459.2946573598,11509.8652175804,4.79805108895834,1,1,0,0,4.72382326194376,0.326197913060749,0.655369362463414,0.303721055612038,0.655369362463414,1,0.34521886376836
high_risk_irregular,462,11484.5275121129,11534.778771513,4.80861692557845,1,1,0,0,4.88409539820283,0.00105865250964042,0.677605047825939,0.000985705441022985,0.677605047825939,1,0.3510864032841
high_risk_irregular,463,11510.700963018,11560.7532165844,4.81957662113232,1,1,0,0,1.5782822670171,0.00878088712070671,0.218966245298663,0.0081758349723547,0.218966245298663,1,0.207840220148413
high_risk_irregular,464,11535.5941554435,11586.1557194776,4.83000022982404,1,1,0,0,2.56550682876129,0.149326326982825,0.355930880883334,0.13903690933009,0.355930880883334,1,0.255886596602203
high_risk_irregular,465,11561.6121004608,11611.7398260625,4.84089480988381,1,1,0,0,8.14920192179531,0.956105380184865,1.13059633519714,0.890224381331391,1.13059633519714,1,0.451589939078769
high_risk_irregular,466,11586.983241461,11637.9279090537,4.85151855156099,1,1,0,0,5.37459694938992,1.01985739904548,0.745655792119984,0.949583530150159,0.949583530150159,1,0.41546949929332
high_risk_irregular,467,11612.6141707803,11662.8361152309,4.86225107525914,1,1,0,0,4.98532642200979,0.540116976713559,0.691649542688473,0.502899901419278,0.691649542688473,1,0.35474235116574
high_risk_irregular,468,11638.7476039375,11689.0668167409,4.87319401404923,1,1,0,0,5.98169620401922,0.294566034293974,0.829882959267364,0.27426878990043,0.829882959267364,1,0.388743950389403
high_risk_irregular,469,11663.6880888897,11714.1403368336,4.88363742569686,1,1,0,0,5.96265548569507,0.747639564988215,0.827241305941874,0.696123024714928,0.827241305941874,1,0.388126666163324
high_risk_irregular,470,11689.920999985,11739.8677473087,4.89462201921258,1,1,0,0,1.82974442715707,0.729219528346489,0.253853366690836,0.678972231441166,0.678972231441166,1,0.351443991633839
high_risk_irregular,471,11714.9500974869,11765.5165751325,4.90510253588586,1,1,0,0,2.10760204476056,0.0518830304563229,0.292402516311111,0.0483079999828548,0.292402516311111,1,0.234214039532875
high_risk_irregular,472,11740.7366833905,11790.6387193436,4.91590023817972,1,1,0,0,1.49049725009123,0.628466138668873,0.206787209931265,0.585161312841949,0.585161312841949,1,0.326036903940225
high_risk_irregular,473,11766.3300400319,11816.8508796077,4.92661702894634,1,1,0,0,2.28839350133846,0.291312930969802,0.317484991896265,0.271239843558126,0.317484991896265,1,0.242894435102478
high_risk_irregular,474,11791.4879315157,11841.9096718747,4.93715147594909,1,1,0,0,2.36590631163296,0.152567389181364,0.328238891491686,0.142054644247545,0.328238891491686,1,0.24656635790094
high_risk_irregular,475,11817.6976537072,11867.9320619897,4.94812635949853,1,1,0,0,2.45366193531016,0.0481340998511696,0.34041384892611,0.0448173916275481,0.34041384892611,1,0.250687913321573
high_risk_irregular,476,11842.7447900276,11893.4332599425,4.95861442962588,1,1,0,0,4.20926215285689,0.0943872805707607,0.583980665784707,0.0878834699532925,0.583980665784707,1,0.325705618466003
high_risk_irregular,477,11868.8083083661,11919.0157562146,4.96952809275297,1,1,0,0,2.18954757884252,0.0019814207379996,0.303771398983051,0.00184488978641855,0.303771398983051,1,0.238168754763658
high_risk_irregular,478,11894.2694305813,11945.2047139388,4.98018951256152,1,1,0,0,3.45059410117041,0.0784953163135817,0.478725288988382,0.0730865507619662,0.478725288988382,1,0.294960684866358
high_risk_irregular,479,11919.8935106862,11970.3165618409,4.99091916826551,1,1,0,0,2.07972055411754,0.158174383778699,0.288534320205119,0.147275285611969,0.288534320205119,1,0.23286076387731
high_risk_irregular,480,11946.0629660841,11996.5660301111,5.00187719076746,1,1,0,0,2.37595148079902,0.132220287439308,0.32963252875268,0.12310957141812,0.32963252875268,1,0.24704005181302
high_risk_irregular,481,11971.1928876731,12021.5968619646,5.01239992584377,1,1,0,0,7.27122992230137,0.0178973303716926,1.00878907915422,0.0166641043841244,1.00878907915422,1,0.427827435300079
high_risk_irregular,482,11997.4220468644,12047.3417035853,5.02338294831231,1,1,0,0,1.5177159056452,0.000334568457107598,0.210563446244175,0.000311514822439364,0.210563446244175,1,0.204728786364415
high_risk_irregular,483,12022.4201617816,12073.0080380168,5.03385049154557,1,1,0,0,2.62539115241456,0.203899524915779,0.364239056028321,0.189849709230606,0.364239056028321,1,0.258645321641821
high_risk_irregular,484,12048.2258370755,12098.126380888,5.04465618720287,1,1,0,0,2.48179271121705,0.10645554305972,0.344316630137301,0.0991201617768457,0.344316630137301,1,0.252001165460402
high_risk_irregular,485,12073.8699106497,12124.3972436181,5.05539421483833,1,1,0,0,4.47992488647869,0.413846627717102,0.621531618337349,0.385330284465407,0.621531618337349,1,0.336099896226863
high_risk_irregular,486,12098.9875893287,12149.354764671,5.0659118234005,1,1,0,0,5.19880342834674,0.0504018195087362,0.721266715428774,0.0469288527395021,0.721266715428774,1,0.362326967787881
high_risk_irregular,487,12125.2606663534,12175.4995302884,5.07691323572847,1,1,0,0,7.70211503158564,0.376986247955271,1.0685688134304,0.35100979066924,1.0685688134304,1,0.439760725729607
high_risk_irregular,488,12150.1857748665,12200.9179404263,5.087350208749,1,1,0,0,2.28702003032599,0.245920252413449,0.317294440562761,0.22897497399219,0.317294440562761,1,0.242829103878025
high_risk_irregular,489,12176.3654713166,12226.2793526869,5.09831251952053,1,1,0,0,2.34402847747004,0.230205395259017,0.325203625049154,0.214342958235401,0.325203625049154,1,0.245532963173253
high_risk_irregular,490,12201.7204677761,12252.2255182865,5.10892950094082,1,1,0,0,10.3428961902548,0.00671759986867683,1.43494303371617,0.00625471973180235,1.43494303371617,1,0.502286141124488
high_risk_irregular,491,12227.1669303313,12277.3972719707,5.11958478226154,1,1,0,0,2.29654128111027,0.734373135864847,0.318615390926551,0.68377072662772,0.68377072662772,1,0.352696145358546
high_risk_irregular,492,12253.0631405814,12303.6286938831,5.13042838792014,1,1,0,0,1.99347985250796,0.202736285213418,0.276569538608059,0.188766623238375,0.276569538608059,1,0.228649985038285
high_risk_irregular,493,12278.2654313257,12328.6815893106,5.1409814263719,1,1,0,0,2.26759435855952,0.315915316853075,0.314599379927538,0.294146987693199,0.314599379927538,1,0.241904091867386
high_risk_irregular,494,12304.4981568559,12354.173498945,5.15196594218533,1,1,0,0,6.93405626171023,1.35486175490222,0.962010595979106,1.26150421548113,1.26150421548113,1,0.474820031625486
high_risk_irregular,495,12329.5175300239,12379.7561690671,5.16244238695614,1,1,0,0,5.45731371749687,0.575982281311742,0.757131673534942,0.536293886286308,0.757131673534942,1,0.371288867492222
high_risk_irregular,496,12354.9917162879,12404.696775055,5.17310927711701,1,1,0,0,1.95394298766935,0.0270776396244992,0.271084310125481,0.0252118390736107,0.271084310125481,1,0.226706894021427
high_risk_irregular,497,12380.5809303289,12430.738771808,5.18382433323889,1,1,0,0,2.41692022924154,0.125382211290855,0.335316412560106,0.116742676894864,0.335316412560106,1,0.248966870750681
high_risk_irregular,498,12405.5842733731,12455.4898881684,5.19429406566302,1,1,0,0,1.8529489106084,0.49497796047071,0.257072688558424,0.460871215417188,0.460871215417188,1,0.289500507753256
high_risk_irregular,499,12431.5668298014,12481.2876956928,5.20517382734205,1,1,0,0,3.86477856256282,0.572691975146281,0.536188024436554,0.533230300586191,0.536188024436554,1,0.312045879998357
high_risk_irregular,500,12456.2935517299,12506.3687581385,5.21552772929267,1,1,0,0,2.38123526781263,0.0223606946327217,0.330365585841077,0.0208199179275677,0.330365585841077,1,0.247289017492561
high_risk_irregular,501,12482.1348045519,12531.5266596961,5.22634832244588,1,1,0,0,4.50320076001877,0.300890316681092,0.624760844656131,0.280157293921137,0.624760844656131,1,0.336980166668784
high_risk_irregular,502,12507.1704293617,12557.4135405916,5.23683157232036,1,1,0,0,1.5191696281238,0.00669242199082781,0.21076513143034,0.00623127675031108,0.21076513143034,1,0.204803697348802
high_risk_irregular,503,12532.403899612,12582.1242578089,5.24739766666965,1,1,0,0,4.31935384789073,0.0358920691503494,0.599254464143783,0.0334189051921194,0.599254464143783,1,0.329968826262916
high_risk_irregular,504,12558.2604466802,12608.0063708581,5.25822466403308,1,1,0,0,2.47982659517715,0.713855573349762,0.344043856973669,0.664666938724247,0.664666938724247,1,0.347684211621155
high_risk_irregular,505,12582.9506273703,12632.8901699054,5.26856326495023,1,1,0,0,4.40795107060696,0.0577249014317448,0.611546182556566,0.0537473334315455,0.611546182556566,1,0.333364389966293
high_risk_irregular,506,12608.8937301283,12658.2175592228,5.27942650606355,1,1,0,0,1.41369266117055,0.0575826193549159,0.196131566888749,0.0536148553842041,0.196131566888749,1,0.199338898353626
high_risk_irregular,507,12633.7039478462,12683.5467368173,5.28981537048189,1,1,0,0,7.86060876774542,0.198684520957568,1.09055776878745,0.184994048161696,1.09055776878745,1,0.444017322301514
high_risk_irregular,508,12659.0842004456,12708.2438007952,5.30044292748909,1,1,0,0,1.40312650394356,0.239830496599225,0.194665649274657,0.223304836354089,0.223304836354089,1,0.209439077456191
high_risk_irregular,509,12684.334302652,12733.8131105692,5.31101598619233,1,1,0,0,1.36529037943436,0.362451896433669,0.189416376509215,0.337476937116141,0.337476937116141,1,0.249697130050711
high_risk_irregular,510,12709.0727076822,12758.3246466194,5.32137478024672,1,1,0,0,1.22140607414474,0.434483102394429,0.169454290673822,0.404544790819227,0.404544790819227,1,0.271787524523657
high_risk_irregular,511,12734.6455475211,12783.9320778423,5.33208297994485,1,1,0,0,1.02174157201541,0.144036074113415,0.141753424191102,0.134111184420095,0.141753424191102,1,0.178498038657595
high_risk_irregular,512,12759.1326708709,12808.8046533405,5.34233655399119,1,1,0,0,1.73577037965661,0.148295300997736,0.240815683402673,0.138076926791832,0.240815683402673,1,0.215839559226118
high_risk_irregular,513,12784.831422926,12833.6867178769,5.35309747732754,1,1,0,0,0.676750180221961,0.00823366349906701,0.0938903319546648,0.00766631811352275,0.0938903319546648,1,0.15943745107491
high_risk_irregular,514,12809.589824299,12859.0984749198,5.36346464451661,1,1,0,0,5.55709323554239,0.280530612249327,0.770974790752137,0.261200486797686,0.770974790752137,1,0.374684002329502
high_risk_irregular,515,12834.5480443524,12883.4319557983,5.37391548244176,1,1,0,0,2.78476829990813,0.61593343988624,0.386350573278676,0.573492186978412,0.573492186978412,1,0.322749673430115
high_risk_irregular,516,12859.9127067627,12908.8564164527,5.38453651131758,1,1,0,0,0.555914442423981,0.301064266219405,0.077125936664636,0.28031925736506,0.28031925736506,1,0.22997369533202
high_risk_irregular,517,12884.2610648998,12933.2172122386,5.39473197974802,1,1,0,0,1.74525289177826,0.000164998029501585,0.242131259278211,0.000153628744046547,0.242131259278211,1,0.216317035975375
high_risk_irregular,518,12909.6997835987,12958.1926684473,5.40538401845821,1,1,0,0,0.154135693904299,0.19915542886401,0.0213843333768906,0.185432507884195,0.185432507884195,1,0.195305284544161
high_risk_irregular,519,12934.0177149033,12983.2393466398,5.41556674616056,1,1,0,0,0.868711526034219,0.891763246745055,0.120522485159066,0.830315780122682,0.830315780122682,1,0.388844972574036
high_risk_irregular,520,12959.0373484091,13007.4494370892,5.42604329994351,1,1,0,0,1.48778271685857,0.580009456657528,0.206410603564892,0.540043566766112,0.540043566766112,1,0.31316608973546
high_risk_irregular,521,12984.0307339279,13032.8001513029,5.43650886282013,1,1,0,0,1.79072792759874,0.201245598232928,0.248440332158598,0.187378652913692,0.248440332158598,1,0.218600322984368
high_risk_irregular,522,13008.2721553751,13057.0371444114,5.44665955329719,1,1,0,0,3.29196379641169,0.654845031360698,0.456717386505105,0.609722552547812,0.609722552547812,1,0.33286259110817
high_risk_irregular,523,13033.6377889119,13082.0988596786,5.45728098881603,1,1,0,0,1.75001819360038,0.390906408890629,0.242792383254264,0.363970774796655,0.363970774796655,1,0.258556507324381
high_risk_irregular,524,13057.8680785692,13106.5758979427,5.4674270180419,1,1,0,0,4.61088325848842,0.358405018587378,0.639700398161248,0.333708911748121,0.639700398161248,1,0.341024979632085
high_risk_irregular,525,13082.9451860256,13130.9431349485,5.47792763808203,1,1,0,0,5.77365313915246,1.75375773320961,0.801019675603665,1.6329140337541,1.6329140337541,1,0.529566945357825
high_risk_irregular,526,13107.348977756,13155.9053469752,5.48814631840408,1,1,0,0,3.07400320808346,1.16217649391891,0.426478174770489,1.0820960447862,1.0820960447862,1,0.442387615396673
high_risk_irregular,527,13131.786755338,13179.8954285648,5.49837922973405,1,1,0,0,1.38078048794887,0.370366286090592,0.191565428660135,0.344845981137824,0.344845981137824,1,0.252178991631866
high_risk_irregular,528,13156.7063228312,13205.0769988476,5.50881388254502,1,1,0,0,2.82208972577831,0.109291271562673,0.39152843826694,0.101760492753413,0.39152843826694,1,0.267586729840257
high_risk_irregular,529,13180.7254429246,13229.240614206,5.51887148804189,1,1,0,0,0.525358602155865,0.0239806147008984,0.0728867091479382,0.0223282164586565,0.0728867091479382,1,0.150854698811989
high_risk_irregular,530,13205.8924310311,13254.1356055238,5.5294097441035,1,1,0,0,0.192920954181446,0.0627022219304588,0.0267652864505566,0.0583816887583601,0.0583816887583601,1,0.144848062816561
high_risk_irregular,531,13230.0521574097,13278.6365555389,5.53952622613463,1,1,0,0,0.0762511100637095,0.212815606338982,0.0105788550118232,0.198151422863193,0.198151422863193,1,0.2000967716486
high_risk_irregular,532,13254.9777021585,13302.7040258439,5.54996338182152,1,1,0,0,0.443616883129204,0.0302251650931927,0.0615461031780352,0.0281424824641444,0.0615461031780352,1,0.146164048673476
high_risk_irregular,533,13279.4229278859,13327.7031459484,5.56019941193803,1,1,0,0,1.5291621691426,0.231111355768961,0.212151467216788,0.215186493008021,0.215186493008021,1,0.206443059196758
high_risk_irregular,534,13303.5238514831,13351.3486624948,5.57029127128626,1,1,0,0,8.78313825282243,0.210255706944213,1.21854679948625,0.195767914829237,1.21854679948625,1,0.467447035374247
high_risk_irregular,535,13328.4978961991,13376.0567050061,5.58074873552467,1,1,0,0,3.47615502070177,0.117641366738674,0.482271535875349,0.109535219751264,0.482271535875349,1,0.296036530584499
high_risk_irregular,536,13352.1519229886,13400.0557116405,5.59065346429639,1,1,0,0,0.70823954990964,0.264317356836823,0.0982590746006582,0.246104415205479,0.246104415205479,1,0.217756201526088
high_risk_irregular,537,13376.8921223697,13424.2307410795,5.60101300970526,1,1,0,0,1.27008177894831,0.150671124541656,0.176207414966505,0.1402890428288,0.176207414966505,1,0.191801285017892
high_risk_irregular,538,13400.8185847112,13448.9429517389,5.61103181631563,1,1,0,0,4.78476813321409,0.937131873206878,0.663824674869284,0.87255825491769,0.87255825491769,1,0.398548418162061
high_risk_irregular,539,13425.0871393834,13472.6182027015,5.6211938683776,1,1,0,0,2.64876998612961,0.0051687010261881,0.367482566739317,0.00481254866742362,0.367482566739317,1,0.259717670767
high_risk_irregular,540,13449.7318177652,13497.4019601474,5.63151341596289,1,1,0,0,0.646846052186695,0.379075820316301,0.0897415210786559,0.352955379828026,0.352955379828026,1,0.254894394977246
high_risk_irregular,541,13473.4105918031,13521.1147045098,5.64142850723169,1,1,0,0,1.14949620863506,0.257814305158427,0.159477727178405,0.240049460095776,0.240049460095776,1,0.215561248005074
high_risk_irregular,542,13498.2366552845,13545.5134044055,5.65182400679892,1,1,0,0,2.83551556504168,0.180644193346227,0.393391099766039,0.168196799846121,0.393391099766039,1,0.268190387750721
high_risk_irregular,543,13521.9223010992,13569.8012315551,5.66174197550952,1,1,0,0,0.391253972900019,0.159859641521586,0.0542814268362896,0.148844419687185,0.148844419687185,1,0.181264152743786
high_risk_irregular,544,13546.3646090849,13593.492131246,5.67197678387039,1,1,0,0,3.84117510149711,0.205969171757504,0.532913349586801,0.191776745849616,0.532913349586801,1,0.311091891277095
high_risk_irregular,545,13570.5596697075,13618.1509558356,5.68210806152622,1,1,0,0,3.53571598807031,0.564238720609624,0.490534849519297,0.525359522483597,0.525359522483597,1,0.308882329735568
high_risk_irregular,546,13594.2856986685,13641.6743078713,5.69204294000508,1,1,0,0,0.78010578791703,0.0163759078722643,0.108229585344569,0.0152475163893624,0.108229585344569,1,0.165219750171391
high_risk_irregular,547,13618.9485953068,13666.0020485215,5.70237011618109,1,1,0,0,3.79190521067892,0.36108613499251,0.526077789671955,0.336205284263643,0.526077789671955,1,0.309092968236956
high_risk_irregular,548,13642.4713746822,13689.7401651503,5.71221988728959,1,1,0,0,4.25184106561272,0.221775578030026,0.589887939058873,0.206494002479118,0.589887939058873,1,0.327360244783305
high_risk_irregular,549,13666.8027933969,13713.6993731535,5.72240826261975,1,1,0,0,1.45287381647146,0.00937001074493397,0.201567445275015,0.00872436468965848,0.201567445275015,1,0.201375892857752
high_risk_irregular,550,13690.5060343734,13738.0281629858,5.73233359901055,1,1,0,0,4.12230418329943,0.0132850196896666,0.571916372539633,0.0123696076596934,0.571916372539633,1,0.322303552471868
high_risk_irregular,551,13714.5323547384,13761.3262532933,5.74239421950096,1,1,0,0,3.38472707308504,0.453287616944035,0.469587091005525,0.422053569326386,0.469587091005525,1,0.292175153152959
high_risk_irregular,552,13738.8090232671,13785.6621388656,5.75255966910487,1,1,0,0,2.46740224543066,0.439049249032916,0.342320139188125,0.408796304460464,0.408796304460464,1,0.27315076331861
high_risk_irregular,553,13762.1264826185,13809.0939582986,5.76232346588147,1,1,0,0,3.56120164258959,0.333896399395657,0.494070654359589,0.310889073256031,0.494070654359589,1,0.299595569417472
high_risk_irregular,554,13786.453262131,13833.0438411367,5.77250989862318,1,1,0,0,3.71098250002935,0.0253372572415393,0.514850810518337,0.0235913787537964,0.514850810518337,1,0.305787542715345
high_risk_irregular,555,13809.8681644287,13856.9358913893,5.78231449800656,1,1,0,0,2.01962897132882,0.186903054385342,0.280197390536532,0.174024390414964,0.280197390536532,1,0.229930732907358
high_risk_irregular,556,13833.8632986416,13880.1547470872,5.79236205981647,1,1,0,0,2.57129973393964,0.0072572354142641,0.3567345715303,0.00675717137538788,0.3567345715303,1,0.256154213280094
high_risk_irregular,557,13857.6827813145,13904.4496619735,5.80233607047679,1,1,0,0,3.21671556105505,0.00768960673408267,0.446277667384054,0.00715974989724131,0.446277667384054,1,0.284982846545236
high_risk_irregular,558,13880.9357559943,13927.5834221142,5.81207286537388,1,1,0,0,1.5547098552662,0.182198158006844,0.215695878139636,0.169643687665475,0.215695878139636,1,0.206631581108555
high_risk_irregular,559,13905.2345761016,13951.7294111814,5.82224759058146,1,1,0,0,5.50039370242662,0.564064493286333,0.763108464090549,0.525197300395632,0.763108464090549,1,0.37275904811405
high_risk_irregular,560,13928.3769226094,13975.2606684709,5.83193806177865,1,1,0,0,1.50077736990267,0.00105657756658776,0.2082134435546,0.000983773473131536,0.2082134435546,1,0.203855100140634
high_risk_irregular,561,13952.5486220888,13998.6761658806,5.84205955734584,1,1,0,0,3.50358471083287,0.0363682733355518,0.486077050505544,0.0338622962502027,0.486077050505544,1,0.297187853456615
high_risk_irregular,562,13976.0169567331,14022.9017093408,5.85188653063224,1,1,0,0,2.7877209404721,0.017518193949473,0.386760213956721,0.0163110925782026,0.386760213956721,1,0.266037578878906
high_risk_irregular,563,13999.4942123359,14045.9952223523,5.86171723942105,1,1,0,0,3.6416220243605,0.483303694006552,0.505227941880244,0.450001371092556,0.505227941880244,1,0.302932160226487
high_risk_irregular,564,14023.680241076,14070.2173147983,5.87184473512688,1,1,0,0,2.59295598932584,0.18846108091062,0.359739096784268,0.175475060213826,0.359739096784268,1,0.257153246655778
high_risk_irregular,565,14046.7830251711,14093.3651320619,5.88151864022433,1,1,0,0,1.6831784185863,0.0794770246590141,0.233519229220099,0.0740006139212923,0.233519229220099,1,0.213182805671095
high_risk_irregular,566,14070.9715286352,14117.1925908616,5.89164717217949,1,1,0,0,5.92866765140217,0.508282451019464,0.822525933656144,0.473258952285067,0.822525933656144,1,0.387021764399955
high_risk_irregular,567,14094.1364132212,14140.9212840191,5.90134708082061,1,1,0,0,1.7856363496919,0.287795008510956,0.247733941597033,0.267964325598075,0.267964325598075,1,0.225598096865441
high_risk_irregular,568,14117.9935495422,14164.1863982968,5.9113368583174,1,1,0,0,5.32646573801102,0.510929205934619,0.738978209245513,0.47572333100912,0.738978209245513,1,0.366782827657798
high_risk_irregular,569,14141.6989445108,14188.360909862,5.92126309665647,1,1,0,0,1.62186688825477,0.224348021311217,0.225013047613191,0.208889190055686,0.225013047613191,1,0.210067161301195
high_risk_irregular,570,14165.0111325424,14211.3255596819,5.93102468615595,1,1,0,0,2.92858332324247,0.338993798327154,0.40630304713912,0.315635232941184,0.40630304713912,1,0.272351832835833
high_risk_irregular,571,14189.1414267974,14235.1821643417,5.9411288439767,1,1,0,0,3.53955455600446,0.21646402508034,0.491067401158145,0.201548445183301,0.491067401158145,1,0.298692666015372
high_risk_irregular,572,14212.1071647274,14258.6446286539,5.95074536328073,1,1,0,0,2.37627194585397,1.23324367300308,0.329676989132994,1.14826629844688,1.14826629844688,1,0.454860268724212
high_risk_irregular,573,14235.9812338862,14281.980629253,5.96074223112061,1,1,0,0,5.69789125578699,0.48159653058837,0.790508694466784,0.448411840765377,0.790508694466784,1,0.379415278625642
high_risk_irregular,574,14259.3910214912,14305.8966627829,5.97054468881186,1,1,0,0,4.8889102999707,0.340016779334243,0.678273053152759,0.316587724845344,0.678273053152759,1,0.351261166607788
high_risk_irregular,575,14282.8005099125,14328.9613225738,5.98034702122491,1,1,0,0,6.64785868687584,0.00810883574854581,0.922304385192419,0.00755009169195482,0.922304385192419,1,0.409588229357083
high_risk_irregular,576,14306.665728659,14353.2775429658,5.99034018310245,1,1,0,0,2.42884660058115,0.55055019022564,0.33697104228436,0.512614208269318,0.512614208269318,1,0.305125715427469
high_risk_irregular,577,14329.7348679502,14376.3664778619,6,1,1,0,0,3.52095460718305,0.00652317580645035,0.488486898898643,0.00607369257297804,0.488486898898643,1,0.297915233083674
missing_burst,1,0.839606071584365,49.3970618907948,0,1,1,0,0,0.989171300292045,0.226220862063727,0.137234720371979,0.210632981623842,0.210632981623842,1,0.204754614844821
missing_burst,2,26.0624865466212,74.2091802859766,0.0105471926251776,1,1,0,0,3.88441245549743,1.53408252561209,0.538911973064966,1.42837567445783,1.42837567445783,1,0.501309895383311
missing_burst,3,50.186997206474,99.0039762530592,0.0206350912364978,1,1,0,0,1.06830125988996,0.11157548422346,0.148212978511151,0.103887310408582,0.148212978511151,1,0.18101843118378
missing_burst,4,75.0767391563871,123.371763405688,0.0310429787494451,1,1,0,0,1.99644241273163,0.00220108088384487,0.276980555510551,0.0020494141218014,0.276980555510551,1,0.228795262262716
missing_burst,5,99.7739657837198,148.76822918972,0.0413703641090969,1,1,0,0,2.38319292166662,0.0777845651069364,0.330637184985896,0.0724247742817481,0.330637184985896,1,0.247381225037708
missing_burst,6,124.225361233005,172.788503576562,0.0515949527722848,1,1,0,0,3.66084110086591,0.491323695669548,0.507894340095851,0.457468749863436,0.507894340095851,1,0.303725422514274
missing_burst,7,149.579104231092,198.176799297159,0.0621968668333979,1,1,0,0,2.63568931151871,0.0211265288748268,0.365667792370132,0.0196707930810263,0.365667792370132,1,0.259118002946682
missing_burst,8,173.61118972602,222.981170279962,0.0722461169636757,1,1,0,0,2.66982710547198,0.560095555427078,0.370403969618613,0.521501844514383,0.521501844514383,1,0.307749086628519
missing_burst,9,199.020723551867,247.838551636371,0.0828713605016772,1,1,0,0,0.617297778543192,0.384564755292571,0.0856420803955874,0.358066096538431,0.358066096538431,1,0.25659723585599
missing_burst,10,223.781912789325,273.051982365732,0.0932254924484397,1,1,0,0,0.514785446724198,0.187456032146281,0.0714198206234876,0.17453926492077,0.17453926492077,1,0.191165073332443
missing_burst,11,248.655653517597,297.419961957276,0.103626688895033,1,1,0,0,1.14867182733394,0.0981326489228518,0.159363354938424,0.0913707615146618,0.159363354938424,1,0.185340463774427
missing_burst,12,273.859703281856,323.035519484153,0.114166007275474,1,1,0,0,2.06102501035356,0.0382206411922249,0.285940555384108,0.0355870256193504,0.285940555384108,1,0.231951142422239
missing_burst,13,298.264565074679,347.561784233368,0.124371137437927,1,1,0,0,4.78092237906081,0.0434384089726916,0.663291126235505,0.0404452600677317,0.663291126235505,1,0.347320483649146
missing_burst,14,323.864315688536,372.958577545321,0.135075921974652,1,1,0,0,1.2699759916283,0.128133568871389,0.176192738344491,0.11930445057663,0.176192738344491,1,0.191795691006768
missing_burst,15,348.382173092671,398.155443640234,0.14532830235024,1,1,0,0,4.44646949607044,0.0181119580686906,0.616890115752048,0.0168639430344829,0.616890115752048,1,0.3348309062965
missing_burst,16,373.833625616962,422.933933743674,0.155971074599426,1,1,0,0,1.75773781851284,0.429653786533034,0.243863381337129,0.400048241783876,0.400048241783876,1,0.270340977924101
missing_burst,17,398.945215102205,448.512938886572,0.166471729815525,1,1,0,0,3.18359867438898,0.153602844152315,0.441683127813539,0.143018750589812,0.441683127813539,1,0.28355027015146
missing_burst,18,423.772859415135,473.249842096534,0.176853650598008,1,1,0,0,4.77678998434235,0.0134896372686469,0.662717809931759,0.0125601259450544,0.662717809931759,1,0.347168803353648
missing_burst,19,449.352679903846,498.873146300757,0.187550101159192,1,1,0,0,1.72749192346834,0.0519156689537802,0.239667154710248,0.0483383895056089,0.239667154710248,1,0.215422325431573
missing_burst,20,474.080583689178,523.932249557059,0.197890314470629,1,1,0,0,3.129878761721,0.00196662156362864,0.434230184939822,0.00183111035778899,0.434230184939822,1,0.281215920027941
missing_burst,21,499.76615443632,549.120955884326,0.20863098553022,1,1,0,0,1.32440020202818,0.0300963041742627,0.183743393416559,0.0280225007819891,0.183743393416559,1,0.194665514028399
missing_burst,22,524.726257460163,574.804588798917,0.219068295210107,1,1,0,0,1.49519513211947,0.274886998061088,0.207438980283171,0.255945749136627,0.255945749136627,1,0.221302539358166
missing_burst,23,549.989366981124,599.545483987256,0.229632310001846,1,1,0,0,1.90760793242445,0.122431047994977,0.264655920676578,0.113994865227104,0.264655920676578,1,0.224419500048507
missing_burst,24,575.621528409646,625.557501736311,0.240350647435741,1,1,0,0,10.0209422281007,0.267400999088308,1.39027608679218,0.248975577289146,1.39027608679218,1,0.495550492389493
missing_burst,25,600.389191904312,650.19031425072,0.250707486656082,1,1,0,0,9.6031108901239,0.564452306555127,1.33230739439991,0.525558391164954,1.33230739439991,1,0.486465682439387
missing_burst,26,626.399260241885,675.869100845487,0.261583849537075,1,1,0,0,7.53741148285106,0.637436213617334,1.04571832691892,0.593513299544445,1.04571832691892,1,0.435262343980203
missing_burst,27,651.000224144669,701.398702642926,0.271870981702828,1,1,0,0,1.80891354491245,0.160765037439155,0.250963351281879,0.149687428770998,0.250963351281879,1,0.219510397105697
missing_burst,28,676.726514996302,726.25363245651,0.282628680269892,1,1,0,0,1.52083625199773,0.741259833350632,0.210996353930666,0.6901828922067,0.6901828922067,1,0.354362362990115
missing_burst,29,702.192323446078,752.374537061953,0.293277455588852,1,1,0,0,2.58641061543109,0.193159830113561,0.358831010838073,0.179850039362474,0.358831010838073,1,0.256851536740717
missing_burst,30,727.11726086648,777.22023074897,0.303700060429868,1,1,0,0,3.12120090864581,0.359137607115972,0.433026245096591,0.334391020836882,0.433026245096591,1,0.28083760612376
missing_burst,31,753.204155831878,803.120915899767,0.314608549112005,1,1,0,0,4.21910104767795,0.0614047345359943,0.585345685149036,0.0571736054895481,0.585345685149036,1,0.326088611694178
missing_burst,32,778.01550889328,828.229760439867,0.324983657549318,1,1,0,0,1.84758647578305,0.196477734144821,0.256328720103664,0.182939321281351,0.256328720103664,1,0.221440015035839
missing_burst,33,803.93337282064,853.466199844543,0.335821464259997,1,1,0,0,3.92144136491709,0.401787467960138,0.544049255180193,0.374102068144791,0.544049255180193,1,0.314326497859551
missing_burst,34,829.066165159702,879.420179836563,0.346330985655503,1,1,0,0,1.77345531953904,0.518053339149963,0.246043981257123,0.482356571670234,0.482356571670234,1,0.296062293279003
missing_burst,35,854.346527865599,904.327428992166,0.356902215034214,1,1,0,0,1.98709296920239,1.12747550339986,0.275683441180617,1.04978614625761,1.04978614625761,1,0.436068791890659
missing_burst,36,880.243351856523,930.301876526805,0.367731223690975,1,1,0,0,1.26051815687331,0.0286947523816714,0.174880586134312,0.026717523733097,0.174880586134312,1,0.191295313777543
missing_burst,37,905.196516235684,955.44399798798,0.378165631909148,1,1,0,0,2.27205626886726,0.471249011908722,0.315218412256141,0.438777323895361,0.438777323895361,1,0.28264168950959
missing_burst,38,931.162319859462,981.11774908808,0.389023485069836,1,1,0,0,1.63771275567028,0.467150234076078,0.227211456708944,0.434960974739816,0.434960974739816,1,0.281445389487501
missing_burst,39,956.248712187595,1006.73411184509,0.399513603849785,1,1,0,0,1.82682153947274,0.557218408574904,0.253447853839908,0.518822949144104,0.518822949144104,1,0.306960195017755
missing_burst,40,982.018185295583,1031.88811267856,0.410289359497054,1,1,0,0,1.08234946792418,0.646120226290314,0.150161985625221,0.601598935259395,0.601598935259395,1,0.330618900114687
missing_burst,41,1007.57194076766,1058.08246707204,0.420974910718193,1,1,0,0,2.3697430833407,1.0575231611643,0.328771193927358,0.984653910962279,0.984653910962279,1,0.422855877055054
missing_burst,42,1032.76486008129,1082.96676044604,0.431509574792521,1,1,0,0,3.58173442433514,0.894844167490099,0.496919312181018,0.833184408226895,0.833184408226895,1,0.389513693991024
missing_burst,43,1058.92099321155,1108.80706742179,0.442447016086256,1,1,0,0,2.29193491901172,0.378747972395599,0.317976317780839,0.352650122459512,0.352650122459512,1,0.254792479486996
missing_burst,44,1083.8125044846,1134.15312798879,0.452855643458869,1,1,0,0,2.06653171262127,0.000523919030215917,0.286704539080013,0.000487818083872226,0.286704539080013,1,0.232219251875243
missing_burst,45,1109.66536695454,1159.64166799337,0.463666269178346,1,1,0,0,1.20838556734182,0.118165092908685,0.167647863809564,0.110022858264077,0.167647863809564,1,0.188528325936493
missing_burst,46,1134.95345825006,1185.66701770128,0.474240730341926,1,1,0,0,5.24840752164805,0.41321894194687,0.728148641614361,0.384745849749259,0.728148641614361,1,0.36406535828733
missing_burst,47,1160.50044645167,1210.82969246579,0.484923451763147,1,1,0,0,2.81688447790589,0.622515907692629,0.390806277468272,0.579621086001491,0.579621086001491,1,0.324479790859097
missing_burst,48,1186.47236025785,1237.36239731601,0.495783859955994,1,1,0,0,7.35076363296358,0.228351982066161,1.01982335252998,0.21261725555957,1.01982335252998,1,0.430070560639343
missing_burst,49,1211.69697557087,1262.58836064858,0.506331778020534,1,1,0,0,9.83453976774403,0.185882646243018,1.36441515702588,0.173074294090822,1.36441515702588,1,0.491546345538412
missing_burst,50,1238.2569801039,1288.42871493195,0.51743810206678,1,1,0,0,6.19538551864291,0.443445713055651,0.859529587035683,0.412889827565551,0.859529587035683,1,0.395588345130018
missing_burst,51,1263.41435613376,1314.36824096703,0.527957903371533,1,1,0,0,5.39187870166679,0.00279939092663478,0.748053411663287,0.00260649726213893,0.748053411663287,1,0.369043136612254
missing_burst,52,1289.32490739363,1339.36477076874,0.538792652219227,1,1,0,0,2.90168653554194,0.00195201040159719,0.402571465826665,0.00181750598639902,0.402571465826665,1,0.271153303532885
missing_burst,53,1315.20678511163,1365.5513484761,0.549615410946693,1,1,0,0,2.70959902496633,0.000558604043343769,0.375921808893622,0.000520113105941072,0.375921808893622,1,0.262495607008691
missing_burst,54,1340.26745318557,1390.61341005197,0.560094772879724,1,1,0,0,2.33463607373056,0.184689576292464,0.323900550545852,0.171963433321048,0.323900550545852,1,0.245088592759503
missing_burst,55,1366.42361553357,1416.78481536994,0.571032226391142,1,1,0,0,4.21386986828123,1.67579253562576,0.584619926686863,1.56032107358161,1.56032107358161,1,0.520030516869292
missing_burst,56,1391.43588975659,1442.3659243876,0.581491351965046,1,1,0,0,2.8879079191992,0.137681344503451,0.400659861071905,0.128194331160191,0.400659861071905,1,0.270538023535692
missing_burst,57,1417.66007148657,1467.78872822345,0.592457248442156,1,1,0,0,3.40980730276688,0.0556862258944182,0.473066648394863,0.0518491340211404,0.473066648394863,1,0.293238053111256
missing_burst,58,1443.22698307345,1493.98351480423,0.60314830102057,1,1,0,0,2.53395572816167,0.104244238261917,0.351553573871961,0.0970612282258402,0.351553573871961,1,0.254426185126966
missing_burst,59,1468.6764737003,1519.15261483908,0.613790252883271,1,1,0,0,2.97963742597819,0.0132088561513849,0.413386143374029,0.0122986922144381,0.413386143374029,1,0.274617614069412
missing_burst,60,1494.81262465684,1545.26898365271,0.624719338436849,1,1,0,0,1.7008933471924,0.516023263116411,0.235976946374803,0.480466379209781,0.480466379209781,1,0.295489247181393
missing_burst,61,1520.01214974014,1570.52254984086,0.635256764777972,1,1,0,0,4.89002633929736,0.810583569749823,0.678427889170416,0.754729836117441,0.754729836117441,1,0.370696200820912
missing_burst,62,1546.13120861283,1596.36073936475,0.646178703110557,1,1,0,0,8.59203005719164,0.247319109970937,1.19203300983178,0.23027744245382,1.19203300983178,1,0.462776354952547
missing_burst,63,1571.3523242985,1622.15219392998,0.656725157771912,1,1,0,0,2.80835742524132,1.48995043917958,0.389623259231012,1.38728453518022,1.38728453518022,1,0.495091261461716
missing_burst,64,1597.20233929119,1647.22245771495,0.667534592791096,1,1,0,0,1.32483641756297,0.793826204497554,0.183803912678412,0.739127146891322,0.739127146891322,1,0.366820047014892
missing_burst,65,1622.97833788198,1673.26089378209,0.678313077132425,1,1,0,0,1.53205670009817,0.692381713311556,0.212553045938469,0.64467274753623,0.64467274753623,1,0.342361198442059
missing_burst,66,1648.10373204652,1698.22294572309,0.688819504909345,1,1,0,0,1.86661554043998,0.570005241428326,0.258968756633599,0.530728697822063,0.530728697822063,1,0.310454147362101
missing_burst,67,1674.1367428014,1724.06952973457,0.699705461385125,1,1,0,0,1.86204651602787,0.0121505347980975,0.258334863608819,0.0113132951112465,0.258334863608819,1,0.222159518619058
missing_burst,68,1699.03091218448,1749.35488687446,0.710115200272284,1,1,0,0,12.430016155914,0.635585904609107,1.72450392654176,0.591790487157591,1.72450392654176,1,0.540881348681333
missing_burst,69,1724.94146179395,1774.84386614893,0.720949948429846,1,1,0,0,4.43684537629135,0.11671594301851,0.615554893646109,0.108673562892276,0.615554893646109,1,0.334465036748421
missing_burst,70,1750.1558711022,1800.78879616277,0.731493598754298,1,1,0,0,2.61040241834755,0.000565863888976834,0.362159563095389,0.000526872707676613,0.362159563095389,1,0.257956439133171
missing_burst,71,1775.72022664466,1825.82703081871,0.742183582497895,1,1,0,0,2.99669705206951,0.0326105421691383,0.415752945782875,0.0303634937414422,0.415752945782875,1,0.2753720413205
missing_burst,72,1801.6190301384,1852.02200663759,0.753013418902995,1,1,0,0,3.12136331547371,0.00327360069030114,0.433048776942801,0.00304803132546527,0.433048776942801,1,0.280844689440856
missing_burst,73,1826.68814523149,1877.13161399476,0.763496313039187,1,1,0,0,3.07788684514971,0.211444230314364,0.427016979168326,0.196874542303383,0.427016979168326,1,0.278944198864412
missing_burst,74,1852.88130738819,1902.98687087041,0.774449238380235,1,1,0,0,2.99223655052993,0.368753570711128,0.415134108902627,0.34334439085217,0.415134108902627,1,0.275174913997005
missing_burst,75,1877.96305226029,1928.47860386182,0.784937413781272,1,1,0,0,2.1361222356919,0.274248199278876,0.296359323818832,0.255350967157072,0.296359323818832,1,0.235594259584572
missing_burst,76,1903.87081958528,1953.39524145524,0.795770998499536,1,1,0,0,1.25139700248224,0.00327233286414339,0.173615143968775,0.00304685085960835,0.173615143968775,1,0.19081228232585
missing_burst,77,1929.28907979979,1979.10243428092,0.806399891061774,1,1,0,0,1.0367158675133,0.752814133290997,0.143830913959369,0.700941036370829,0.700941036370829,1,0.357139956908321
missing_burst,78,1954.26968899227,2003.66232780321,0.816845775595385,1,1,0,0,1.02239721296261,0.252068301712346,0.141844385890078,0.234699388368403,0.234699388368403,1,0.213613506356298
missing_burst,79,1979.93661946204,2029.51291663437,0.827578652041818,1,1,0,0,4.30810116542331,0.703702647958693,0.597693300034599,0.655213606578767,0.655213606578767,1,0.345177416910263
missing_burst,80,2004.49514267644,2054.78127343092,0.837848037221222,1,1,0,0,3.62596590181084,0.54888056380181,0.503055857429777,0.511059628428003,0.511059628428003,1,0.30466504922427
missing_burst,81,2030.37871804234,2080.0499179245,0.848671505836655,1,1,0,0,6.02408757474676,0.119441796371826,0.835764213511459,0.111211589730475,0.835764213511459,1,0.390113858847883
missing_burst,82,2055.62021944696,2105.7283676244,0.859226484984525,1,1,0,0,2.00780576212734,0.0685415724204539,0.278557073224267,0.0638186753971424,0.278557073224267,1,0.229352079972348
missing_burst,83,2080.90558638059,2130.43878807746,0.869799806929705,1,1,0,0,3.08396294725906,0.000600877696293027,0.427859959725569,0.000559473868178489,0.427859959725569,1,0.279210321119993
missing_burst,84,2106.54245838805,2155.99050769596,0.880520114137965,1,1,0,0,3.32121508453013,0.211181876778395,0.460775624288863,0.196630266390823,0.460775624288863,1,0.28947107661603
missing_burst,85,2131.25282604574,2180.55164919722,0.890852994547185,1,1,0,0,1.07386820010791,0.0303011008241122,0.148985319443315,0.0282131857992367,0.148985319443315,1,0.181318967163264
missing_burst,86,2156.83491273925,2205.77276046411,0.901550392743936,1,1,0,0,1.13794920598791,0.0604704385012979,0.157875729952092,0.0563036876680343,0.157875729952092,1,0.184765928034724
missing_burst,87,2181.37624271375,2231.01572845758,0.911812588402963,1,1,0,0,2.25838391728125,0.0830282790564354,0.313321550361565,0.0773071670632518,0.313321550361565,1,0.241464855053237
missing_burst,88,2206.64461637231,2255.69700619263,0.922378804445001,1,1,0,0,5.11661397721872,0.586973267054972,0.709863992422406,0.546527531746599,0.709863992422406,1,0.359426790203419
missing_burst,89,2231.84157756401,2281.49101198134,0.932915158669928,1,1,0,0,1.05855813632843,0.21094214627564,0.146861246170028,0.196407054658179,0.196407054658179,1,0.199442332175326
missing_burst,90,2256.51622190262,2306.0326199067,0.943233101026063,1,1,0,0,2.12928302641276,0.00249590503980692,0.295410472014588,0.00232392324734582,0.295410472014588,1,0.235263652793685
missing_burst,91,2282.34573007604,2331.42702537588,0.954033960919455,1,1,0,0,0.87360550991352,0.0562045380960204,0.12120146210571,0.0523317316181947,0.12120146210571,1,0.170397350754966
missing_burst,92,2306.84471126552,2356.3166881299,0.964278448022417,1,1,0,0,1.79697525490288,0.256572445619103,0.249307067996366,0.238893171612302,0.249307067996366,1,0.218913156058758
missing_burst,93,2332.26696460682,2381.10104408449,0.974909010349431,1,1,0,0,4.84451414603054,0.0291662238432884,0.672113661175079,0.0271565081786738,0.672113661175079,1,0.349646425415855
missing_burst,94,2357.136946572,2406.369518387,0.985308635032708,1,1,0,0,6.24469244598508,0.0723693328683231,0.866370285289066,0.0673826817788764,0.866370285289066,1,0.397146136776329
missing_burst,95,2381.96983158027,2430.83341773218,0.995692747262883,1,1,0,0,1.19195557493574,0.272680699672953,0.165368414928571,0.253891477025712,0.253891477025712,1,0.22056443977543
missing_burst,96,2407.19200809305,2456.38547793076,1.0062396455194,1,1,0,0,0.79824884477845,0.0377966184613513,0.110746699755728,0.0351922204220515,0.110746699755728,1,0.166228375117925
missing_burst,97,2431.65071927086,2480.73601998134,1.01646729332558,1,1,0,0,1.53733644928436,0.0111306864444562,0.213285542830551,0.0103637200032216,0.213285542830551,1,0.205738886976762
missing_burst,98,2457.24178145332,2505.71722365653,1.02716844471026,1,1,0,0,1.09982282039236,0.400640804859092,0.152586187216214,0.373034416533494,0.373034416533494,1,0.261547145280034
missing_burst,99,2481.5358285683,2530.6977675367,1.03732723663811,1,1,0,0,4.94673752233885,0.0573455532908272,0.686295832108474,0.0533941244955261,0.686295832108474,1,0.353353257083621
missing_burst,100,2506.57961118566,2554.90082475973,1.04779953775335,1,1,0,0,1.91926938127484,0.227838597722155,0.266273795832927,0.21213924626321,0.266273795832927,1,0.224996222485193
missing_burst,101,2531.5316867338,2580.32573460129,1.05823349066625,1,1,0,0,3.74395921392351,0.0279601554369435,0.519425902930254,0.0260335446192865,0.519425902930254,1,0.307137893464636
missing_burst,102,2555.77038229058,2604.43000877033,1.06836913680205,1,1,0,0,6.10319915874808,0.107328745591067,0.846739922274339,0.0999331957784903,0.846739922274339,1,0.392654303336525
missing_burst,103,2581.13969396431,2629.74621630973,1.0789775610562,1,1,0,0,4.49466165524536,0.0280047571887202,0.623576154344696,0.0260750730613438,0.623576154344696,1,0.336657473771278
missing_burst,104,2605.24033197547,2654.17693105676,1.08905547708744,1,1,0,0,1.8455317883032,0.0144038949777532,0.256043658798645,0.0134113861934899,0.256043658798645,1,0.221337689897494
missing_burst,105,2630.59423973451,2678.78740593977,1.09965746004495,1,1,0,0,1.51589674593487,0.00101937079150605,0.210311061370003,0.000949130452587043,0.210311061370003,1,0.204635028268822
missing_burst,106,2655.00324681365,2703.74534655567,1.10986432359916,1,1,0,0,1.56313117526602,0.00827400539287386,0.216864227337592,0.00770388022560813,0.216864227337592,1,0.207063711698501
missing_burst,107,2679.63264809743,2727.60430311432,1.12016334713218,1,1,0,0,1.26075935990983,0.029796737812954,0.17491404993503,0.0277435762155233,0.17491404993503,1,0.191308081011511
missing_burst,108,2704.57309889166,2752.79033955751,1.13059243904124,1,1,0,0,1.74535510603913,0.00114418995754427,0.242145440184496,0.00106534888119079,0.242145440184496,1,0.216322180245107
missing_burst,109,2728.43840883838,2776.68050188488,1.14057195035506,1,1,0,0,3.00890603800606,0.00799339676342613,0.41744678462609,0.0074426070974326,0.41744678462609,1,0.27591113731759
missing_burst,110,2753.60419605101,2801.32039324738,1.15109526887764,1,1,0,0,1.65124495246323,0.199712245432818,0.229088873939255,0.185950956682575,0.229088873939255,1,0.211562535426259
missing_burst,111,2777.45932485955,2825.88539415751,1.16107052284957,1,1,0,0,1.7282913460474,0.471842570876755,0.23977806425045,0.439329983336518,0.439329983336518,1,0.282814646420241
missing_burst,112,2802.16629763607,2849.77263254912,1.17140198365623,1,1,0,0,3.12310748571706,0.486042390357989,0.433290757998615,0.4525513559746,0.4525513559746,1,0.286931025884869
missing_burst,113,2826.67168350272,2874.78157999937,1.1816491489372,1,1,0,0,2.40907616369819,0.000652700002359417,0.334228149949672,0.000607725328020916,0.334228149949672,1,0.248598588607772
missing_burst,114,2850.59742962345,2898.51250296226,1.19165393222459,1,1,0,0,6.68334458099093,0.0382107337493904,0.927227593897116,0.0355778008546427,0.927227593897116,1,0.41065857039178
missing_burst,115,2875.56126740766,2923.29655544113,1.20209280363082,1,1,0,0,1.95477105916638,0.00401905400715652,0.271199194332401,0.00374211874675004,0.271199194332401,1,0.226747672691933
missing_burst,116,2899.28501329715,2947.36231033772,1.21201311855817,1,1,0,0,14.476573238933,0.285167389854721,2.00843724418905,0.265517764537861,2.00843724418905,1,0.571400854081827
missing_burst,117,2924.12959260112,2971.2693697999,1.22240212087176,1,1,0,0,8.37202920598558,0.135816411588203,1.16151073801905,0.126457902535157,1.16151073801905,1,0.457283268342127
missing_burst,118,2948.15056800171,2995.85592807055,1.2324467252081,1,1,0,0,1.2153346550664,0.00141138789424441,0.168611959826545,0.00131413538822405,0.168611959826545,1,0.188898023114367
missing_burst,119,2972.0667852862,3019.62962037407,1.24244752392,1,1,0,0,3.09382986363375,0.44404928440661,0.429228866717932,0.413451809480549,0.429228866717932,1,0.279642115874793
missing_burst,120,2996.65816007936,3044.4203035831,1.25273064630637,1,1,0,0,2.80450779532917,0.000978084094404592,0.389089172885833,0.000910688639429105,0.389089172885833,1,0.266794927740128
missing_burst,121,3020.43108400161,3068.0360878993,1.2626715255061,1,1,0,0,1.11999671538626,0.268905683695067,0.155385054143998,0.250376580725495,0.250376580725495,1,0.219298897707283
missing_burst,122,3045.21660745972,3092.33609484924,1.27303583304375,1,1,0,0,1.68162018346802,0.214383780459341,0.233303044257325,0.199611541031179,0.233303044257325,1,0.213103867354014
missing_burst,123,3068.82850958396,3116.60860721653,1.28290937941358,1,1,0,0,1.2999992196746,0.0685149962793521,0.180358072806159,0.0637939305005433,0.180358072806159,1,0.193380844398687
missing_burst,124,3093.16759020937,3140.0804324081,1.29308700254152,1,1,0,0,4.25687514668858,0.023899672846979,0.590586352679014,0.0222528519503894,0.590586352679014,1,0.327555386180652
missing_burst,125,3117.3824675041,3164.61269619086,1.30321268883954,1,1,0,0,2.30317549917295,1.2156704715965,0.319535802851615,1.13190398873248,1.13190398873248,1,0.451833445371836
missing_burst,126,3140.91670232845,3188.05864982145,1.31305375787304,1,1,0,0,0.786113487501203,0.416850831480646,0.109063075936411,0.388127481816474,0.388127481816474,1,0.26648235794344
missing_burst,127,3165.40855045302,3212.4835875607,1.32329526221558,1,1,0,0,1.87505891966594,0.0677768709936378,0.260140166263789,0.0631066661681398,0.260140166263789,1,0.222806065832526
missing_burst,128,3188.82847665253,3236.16589245795,1.33308853198658,1,1,0,0,1.9192949161814,0.119448973730317,0.266277338470851,0.111218272528893,0.266277338470851,1,0.224997484558314
missing_burst,129,3213.29060785332,3259.98544648531,1.3433176099086,1,1,0,0,6.32058188024484,0.13954752680522,0.876898962462322,0.129931923082038,0.876898962462322,1,0.39952820729664
missing_burst,130,3236.96421850005,3284.14807853267,1.3532169602969,1,1,0,0,0.884490109375737,0.206723499921026,0.122711559460049,0.192479096591081,0.192479096591081,1,0.197965530791138
missing_burst,131,3260.79509271197,3307.28843410627,1.3631820719735,1,1,0,0,3.30950487120838,0.398257821081763,0.459150983693009,0.370815633643176,0.459150983693009,1,0.288970550271149
missing_burst,132,3284.93321355028,3331.66227718608,1.37327566181323,1,1,0,0,5.65421390505336,0.0517750513207604,0.784449027134391,0.0482074612126051,0.784449027134391,1,0.377954985232044
missing_burst,133,3308.10729809057,3355.05000355724,1.38296613050496,1,1,0,0,2.05066863972803,0.0471077675263931,0.284503742946824,0.0438617793302008,0.284503742946824,1,0.231446496750765
missing_burst,134,3332.49579111527,3379.00984557295,1.39316441590793,1,1,0,0,5.08520300967992,0.381144233990355,0.70550612706023,0.354881268251504,0.70550612706023,1,0.358311839999179
missing_burst,135,3355.81218851744,3402.83714057748,1.40291439410607,1,1,0,0,3.71994972183083,0.0534778219183925,0.516094896528594,0.049792901409096,0.516094896528594,1,0.306155196818557
missing_burst,136,3379.82509135598,3426.29357118801,1.41295562282213,1,1,0,0,5.93914540109728,0.0132690146120176,0.823979585868974,0.0123547054212545,0.823979585868974,1,0.387362799589776
missing_burst,137,3403.64353463825,3450.5418128283,1.42291553638468,1,1,0,0,2.5404745898497,0.0192214019542257,0.35245798159248,0.0178969400420214,0.35245798159248,1,0.254728317944836
missing_burst,138,3427.10105158333,3473.4148525244,1.43272452509131,1,1,0,0,3.82468543102393,0.235735792248325,0.530625621146091,0.219492279994653,0.530625621146091,1,0.310424031379299
missing_burst,139,3451.31842362431,3497.51235891114,1.44285125459171,1,1,0,0,5.17572085184727,0.0167317779198657,0.71806430657357,0.0155788650037788,0.71806430657357,1,0.361514967713252
missing_burst,140,3474.20670771872,3521.0622994345,1.45242221304915,1,1,0,0,1.43314474623451,0.00273584048437923,0.198830292027272,0.00254732580017169,0.198830292027272,1,0.200351233528295
missing_burst,141,3498.31024370124,3544.74840750125,1.46250134089528,1,1,0,0,2.30329313887119,0.706267606985626,0.319552123837766,0.657601825607982,0.657601825607982,1,0.345812393600415
missing_burst,142,3521.81868727042,3568.93499019322,1.47233162506476,1,1,0,0,2.39439720964654,0.00899697793920985,0.33219163498605,0.00837703592697767,0.33219163498605,1,0.247908597503784
missing_burst,143,3545.55015595789,3592.02039754855,1.48225516935514,1,1,0,0,2.35432202583481,1.09102520581439,0.326631721710529,1.01584747768627,1.01584747768627,1,0.429264455120509
missing_burst,144,3569.71437766014,3616.25127786642,1.49235967352481,1,1,0,0,2.43388845183579,0.000686293157118795,0.337670533916279,0.000639003726858975,0.337670533916279,1,0.249762508200257
missing_burst,145,3592.7966501289,3639.33459544614,1.50201175010646,1,1,0,0,4.93005042603665,0.167265399344307,0.683980713388212,0.155739879447852,0.683980713388212,1,0.352750837960169
missing_burst,146,3617.06474639749,3663.26416212941,1.51215969043566,1,1,0,0,5.53474629172085,0.121940664055139,0.767874441413643,0.113538271478648,0.767874441413643,1,0.373926677252483
missing_burst,147,3640.11010771832,3687.03155759743,1.52179633226204,1,1,0,0,1.8128068911887,0.00214513083782453,0.251503502706991,0.00199731934633398,0.251503502706991,1,0.21970501054058
missing_burst,148,3664.08936763872,3710.10144040805,1.53182349286489,1,1,0,0,3.31310693495553,0.618644954888269,0.459650723435717,0.576016863457781,0.576016863457781,1,0.323463323835486
missing_burst,149,3687.808366538,3734.44428638807,1.54174182279215,1,1,0,0,3.0034405179073,0.00855909955162022,0.416688514423326,0.00796932980506986,0.416688514423326,1,0.275669888263682
missing_burst,150,3710.90781921482,3757.37401823971,1.55140108344478,1,1,0,0,5.11689513250938,0.676070396356532,0.709902999081498,0.629485371389284,0.709902999081498,1,0.359436753524998
missing_burst,151,3735.19034489252,3781.33490159201,1.56155505757164,1,1,0,0,3.09204376803219,0.00430432000090329,0.42898106906108,0.00400772832082126,0.42898106906108,1,0.279563985840809
missing_burst,152,3758.17413914318,3804.68540236861,1.57116595452923,1,1,0,0,2.39232197940711,0.0378112814772611,0.331903723638912,0.035205873074298,0.331903723638912,1,0.247810965279587
missing_burst,153,3782.17506332245,3828.07942200658,1.58120217425249,1,1,0,0,3.36055782726833,0.0572172827262787,0.466233920841491,0.0532746924890393,0.466233920841491,1,0.29114823282327
missing_burst,154,3805.47198813205,3852.02016512,1.59094400979678,1,1,0,0,2.60835467958432,0.731208406322099,0.361875465834901,0.680824064619888,0.680824064619888,1,0.351927756297481
missing_burst,155,3828.87279496435,3875.05670066151,1.60072928461855,1,1,0,0,4.27474407541876,0.172445314161243,0.593065435358534,0.160562869213232,0.593065435358534,1,0.328247233544683
missing_burst,156,3852.80522827425,3899.41609740563,1.61073686421909,1,1,0,0,4.28287252898012,0.529988836129416,0.594193153127156,0.493469646269147,0.594193153127156,1,0.328561524764224
missing_burst,157,3875.87733134618,3922.54427830415,1.62038468836861,1,1,0,0,3.22363459871278,0.327754862049573,0.447237594343036,0.305170722122724,0.447237594343036,1,0.285281528630496
missing_burst,158,3900.2321937118,3946.40095280324,1.63056891078461,1,1,0,0,4.04580877355829,0.000662956815587002,0.561303624108228,0.000617275389550946,0.561303624108228,1,0.319285258222216
missing_burst,159,3923.31742179266,3969.91102888399,1.64022222328418,1,1,0,0,3.86370456049995,0.203887316425235,0.536039020545384,0.189838341973223,0.536039020545384,1,0.312002522570636
missing_burst,160,3947.2039830675,3992.99032858408,1.6502106210474,1,1,0,0,5.48232995827447,0.222043628357633,0.760602353291682,0.206743582642566,0.760602353291682,1,0.372143393145449
missing_burst,161,3970.69485717303,4017.25551510013,1.66003355837489,1,1,0,0,3.94218042869121,0.701969423659909,0.546926531964282,0.653599811111164,0.653599811111164,1,0.34474769860138
missing_burst,162,3993.80239479006,4040.11629102853,1.66969619982385,1,1,0,0,5.36668503800778,1.64093749902524,0.744558116777184,1.52786774360664,1.52786774360664,1,0.515596314782101
missing_burst,163,4018.02898016281,4064.02948823545,1.67982678196849,1,1,0,0,7.22193093129275,0.713124358989285,1.00194948196444,0.663986109115747,1.00194948196444,1,0.426427685190387
missing_burst,164,4040.87889291085,4087.37055157868,1.68938169507449,1,1,0,0,3.43808774859583,0.235169018352261,0.476990194371364,0.218964559984458,0.476990194371364,1,0.294433255611889
missing_burst,165,4064.8357628671,4110.66589848688,1.69939949309621,1,1,0,0,3.72194414347482,0.0234659694377593,0.516371596728584,0.0218490331275319,0.516371596728584,1,0.306236921040202
missing_burst,166,4088.1283185623,4134.55289518529,1.70913950165285,1,1,0,0,3.07091902823488,0.0330941210661426,0.42605028471851,0.0308137513525095,0.42605028471851,1,0.278638813943058
missing_burst,167,4111.47122569161,4157.57864458634,1.71890056515105,1,1,0,0,2.63319016435007,0.00440351105589667,0.365321068033554,0.00410008455831887,0.365321068033554,1,0.259003339650166
missing_burst,168,4135.3351889276,4181.91819552215,1.72887951332469,1,1,0,0,6.01803258432964,0.234295935942554,0.834924161928378,0.218151637827403,0.834924161928378,1,0.38991855707292
missing_burst,169,4158.38924648124,4205.08644224394,1.73851979156534,1,1,0,0,1.59509004417411,0.0738918029190328,0.221298106926206,0.0688002451427878,0.221298106926206,1,0.208700204296643
missing_burst,170,4182.69677878662,4228.85085094868,1.74868422245663,1,1,0,0,4.43367520773413,0.0667165931411533,0.615115073773299,0.0621194473794694,0.615115073773299,1,0.334344439703364
missing_burst,171,4205.87354334535,4252.60890607778,1.75837581182412,1,1,0,0,2.39567658813041,0.0108030049078386,0.332369132198546,0.0100586175539992,0.332369132198546,1,0.247968777220848
missing_burst,172,4229.64815047811,4275.94954459395,1.76831739487468,1,1,0,0,2.55334892648571,0.223253452664693,0.354244129237175,0.207870043300138,0.354244129237175,1,0.255324409315108
missing_burst,173,4253.35370369198,4300.11742185521,1.7782301023579,1,1,0,0,1.91280185977134,1.36571683117311,0.26537651089879,1.27161131639054,1.27161131639054,1,0.476520515867984
missing_burst,174,4276.7198849366,4323.23371169803,1.78800089815363,1,1,0,0,3.1769874303773,0.422036313123174,0.440765903240822,0.392955654822082,0.440765903240822,1,0.283263688146101
missing_burst,175,4300.89755601558,4347.34221477732,1.7981110263109,1,1,0,0,4.03360633318451,0.26971607708754,0.559610693377163,0.251131133488611,0.559610693377163,1,0.318801558446274
missing_burst,176,4323.97692679723,4370.82574005814,1.80776188952388,1,1,0,0,3.83992204903504,0.0350238860760734,0.532739504769233,0.0326105447789291,0.532739504769233,1,0.311041180726846
missing_burst,177,4348.14986123291,4394.30273242626,1.81787003700772,1,1,0,0,2.58696524730825,0.582273217989649,0.3589079588354,0.542151342303344,0.542151342303344,1,0.313777125925306
missing_burst,178,4371.60802202373,4418.49288466485,1.8276792949447,1,1,0,0,2.35848064837346,0.136713905167214,0.327208676784999,0.127293553795659,0.327208676784999,1,0.246215872010034
missing_burst,179,4395.1216421992,4441.66133966038,1.83751174376241,1,1,0,0,2.67818762690494,0.116237578085206,0.371563883802008,0.108228159973699,0.371563883802008,1,0.261063309062145
missing_burst,180,4419.24126663258,4466.06244463528,1.84759759915064,1,1,0,0,2.43031452685894,0.136966298430439,0.337174698063901,0.127528555753878,0.337174698063901,1,0.249595044146292
missing_burst,181,4442.43245823777,4489.26086090655,1.85729522132783,1,1,0,0,2.46939922118945,0.0330840052578617,0.3425971937385,0.030804332579898,0.3425971937385,1,0.251423063659993
missing_burst,182,4466.86153146674,4513.29100076858,1.86751047573763,1,1,0,0,3.19466709461527,0.126931078684882,0.443218727920686,0.118184818677756,0.443218727920686,1,0.284029619252609
missing_burst,183,4490.00574993062,4537.46987622697,1.87718845563922,1,1,0,0,1.40438610681618,0.0510220964755312,0.194840402876942,0.0475063891601343,0.194840402876942,1,0.198853836833872
missing_burst,184,4514.11262672338,4560.89077780441,1.88726898047762,1,1,0,0,1.60667107583512,0.108013294851985,0.222904825237935,0.100570575773333,0.222904825237935,1,0.209291883010889
missing_burst,185,4538.23315017781,4585.3633498278,1.89735521180024,1,1,0,0,0.977661003361315,0.00349433067669706,0.135637815588935,0.00325355178341165,0.135637815588935,1,0.17610056820351
missing_burst,186,4561.68736838968,4608.60915853671,1.90716282110951,1,1,0,0,3.57189078620202,0.22914918388567,0.495553634743508,0.213359525722751,0.495553634743508,1,0.300040665782787
missing_burst,187,4586.17657619394,4633.02965487445,1.91740322137645,1,1,0,0,10.5857550356285,0.193983936306914,1.46863655649112,0.180617360037929,1.46863655649112,1,0.507219798772989
missing_burst,188,4609.39273296061,4656.73651358867,1.92711128297857,1,1,0,0,2.59499827078929,0.477065528474891,0.360022436915018,0.444193049995156,0.444193049995156,1,0.28433347506227
missing_burst,189,4633.87009554183,4680.77852873724,1.93734673005036,1,1,0,0,3.11626073431884,0.545729361380866,0.432340859822927,0.508125561447758,0.508125561447758,1,0.303794136913663
missing_burst,190,4657.55016959658,4705.19098477121,1.94724878317554,1,1,0,0,3.79890809749514,0.220485591579969,0.527049349616868,0.205292903297764,0.527049349616868,1,0.309377706694861
missing_burst,191,4681.60502212635,4728.6507229954,1.95730755356272,1,1,0,0,1.63073718286496,0.239591994170581,0.226243686229664,0.223082768074393,0.226243686229664,1,0.210519150383986
missing_burst,192,4705.96297471453,4753.34710874154,1.96749306818532,1,1,0,0,3.18147247613761,0.00155300490450962,0.441388145314152,0.00144599419580129,0.441388145314152,1,0.28345812592235
missing_burst,193,4729.43704842197,4777.05076132137,1.97730898026305,1,1,0,0,1.81477051387088,0.0262181518111018,0.251775929949498,0.0244115747692767,0.251775929949498,1,0.21980313459554
missing_burst,194,4754.19364157675,4801.51676039018,1.98766119031316,1,1,0,0,0.959522173912361,0.0324652707895455,0.133121287676563,0.0302282323709873,0.133121287676563,1,0.175110828824736
missing_burst,195,4777.85460882567,4825.79459881019,1.99755525374178,1,1,0,0,0.141781795977572,0.292358072430584,0.0196703898698582,0.272212968936993,0.272212968936993,1,0.227107364325505
missing_burst,196,4802.34001266409,4849.53038445258,2.00779406334343,1,1,0,0,2.88928604583841,0.627370435430267,0.400851058313388,0.584141109674049,0.584141109674049,1,0.325750655690968
missing_burst,197,4826.58345506435,4874.31713705504,2.01793169441796,1,1,0,0,1.54007031903051,0.125153174465568,0.213664831888003,0.116529421985605,0.213664831888003,1,0.205879467854289
missing_burst,198,4850.34800456263,4897.99178346193,2.02786907177092,1,1,0,0,1.08227085849879,0.351075855201322,0.150151079584469,0.326884768639788,0.326884768639788,1,0.246105620337378
missing_burst,199,4875.17071757105,4922.71279886707,2.03824893048049,1,1,0,0,1.56214180503038,0.725745808877641,0.216726965017514,0.675737870638306,0.675737870638306,1,0.350597448370777
missing_burst,200,4898.7774018271,4946.72399728342,2.04812029494803,1,1,0,0,1.71773983265074,0.152245478229004,0.238314178278359,0.141754914757107,0.238314178278359,1,0.214930359236955
missing_burst,201,4923.5572327638,4970.81404494093,2.05848222210252,1,1,0,0,0.982446748418176,0.285663737517348,0.136301775799321,0.265979911075308,0.265979911075308,1,0.224891513668478
missing_burst,202,4947.5302345335,4995.64988181609,2.06850676579882,1,1,0,0,0.805161687503266,0.284649597401279,0.111705767247916,0.265035650875416,0.265035650875416,1,0.224554924971599
missing_burst,203,4971.63383113608,5019.38487665865,2.07858591899382,1,1,0,0,1.27687758111816,0.804779825594592,0.177150244595921,0.749326002338159,0.749326002338159,1,0.369358865379328
missing_burst,204,4996.40752474904,5044.61004996497,2.08894527976674,1,1,0,0,10.0754967666961,0.800951202356997,1.39784482321524,0.745761192617728,1.39784482321524,1,0.496707772926322
missing_burst,205,5020.17737428371,5068.74758356909,2.09888487338142,1,1,0,0,1.70300374489852,0.53872280962257,0.236269736752958,0.501601800224817,0.501601800224817,1,0.301850822310928
missing_burst,206,5045.41748589585,5093.45892417334,2.10943927137406,1,1,0,0,5.26123448704207,0.00117749464876736,0.729928217112103,0.00109635869324077,0.729928217112103,1,0.364513425000537
missing_burst,207,5069.55970347431,5118.13170249133,2.11953457430549,1,1,0,0,2.54583552026037,0.317698049952562,0.353201741329165,0.295806880528718,0.353201741329165,1,0.254976630043443
missing_burst,208,5094.27576094743,5142.1636462441,2.12986983396634,1,1,0,0,9.90442015893814,0.513294097281278,1.37411015721662,0.477925268138256,1.37411015721662,1,0.493056566950494
missing_burst,209,5118.92516377968,5167.14373088085,2.14017722134126,1,1,0,0,2.55274893831397,0.0938790903465165,0.354160888640778,0.0874102968728429,0.354160888640778,1,0.255296647152486
missing_burst,210,5143.00011208157,5191.04928248021,2.15024439497087,1,1,0,0,0.380228557015543,0.00816623598633783,0.0527517930251954,0.0076035367328841,0.0527517930251954,1,0.142499021342849
missing_burst,211,5167.95345736057,5216.14729724929,2.16067887883407,1,1,0,0,0.961866826955229,0.364123048050807,0.13344657795198,0.339032937056431,0.339032937056431,1,0.250222326967781
missing_burst,212,5191.85794012422,5240.63764503789,2.17067477064202,1,1,0,0,0.594902738452375,0.00599257667542737,0.0825350583219838,0.00557965468454092,0.0825350583219838,1,0.154814115058038
missing_burst,213,5216.99559365377,5264.94662451752,2.18118632479158,1,1,0,0,2.54116947620084,0.0325971232298395,0.352554388083511,0.0303509994419821,0.352554388083511,1,0.254760512091242
missing_burst,214,5241.4677039787,5290.1034336715,2.19141957558136,1,1,0,0,0.946659075498548,0.25264160330898,0.1313366991898,0.235233186284153,0.235233186284153,1,0.213808191455177
missing_burst,215,5265.79116499724,5314.23630759973,2.20159066721887,1,1,0,0,2.49779865571827,0.603081184865439,0.346537247857674,0.561525524085672,0.561525524085672,1,0.319348613394588
missing_burst,216,5290.95033590576,5339.74149353456,2.21211121906958,1,1,0,0,7.39171570441068,0.397897438935002,1.02550492262005,0.370480083838424,1.02550492262005,1,0.431218330748316
missing_burst,217,5315.04796527984,5364.0073229731,2.22218787700998,1,1,0,0,3.09768622334163,0.0264210001472554,0.429763886735201,0.0246004457225199,0.429763886735201,1,0.279810756949466
missing_burst,218,5340.56989408924,5389.01809269412,2.23286011960278,1,1,0,0,1.13182782844681,0.0745663941191926,0.157026468014451,0.069428353242857,0.157026468014451,1,0.184437646982375
missing_burst,219,5364.82339536319,5414.07400721849,2.24300195689311,1,1,0,0,3.15568994271124,0.300822366883194,0.437811152366414,0.280094026243693,0.437811152366414,1,0.282339150120751
missing_burst,220,5389.87501541265,5438.65337818259,2.25347753530677,1,1,0,0,4.47993039352678,1.11501074105676,0.621532382369024,1.03818027563362,1.03818027563362,1,0.433761400636391
missing_burst,221,5414.86269792432,5464.12103868166,2.26392637761755,1,1,0,0,2.97496527886325,2.47197736875301,0.412737943408395,2.30164432642127,2.30164432642127,1,0.596786995394818
missing_burst,222,5439.50524344366,5488.57417955063,2.27423089754042,1,1,0,0,0.422754363641245,0.787530443964192,0.0586516985108762,0.733265199409404,0.733265199409404,1,0.365352009755703
missing_burst,223,5464.94364126203,5514.08660256164,2.28486821083744,1,1,0,0,2.99666769446589,0.110569405151504,0.415748872795191,0.102950555801857,0.415748872795191,1,0.275370744190184
missing_burst,224,5489.41505832344,5538.964678188,2.29510117173234,1,1,0,0,2.71214000690185,0.00650438773000426,0.376274337262863,0.00605619909989729,0.376274337262863,1,0.262611266250729
missing_burst,225,5514.97780992091,5563.87123564384,2.30579048477075,1,1,0,0,1.35503489650794,0.13660101915549,0.187993560934935,0.127188446260412,0.187993560934935,1,0.196273766576732
missing_burst,226,5539.74542507432,5589.45080063925,2.31614730377672,1,1,0,0,2.30239853580766,1.05539638691132,0.319428009236754,0.982673683329604,0.982673683329604,1,0.422443964912974
missing_burst,227,5564.75975310419,5613.9532486947,2.32660728816992,1,1,0,0,1.76155112429357,2.00112607344358,0.244392428179023,1.86323731423097,1.86323731423097,1,0.556605421894271
missing_burst,228,5590.25030012616,5639.67636855032,2.33726640816329,1,1,0,0,2.66615277625905,0.256464600390005,0.369894203977473,0.238792757521613,0.369894203977473,1,0.260513301955276
missing_burst,229,5614.80507387058,5664.32676150991,2.34753422546538,1,1,0,0,1.20190777626155,0.261041952286142,0.166749154104515,0.243054704315687,0.243054704315687,1,0.216651910972124
missing_burst,230,5640.52543430442,5689.84731934487,2.3582894441706,1,1,0,0,2.53176148386045,0.798454811801617,0.351249150863512,0.743436817309544,0.743436817309544,1,0.367895230287229
missing_burst,231,5665.14541423394,5715.13367243952,2.36858452807276,1,1,0,0,2.85619622895482,0.350903775324074,0.396260274324973,0.326724546026844,0.396260274324973,1,0.269118591565831
missing_burst,232,5690.73602708862,5739.8999458394,2.37928549156667,1,1,0,0,1.37394487377733,0.366125380901741,0.190617075630558,0.340897297994445,0.340897297994445,1,0.250850798422067
missing_burst,233,5715.94809602303,5765.8807254369,2.38982816324105,1,1,0,0,3.65550406640451,0.19173923531828,0.507153895612969,0.178527331480099,0.507153895612969,1,0.30350529690493
missing_burst,234,5740.77585514892,5790.62238121445,2.40021013203369,1,1,0,0,2.40570985435336,0.00986843276252341,0.333761118080181,0.00918844264742995,0.333761118080181,1,0.248440446779121
missing_burst,235,5766.72095764461,5816.32773149381,2.41105932881646,1,1,0,0,2.33734823957581,0.386533090677852,0.324276828467851,0.359898802625991,0.359898802625991,1,0.257206287389244
missing_burst,236,5791.44363569265,5841.49058195612,2.42139735693506,1,1,0,0,4.49458513717191,1.27334837409383,0.623565538451968,1.1856075617186,1.1856075617186,1,0.461630394763067
missing_burst,237,5817.1665367478,5866.75719082125,2.43215363802578,1,1,0,0,1.06743770808453,0.604283596215505,0.148093171870471,0.562645082580377,0.562645082580377,1,0.319668100364232
missing_burst,238,5842.29717703519,5892.45324174373,2.44266225951996,1,1,0,0,2.99250288977512,1.08250729560632,0.415171060027095,1.00791649904901,1.00791649904901,1,0.427649257729756
missing_burst,239,5867.64808611822,5917.17099446874,2.45326298855195,1,1,0,0,1.62943318950428,1.07793011633748,0.226062774021469,1.00365471298725,1.00365471298725,1,0.426777339550824
missing_burst,240,5893.27386808591,5943.21803722919,2.46397865835229,1,1,0,0,7.39679367431501,0.0286545002280687,1.02620942524732,0.0266800451776147,1.02620942524732,1,0.431360311279504
missing_burst,241,5918.01305533161,5968.12960639637,2.47432358995235,1,1,0,0,1.82121550364902,0.26132255171585,0.252670088898248,0.243315968878036,0.252670088898248,1,0.220125055883448
missing_burst,242,5944.06519156843,5993.90972960427,2.4852175439343,1,1,0,0,2.65177208221547,0.267372340846741,0.367899068731189,0.248948893760428,0.367899068731189,1,0.259855183138399
missing_burst,243,5968.97376586534,6019.57481557967,2.49563330637618,1,1,0,0,2.78115490489732,0.364419395085556,0.385849261469735,0.339308864125911,0.385849261469735,1,0.265740988212857
missing_burst,244,5994.79070936676,6044.58880123746,2.50642891222985,1,1,0,0,2.30086755638377,0.143659493019965,0.319215605648952,0.133760551866524,0.319215605648952,1,0.243487355108699
missing_burst,245,6020.41084758079,6070.69190800425,2.51714222203975,1,1,0,0,2.18458190226798,0.723775103609294,0.303082475602476,0.673902957965853,0.673902957965853,1,0.350116274977705
missing_burst,246,6045.45585289904,6095.61296384458,2.52761503443925,1,1,0,0,1.31365792117131,0.530279960831302,0.182253040927445,0.493740710853656,0.493740710853656,1,0.299496474025809
missing_burst,247,6071.52442134735,6121.77783944406,2.53851585971014,1,1,0,0,5.2776029490648,0.029083250396339,0.732199129448466,0.0270792520654793,0.732199129448466,1,0.365084334132194
missing_burst,248,6096.47074863792,6147.07779284731,2.54894740893327,1,1,0,0,7.74121978523946,2.35379421501167,1.07399409207659,2.19160465181675,2.19160465181675,1,0.587907478546894
missing_burst,249,6122.65468713532,6172.52946380917,2.55989647731153,1,1,0,0,1.38393631200508,2.73594487002381,0.192003258419014,2.54742299306255,2.54742299306255,1,0.614162080700234
missing_burst,250,6147.89946497701,6198.51536988456,2.57045282653341,1,1,0,0,4.51886272867288,0.0319749843143149,0.626933740177956,0.0297717293712835,0.626933740177956,1,0.337571287998758
missing_burst,251,6173.40680304103,6223.60514793012,2.58111896786421,1,1,0,0,1.63594332696056,0.418719546010126,0.226965971367703,0.389867431481405,0.389867431481405,1,0.267047713136647
missing_burst,252,6199.34647517595,6249.8830186745,2.59196589388885,1,1,0,0,3.10883982470747,0.0616563358540044,0.431311304623417,0.0574078700719986,0.431311304623417,1,0.280298130344246
missing_burst,253,6224.45415844846,6275.04952280604,2.60246491568413,1,1,0,0,3.34049520661305,0.000728515217353315,0.463450491788563,0.000678316451407753,0.463450491788563,1,0.290293833908694
missing_burst,254,6250.75569351486,6300.7305714396,2.6134631582107,1,1,0,0,2.31628062247577,0.409148293428732,0.321353969160496,0.380955691641398,0.380955691641398,1,0.264144252254806
missing_burst,255,6275.88231337998,6326.44760138271,2.62397009852623,1,1,0,0,5.40219799031756,0.00384803514782473,0.749485079456326,0.00358288404166429,0.749485079456326,1,0.369398311105321
missing_burst,256,6301.61184979965,6351.40577811466,2.63472915425912,1,1,0,0,11.9562611115607,0.265380065159719,1.65877654341059,0.24709389699158,1.65877654341059,1,0.532840959762632
missing_burst,257,6327.28568150545,6377.78582929068,2.64546491652447,1,1,0,0,8.98846814871968,0.0702608429662696,1.24703366605744,0.065419478603264,1.24703366605744,1,0.472362863633441
missing_burst,258,6352.31245408885,6402.81985360888,2.65593010472868,1,1,0,0,5.99214324401353,0.0969095526819295,0.831332350906517,0.0902319434335698,0.831332350906517,1,0.389082115492931
missing_burst,259,6378.64139118115,6428.89550863642,2.66693980567872,1,1,0,0,1.75488629947098,0.685677258713855,0.243467769962002,0.63843026729284,0.63843026729284,1,0.34068285776486
missing_burst,260,6403.66902690144,6454.42288458511,2.67740535481201,1,1,0,0,2.40510853661726,0.811595079894019,0.33367769302393,0.755671647565205,0.755671647565205,1,0.370928725254323
missing_burst,261,6429.78586582285,6479.82642091866,2.6883263648504,1,1,0,0,1.83692585857463,0.292793139439783,0.254849697389239,0.272618057400178,0.272618057400178,1,0.227251015015964
missing_burst,262,6455.24582540482,6505.94531493684,2.69897269440844,1,1,0,0,2.45629219864913,0.151777988362288,0.340778763934988,0.141319637552313,0.340778763934988,1,0.250810867038509
missing_burst,263,6480.73476303639,6530.97445606498,2.70963114141957,1,1,0,0,3.51275010839612,0.0872554850523532,0.487348630838819,0.0812430949645765,0.487348630838819,1,0.297571826335539
missing_burst,264,6506.78364516024,6557.18017938503,2.72052373466254,1,1,0,0,3.24946911103915,0.350020893346463,0.450821798690664,0.325902499546826,0.450821798690664,1,0.286394858370678
missing_burst,265,6531.82845315503,6582.31352959869,2.73099646454933,0.94,0.866666666666667,0,1,3.45647013261203,0.593259834275376,0.47954051232892,0.55238091938615,0.55238091938615,1,0.316728960435106
missing_burst,266,6558.02273237618,6608.0841823747,2.74194985700173,0.715922619047619,0.583333333333333,0,1,9668.55387317494,6850.0642843225,1341.3867616204,6378.05660963039,5,1,0.686359707403515
missing_burst,267,6583.12435764357,6634.22788350991,2.75244634558329,0.578205128205128,0.5,0,1,20124.4565042505,14791.5768110314,2792.00797696363,13772.3545839373,5,1,0.686359707403515
missing_burst,268,6608.9041823747,6659.07520190599,2.76322642986239,0.639094202898551,0.416666666666667,0,1,9359.83858067843,7181.80930716541,1298.55650883425,6686.94254818979,5,1,0.686359707403515
missing_burst,269,6635.07319123591,6684.21336270669,2.77416925526816,0.645781499202552,0.366666666666667,0,1,10106.0407068788,7885.86841885198,1402.08239974905,7342.48805615537,5,1,0.686359707403515
missing_burst,270,6659.89520190599,6711.06236283772,2.78454882028813,0.621412466843501,0.483333333333333,0,1,19785.2547326298,15108.3830076383,2744.94811962214,14067.3310647953,5,1,0.686359707403515
missing_burst,271,6685.03336270669,6736.92007622094,2.79506058655805,0.60625,0.416666666666667,0,1,17763.5344607693,13391.9628792583,2464.46058819333,12469.1818664335,5,1,0.686359707403515
missing_burst,272,6711.88236283772,6761.1231055515,2.8062877569225,0.631302889576883,0.316666666666667,0,1,NaN,NaN,NaN,NaN,0,0,0.12
missing_burst,273,6737.74007622094,6787.27541379971,2.81710041109851,0.540104166666667,0.333333333333333,0,1,NaN,NaN,NaN,NaN,0,0,0.12
missing_burst,274,6761.94808145637,6813.32406954111,2.82722322377814,0.482083333333333,0.4,0,1,24925.4156071403,19490.307264318,3458.07893940247,18147.3162748874,5,1,0.686359707403515
missing_burst,275,6788.1752583755,6838.26974076886,2.8381903727227,0.552799043062201,0.366666666666667,0,1,13599.9048345764,10362.3167930523,1886.810845106,9648.29531078601,5,1,0.686359707403515
missing_burst,276,6814.1440695411,6863.03450279111,2.84904948351624,0.572395833333333,0.333333333333333,0,1,NaN,NaN,NaN,NaN,0,0,0.12
missing_burst,277,6839.11804002922,6888.76957280012,2.8594925920111,0.56,0.416666666666667,0,1,22892.5213545918,17779.6619957337,3176.04116271816,16554.5440162391,5,1,0.686359707403515
missing_burst,278,6863.85450279111,6914.69122823893,2.86983638434177,0.563260869565217,0.383333333333333,0,1,25609.63966039,19737.5481246565,3553.00617454543,18377.5208595454,5,1,0.686359707403515
missing_burst,279,6889.58957280012,6941.12583444179,2.88059775399882,0.618240740740741,0.45,0,1,16476.4624238362,10230.6077268881,2285.8959947453,9525.66173464281,5,1,0.686359707403515
missing_burst,280,6915.51122823893,6966.88444819923,2.89143714616686,0.622225274725275,0.466666666666667,0,1,16374.4049108669,11712.2857513378,2271.73683520431,10905.2438706549,5,1,0.686359707403515
missing_burst,281,6941.94583444179,6990.00452779451,2.90249103368254,0.603026315789474,0.316666666666667,0,1,NaN,NaN,NaN,NaN,0,0,0.12
missing_burst,282,6967.76959547799,7015.90561154148,2.91328949035464,0.572011278195489,0.316666666666667,0,1,NaN,NaN,NaN,NaN,0,0,0.12
missing_burst,283,6990.82452779451,7042.80589668104,2.9229301343859,0.591174242424242,0.4,0,1,18532.656146108,11174.3002038914,2571.16627141353,10404.328531126,5,1,0.686359707403515
missing_burst,284,7017.65001118266,7068.89377272696,2.93414747099574,0.583659420289855,0.416666666666667,0,1,18528.7823244802,10176.5804521481,2570.62882878079,9475.35724077926,5,1,0.686359707403515
missing_burst,285,7043.62589668104,7095.64505922341,2.94500953999028,0.529927536231884,0.383333333333333,0,1,25452.102168711,14635.5431723036,3531.14988573855,13627.07253409,5,1,0.686359707403515
missing_burst,286,7069.71377272696,7121.40947880029,2.95591843892078,0.591174242424242,0.4,0,1,16039.2626104908,9139.59807624031,2225.24017697803,8509.82874028533,5,1,0.686359707403515
missing_burst,287,7096.4943885117,7146.09264768243,2.96711701370616,0.717407407407407,0.466666666666667,0,1,2859.98277808343,2230.58835202887,396.785609027554,2076.88836068045,5,1,0.686359707403515
missing_burst,288,7122.22947880029,7171.09017079115,2.97787839184332,0.73,0.4,0,1,1.97286210232171,0.507867938319653,0.273709092514775,0.472873001824595,0.472873001824595,1,0.293178972779148
missing_burst,289,7146.97441853481,7197.30834852158,2.98822572890249,0.594642857142857,0.25,0,1,NaN,NaN,NaN,NaN,0,0,0.12
missing_burst,290,7171.91017079115,7223.42608791089,2.99865285607226,0.496127450980392,0.283333333333333,0,1,NaN,NaN,NaN,NaN,0,0,0.12
missing_burst,291,7198.12834852158,7248.43930047509,3.00961624191861,0.592113526570048,0.45,0,1,19094.7938316671,15344.5784555023,2649.15560254908,14287.2513275674,5,1,0.686359707403515
missing_burst,292,7224.30308966714,7272.59707159958,3.0205614643348,0.741274509803922,0.566666666666667,0,1,4815.04192039115,3896.71827517567,668.0247711687,3628.21262973152,5,1,0.686359707403515
missing_burst,293,7249.25930047509,7298.01000881131,3.03099714644678,0.703667781493868,0.433333333333333,0,1,6038.06969156416,2605.06624972849,837.70405132426,2425.56264043136,5,1,0.686359707403515
missing_burst,294,7273.41707159958,7323.73780285917,3.04109895324467,0.529040616246499,0.283333333333333,0,1,NaN,NaN,NaN,NaN,0,0,0.12
missing_burst,295,7298.85591883463,7348.14098964596,3.05173645446964,0.610294117647059,0.333333333333333,0,1,NaN,NaN,NaN,NaN,0,0,0.12
missing_burst,296,7324.57685177054,7372.30358425936,3.06249191257216,0.742142857142857,0.466666666666667,0,1,5.76968993715746,0.0904385760156913,0.800469832601345,0.0842068531886035,0.800469832601345,1,0.381801395881226
missing_burst,297,7348.96098964596,7397.86827427264,3.07268837682713,0.724404761904762,0.5,0,1,4060.78609128698,3348.97429317152,563.381533171919,3118.21126626952,5,1,0.686359707403515
missing_burst,298,7373.12358425936,7421.73019700906,3.08279220061378,0.703809523809524,0.466666666666667,0,1,3607.68827146296,1812.57400326515,500.520072688436,1687.6775344179,5,1,0.686359707403515
missing_burst,299,7398.68827427263,7445.73082788245,3.0934823242196,0.69875,0.4,0,1,1.19188696949542,0.44278378750396,0.165358896811318,0.412273512380056,0.412273512380056,1,0.274262495701473
missing_burst,300,7422.55019700906,7470.77440360029,3.10346041913851,0.711630434782609,0.383333333333333,0,1,1.27412728438838,2.69524659143583,0.176768676507016,2.50952905309724,2.50952905309724,1,0.611687530620341
missing_burst,301,7446.55082788245,7494.05584872026,3.11349651621307,0.709166666666667,0.4,0,1,6.76105857514256,3.40124808221833,0.938009405149868,3.16688309939428,3.16688309939428,1,0.646060352697233
missing_burst,302,7471.59440360029,7519.69474408943,3.12396873081127,0.645781499202552,0.366666666666667,0,1,6699.77526185294,5022.20807268952,929.507138292463,4676.14989632533,5,1,0.686359707403515
missing_burst,303,7494.87584872026,7546.3428856288,3.13370409337289,0.607857142857143,0.366666666666667,0,1,14809.0799235392,8595.39260603697,2054.56824482592,8003.12206540473,5,1,0.686359707403515
missing_burst,304,7520.51474408943,7570.36257564668,3.14442524666951,0.658219696969697,0.4,0,1,9044.51351812163,3841.57674001095,1254.80923596707,3576.87065420767,5,1,0.686359707403515
missing_burst,305,7547.1628856288,7595.57084642739,3.15556842606161,0.681566332218506,0.433333333333333,0,1,4964.87261133334,3368.86273155019,688.811841081183,3136.72928020213,5,1,0.686359707403515
missing_burst,306,7571.20365301579,7620.84733900602,3.16562130660944,0.621154244306418,0.383333333333333,0,1,10944.6554527229,7726.85752332552,1518.42934603808,7194.4338991255,5,1,0.686359707403515
missing_burst,307,7596.39084642739,7646.32737433239,3.17615357634218,0.542023809523809,0.35,0,1,NaN,NaN,NaN,NaN,0,0,0.12
missing_burst,308,7621.6741785696,7670.34725041332,3.18672604741955,0.586464646464646,0.366666666666667,0,1,NaN,NaN,NaN,NaN,0,0,0.12
missing_burst,309,7647.14737433239,7694.31279701052,3.19737791181524,0.675,0.333333333333333,0,1,NaN,NaN,NaN,NaN,0,0,0.12
missing_burst,310,7671.16901703382,7720.88390406244,3.20742279518992,0.571785714285714,0.416666666666667,0,1,20574.1269015015,15377.3486919328,2854.39392690788,14317.763511744,5,1,0.686359707403515
missing_burst,311,7696.07251183409,7746.27134457007,3.21783643359092,0.534166666666667,0.4,0,1,24043.1564309931,16840.7213160792,3335.67689306486,15680.301591737,5,1,0.686359707403515
missing_burst,312,7721.70390406244,7770.32205217617,3.22855444937628,0.593392857142857,0.233333333333333,0,1,NaN,NaN,NaN,NaN,0,0,0.12
missing_burst,313,7747.09134457007,7795.09468036994,3.23917045437854,0.596897759103641,0.283333333333333,0,1,NaN,NaN,NaN,NaN,0,0,0.12
missing_burst,314,7771.14205217617,7820.71708348557,3.2492274915256,0.621154244306418,0.383333333333333,0,1,13402.8727022855,10082.7069617455,1859.4751858817,9387.95215798297,5,1,0.686359707403515
missing_burst,315,7795.86978172854,7844.67630387811,3.25956763197983,0.666392339544513,0.383333333333333,0,1,6450.20923787439,4875.47007242283,894.883081261157,4539.52296354941,5,1,0.686359707403515
missing_burst,316,7821.53708348557,7868.58926140467,3.27030066368364,0.657222222222222,0.3,0,1,NaN,NaN,NaN,NaN,0,0,0.12
missing_burst,317,7845.49630387811,7893.87894923903,3.28031944456314,0.641705043859649,0.316666666666667,0,1,NaN,NaN,NaN,NaN,0,0,0.12
missing_burst,318,7869.43843369577,7918.2564900147,3.29033107885264,0.646481481481482,0.45,0,1,11728.5994161854,8750.92483765679,1627.19142858264,8147.93725789332,5,1,0.686359707403515
missing_burst,319,7894.69894923903,7941.10856245978,3.30089400894739,0.68008281573499,0.466666666666667,0,1,3990.70066416674,2964.65153335976,553.658086899106,2760.37049037215,5,1,0.686359707403515
missing_burst,320,7919.04125070591,7965.47705909842,3.31107297890149,0.7075,0.416666666666667,0,1,6.15279940283383,0.164242911251588,0.853621314431067,0.152925657659976,0.853621314431067,1,0.394236441781318
missing_burst,321,7941.97352379498,7989.63928550971,3.3206623317846,0.663928571428571,0.4,0,1,5408.46573082771,3659.74604405383,750.35464736233,3407.56910840506,5,1,0.686359707403515
missing_burst,322,7966.29705909842,8013.71338696252,3.33083345448506,0.62374649859944,0.35,0,1,NaN,NaN,NaN,NaN,0,0,0.12
missing_burst,323,7990.46565071358,8037.22332004994,3.34093978597629,0.692272727272727,0.366666666666667,0,1,9.92026521666749,0.518012246642499,1.37630845397889,0.482318310665963,1.37630845397889,1,0.49339747814841
missing_burst,324,8014.53338696252,8061.45116934975,3.35100394381587,0.742142857142857,0.466666666666667,0,1,11.1014652599272,0.0660336974898916,1.54018467803862,0.0614836070513449,1.54018467803862,1,0.517291936973733
missing_burst,325,8038.04149317514,8085.07258990813,3.36083408691642,0.742142857142857,0.466666666666667,0,1,1.94352593322094,0.0388782054010068,0.269639078592877,0.0361992799828132,0.269639078592877,1,0.226193602296469
missing_burst,326,8062.27116934975,8107.30069298455,3.37096596150989,0.696923076923077,0.433333333333333,0,1,2.34702268942173,0.421872810537716,0.325619033219409,0.392803418477635,0.392803418477635,1,0.268000020978728
missing_burst,327,8085.89258990813,8132.26858494179,3.38084348810548,0.59797619047619,0.35,0,1,NaN,NaN,NaN,NaN,0,0,0.12
missing_burst,328,8109.02196667544,8156.95659043058,3.3905152618074,0.473125,0.266666666666667,0,1,NaN,NaN,NaN,NaN,0,0,0.12
missing_burst,329,8133.0885849418,8181.08314183018,3.40057895215169,0.553026315789474,0.316666666666667,0,1,NaN,NaN,NaN,NaN,0,0,0.12
missing_burst,330,8157.77579399104,8207.68810513556,3.4109021485637,0.585492424242424,0.4,0,1,15364.0391813153,11827.7119125389,2131.5616619785,11012.7165248981,5,1,0.686359707403515
missing_burst,331,8181.8622708222,8232.44879408439,3.42097414295988,0.560384615384615,0.433333333333333,0,1,17963.1917472211,13846.0289883619,2492.16045359415,12891.9602854632,5,1,0.686359707403515
missing_burst,332,8207.91810513556,8257.8417842075,3.43186964332847,0.661195652173913,0.416666666666667,0,1,10259.2283141721,5961.48864693484,1423.33519837466,5550.70879478321,5,1,0.686359707403515
missing_burst,333,8233.26879408439,8283.21507898254,3.44247028030921,0.655454545454546,0.383333333333333,0,1,15477.4680876414,9537.63308761928,2147.29845522873,8880.43691705824,5,1,0.686359707403515
missing_burst,334,8258.6617842075,8309.38878053908,3.45308860593711,0.588409090909091,0.383333333333333,0,1,19270.7362607314,13975.0538792621,2673.5653383017,13012.0946410044,5,1,0.686359707403515
missing_burst,335,8284.03507898254,8332.43071159283,3.46369869576379,0.609094202898551,0.383333333333333,0,1,11723.6455060847,8682.7949122815,1626.50413764809,8084.50186476161,5,1,0.686359707403515
missing_burst,336,8310.20878053908,8357.11243938265,3.47464348346573,0.700760869565217,0.383333333333333,0,1,10.244651895647,0.300245768101589,1.42131290888878,0.279557158337427,1.42131290888878,1,0.500254626710224
missing_burst,337,8333.25042887298,8382.55819314637,3.48427857267055,0.653508771929825,0.333333333333333,0,1,8794.51874469658,6571.70516000773,1220.12569549706,6118.87798312465,5,1,0.686359707403515
missing_burst,338,8357.93243938265,8407.99546593129,3.4945995952627,0.57,0.266666666666667,0,1,NaN,NaN,NaN,NaN,0,0,0.12
missing_burst,339,8383.37819314637,8432.18065243095,3.50523998451977,0.545707282913165,0.283333333333333,0,1,NaN,NaN,NaN,NaN,0,0,0.12
missing_burst,340,8408.22546593129,8456.22691187149,3.51563011313859,0.636468253968254,0.35,0,1,NaN,NaN,NaN,NaN,0,0,0.12
missing_burst,341,8432.92719431826,8479.53443233255,3.52595938095279,0.700760869565217,0.383333333333333,0,1,5.08266612441242,3.2430187619621,0.705154167050676,3.0195566627348,3.0195566627348,1,0.639758552837235
missing_burst,342,8457.04691187149,8503.9682403598,3.53604527527999,0.675833333333333,0.4,0,1,6130.51139466417,2956.16148937907,850.529141651783,2752.46545782363,5,1,0.686359707403515
missing_burst,343,8480.32742254029,8527.15259877483,3.54578024709177,0.643400076277651,0.383333333333333,0,1,8026.47063087806,5930.66927781093,1113.5689564358,5522.01305226365,5,1,0.686359707403515
missing_burst,344,8504.7882403598,8550.90384189495,3.55600877581065,0.645525846702317,0.366666666666667,0,1,NaN,NaN,NaN,NaN,0,0,0.12
missing_burst,345,8527.97259877483,8577.20524803491,3.56570354062296,0.544583333333333,0.4,0,1,19251.0842802158,12797.6619891998,2670.83888025544,11915.8316258202,5,1,0.686359707403515
missing_burst,346,8551.72384189495,8604.16366853124,3.57563535378455,0.499542606516291,0.35,0,1,27122.655019888,18553.6637119082,3762.91748082566,17275.2126927375,5,1,0.686359707403515
missing_burst,347,8578.02524803491,8627.73497048727,3.58663354239928,0.576388888888889,0.333333333333333,0,1,NaN,NaN,NaN,NaN,0,0,0.12
missing_burst,348,8604.98366853123,8651.60513235146,3.59790646795299,0.675,0.333333333333333,0,1,NaN,NaN,NaN,NaN,0,0,0.12
missing_burst,349,8628.52360107748,8676.76387387372,3.60774991954428,0.612794117647059,0.283333333333333,0,1,NaN,NaN,NaN,NaN,0,0,0.12
missing_burst,350,8652.42513235146,8701.28931716609,3.61774457715815,0.609191729323308,0.35,0,1,11800.6086193895,6876.44466832961,1637.18177389797,6402.61923789159,5,1,0.686359707403515
missing_burst,351,8677.58387387372,8724.53249762128,3.62826494945682,0.643400076277651,0.383333333333333,0,1,4642.69929927574,3572.82134007623,644.114462195962,3326.63400185236,5,1,0.686359707403515
missing_burst,352,8702.10931716609,8748.19652066756,3.6385205019453,0.6625,0.333333333333333,0,1,NaN,NaN,NaN,NaN,0,0,0.12
missing_burst,353,8725.35249762128,8772.80369431651,3.64823986376543,0.626960784313725,0.333333333333333,0,1,NaN,NaN,NaN,NaN,0,0,0.12
missing_burst,354,8749.01652066756,8797.91700290633,3.65813520500541,0.593055555555556,0.333333333333333,0,1,NaN,NaN,NaN,NaN,0,0,0.12
missing_burst,355,8773.564737065,8821.87169570239,3.66840028028912,0.612794117647059,0.283333333333333,0,1,NaN,NaN,NaN,NaN,0,0,0.12
missing_burst,356,8798.67473918158,8846.7617379354,3.67890027173159,0.631302889576883,0.316666666666667,0,1,NaN,NaN,NaN,NaN,0,0,0.12
missing_burst,357,8822.70085232196,8870.48677623831,3.68894702446376,0.655476190476191,0.466666666666667,0,1,7245.58946851213,5483.44712568799,1005.23179791796,5105.60700336728,5,1,0.686359707403515
missing_burst,358,8847.5817379354,8895.94902488999,3.69935120861353,0.618690476190476,0.4,0,1,13089.6255206624,9881.82360485369,1816.01619211119,9200.91078595948,5,1,0.686359707403515
missing_burst,359,8871.33445469876,8919.67915368402,3.70928363799337,0.69375,0.416666666666667,0,1,7466.10219079664,5667.1351671867,1035.82508522042,5276.63791323367,5,1,0.686359707403515
missing_burst,360,8896.76902488999,8944.21125437645,3.7199193507309,0.73,0.4,0,1,4.52337115056104,1.94438505152652,0.627559225386592,1.81040606552231,1.81040606552231,1,0.550809568392113
missing_burst,361,8920.49915368402,8967.69371277659,3.72984233473182,0.671111111111111,0.3,0,1,NaN,NaN,NaN,NaN,0,0,0.12
missing_burst,362,8945.03125437645,8992.45258345985,3.74010067107685,0.663852657004831,0.45,0,1,9580.88352112143,4409.67727250456,1329.22363452054,4105.82588817505,5,1,0.686359707403515
missing_burst,363,8968.43449606929,9016.00927599618,3.74988696405922,0.599060846560847,0.45,0,1,17643.4768089348,10583.4642272084,2447.80414226414,9854.20445201114,5,1,0.686359707403515
missing_burst,364,8993.28916828498,9040.14049446154,3.76028018682194,0.613541666666667,0.333333333333333,0,1,NaN,NaN,NaN,NaN,0,0,0.12
missing_burst,365,9016.82927599618,9065.38247771134,3.77012371166016,0.645277777777778,0.316666666666667,0,1,NaN,NaN,NaN,NaN,0,0,0.12
missing_burst,366,9040.96144474881,9088.48427521141,3.7802148125774,0.708122710622711,0.466666666666667,0,1,3747.08620844308,2866.47661957659,519.85973296391,2668.96037628202,5,1,0.686359707403515
missing_burst,367,9066.20247771134,9112.51465254892,3.79076959584166,0.904791666666667,0.8,0,1,1.99272349493931,0.349450921994544,0.276464603780892,0.325371802403337,0.325371802403337,1,0.245590282856087
missing_burst,368,9089.25863812779,9135.78992430785,3.80041075341484,1,1,0,0,2.16660682509159,0.116595656253812,0.300588666199355,0.108561564557254,0.300588666199355,1,0.237065023874002
missing_burst,369,9113.32571284678,9159.34243527481,3.81047463462924,1,1,0,0,7.03481112738387,0.0040883072092014,0.975989030061004,0.00380660001651729,0.975989030061004,1,0.42104894648666
missing_burst,370,9136.54734020094,9183.29548824559,3.82018498381068,1,1,0,0,2.11354954795286,0.255848817058286,0.293227655432379,0.238219405099512,0.293227655432379,1,0.234502204021345
missing_burst,371,9160.14284400395,9206.2538936233,3.83005167306312,1,1,0,0,3.80043420019053,0.914431247186768,0.527261076621684,0.851421828773242,0.851421828773242,1,0.393731633605674
missing_burst,372,9184.05754451816,9230.44226233419,3.84005183752278,1,1,0,0,8.13107160872383,0.604275905876959,1.12808098882196,0.562637922149094,1.12808098882196,1,0.451120868755285
missing_burst,373,9207.03089652333,9253.44544057684,3.84965836795392,1,1,0,0,3.25188822589143,0.00625161730911181,0.451157419578777,0.00582084597228038,0.451157419578777,1,0.286498956162328
missing_burst,374,9231.23196188929,9277.2880216285,3.85977827865968,1,1,0,0,3.23326445049104,0.000974640021176193,0.448573611689701,0.000907481882075205,0.448573611689701,1,0.285696873808907
missing_burst,375,9254.23288176113,9300.9034122442,3.86939633686222,1,1,0,0,3.40531796786013,0.134741319905309,0.472443811257956,0.125456890671702,0.472443811257956,1,0.2930479988901
missing_burst,376,9278.07283332556,9324.15116864007,3.879365244322,1,1,0,0,4.82255698299677,0.190200061516029,0.669067388878045,0.177094215346389,0.669067388878045,1,0.348845056027112
missing_burst,377,9301.64945182755,9348.36694277023,3.88922403650226,1,1,0,0,3.547940660376,0.204074607583319,0.492230864643286,0.190012727724824,0.492230864643286,1,0.299042693098821
missing_burst,378,9324.96775596581,9371.37905093034,3.89897481202063,1,1,0,0,2.56551531837778,0.00192735462018807,0.355932058707785,0.00179454912598794,0.355932058707785,1,0.255886988917749
missing_burst,379,9349.08692541554,9395.43155552565,3.90906047715302,1,1,0,0,2.32327784713355,0.0875139778930728,0.322324743554179,0.0814837762053449,0.322324743554179,1,0.244550635496223
missing_burst,380,9372.1568960455,9418.9187943153,3.91870740960121,1,1,0,0,2.03703369595007,0.274419481542168,0.282612070901645,0.255510447116115,0.282612070901645,1,0.23078126278784
missing_burst,381,9396.2652788879,9442.37728123818,3.92878856420891,1,1,0,0,5.43486879990923,0.285020385117545,0.754017731603952,0.265380889247838,0.754017731603952,1,0.370520279806009
missing_burst,382,9419.6768634254,9466.30897921278,3.93857834583286,1,1,0,0,5.93743367955422,0.0639792323655777,0.823742106650514,0.059570706044653,0.823742106650514,1,0.387307111002082
missing_burst,383,9443.19502274205,9489.38472681057,3.94841269273657,1,1,0,0,3.76692076310976,0.0099967078590702,0.522611520811557,0.00930787887363496,0.522611520811557,1,0.308075404475326
missing_burst,384,9467.06424817516,9513.41629591322,3.95839384134907,1,1,0,0,3.98799313663499,0.0030486685319468,0.553282452483096,0.0028385982486701,0.553282452483096,1,0.316988021488646
missing_burst,385,9490.18125047644,9536.58003927103,3.96806044054775,1,1,0,0,4.09940916687212,0.10791669986938,0.568739985217855,0.100480636724342,0.568739985217855,1,0.321402697192882
missing_burst,386,9514.19339543682,9560.33271024436,3.97810135234969,1,1,0,0,4.22923757655158,0.00795930994191487,0.586751997387476,0.00741086904823812,0.586751997387476,1,0.326482780906866
missing_burst,387,9537.34391566765,9584.14084405182,3.98778196739639,1,1,0,0,4.24975947349557,0.130492838520135,0.589599145083512,0.121501153374226,0.589599145083512,1,0.327279523954522
missing_burst,388,9561.15371440945,9607.53578327161,3.99773826616032,1,1,0,0,4.14937563739669,0.236544046056536,0.575672186554863,0.220244840602809,0.575672186554863,1,0.323365973631609
missing_burst,389,9584.89345250815,9631.92595706128,4.00766526838539,1,1,0,0,3.70687627017875,0.111686458100604,0.514281124251496,0.103990637565998,0.514281124251496,1,0.305619073660118
missing_burst,390,9608.35185104672,9655.26859426208,4.0174746257389,1,1,0,0,1.35908035664439,0.00710795348986993,0.188554816190155,0.00661817580906018,0.188554816190155,1,0.196485761201716
missing_burst,391,9632.72137559789,9679.40803976125,4.02766497929029,1,1,0,0,1.89870719677671,0.000961043029088511,0.26342105875998,0.000894821798657534,0.26342105875998,1,0.223978838835849
missing_burst,392,9656.05792987704,9703.02914179687,4.03742338628245,1,1,0,0,1.31896529879016,0.32219897794299,0.182989370907112,0.299997669450877,0.299997669450877,1,0.236859783592
missing_burst,393,9680.23189982582,9726.82670301985,4.04753196677616,1,1,0,0,5.02116573099934,0.134035595711265,0.696621783134646,0.12479979481485,0.696621783134646,1,0.356027481469489
missing_burst,394,9703.78512829211,9751.24443787768,4.05738097818565,1,1,0,0,2.29335732389745,0.013279707345673,0.318173658056169,0.0123646613658611,0.318173658056169,1,0.243130468992061
missing_burst,395,9727.68244772644,9774.67220893172,4.06737387457782,1,1,0,0,1.10522016067855,0.136905489111093,0.153334998352069,0.127471936536147,0.153334998352069,1,0.183008282135113
missing_burst,396,9752.03462228073,9799.305083383,4.07755697305939,1,1,0,0,0.960166168304363,0.13205793751034,0.133210633566684,0.122958408305695,0.133210633566684,1,0.175146000163978
missing_burst,397,9775.48474545013,9822.85140311089,4.08736286998685,1,1,0,0,2.28794563161994,0.532952968137044,0.317422855767198,0.496229533032011,0.496229533032011,1,0.300243363274464
missing_burst,398,9800.12795480223,9846.86578337086,4.09766766749784,1,1,0,0,2.65499314879581,0.000810350611877397,0.368345950046207,0.000754512930343083,0.368345950046207,1,0.26000267779071
missing_burst,399,9823.62992507556,9870.9997037853,4.10749524479573,1,1,0,0,0.658572164529192,0.118162052165798,0.0913683674579411,0.110020027045351,0.110020027045351,1,0.165937387875413
missing_burst,400,9847.68294499548,9894.44495171393,4.11755324885929,1,1,0,0,1.66334205295945,0.0126895996866147,0.230767190125159,0.0118152154192202,0.230767190125159,1,0.212176963020664
missing_burst,401,9871.77710503811,9919.048085841,4.12762845606503,1,1,0,0,2.12784909518198,0.00470030445168273,0.295211532608006,0.0043764272320687,0.295211532608006,1,0.2351943068406
missing_burst,402,9895.28014392185,9942.45697538317,4.13745648021275,1,1,0,0,3.66927212947415,0.0199801303665697,0.509064036237619,0.0186033878305976,0.509064036237619,1,0.304072910704415
missing_burst,403,9919.87748671253,9966.95016935887,4.14774209817528,1,1,0,0,1.44882872276299,0.224723138828069,0.201006240856936,0.209238459881258,0.209238459881258,1,0.20423637103558
missing_burst,404,9943.22456184186,9990.81789466413,4.15750490456321,1,1,0,0,2.78197241516816,0.529147892060288,0.38596268044316,0.492686647941568,0.492686647941568,1,0.299179731907843
missing_burst,405,9967.76801256462,10014.8048313177,4.16776798703373,1,1,0,0,5.61251601304739,0.012452706991405,0.778663984090936,0.0115946459533374,0.778663984090936,1,0.376554666385224
missing_burst,406,9991.60278861541,10039.4109503128,4.17773473030219,1,1,0,0,2.50448952793687,0.386943351339421,0.3474655198139,0.360280794037398,0.360280794037398,1,0.257333126765476
missing_burst,407,10015.6334076574,10063.2016513428,4.18778336722091,1,1,0,0,0.948309728381037,0.128505359009907,0.131565705921691,0.119650622298813,0.131565705921691,1,0.174498090443989
missing_burst,408,10040.2152139384,10087.9578471443,4.19806248844094,1,1,0,0,1.11054159257465,0.00207136903674264,0.154073278180876,0.00192864014517592,0.154073278180876,1,0.183294466314019
missing_burst,409,10064.0228454562,10111.8749277778,4.20801788095906,1,1,0,0,2.30601324983223,0.00282337045817106,0.319929504041789,0.00262882447006906,0.319929504041789,1,0.243731717416788
missing_burst,410,10088.7723911616,10136.3184565669,4.21836714404972,1,1,0,0,2.04731598445916,0.332319436365854,0.28403860540372,0.309420771783533,0.309420771783533,1,0.240121407774556
missing_burst,411,10112.6528561284,10160.8886845523,4.22835299258248,1,1,0,0,1.80978817799345,1.2689188025961,0.251084695306179,1.18148321242839,1.18148321242839,1,0.460891913559864
missing_burst,412,10137.1740495229,10184.6435478529,4.23860676793488,1,1,0,0,8.83435405569791,0.0829289880076669,1.22565232952353,0.0772147177221086,1.22565232952353,1,0.468683048058622
missing_burst,413,10161.6959701858,10209.624381471,4.24886084740162,1,1,0,0,2.58716189629868,0.406204770425904,0.358935241338648,0.378214993807839,0.378214993807839,1,0.263247419162194
missing_burst,414,10185.4932712655,10233.3881566302,4.25881192014665,1,1,0,0,0.159553625811056,0.851350563131511,0.0221360013336931,0.792687756043523,0.792687756043523,1,0.379938781116389
missing_burst,415,10210.431880295,10258.2157562397,4.26924024190389,1,1,0,0,0.621088483479478,0.0160650951292104,0.086167991662716,0.0149581203796448,0.086167991662716,1,0.156297561151218
missing_burst,416,10234.2080523677,10282.4361107165,4.27918247934932,1,1,0,0,2.37266562569885,0.198797559245608,0.329176658868747,0.185099297480571,0.329176658868747,1,0.246885157235859
missing_burst,417,10259.0361433646,10306.7938694575,4.28956458691705,1,1,0,0,5.82858198343304,0.0461106936772557,0.808640342097907,0.0429334094361642,0.808640342097907,1,0.383745317275204
missing_burst,418,10283.2203701787,10331.8159565142,4.29967745641869,1,1,0,0,3.77707243383074,0.537351092167033,0.524019933785419,0.500324601760584,0.524019933785419,1,0.308489179663308
missing_burst,419,10307.6269025033,10355.7226688887,4.30988328513024,1,1,0,0,0.375542607118663,0.461625331783439,0.0521016781021425,0.429816769061954,0.429816769061954,1,0.279827422057617
missing_burst,420,10332.6383972157,10380.7495437907,4.3203420847442,1,1,0,0,0.0987375333092012,0.0255898262373078,0.0136985553158554,0.023826544335605,0.023826544335605,1,0.13027248920504
missing_burst,421,10356.5508617839,10404.8538669175,4.33034131422129,1,1,0,0,1.66220904215843,0.025475632930133,0.230609999535004,0.0237202195848624,0.230609999535004,1,0.212119448737161
missing_burst,422,10381.5665820616,10429.6678027906,4.34080188079646,1,1,0,0,2.94761874103302,0.0309918375993207,0.408943965084149,0.0288563269540892,0.408943965084149,1,0.273198032319529
missing_burst,423,10405.6631973921,10454.4412684217,4.35087811470467,1,1,0,0,9.40550932314483,0.975671477949883,1.30489273347977,0.908442265718324,1.30489273347977,1,0.482029757009041
missing_burst,424,10430.494928383,10478.8191310407,4.36126174437129,1,1,0,0,6.08706160991528,0.594850983813525,0.844501046155607,0.553862429837363,0.844501046155607,1,0.392137788097434
missing_burst,425,10455.2441611155,10504.1699576093,4.3716108765893,1,1,0,0,3.87615862081633,0.0275841265265749,0.537766860288117,0.0256834262002992,0.537766860288117,1,0.312504995024553
missing_burst,426,10479.6702105643,10528.3650745822,4.381824866576,1,1,0,0,3.69977411452806,0.02271919612715,0.513295792040106,0.0211537166674326,0.513295792040106,1,0.305327518771268
missing_burst,427,10505.0053825908,10553.5688134067,4.39241901500484,1,1,0,0,0.106346312959776,0.0687405867034624,0.0147541750527103,0.0640039764849085,0.0640039764849085,1,0.147184052195711
missing_burst,428,10529.1775689003,10578.2199299738,4.40252684965246,1,1,0,0,1.5333429510695,0.113508511371789,0.212731496619687,0.105687141193851,0.212731496619687,1,0.205533461676416
missing_burst,429,10554.4196907127,10602.9880102952,4.4130820882299,1,1,0,0,0.333366878531229,0.000743311385219658,0.0462503414150872,0.000692093080697659,0.0462503414150872,1,0.139773958692054
missing_burst,430,10579.0226185532,10628.2324726526,4.42337004163526,1,1,0,0,13.1512843791733,0.752528492376601,1.82457056100938,0.700675077710235,1.82457056100938,1,0.552386085001044
missing_burst,431,10603.8566390946,10652.5688863502,4.43375462869966,1,1,0,0,12.3660885344594,1.23528240714406,1.71563479613757,1.15016455242282,1.71563479613757,1,0.539819387543911
missing_burst,432,10629.0448702203,10678.0757646653,4.44428733236266,1,1,0,0,2.40452052304295,0.524687245974471,0.333596113748003,0.488533365275888,0.488533365275888,1,0.297929245406358
missing_burst,433,10653.389339803,10702.49381252,4.45446720893546,1,1,0,0,0.675971678416056,0.159853879651299,0.0937823249010727,0.14883905484193,0.14883905484193,1,0.181262065536426
missing_burst,434,10678.8941815181,10727.7321973469,4.46513230639371,1,1,0,0,1.02514485060641,0.179996808901032,0.142225585065205,0.167594023803698,0.167594023803698,1,0.18850767229105
missing_burst,435,10703.3050820595,10752.9654826025,4.47533996171754,1,1,0,0,1.79063894027628,0.0728274696640848,0.248427986318892,0.0678092503915258,0.248427986318892,1,0.218595865501297
missing_burst,436,10728.5993697287,10777.5040893193,4.48591701395503,1,1,0,0,0.328944820159549,0.0832304777408281,0.045636838027022,0.0774954331293676,0.0774954331293676,1,0.15274956641887
missing_burst,437,10753.7639316152,10803.3370631457,4.49643982009556,1,1,0,0,6.83542870790053,0.0106214416624582,0.948327298895931,0.00988956502993535,0.948327298895931,1,0.415201295885269
missing_burst,438,10778.3770600241,10827.7910242719,4.50673203896778,1,1,0,0,5.04738524198273,0.031249615860663,0.700259401064961,0.029096342853989,0.700259401064961,1,0.356964632964261
missing_burst,439,10804.1619232045,10853.4030317783,4.51751423012342,1,1,0,0,2.54031588332295,0.0333372890336284,0.352435963115181,0.0310401636893721,0.352435963115181,1,0.254720964730804
missing_burst,440,10828.5807531407,10878.269181971,4.5277252012008,1,1,0,0,2.93301099964977,0.00685720524597582,0.406917329956943,0.00638470551915614,0.406917329956943,1,0.272548810148304
missing_burst,441,10854.262093415,10903.2694130944,4.53846410324706,1,1,0,0,0.735756924678444,0.0138236335628425,0.102076754339903,0.012871108029801,0.102076754339903,1,0.162746238021076
missing_burst,442,10879.0777837495,10928.8952690965,4.54884102535724,1,1,0,0,1.30771784171537,0.000231502625406866,0.181428931753552,0.000215550801983325,0.181428931753552,1,0.193787569289225
missing_burst,443,10904.1275520408,10953.5969300337,4.55931582944024,1,1,0,0,1.54235288674286,0.113170940749924,0.213981508627049,0.105372831072567,0.213981508627049,1,0.205996811277874
missing_burst,444,10929.7405253343,10979.5583885313,4.57002614316899,1,1,0,0,1.66997608764316,0.0873814089944848,0.231687576608762,0.0813603420440326,0.231687576608762,1,0.21251358612076
missing_burst,445,10954.4684718782,11004.4466679139,4.58036637436031,1,1,0,0,2.37002465234303,0.28803028868229,0.328810257983594,0.26818339365198,0.328810257983594,1,0.246760623866118
missing_burst,446,10980.4106107637,11029.9133390551,4.59121433188069,1,1,0,0,1.37693416564268,0.470261164260461,0.191031801202489,0.437857544465448,0.437857544465448,1,0.28235368199057
missing_burst,447,11005.2345939858,11055.3584395747,4.60159472174245,1,1,0,0,1.1255153978122,0.525799960235293,0.156150699931863,0.489569407311597,0.489569407311597,1,0.29824154570937
missing_burst,448,11030.7610109773,11080.1670426818,4.61226884111223,1,1,0,0,0.492093818268466,0.00384580814228976,0.068271650751406,0.00358081048924457,0.068271650751406,1,0.14895065225581
missing_burst,449,11056.1810093818,11106.0766506238,4.6228984605155,1,1,0,0,1.83730183106387,0.123481549974362,0.254901858707924,0.114972981754912,0.254901858707924,1,0.220927611835541
missing_burst,450,11081.0411037964,11130.7502793972,4.6332939506234,1,1,0,0,2.03869737821209,0.0178644867645257,0.282842885291375,0.0166335238848648,0.282842885291375,1,0.230862482584986
missing_burst,451,11106.9278586223,11156.4779442742,4.64411874876094,1,1,0,0,5.90566865020994,0.0169740981105587,0.819335119793553,0.0158044879804031,0.819335119793553,1,0.38627187600535
missing_burst,452,11131.5837567917,11181.7613978829,4.65442885222423,1,1,0,0,1.70148654258613,0.599783452794757,0.236059244561133,0.558455024166666,0.558455024166666,1,0.318471010739045
missing_burst,453,11157.3568444415,11207.1224043265,4.66520611932726,1,1,0,0,5.36119124890026,0.363188143603178,0.743795924615189,0.338162452745032,0.743795924615189,1,0.367984664179835
missing_burst,454,11182.5831399589,11232.9774901471,4.6757547399856,1,1,0,0,3.63663807782148,0.0174081312748561,0.504536483778469,0.0162086138363724,0.504536483778469,1,0.302726189992609
missing_burst,455,11207.9695448364,11257.9282766989,4.68637031192907,1,1,0,0,2.08554748508863,0.0218029248080406,0.289342731490615,0.0203005815579658,0.289342731490615,1,0.233143908504928
missing_burst,456,11233.8091875579,11284.1020479493,4.69717540968225,1,1,0,0,2.62115057856084,0.25336204590028,0.363650731269142,0.235903986358514,0.363650731269142,1,0.258450533756887
missing_burst,457,11258.7756457115,11309.2397349625,4.7076153768214,1,1,0,0,4.60283803210727,2.60853790073631,0.638584227087116,2.42879507530171,2.42879507530171,1,0.606174957587047
missing_burst,458,11284.9703196979,11334.9297479506,4.71856893434871,1,1,0,0,5.7558974702067,0.987296095401037,0.798556306253918,0.919265882124151,0.919265882124151,1,0.408925661896732
missing_burst,459,11310.0735072405,11360.7233381517,4.72906607621084,1,1,0,0,11.8712157689716,0.15949719773,1.6469776024125,0.148506950296447,1.6469776024125,1,0.531355170692052
missing_burst,460,11335.8279916501,11385.8245117474,4.73983556418821,1,1,0,0,16.8588941671933,1.48774447160981,2.33895345137135,1.38523057109245,2.33895345137135,1,0.59963505278103
missing_burst,461,11361.540523955,11411.7682909102,4.75058750948524,1,1,0,0,3.87947690556041,1.09810120245224,0.53822722936558,1.02243589864884,1.02243589864884,1,0.430598945141337
missing_burst,462,11386.6723342287,11436.8066586426,4.76109662022053,1,1,0,0,4.93973725137316,0.815871474107842,0.685324635078981,0.759653374341593,0.759653374341593,1,0.371909963321392
missing_burst,463,11412.5849262294,11462.8491102627,4.77193222242387,1,1,0,0,4.33613613751517,0.350023678204448,0.601582789705929,0.325905092512548,0.601582789705929,1,0.330614427190883
missing_burst,464,11437.6731301528,11488.1598461587,4.78242309873998,1,1,0,0,2.60132657698894,0.377964763709417,0.360900407526863,0.351920881224645,0.360900407526863,1,0.257538790749204
missing_burst,465,11463.7155786634,11513.7737082933,4.79331300170503,1,1,0,0,1.40131951172339,0.277501157792799,0.194414952482326,0.258379778667362,0.258379778667362,1,0.22217561502284
missing_burst,466,11488.9880300591,11539.8289661315,4.80388092289248,1,1,0,0,3.73237005964645,0.272064079920592,0.517818057710634,0.253317345817021,0.517818057710634,1,0.306663861613415
missing_burst,467,11514.6471297892,11564.9418126554,4.81461052483904,1,1,0,0,2.26344458194495,0.00798318333411101,0.314023652110589,0.00743309743042124,0.314023652110589,1,0.241706245237925
missing_burst,468,11540.6402442656,11591.1385786974,4.8254797982982,1,1,0,0,3.41162318745014,0.020954962270842,0.473318578901401,0.0195110483739523,0.473318578901401,1,0.293314902658238
missing_burst,469,11565.8042431781,11616.3481174603,4.83600236902568,1,1,0,0,3.18224628919034,0.0545932856113902,0.441495501863902,0.050831503425753,0.441495501863902,1,0.283491663445975
missing_burst,470,11591.9884990203,11642.1627035346,4.84695157010474,1,1,0,0,1.35585832572646,0.158936037464626,0.188107801085772,0.147984457106446,0.188107801085772,1,0.196316924048503
missing_burst,471,11617.1509934941,11667.8706065082,4.85747351173659,1,1,0,0,2.23015228679194,0.000587338791949465,0.309404776881884,0.000546867869935051,0.309404776881884,1,0.240115890956826
missing_burst,472,11643.0466338568,11693.141088811,4.8683020254477,1,1,0,0,1.59631196723937,0.00497822090610254,0.221467632942708,0.00463519369110677,0.221467632942708,1,0.208762666398658
missing_burst,473,11668.6769282065,11719.4184642569,4.87901958214446,1,1,0,0,2.80740742835018,0.00036418438321381,0.389491459453086,0.000339090045884254,0.389491459453086,1,0.266925612460448
missing_burst,474,11694.0458229043,11744.3957932826,4.88962783203607,1,1,0,0,2.65133430749316,0.0372568755626318,0.36783833315224,0.0346896688225639,0.36783833315224,1,0.259835133344047
missing_burst,475,11720.2529238072,11770.3268112244,4.90058658599932,1,1,0,0,1.76568148075161,0.747284161926763,0.244965461700505,0.695792110908708,0.695792110908708,1,0.355813376528719
missing_burst,476,11745.2187718965,11795.8750753063,4.91102629803416,1,1,0,0,7.61011523099872,0.546598446811828,1.05580503135939,0.508934762040221,1.05580503135939,1,0.437257535492612
missing_burst,477,11771.1602355398,11821.3828703405,4.92187397319545,1,1,0,0,3.79015165172755,0.119303831592328,0.52583450605437,0.111083131494574,0.52583450605437,1,0.309021635771776
missing_burst,478,11796.7085667031,11847.4829435742,4.93255725618915,1,1,0,0,2.37834166346202,0.00393782064077776,0.329964135673846,0.00366648281285956,0.329964135673846,1,0.2471526912958
missing_burst,479,11822.2670411586,11872.5082825266,4.94324478069908,1,1,0,0,1.9761497087452,0.0024313856212911,0.274165205372161,0.00226384957699266,0.274165205372161,1,0.227799256350555
missing_burst,480,11848.2914535353,11898.7725051089,4.95412714167945,1,1,0,0,2.51357650831748,0.000223551955368151,0.348726220777616,0.000208147977500718,0.348726220777616,1,0.25348033676047
missing_burst,481,11873.365143056,11923.9171548906,4.96461194865698,1,1,0,0,3.61371611851892,0.0967720165985782,0.501356358481328,0.0901038843542574,0.501356358481328,1,0.301777523743431
missing_burst,482,11899.6165067644,11949.7126131951,4.97558921154256,1,1,0,0,2.25323391423133,0.0273119062905858,0.31260705406728,0.0254299634584386,0.31260705406728,1,0.241219072958823
missing_burst,483,11924.766960879,11975.3998433432,4.9861061183812,1,1,0,0,5.08457529015566,0.00767125686539463,0.705419039097449,0.00714266443695745,0.705419039097449,1,0.358289521575992
missing_burst,484,11950.5800614626,12000.5865426335,4.99690011728143,1,1,0,0,6.68194111733409,0.360059171776677,0.927032881472239,0.335249084547155,0.927032881472239,1,0.410616313527846
missing_burst,485,11976.2424555991,12026.8627426611,5.00763109681602,1,1,0,0,5.56028013580803,0.62130116837282,0.771416931933022,0.57849004900299,0.771416931933022,1,0.374791861144733
missing_burst,486,12001.4576308783,12051.6211562797,5.01817506743864,1,1,0,0,12.7648825520191,0.188565965241135,1.77096230661999,0.175572717428375,1.77096230661999,1,0.546330164809722
missing_burst,487,12027.7262114504,12077.5083215368,5.02915952972312,1,1,0,0,4.34725912666253,0.0158725553528735,0.603125960544881,0.0147788476688919,0.603125960544881,1,0.331041698669072
missing_burst,488,12052.4675562077,12102.6381923745,5.03950536350762,1,1,0,0,6.70528661461363,0.191657854620962,0.930271767184104,0.178451558367194,0.930271767184104,1,0.411318420931002
missing_burst,489,12078.3923859507,12127.8719952582,5.05034608304184,1,1,0,0,1.73198082893577,0.234429604521823,0.240289932268005,0.218276095895257,0.240289932268005,1,0.215648610655983
missing_burst,490,12103.4648256374,12153.7523818904,5.06083036738916,1,1,0,0,3.36692724393815,0.384593856993889,0.4671175949992,0.358093192970046,0.4671175949992,1,0.291419111855795
missing_burst,491,12128.76306689,12178.713730931,5.07140907285596,1,1,0,0,1.4188196678654,0.0114929044947954,0.196842872736285,0.0107009792075448,0.196842872736285,1,0.199605919499082
missing_burst,492,12154.5945981165,12204.9804545324,5.08221077870862,1,1,0,0,5.54510922611735,0.175279177594298,0.769312164489229,0.163201463633631,0.769312164489229,1,0.374278090110878
missing_burst,493,12179.6054554374,12230.1306284871,5.09266931179113,1,1,0,0,2.80887997899906,0.0582048202732839,0.389695756804286,0.0541941831854041,0.389695756804286,1,0.266991964339686
missing_burst,494,12205.8515680833,12255.6300887407,5.1036443788939,1,1,0,0,7.88909086567422,0.0927850102752346,1.0945092913839,0.0863916050269759,1.0945092913839,1,0.44477484024251
missing_burst,495,12230.9369311976,12281.0900191121,5.1141340672981,1,1,0,0,3.91313936762409,0.540165192418819,0.542897460464053,0.502944794793245,0.542897460464053,1,0.313993191391101
missing_burst,496,12256.4801097024,12306.1240000629,5.12481519565755,1,1,0,0,4.56830623942925,0.120062073097207,0.633793387612991,0.111789125926328,0.633793387612991,1,0.339431099665461
missing_burst,497,12281.9172848255,12332.2566697788,5.13545199767267,1,1,0,0,4.73806575139562,0.300459757660551,0.657345323610639,0.279756402821022,0.657345323610639,1,0.345744249674624
missing_burst,498,12306.9671023497,12356.9866538629,5.14592682234287,1,1,0,0,8.41885987608952,0.090344116065577,1.16800788761756,0.0841189020564439,1.16800788761756,1,0.458463116575328
missing_burst,499,12333.0757309364,12382.8192093932,5.15684439914998,1,1,0,0,1.73287973242685,0.387953233012273,0.2404146434977,0.361221089224586,0.361221089224586,1,0.257645194861817
missing_burst,500,12357.8035298536,12407.877812452,5.16718456860979,1,1,0,0,4.23225574963053,0.878551400337555,0.587170729854139,0.81801430369747,0.81801430369747,1,0.385960939154904
missing_burst,501,12383.6720871345,12433.0355263024,5.17800175726703,1,1,0,0,11.9639555978804,1.05657243125816,1.65984405383895,0.983768691654816,1.65984405383895,1,0.532974739215361
missing_burst,502,12408.7214547674,12458.8282038933,5.18847639381078,1,1,0,0,3.52992950050007,0.196860446427905,0.489732049232428,0.183295662551358,0.489732049232428,1,0.298290549795552
missing_burst,503,12433.9035754328,12483.71174535,5.19900654232541,1,1,0,0,1.18624789886975,0.220116434481339,0.16457654871828,0.204949183184319,0.204949183184319,1,0.20263895246367
missing_burst,504,12459.6369081472,12509.6628958274,5.20976718551581,1,1,0,0,2.42967196799133,0.960025167936234,0.337085551334215,0.893874073821604,0.893874073821604,1,0.403329365652333
missing_burst,505,12484.5632354611,12534.5057788359,5.22019037155432,1,1,0,0,3.65681494854124,1.48323110851288,0.507335763549718,1.38102820391205,1.38102820391205,1,0.49412751946047
missing_burst,506,12510.5283808046,12560.0198904273,5.23104794944871,1,1,0,0,0.870490891177894,0.0626499866786278,0.120769349051962,0.0583330528070217,0.120769349051962,1,0.170225686776097
missing_burst,507,12535.3340157302,12585.2768742366,5.24142066679195,1,1,0,0,2.90787179854727,0.19111713549126,0.403429591045939,0.177948097804489,0.403429591045939,1,0.271429217859051
missing_burst,508,12560.8917090741,12609.9822329172,5.25210786467246,1,1,0,0,0.539839052591358,0.00434419005468351,0.0748956843029882,0.00404485110529224,0.0748956843029882,1,0.15168149022924
missing_burst,509,12586.0792266844,12635.6487918714,5.26264026997205,1,1,0,0,1.93039584996515,0.985345448605658,0.267817449413445,0.917449645783888,0.917449645783888,1,0.408528896883008
missing_burst,510,12610.8242436167,12660.0667994642,5.27298763931224,1,1,0,0,1.81868930819692,0.037542795163255,0.25231961196228,0.0349558869663485,0.25231961196228,1,0.219998900478668
missing_burst,511,12636.5038687411,12685.4010694623,5.28372582415189,1,1,0,0,0.240553147161109,0.953422510064484,0.0333736369782543,0.887726375941392,0.887726375941392,1,0.401958326232794
missing_burst,512,12660.8830003827,12710.2774383789,5.2939201950015,1,1,0,0,0.351009851891793,0.428265868182392,0.0486980757104033,0.398755958756664,0.398755958756664,1,0.269924345257681
missing_burst,513,12686.2888376684,12735.1713045586,5.30454389279534,1,1,0,0,0.678760907243963,0.00378336181737051,0.0941692943149025,0.00352266706476461,0.0941692943149025,1,0.159550536697888
missing_burst,514,12711.0957426591,12760.7322803352,5.31491714122862,1,1,0,0,0.908278210033037,0.309982147511844,0.126011850664334,0.288622646845844,0.288622646845844,1,0.232891708481944
missing_burst,515,12736.0633847054,12785.1076443038,5.32535760342402,1,1,0,0,3.26969523505289,0.020750965032272,0.453627911719231,0.0193211076840838,0.453627911719231,1,0.287264410109504
missing_burst,516,12761.5588816956,12810.7374214708,5.33601879329473,1,1,0,0,3.64453899920757,0.292210548559705,0.5056326344015,0.272075610284477,0.5056326344015,1,0.303052659727485
missing_burst,517,12785.9606651402,12835.2188429194,5.34622263621598,1,1,0,0,0.595316064041367,0.0214096508143069,0.0825924018999982,0.0199344063381406,0.0825924018999982,1,0.154837561735834
missing_burst,518,12811.566560523,12860.1290358619,5.35692999024754,1,1,0,0,5.06511104995711,0.227380759096439,0.702718627591259,0.211712955275025,0.702718627591259,1,0.357596751094988
missing_burst,519,12836.0059394721,12885.1518753532,5.36714955409439,1,1,0,0,0.981510230077236,0.527111698463097,0.136171845995854,0.490790759451766,0.490790759451766,1,0.298609393617697
missing_burst,520,12860.9857023926,12909.581171351,5.37759508475115,1,1,0,0,0.331399998973951,0.347740271332205,0.0459774623232973,0.323779025122594,0.323779025122594,1,0.245047128393934
missing_burst,521,12885.9514983203,12935.1775468358,5.38803477497413,1,1,0,0,2.42268004015792,0.687634698262146,0.336115511806385,0.640252828327413,0.640252828327413,1,0.341173680297546
missing_burst,522,12910.4292636428,12959.3583063654,5.39827039045611,1,1,0,0,4.99086799505681,0.435076626715567,0.692418364253862,0.405097418000855,0.692418364253862,1,0.354941374924596
missing_burst,523,12935.9545043092,12984.5103001238,5.40894401793408,1,1,0,0,0.171365829105059,0.000742883539525366,0.023774791718686,0.000691694715960465,0.023774791718686,1,0.130250375108659
missing_burst,524,12960.16090627,13009.2031125359,5.41906616018884,1,1,0,0,1.81035731980234,0.0156566653024105,0.25116365636881,0.0145778336482701,0.25116365636881,1,0.219582575067714
missing_burst,525,12985.3593599633,13033.7555111749,5.42960313851782,1,1,0,0,2.73498455675591,0.0293575273283969,0.37944372300052,0.0273346297855665,0.37944372300052,1,0.263649721747914
missing_burst,526,13009.9693352673,13058.7962746051,5.4398940388886,1,1,0,0,0.529842730555016,0.288010658138242,0.0735088239492753,0.268165115762018,0.268165115762018,1,0.225669532913364
missing_burst,527,13034.6130804244,13082.7307889183,5.45019906045165,1,1,0,0,0.218283056881209,0.0345884369858802,0.0302839500743595,0.0322051005622638,0.0322051005622638,1,0.13384138462681
missing_burst,528,13059.6135112582,13107.8675998155,5.46065323359723,1,1,0,0,1.97339464278351,0.198898408413571,0.273782975614032,0.185193197577796,0.273782975614032,1,0.227663870063706
missing_burst,529,13083.5630728294,13131.9439733969,5.47066797554669,1,1,0,0,0.158732704607774,0.00189763855695745,0.022022109137522,0.00176688066542561,0.022022109137522,1,0.129500939963473
missing_burst,530,13108.6772521585,13156.6102229638,5.4811697137312,1,1,0,0,4.57847791601041,1.53535389015058,0.635204576141123,1.4295594348813,1.4295594348813,1,0.501486218212019
missing_burst,531,13132.7595686086,13181.3843699438,5.49123996842361,1,1,0,0,2.88476860909587,1.62522295293322,0.400224322410338,1.51323601747833,1.51323601747833,1,0.513561562560669
missing_burst,532,13157.4711668509,13205.3042055661,5.50157336341372,1,1,0,0,1.13462796392151,0.0629627298668095,0.157414950584418,0.0586242462434197,0.157414950584418,1,0.184587840341908
missing_burst,533,13182.1953816611,13230.3366578952,5.51191203414435,1,1,0,0,0.130538074022471,0.0054824310322159,0.0181104689158303,0.0051046609244085,0.0181104689158303,1,0.127824792180744
missing_burst,534,13206.1220240882,13254.0172629498,5.52191719223098,1,1,0,0,2.8922141641895,0.329115098599075,0.401257296851657,0.306437230779448,0.401257296851657,1,0.270730412393065
missing_burst,535,13231.1555692514,13278.6166479665,5.53238521245523,1,1,0,0,1.48911246077552,0.00275040204196222,0.206595088329618,0.00256088398513665,0.206595088329618,1,0.203252530506941
missing_burst,536,13254.7962501576,13302.6818746725,5.54227079295247,1,1,0,0,1.24755421305726,0.627079123611564,0.17308200665269,0.583869870866115,0.583869870866115,1,0.325674514737072
missing_burst,537,13279.4514537739,13326.7944476795,5.55258060598161,1,1,0,0,0.779730489316505,0.019266451762457,0.108177517519225,0.017938885666942,0.108177517519225,1,0.16519886613014
missing_burst,538,13303.491078789,13351.6488893114,5.56263300883554,1,1,0,0,1.12931518406646,0.168956226797288,0.156677871114371,0.15731419944904,0.15731419944904,1,0.18454889260021
missing_burst,539,13327.6283683961,13375.053118258,5.57272625108787,1,1,0,0,6.31012923793322,0.23574464668026,0.875448793574123,0.219500524306792,0.875448793574123,1,0.399201228379208
missing_burst,540,13352.4415947706,13399.635419612,5.58310214286926,1,1,0,0,1.00996890045487,0.103268300686376,0.140120118322679,0.0961525381981407,0.140120118322679,1,0.177858818061106
missing_burst,541,13375.8512409375,13423.4810824745,5.59289111394469,1,1,0,0,1.30324881885553,0.0167339046268256,0.180808912650363,0.0155808451687554,0.180808912650363,1,0.193552118516493
missing_burst,542,13400.4826884291,13447.6592534073,5.6031909931194,1,1,0,0,1.01629190661171,0.0097543738370334,0.140997353622154,0.00908224301872371,0.140997353622154,1,0.178202235584058
missing_burst,543,13424.2300509572,13471.8168310664,5.61312118357372,1,1,0,0,0.703330116560689,0.695362886999309,0.0975779542399792,0.64744850171231,0.64744850171231,1,0.34310496203182
missing_burst,544,13448.5034650976,13495.4305855963,5.62327134762271,1,1,0,0,1.37093521913956,0.579596145947785,0.1901995249874,0.53965873547188,0.53965873547188,1,0.313054424275844
missing_burst,545,13472.5998200422,13520.1685347532,5.63334747264806,1,1,0,0,4.34688619845698,0.125503528796371,0.603074221581172,0.116855634946906,0.603074221581172,1,0.331027381251164
missing_burst,546,13496.2612127732,13543.5566860949,5.64324171399613,1,1,0,0,8.35641375838048,0.0124552647248539,1.1593442966909,0.0115970274446713,1.1593442966909,1,0.456888574104374
missing_burst,547,13520.9593460435,13567.9412368815,5.65356947847734,1,1,0,0,1.22348362409506,0.102865542212899,0.169742523850833,0.0957775320321802,0.169742523850833,1,0.189331214562769
missing_burst,548,13544.3435290401,13591.6524167149,5.66334780188065,1,1,0,0,1.22542485364663,0.000287186635800396,0.170011844336181,0.000267397873163959,0.170011844336181,1,0.189434354319659
missing_burst,549,13568.7925240306,13615.4277952357,5.67357138676863,1,1,0,0,3.76374074767378,0.253311854073923,0.522170334811715,0.235857253029225,0.522170334811715,1,0.307945699284062
missing_burst,550,13592.4193802456,13639.6970228183,5.68345118633688,1,1,0,0,1.61276345432707,0.2078239886507,0.223750063932686,0.193503755502997,0.223750063932686,1,0.209602858548496
missing_burst,551,13616.2368247383,13663.0072608649,5.69341068224589,1,1,0,0,1.90788014222412,0.0330017883637985,0.26469368626453,0.0307277808888718,0.26469368626453,1,0.224432970290638
missing_burst,552,13640.4897161406,13687.4264685069,5.70355226451245,1,1,0,0,2.82198808090972,0.0108550899054963,0.391514336356468,0.0101071136045157,0.391514336356468,1,0.267582156426155
missing_burst,553,13663.8029135554,13710.6819967607,5.71330090460475,1,1,0,0,4.91941678903279,0.138046090489791,0.682505433828108,0.128533944111611,0.682505433828108,1,0.352366408128071
missing_burst,554,13688.22873975,13734.5328939862,5.72351480123556,1,1,0,0,4.69484481959346,0.00550840500601959,0.651348978500005,0.00512884514639839,0.651348978500005,1,0.344147482024895
missing_burst,555,13711.4789390444,13758.6763376175,5.73323709805156,1,1,0,0,7.1245293231688,0.00411082117254197,0.988436268984322,0.00382756264208301,0.988436268984322,1,0.423640956706469
missing_burst,556,13735.3403885815,13782.1712404691,5.74321499509756,1,1,0,0,3.13781460954295,0.00207572087081599,0.435331181153965,0.00193269211358431,0.435331181153965,1,0.28156158705646
missing_burst,557,13759.442743875,13806.4778426204,5.7532936292271,1,1,0,0,4.25746681236303,0.00853758670706392,0.590668438636586,0.00794929931561471,0.590668438636586,1,0.327578314829425
missing_burst,558,13782.9550221565,13829.5343190507,5.76312551691878,1,1,0,0,4.14197104767938,0.264369484218957,0.574644895529512,0.246152950719946,0.574644895529512,1,0.323075677247546
missing_burst,559,13807.2884822413,13853.5901650386,5.77330078976307,1,1,0,0,3.42652422675223,0.0103601398411519,0.475385905320264,0.00964626836302598,0.475385905320264,1,0.293944977202773
missing_burst,560,13830.3203209463,13877.1582226358,5.78293177697618,1,1,0,0,6.21646346525381,0.241656979016638,0.862453879429031,0.225005463935266,0.862453879429031,1,0.396255255037935
missing_burst,561,13854.3839506679,13900.5378306446,5.79299421763143,1,1,0,0,6.80966288686914,1.75930749741197,0.944752624576778,1.6380813882173,1.6380813882173,1,0.530226183093739
missing_burst,562,13877.9196844111,13924.5950682443,5.80283591345241,1,1,0,0,2.89759768263703,1.90759218158777,0.402004190386221,1.7761484297455,1.7761484297455,1,0.546926716899881
missing_burst,563,13901.3149860042,13947.6832968331,5.81261888620494,1,1,0,0,4.66164942000803,0.0633986701154782,0.646743546277702,0.0590301477749994,0.646743546277702,1,0.34291621581714
missing_burst,564,13925.3709178766,13972.0657411028,5.82267810792973,1,1,0,0,7.64288194850058,0.00971306527897737,1.06035098948873,0.00904378085095302,1.06035098948873,1,0.438151822286778
missing_burst,565,13948.5100903514,13995.1725526099,5.83235397780193,1,1,0,0,6.09246384769984,0.139659041134458,0.845250536756,0.130035753451382,0.845250536756,1,0.392310794343448
missing_burst,566,13972.8811840094,14019.0174713439,5.84254498749059,1,1,0,0,2.5380333555592,0.188829142878435,0.352119291918487,0.175817760657083,0.352119291918487,1,0.254615196887469
missing_burst,567,13995.9384404523,14042.943921933,5.85218660337788,1,1,0,0,2.64148518538306,0.0317763111616558,0.366471894883874,0.0295867459080811,0.366471894883874,1,0.259383808529595
missing_burst,568,14019.8328581324,14066.0975365761,5.86217828637334,1,1,0,0,2.87508441310928,1.73690418118277,0.398880765507852,1.61722178555921,1.61722178555921,1,0.527549236909095
missing_burst,569,14043.6909178116,14090.4075031496,5.87215476591729,1,1,0,0,5.01833558102839,0.182960967300606,0.696229136441641,0.170353935139956,0.696229136441641,1,0.355926171799217
missing_burst,570,14066.8807022343,14113.3305927288,5.88185179966748,1,1,0,0,8.83448848665407,0.899547850226635,1.22567098007948,0.837563980961129,1.22567098007948,1,0.468686283678307
missing_burst,571,14091.190092835,14137.4207922209,5.892017007623,1,1,0,0,4.3269366541836,1.34987944080082,0.60030648041329,1.25686521063873,1.25686521063873,1,0.474035208895747
missing_burst,572,14114.089119054,14160.6995293026,5.90159245800426,1,1,0,0,3.87265877425337,0.497748724352674,0.537281301857265,0.463451058197866,0.537281301857265,1,0.312363855726913
missing_burst,573,14138.2354481294,14183.8884691943,5.91168948019809,1,1,0,0,3.50780202728687,0.24674629772204,0.486662148601409,0.229744100167016,0.486662148601409,1,0.29736457814325
missing_burst,574,14161.4467750291,14207.8080363866,5.92139552214439,1,1,0,0,2.22600877846273,0.0487470933383546,0.308829918708431,0.0453881464409808,0.308829918708431,1,0.23991757210375
missing_burst,575,14184.7007649799,14230.8640710581,5.93111940406014,1,1,0,0,3.01158887103077,0.00394966314894398,0.417818992998736,0.00367750930609365,0.417818992998736,1,0.276029507863958
missing_burst,576,14208.5855007514,14255.0287402965,5.94110703847143,1,1,0,0,3.50282034435723,0.0218097440616972,0.485971004546149,0.0203069309269721,0.485971004546149,1,0.297155814732139
missing_burst,577,14231.6503777755,14278.0616248006,5.95075184097882,1,1,0,0,4.36654047424699,0.893441005230742,0.605800998067064,0.831877931681389,0.831877931681389,1,0.389209312582812
missing_burst,578,14255.7867727342,14301.8099750554,5.9608447091252,1,1,0,0,4.78683376226641,0.531833906397207,0.664111254175926,0.49518758089403,0.664111254175926,1,0.347537348689934
missing_burst,579,14278.8307911682,14325.4847879404,5.97048078941039,1,1,0,0,3.63774427741229,0.577411371104449,0.504689954660079,0.537624503813356,0.537624503813356,1,0.312463620998723
missing_burst,580,14302.6019696148,14348.5951133956,5.98042093872253,1,1,0,0,3.70300024403542,1.09521629029124,0.513743375770745,1.01974977304286,1.01974977304286,1,0.430055664276042
missing_burst,581,14326.2231066878,14372.809430996,5.99029834677593,1,1,0,0,3.97844835299172,0.0281621816161403,0.551958237239581,0.0262216500667775,0.551958237239581,1,0.316607439805108
missing_burst,582,14349.4239382623,14395.8205943113,6,1,1,0,0,8.69805069307018,1.17432416177329,1.20674200140296,1.09340667050216,1.20674200140296,1,0.465378963350198
near_threshold_noise,1,0.794602266126456,49.5314700217049,0,1,1,0,0,0.656114562193382,0.288681195050128,0.0910274069294251,0.268789448936912,0.268789448936912,1,0.225891586105965
near_threshold_noise,2,26.1511302449114,74.3684952799733,0.0106172332557213,1,1,0,0,0.116141805418775,0.384635715683284,0.0161131729008278,0.358132167362036,0.358132167362036,1,0.25661920730097
near_threshold_noise,3,50.3592105945547,99.3125062167563,0.0207535908816726,1,1,0,0,1.22683746616008,0.0599140870141118,0.170207826046548,0.0557856719045551,0.170207826046548,1,0.189509394950924
near_threshold_noise,4,75.2211331459063,123.525446256557,0.0311637239698553,1,1,0,0,1.03895000110859,0.151079590349243,0.144140871091295,0.140669363061685,0.144140871091295,1,0.179430996818588
near_threshold_noise,5,100.111546285384,148.871338521649,0.0415857865785139,1,1,0,0,0.867184179405883,0.0302108421111823,0.120310585574647,0.028129146415563,0.120310585574647,1,0.170043374583985
near_threshold_noise,6,124.419754794306,173.003350270228,0.0517640696614293,1,1,0,0,0.395237313302914,0.319411590206855,0.0548340637821618,0.297402348292397,0.297402348292397,1,0.235957407441203
near_threshold_noise,7,149.709681084574,198.215956428139,0.0623534155950852,1,1,0,0,0.035585585317898,0.734430490858414,0.00493703956931738,0.683824129542003,0.683824129542003,1,0.352710055358466
near_threshold_noise,8,173.827258910774,222.969517718726,0.0724518781905166,1,1,0,0,1.56730273925763,0.209028915254702,0.217442977871229,0.194625655936597,0.217442977871229,1,0.207277630622936
near_threshold_noise,9,199.074569875303,247.775651631698,0.0830233803226073,1,1,0,0,0.109786720178633,0.0797248125925522,0.0152314870435718,0.0742313278827519,0.0742313278827519,1,0.151408212960603
near_threshold_noise,10,223.757747704447,273.008744801966,0.0933586697882522,1,1,0,0,0.781591161124601,0.0025634526347671,0.108435661659894,0.00238681643587931,0.108435661659894,1,0.165302397941866
near_threshold_noise,11,248.630776576804,297.38653311803,0.103773453292329,1,1,0,0,3.59440075394972,0.225728425427787,0.498676601542611,0.210174476621507,0.498676601542611,1,0.300976364338008
near_threshold_noise,12,273.83510248799,322.96044097819,0.114326956811272,1,1,0,0,8.08440668302684,0.185902175746999,1.12160683411558,0.173092477902941,1.12160683411558,1,0.4499094685892
near_threshold_noise,13,298.186155010319,347.5024976063,0.124523179451382,1,1,0,0,2.21133898923664,0.6971223829821,0.306794675245782,0.649086758598212,0.649086758598212,1,0.343543207057583
near_threshold_noise,14,323.843668213645,372.600565338189,0.13526644062142,1,1,0,0,1.85259214843472,0.247763486242667,0.257023192422486,0.230691198719371,0.257023192422486,1,0.221689210129884
near_threshold_noise,15,348.312964848075,397.650875101426,0.145512174193009,1,1,0,0,7.66882247977334,0.0628942695868423,1.06394990259354,0.0585605032589719,1.06394990259354,1,0.438857645912719
near_threshold_noise,16,373.498192941931,422.45223966809,0.15605768111315,1,1,0,0,8.89053299405682,0.0524306870663908,1.23344643039787,0.0488179199947947,1.23344643039787,1,0.470031284353836
near_threshold_noise,17,398.482035568395,448.147357338369,0.166518864324485,1,1,0,0,2.00559208083049,0.107457014401496,0.278249953584144,0.100052626151726,0.278249953584144,1,0.229243658571082
near_threshold_noise,18,423.286408217849,472.817558507476,0.176904900236082,1,1,0,0,1.39603301951461,0.0622225029174876,0.193681520083098,0.0579350250637654,0.193681520083098,1,0.19841807023613
near_threshold_noise,19,448.966996899289,498.456675869342,0.187657823522867,1,1,0,0,1.75389967689146,0.0234532186438241,0.243330888843663,0.0218371609344895,0.243330888843663,1,0.21675202055136
near_threshold_noise,20,473.654384062868,523.42613177952,0.197994875512371,1,1,0,0,2.22807818180448,0.128972327526576,0.3091170216489,0.120085414077491,0.3091170216489,1,0.2400166297019
near_threshold_noise,21,499.347518655793,548.531021162372,0.208753051997415,1,1,0,0,3.71007221195955,0.0296045222236477,0.514724519825633,0.0275646053535045,0.514724519825633,1,0.305750201923723
near_threshold_noise,22,524.236217729871,574.058528572464,0.219174396896134,1,1,0,0,3.24255746700682,0.219976018525881,0.44986289750155,0.204818442672168,0.44986289750155,1,0.286097296537256
near_threshold_noise,23,549.402712261878,598.679971706165,0.229712059737778,1,1,0,0,0.8589055678771,0.00105130916252582,0.119162035330735,0.000978868091524194,0.119162035330735,1,0.16958666654664
near_threshold_noise,24,574.871761984328,624.383143419406,0.240376407866634,1,1,0,0,1.76817615826347,0.086253201103384,0.245311565930033,0.0803098739756758,0.245311565930033,1,0.217469356265488
near_threshold_noise,25,599.50935977468,649.276103607616,0.25069261215216,1,1,0,0,2.00210865647971,0.00276743725222075,0.277766673522768,0.00257674537429682,0.277766673522768,1,0.229072997278816
near_threshold_noise,26,625.220399552784,674.788520706686,0.261458285859524,1,1,0,0,2.79956796439554,0.125073956043745,0.388403835253552,0.116455662155341,0.388403835253552,1,0.266572201700194
near_threshold_noise,27,650.104554182021,700.141284220194,0.271877727917644,1,1,0,0,3.51885837495405,0.152229555151654,0.48819607379717,0.141740088868689,0.48819607379717,1,0.297827521260868
near_threshold_noise,28,675.658683390856,725.080153918764,0.282577700354093,1,1,0,0,3.84098461991609,0.0711664337073167,0.532886922731818,0.0662626690861292,0.532886922731818,1,0.311084182987062
near_threshold_noise,29,700.968317688073,751.042214238544,0.293175298383894,1,1,0,0,1.21636083602578,0.0904473643734316,0.168754329158298,0.084215035979428,0.168754329158298,1,0.18895259413603
near_threshold_noise,30,725.932857751115,776.02018388496,0.303628399265563,1,1,0,0,1.94667241318913,0.0709703060384062,0.270075611980436,0.066080055708633,0.270075611980436,1,0.226348701139277
near_threshold_noise,31,751.894140533096,802.117246289893,0.314498854208947,1,1,0,0,3.17031208891732,0.00350232960793697,0.439839785976424,0.00326099954362923,0.439839785976424,1,0.282974127575269
near_threshold_noise,32,776.86264578379,827.400891906782,0.324953615385837,1,1,0,0,2.54730549680477,0.00737381801991026,0.353405681556671,0.00686572078859722,0.353405681556671,1,0.25504469346347
near_threshold_noise,33,802.991488326961,852.777468236735,0.33589423060788,1,1,0,0,3.4285559007954,0.145575929862324,0.475667773808683,0.135544935510531,0.475667773808683,1,0.294030808716622
near_threshold_noise,34,828.194457776779,878.917283892182,0.346447166152108,1,1,0,0,5.31805982517541,0.445178761800533,0.737811997592259,0.414503459575897,0.737811997592259,1,0.366491248848323
near_threshold_noise,35,853.636852703087,903.929759658884,0.357100353439532,1,1,0,0,6.76925163762147,0.106872989485738,0.939146086569913,0.0995088438134105,0.939146086569913,1,0.413233430359718
near_threshold_noise,36,879.768094001527,929.948959425113,0.368041973063449,1,1,0,0,1.9977490412199,0.276530296395576,0.277161833308608,0.257475815040953,0.277161833308608,1,0.228859322125849
near_threshold_noise,37,904.800574766905,954.995832546964,0.378523521936297,1,1,0,0,2.06562934963378,0.415556009019134,0.286579347889948,0.386921879851855,0.386921879851855,1,0.266090193381552
near_threshold_noise,38,930.802017569553,980.779700780563,0.389410792600955,1,1,0,0,3.63157352045361,0.144595723374306,0.503833841967103,0.134632270722258,0.503833841967103,1,0.302516778927488
near_threshold_noise,39,955.816354841511,1006.64481646479,0.399884744467546,1,1,0,0,3.56743814627911,0.00931890742921021,0.494935888560862,0.00867678267770978,0.494935888560862,1,0.299855317835412
near_threshold_noise,40,981.646145583547,1031.88479454565,0.410700141334346,1,1,0,0,1.85652424473892,0.0541312847135078,0.257568719912642,0.0504013369691931,0.257568719912642,1,0.221884868864233
near_threshold_noise,41,1007.47164392784,1057.96227618297,0.421513740897189,1,1,0,0,2.32678968475427,0.000485868585828735,0.322811965589159,0.000452389527547803,0.322811965589159,1,0.244717033816677
near_threshold_noise,42,1032.7697591162,1082.9400485113,0.432106515669417,1,1,0,0,3.31591948508193,0.320265134368477,0.460040928377991,0.298197078495747,0.460040928377991,1,0.289244803840145
near_threshold_noise,43,1058.81347925332,1109.12767806238,0.443011488612629,1,1,0,0,5.64281082109069,0.505311880427795,0.782866996763583,0.470493070592551,0.782866996763583,1,0.377572644703429
near_threshold_noise,44,1083.80467716199,1134.54427933022,0.453475751612607,1,1,0,0,3.28797809328966,0.190858689005671,0.45616442176252,0.177707459724724,0.45616442176252,1,0.288048844702329
near_threshold_noise,45,1109.99503109655,1160.15108084488,0.464442122757967,1,1,0,0,13.0954042733567,0.429161448615159,1.8168179192841,0.39958982869738,1.8168179192841,1,0.551525286530421
near_threshold_noise,46,1135.37647906251,1186.14772444739,0.475069790459476,1,1,0,0,8.7167055791058,0.050107554558055,1.20933012549017,0.0466548642868724,1.20933012549017,1,0.465833942895761
near_threshold_noise,47,1161.05475155671,1211.16363816547,0.485821743917102,1,1,0,0,2.7319877924069,0.0381860916156728,0.379027960718158,0.035554856701521,0.379027960718158,1,0.263513637041237
near_threshold_noise,48,1186.96779739605,1237.25488876506,0.496672001187053,1,1,0,0,1.54324999592206,0.102793908837517,0.214105970919187,0.0957108345963083,0.214105970919187,1,0.206042922702559
near_threshold_noise,49,1212.01357651108,1262.53921033662,0.507159118317524,1,1,0,0,3.48784866475737,0.0620218716219967,0.48389387769989,0.057748218384705,0.48389387769989,1,0.296527756796598
near_threshold_noise,50,1238.12819724334,1288.25835724203,0.518093778612143,1,1,0,0,1.8414382561061,0.587304044514208,0.255475734166949,0.546835516792086,0.546835516792086,1,0.315131596815759
near_threshold_noise,51,1263.3959842805,1314.0153361878,0.528673854443263,1,1,0,0,2.31105676713538,1.31241139160101,0.320629226816384,1.22197891922162,1.22197891922162,1,0.468044877808643
near_threshold_noise,52,1289.13061301576,1339.18246744896,0.539449405270262,1,1,0,0,3.36297136856101,1.70369462772836,0.466568768470319,1.58630055575448,1.58630055575448,1,0.523503210443805
near_threshold_noise,53,1314.84282057887,1365.36703392012,0.550215567950162,1,1,0,0,2.4085091546102,0.440368323385885,0.334149484774474,0.410024487225814,0.410024487225814,1,0.273543768941718
near_threshold_noise,54,1340.03673326534,1390.45602937631,0.560764711265065,1,1,0,0,2.83943108145977,0.132989508637008,0.393934327011502,0.123825788980557,0.393934327011502,1,0.268366279976914
near_threshold_noise,55,1366.23900709433,1416.64101701785,0.571736073484115,1,1,0,0,3.41103988801952,0.0153935457091389,0.473237653651921,0.0143328444640329,0.473237653651921,1,0.293290218589437
near_threshold_noise,56,1391.28154932944,1442.14704513761,0.58222183527488,1,1,0,0,4.1580544423121,0.0123274435551498,0.576876258453611,0.0114780138672152,0.576876258453611,1,0.323705940939547
near_threshold_noise,57,1417.53112611986,1467.66994471938,0.593213004092668,1,1,0,0,4.62667641571236,0.116579382650192,0.641891494399864,0.108546412295783,0.641891494399864,1,0.341614406802732
near_threshold_noise,58,1442.96631941067,1493.9539630066,0.603863175926087,1,1,0,0,5.47494560815238,0.711016077243511,0.759577870248316,0.662023099753285,0.759577870248316,1,0.371891383689783
near_threshold_noise,59,1468.57438342114,1519.04241012479,0.614585731831772,1,1,0,0,3.47576182585825,0.352018174961189,0.482216985177824,0.327762157307009,0.482216985177824,1,0.296020002879629
near_threshold_noise,60,1494.76770859962,1545.36096254028,0.625553347090276,1,1,0,0,3.31852864093433,0.149111818230864,0.460402914996188,0.138837181428791,0.460402914996188,1,0.289356304617063
near_threshold_noise,61,1519.91414867083,1570.49634942176,0.636082612769334,1,1,0,0,4.38760897513319,0.00431067459964385,0.608723979988315,0.0040136450522294,0.608723979988315,1,0.332587528113079
near_threshold_noise,62,1546.22480825241,1596.28224157128,0.647099358047839,1,1,0,0,3.55238073587147,0.20129375246509,0.492846867674178,0.187423489050402,0.492846867674178,1,0.299227893501255
near_threshold_noise,63,1571.31275313231,1622.07689827406,0.657604130740671,1,1,0,0,2.6344701846496,0.827062074536875,0.365498654289669,0.77007287992134,0.77007287992134,1,0.374463873370338
near_threshold_noise,64,1597.15393607354,1647.0842324433,0.668424297725691,1,1,0,0,3.65229073976227,0.149446842753053,0.506708088114226,0.139149120890881,0.506708088114226,1,0.303372704505769
near_threshold_noise,65,1622.87206061076,1673.25023380064,0.679192937948824,1,1,0,0,4.44378847347017,0.000568629700981115,0.616518158552369,0.000529447939791627,0.616518158552369,1,0.334729021630758
near_threshold_noise,66,1647.92712672713,1698.09558873507,0.6896839437134,1,1,0,0,3.13890931271323,1.24830560203321,0.435483057055964,1.16229037647258,1.16229037647258,1,0.457425150329826
near_threshold_noise,67,1674.08681811848,1724.14259366008,0.700637475901718,1,1,0,0,1.26555028975288,0.0953645742993394,0.175578729467421,0.0887934226875139,0.175578729467421,1,0.191561605644156
near_threshold_noise,68,1698.93583274242,1749.35334892548,0.711042204209078,1,1,0,0,2.57734621519986,0.233616885341166,0.357573442577949,0.217519377603747,0.357573442577949,1,0.256433372488994
near_threshold_noise,69,1725.02025836994,1774.74662676154,0.721964221271529,1,1,0,0,8.6255721502175,0.236412753664298,1.19668654128354,0.220122594989432,1.19668654128354,1,0.463602857575086
near_threshold_noise,70,1750.17947982558,1800.64309107343,0.732498838745596,1,1,0,0,3.22948536591158,0.793460794665241,0.448049312596742,0.738786915836623,0.738786915836623,1,0.366735017541622
near_threshold_noise,71,1775.60335786467,1825.55219065934,0.743144272680077,1,1,0,0,1.31698977201567,0.338770892998276,0.18271529212581,0.315427687033998,0.315427687033998,1,0.24218858656198
near_threshold_noise,72,1801.50725247043,1851.77278860496,0.753990698164318,1,1,0,0,5.01711028550967,0.0459169150258175,0.696059142540853,0.0427529832157214,0.696059142540853,1,0.355882301163463
near_threshold_noise,73,1826.41445043448,1876.71681980994,0.764419788880209,1,1,0,0,4.33474566102088,0.00220152583279934,0.601389879081833,0.00204982841128864,0.601389879081833,1,0.330560979523455
near_threshold_noise,74,1852.63974938396,1902.47804883702,0.775400792130364,1,1,0,0,2.96648755342672,0.149825365773856,0.411561768685847,0.139501561562169,0.411561768685847,1,0.274035173045516
near_threshold_noise,75,1877.54918171078,1928.18244726871,0.785830818414036,1,1,0,0,2.31296740873804,0.715344201206674,0.320894303619557,0.666052991810463,0.666052991810463,1,0.348050267612656
near_threshold_noise,76,1903.34290295634,1953.06787511953,0.796631112335439,1,1,0,0,1.82554296604837,0.147534896295789,0.253270468319001,0.137368918219365,0.253270468319001,1,0.220341087522678
near_threshold_noise,77,1928.98351077153,1979.15797827477,0.807367294916118,1,1,0,0,6.61675238301466,0.102686692760344,0.917988787973885,0.0956110063054645,0.917988787973885,1,0.408646731334473
near_threshold_noise,78,1953.95728736504,2003.85130147502,0.817824263298834,1,1,0,0,5.54929479771796,0.543595254051194,0.76989285839739,0.506138506028318,0.76989285839739,1,0.374419917770834
near_threshold_noise,79,1980.0013243856,2029.64616512043,0.828729368926833,1,1,0,0,2.90940180495872,0.527812711001175,0.403641859640853,0.491443468312054,0.491443468312054,1,0.298805838934591
near_threshold_noise,80,2004.72260440233,2054.69571438956,0.839080612462113,1,1,0,0,1.96845754460435,0.0573413023216775,0.273098017116079,0.053390166441885,0.273098017116079,1,0.22742115974204
near_threshold_noise,81,2030.4962245367,2079.82020329979,0.849872489687574,1,1,0,0,0.888236362852525,0.0987571836138557,0.123231303662269,0.0919522622785331,0.123231303662269,1,0.171202994450397
near_threshold_noise,82,2055.49420104329,2105.54482126347,0.860339591008134,1,1,0,0,1.11745956935759,0.0129723225937897,0.155033057957205,0.0120784571395831,0.155033057957205,1,0.183666275118662
near_threshold_noise,83,2080.67947306462,2130.19711913345,0.870885116321496,1,1,0,0,0.993102128363643,1.49982636129397,0.13778007191127,1.39647995112137,1.39647995112137,1,0.496499565462569
near_threshold_noise,84,2106.33997443442,2156.11470933039,0.881629628690455,1,1,0,0,2.09937081519998,0.469354666512734,0.291260539702277,0.437013509473727,0.437013509473727,1,0.282089217212907
near_threshold_noise,85,2131.03271144959,2180.93851058481,0.891968920758816,1,1,0,0,1.93684097468425,0.0671292615580976,0.268711627083509,0.0625036806384625,0.268711627083509,1,0.22586391330178
near_threshold_noise,86,2156.94189688149,2206.20437507854,0.902817561606901,1,1,0,0,0.488044689778446,0.0160327888747909,0.067709886559588,0.0149280402065281,0.067709886559588,1,0.148718433496061
near_threshold_noise,87,2181.75054595778,2231.42822390084,0.913205388135148,1,1,0,0,4.2172191418817,0.000740200862042778,0.585084595067227,0.00068919688993444,0.585084595067227,1,0.326015386108762
near_threshold_noise,88,2207.04417066764,2256.05006639745,0.923796282663448,1,1,0,0,4.45578214957385,0.0691784764913392,0.618182125941875,0.0644116932215601,0.618182125941875,1,0.335184586551946
near_threshold_noise,89,2232.25265103482,2281.75036176473,0.934351525727663,1,1,0,0,1.52220040467363,0.638621914852529,0.211185612465529,0.594617299344489,0.594617299344489,1,0.328679664140772
near_threshold_noise,90,2256.8882979609,2306.2122255093,0.944666913151314,1,1,0,0,1.81332226281985,0.0349299915602268,0.25157500385312,0.0325231201194592,0.25157500385312,1,0.219730766081662
near_threshold_noise,91,2282.58789571878,2331.62988009845,0.9554277958795,1,1,0,0,7.23759384923782,1.39117801503103,1.00412250918811,1.29531808252493,1.29531808252493,1,0.48045888179484
near_threshold_noise,92,2307.02527637929,2356.42219244,0.965660165660117,1,1,0,0,1.86471127537488,0.164511814672314,0.258704564492516,0.153176032133664,0.258704564492516,1,0.222291993788314
near_threshold_noise,93,2332.48281697531,2381.30186996967,0.976319694711217,1,1,0,0,1.67841071746189,0.100232483536158,0.232857772371895,0.0933259057992459,0.232857772371895,1,0.212941239331149
near_threshold_noise,94,2357.24348194923,2406.68358794783,0.986687429434789,1,1,0,0,2.82767101287946,0.773471037676563,0.392302769643533,0.720174564711928,0.720174564711928,1,0.362050262093589
near_threshold_noise,95,2382.16546598366,2431.02328136982,0.997122711343665,1,1,0,0,1.71806287232875,0.039680612375105,0.238358995854313,0.0369463966363713,0.238358995854313,1,0.214946663697032
near_threshold_noise,96,2407.50163997239,2456.42908087635,1.00773142201852,1,1,0,0,0.97592529695746,0.201327623151884,0.135397008781347,0.187455025857768,0.187455025857768,1,0.196070269798701
near_threshold_noise,97,2431.85084609143,2481.01430416505,1.01792687153644,1,1,0,0,1.00213540538095,0.0249736000410115,0.139033322228122,0.0232527795647677,0.139033322228122,1,0.177433048815042
near_threshold_noise,98,2457.29093410251,2505.83514998372,1.02857909287707,1,1,0,0,3.0506491310253,0.0312874152495707,0.423238098725342,0.0291315376539582,0.423238098725342,1,0.277749166558518
near_threshold_noise,99,2481.83537352056,2530.8000753387,1.0388562900805,1,1,0,0,2.00624840366949,0.112642070500845,0.278341009886786,0.104880402936456,0.278341009886786,1,0.229275806472265
near_threshold_noise,100,2506.64403619588,2555.17630691406,1.04924412230291,1,1,0,0,0.240448841304659,0.0344059702773145,0.0333591658901435,0.0320352068286724,0.0333591658901435,1,0.134331210633088
near_threshold_noise,101,2531.58842811764,2580.47062258507,1.05968878679629,1,1,0,0,0.456842344359841,0.0251584099756112,0.0633809648175116,0.0234248550630366,0.0633809648175116,1,0.146925683748899
near_threshold_noise,102,2556.05817089178,2604.51906264151,1.06993470717458,1,1,0,0,2.86235410816228,0.00766533737282793,0.397114600396576,0.0071371528304785,0.397114600396576,1,0.269394588050512
near_threshold_noise,103,2581.30334793255,2629.65627757175,1.0805053157945,1,1,0,0,0.740974035004541,0.280906328402426,0.102800560900547,0.261550314010126,0.261550314010126,1,0.22331048450931
near_threshold_noise,104,2605.32151720611,2654.16816346561,1.09056215424518,1,1,0,0,1.06706835864649,0.303148900918218,0.148041929414454,0.282260249094124,0.282260249094124,1,0.230657435413433
near_threshold_noise,105,2630.56434343248,2678.70885005615,1.10113177853693,1,1,0,0,0.162318462628855,0.648697991532688,0.0225195866716956,0.603999078084306,0.603999078084306,1,0.331283227552433
near_threshold_noise,106,2654.94807245636,2703.78364122624,1.11134168341458,1,1,0,0,0.789452015955056,0.000385251333647628,0.109526253566699,0.000358705365811497,0.109526253566699,1,0.165739571783692
near_threshold_noise,107,2679.54661004253,2727.73496695873,1.12164153249173,1,1,0,0,0.922332612382958,0.249311537058607,0.127961717159568,0.232132580190965,0.232132580190965,1,0.212676258873355
near_threshold_noise,108,2704.54213449606,2752.92027877521,1.13210760709367,1,1,0,0,0.266121627329522,0.303056463437284,0.0369209328057946,0.282174181071726,0.282174181071726,1,0.230627137895805
near_threshold_noise,109,2728.56439686385,2777.08085171467,1.14216615939635,1,1,0,0,0.456357232292337,0.554974236148894,0.0633136617943514,0.516733412727982,0.516733412727982,1,0.306343758880136
near_threshold_noise,110,2753.75369270464,2801.5342553118,1.15271336955513,1,1,0,0,4.87265146925577,0.431569819237549,0.676017350741982,0.401832249137394,0.676017350741982,1,0.350670678991587
near_threshold_noise,111,2777.86842271294,2826.00274342528,1.1628106397181,1,1,0,0,7.6525078623564,0.464990384539393,1.06168646049961,0.432949950895151,1.06168646049961,1,0.438413958974323
near_threshold_noise,112,2802.37009860128,2849.88588063403,1.17306993106431,1,1,0,0,1.57927682331296,0.286357660350587,0.219104227117501,0.266626018751004,0.266626018751004,1,0.225121686325209
near_threshold_noise,113,2826.75949753633,2874.77794869253,1.1832822100355,1,1,0,0,5.12776532881166,0.018894109607647,0.711411098183738,0.0175921999654712,0.711411098183738,1,0.359821738105565
near_threshold_noise,114,2850.72280778444,2898.66970417734,1.19331607802785,1,1,0,0,1.80963371137425,0.401312660460886,0.2510632650612,0.373659977533198,0.373659977533198,1,0.261752806285788
near_threshold_noise,115,2875.6079419866,2923.32542861104,1.20373593025073,1,1,0,0,2.44475678002119,0.256767922148845,0.339178373841471,0.239075178717754,0.339178373841471,1,0.250271384956231
near_threshold_noise,116,2899.46989149543,2947.33905609813,1.21372735668275,1,1,0,0,0.267573512544391,0.0837868807725245,0.0371223630953874,0.0780134968856526,0.0780134968856526,1,0.152962158076621
near_threshold_noise,117,2924.16125800057,2971.33141285284,1.22406607489397,1,1,0,0,1.99232748274006,0.382197182249482,0.276409662211709,0.355861662496722,0.355861662496722,1,0.255863540393798
near_threshold_noise,118,2948.09046796877,2996.02396265496,1.23408566448723,1,1,0,0,1.892564915136,0.046877263257022,0.262568896648968,0.0436471580919483,0.262568896648968,1,0.223674506195241
near_threshold_noise,119,2972.16028765506,3019.42757066627,1.24416412989253,1,1,0,0,3.50068864896615,0.322734472919655,0.485675259389746,0.300496265833857,0.485675259389746,1,0.297066450409172
near_threshold_noise,120,2996.83721686915,3044.18366276594,1.25449680295092,1,1,0,0,3.42909675675608,0.0595266799521334,0.475742810575827,0.0554249593521308,0.475742810575827,1,0.294053655035504
near_threshold_noise,121,3020.25139906837,3067.88102851186,1.26430074117579,1,1,0,0,0.537079022405334,0.625979145826162,0.0745127658229581,0.58284568769156,0.58284568769156,1,0.325386870878355
near_threshold_noise,122,3045.00287469076,3092.11011787854,1.27466462815299,1,1,0,0,3.40262317758034,0.129220759206543,0.472069943970866,0.120316727427656,0.472069943970866,1,0.292933873359948
near_threshold_noise,123,3068.67513005998,3116.45709018805,1.28457662624493,1,1,0,0,0.979958905067097,0.0216055004881191,0.135956619721184,0.0201167608759529,0.135956619721184,1,0.176225819206767
near_threshold_noise,124,3092.90785035829,3139.90727772315,1.29472330105952,1,1,0,0,3.29523042969647,0.00323288041491463,0.457170589610837,0.00301011690440365,0.457170589610837,1,0.288359596442581
near_threshold_noise,125,3117.25961816144,3164.44684885744,1.30491982320054,1,1,0,0,1.688615714351,0.0674913481418958,0.234273583661668,0.0628408174350233,0.234273583661668,1,0.213458152307472
near_threshold_noise,126,3140.71752318469,3187.76077578211,1.31474206895638,1,1,0,0,2.64478426619792,0.0462020486634037,0.36692959966461,0.0430184695537105,0.36692959966461,1,0.259535036674397
near_threshold_noise,127,3165.23491178725,3212.10190078962,1.32500793949798,1,1,0,0,1.53081075182677,0.00372286667866115,0.212380186735444,0.00346634037887076,0.212380186735444,1,0.205403161274482
near_threshold_noise,128,3188.5834096469,3235.86790244103,1.33478437451124,1,1,0,0,2.73604587834679,0.170526849093507,0.379590967640257,0.158776597099899,0.379590967640257,1,0.263697906766886
near_threshold_noise,129,3212.93090627445,3259.54080201925,1.3449791082344,1,1,0,0,1.58689207337484,0.446031147578931,0.220160744540213,0.415297111215095,0.415297111215095,1,0.275226846426086
near_threshold_noise,130,3236.65497876011,3283.94759923872,1.35491280308279,1,1,0,0,3.25740415365337,0.0284995678005539,0.451922683192651,0.0265357884593795,0.451922683192651,1,0.286736216045792
near_threshold_noise,131,3260.35916552759,3307.39001488813,1.36483817142416,1,1,0,0,1.22986561507156,0.0772784230903797,0.170627942530911,0.0719535082760407,0.170627942530911,1,0.18967021875154
near_threshold_noise,132,3284.72697265554,3331.86127336644,1.37504140951828,1,1,0,0,5.52139422737765,1.02982460242322,0.766022015230245,0.958863937565955,0.958863937565955,1,0.417443042321156
near_threshold_noise,133,3308.16540016485,3355.37190787812,1.38485549968953,1,1,0,0,0.908620963858245,0.0995987082908336,0.126059403323155,0.0927358012068392,0.126059403323155,1,0.172323423747245
near_threshold_noise,134,3332.70267191413,3379.64868273733,1.39512969566143,1,1,0,0,1.2026859080813,0.0245033832105017,0.166857109827315,0.0228149632992099,0.166857109827315,1,0.188224899772289
near_threshold_noise,135,3356.15505278001,3403.56595693163,1.40494962835346,1,1,0,0,2.54948184723524,0.777070917812259,0.353707622022058,0.723526393007306,0.723526393007306,1,0.3628987572634
near_threshold_noise,136,3380.44478628869,3426.97126730919,1.41512017562226,1,1,0,0,10.8745943907676,1.62304953029003,1.50870928011668,1.51121235578998,1.51121235578998,1,0.5132783814742
near_threshold_noise,137,3404.345955365,3451.5896590309,1.42512802399093,1,1,0,0,18.056306000316,0.0381880011228912,2.50507885153225,0.0355566346330309,2.50507885153225,1,0.611392281958827
near_threshold_noise,138,3427.8126615722,3476.35102216495,1.43495395496042,1,1,0,0,191.217936683394,0.32835387695867,26.5290148057317,0.305728461560145,5,1,0.686359707403515
near_threshold_noise,139,3452.30442780125,3500.95595376193,1.44520909695446,1,1,0,0,335.92703307949,0.0156102716471792,46.605529736297,0.0145346367749108,5,1,0.686359707403515
near_threshold_noise,140,3477.09870928769,3524.78243851977,1.45559090751503,1,1,0,0,234.850449622465,1.43856648410231,32.582461474223,1.33944122149636,5,1,0.686359707403515
near_threshold_noise,141,3501.7805774475,3548.38044654701,1.46592564859862,1,1,0,0,56.8326568467348,1.33572279307962,7.88479585695177,1.24368403498538,5,1,0.686359707403515
near_threshold_noise,142,3525.53401860407,3572.38177149176,1.47587164063651,1,1,0,0,2.1326701016789,0.485230988772534,0.295880384887001,0.451795864488627,0.451795864488627,1,0.286696906993274
near_threshold_noise,143,3549.18655064054,3595.54184577149,1.48577538021512,1,1,0,0,6.11729686645419,0.0171130814406262,0.848695796827475,0.0159338945830527,0.848695796827475,1,0.393104820043269
near_threshold_noise,144,3573.14976722019,3619.79936590826,1.4958092089868,1,1,0,0,4.9904313789534,0.0400439184584275,0.692357789418296,0.0372846689021305,0.692357789418296,1,0.354925698166386
near_threshold_noise,145,3596.34852383732,3642.9699844055,1.5055229446549,1,1,0,0,5.48060584623005,0.00315483848782205,0.760363155051462,0.00293745250181399,0.760363155051462,1,0.37208457082673
near_threshold_noise,146,3620.57524172745,3666.64767574737,1.51566710615348,1,1,0,0,8.48017708124533,0.204827332035387,1.17651485653291,0.190713585259509,1.17651485653291,1,0.459999270927184
near_threshold_noise,147,3643.7581335638,3690.47750052005,1.5253741989532,1,1,0,0,2.3497180703559,1.19934394425071,0.325992982452155,1.11670245027562,1.11670245027562,1,0.4489878697047
near_threshold_noise,148,3667.47627413123,3713.54411021488,1.53530541000099,1,1,0,0,3.090266478921,0.232685081192923,0.42873449319083,0.216651779963797,0.42873449319083,1,0.279486226618893
near_threshold_noise,149,3691.23176948497,3737.69028889951,1.54525226216809,1,1,0,0,1.95014283148149,0.0668397181888957,0.270557087619473,0.0622340884239866,0.270557087619473,1,0.226519708932736
near_threshold_noise,150,3714.34039480786,3760.76584306686,1.554928258246,1,1,0,0,6.49159168771756,0.106270867711545,0.900624360785602,0.0989482115912453,0.900624360785602,1,0.404827529001902
near_threshold_noise,151,3738.48905319082,3784.80636243091,1.56503973482825,1,1,0,0,6.54231735810999,0.0077009460492775,0.907661891282019,0.00717030787030917,0.907661891282019,1,0.406381388593923
near_threshold_noise,152,3761.52619540172,3808.32511489402,1.57468579964449,1,1,0,0,3.37095894391695,0.0986966772729854,0.46767694121057,0.0918959251623697,0.46767694121057,1,0.291590479536949
near_threshold_noise,153,3785.60219442844,3831.7577612558,1.5847668524505,1,1,0,0,7.4805336534977,0.049588513630956,1.0378272639611,0.0461715881775768,1.0378272639611,1,0.433690902304341
near_threshold_noise,154,3809.06402921068,3855.99610486168,1.59459074366695,1,1,0,0,2.72247162892834,0.493429640193194,0.377707716152218,0.459429583051425,0.459429583051425,1,0.289056425704759
near_threshold_noise,155,3832.58863935089,3878.96187674277,1.60444092005219,1,1,0,0,6.21559105945555,0.47885832727308,0.862332844411395,0.445862314946537,0.862332844411395,1,0.396227680973496
near_threshold_noise,156,3856.75007085196,3903.07850746443,1.61455774496819,1,1,0,0,4.78688459661787,0.147395322057949,0.664118306784514,0.137238961425788,0.664118306784514,1,0.347539213020845
near_threshold_noise,157,3879.77210090666,3926.04550672099,1.62419748205347,1,1,0,0,5.34007982757504,0.00347981156708928,0.740866988038313,0.00324003312151941,0.740866988038313,1,0.367254523626803
near_threshold_noise,158,3903.86448610819,3950.02058441767,1.6342853960449,1,1,0,0,5.81984118781135,0.00644634781885186,0.807427669790677,0.00600215846267361,0.807427669790677,1,0.383457551461099
near_threshold_noise,159,3926.80127315261,3973.72494699541,1.6438894403522,1,1,0,0,1.34689701972058,0.0242618427091048,0.186864535815619,0.0225900662869361,0.186864535815619,1,0.1958470462574
near_threshold_noise,160,3950.84141968929,3996.9943248803,1.6539554810773,1,1,0,0,4.21636036357022,0.0030765986138434,0.584965450687076,0.00286460379198388,0.584965450687076,1,0.325981965991846
near_threshold_noise,161,3974.48031092779,4021.24081430939,1.66385350900903,1,1,0,0,4.03746605313844,0.0577207723400983,0.560146179585099,0.0537434888573672,0.560146179585099,1,0.318954622588769
near_threshold_noise,162,3997.80731172388,4044.36375687143,1.67362094281604,1,1,0,0,2.59734412986059,0.348919925454026,0.360347894511277,0.324877394489138,0.360347894511277,1,0.257355403572651
near_threshold_noise,163,4022.03647915969,4068.36695893363,1.68376612998336,1,1,0,0,3.57686991914806,0.000339590837151475,0.496244425021534,0.000316191132457103,0.496244425021534,1,0.300247828128265
near_threshold_noise,164,4045.14925151846,4091.69420693593,1.6934438624996,1,1,0,0,2.58822712000986,0.051365274749577,0.359083027347092,0.0478259205350541,0.359083027347092,1,0.256935289371842
near_threshold_noise,165,4069.16370466871,4115.21979196556,1.70349914494277,1,1,0,0,6.40792508083266,0.0375738421428656,0.889016701528877,0.0349847946357214,0.889016701528877,1,0.402246614813844
near_threshold_noise,166,4092.44570899569,4139.26775978369,1.71324773792077,1,1,0,0,3.7024771644342,0.560457979759149,0.513670805243492,0.521839295786475,0.521839295786475,1,0.307848348244277
near_threshold_noise,167,4116.02836109267,4162.25909652312,1.7231222175148,1,1,0,0,2.51890265773143,0.122891671552496,0.349465155100991,0.114423749249741,0.349465155100991,1,0.253727729730376
near_threshold_noise,168,4140.05136678295,4186.44792464842,1.73318108105995,1,1,0,0,2.48243933676665,0.00853938642742395,0.344406341066498,0.00795097502519367,0.344406341066498,1,0.252031307240167
near_threshold_noise,169,4163.02896555716,4209.57596709832,1.74280221397082,1,1,0,0,4.99905639978173,0.00309723615537357,0.693554399470801,0.00288381929167843,0.693554399470801,1,0.355235248775172
near_threshold_noise,170,4187.22676924366,4233.42215884495,1.75293426857351,1,1,0,0,2.69263087629554,0.131948045947134,0.373567697793373,0.122856088884744,0.373567697793373,1,0.261722474233402
near_threshold_noise,171,4210.33653840856,4257.30369978196,1.7626107435986,1,1,0,0,2.33126475382952,0.018114467178402,0.32343282352651,0.0168662792525263,0.32343282352651,1,0.244928983998711
near_threshold_noise,172,4234.25481300583,4280.47818526671,1.77262575435583,1,1,0,0,6.05059479089664,0.939929697818638,0.839441746811398,0.875163293792794,0.875163293792794,1,0.399136812995346
near_threshold_noise,173,4258.03597592334,4304.57547227216,1.78258335399245,1,1,0,0,4.75412723346699,0.256469851143257,0.659573646450347,0.23879764646865,0.659573646450347,1,0.346335802357715
near_threshold_noise,174,4281.29516712396,4327.65760779205,1.79232239470509,1,1,0,0,3.26318325011083,0.0297555338285235,0.452724458058247,0.0277052114156714,0.452724458058247,1,0.286984649728976
near_threshold_noise,175,4305.37407088281,4351.97544542668,1.80240466377456,1,1,0,0,2.68772521572258,0.00823852214668427,0.372887100856553,0.00767084197319222,0.372887100856553,1,0.261498699369442
near_threshold_noise,176,4328.45980523722,4375.401516285,1.81207107499322,1,1,0,0,3.25819003697305,0.0269115667672466,0.45203171433578,0.0250572095634462,0.45203171433578,1,0.28677000863119
near_threshold_noise,177,4352.79209908665,4398.99092684668,1.82225944304039,1,1,0,0,3.51473458383696,0.274023292945097,0.487623951131803,0.255141558125395,0.487623951131803,1,0.29765491523873
near_threshold_noise,178,4376.16520188277,4422.98777165902,1.83204618058206,1,1,0,0,3.81396269681685,0.00597817467863832,0.529137980501749,0.00556624506574033,0.529137980501749,1,0.309989127022657
near_threshold_noise,179,4399.80332080356,4446.21721953431,1.84194388513051,1,1,0,0,2.48274554024722,0.0721736105475373,0.344448822837877,0.0672004458187561,0.344448822837877,1,0.252045579890486
near_threshold_noise,180,4423.77433555552,4470.5717273395,1.85198097913686,1,1,0,0,1.45782839153104,0.506608497303145,0.202254828464016,0.471700343325876,0.471700343325876,1,0.292821018791781
near_threshold_noise,181,4447.01944442545,4494.0184413035,1.86171412332495,1,1,0,0,1.68196966313465,0.0298273524073729,0.233351530039627,0.0277720812934583,0.233351530039627,1,0.213121572687008
near_threshold_noise,182,4471.34968985259,4517.868566842,1.87190163366094,1,1,0,0,3.49812443946441,0.00195953801607714,0.485319508496204,0.00182451490621288,0.485319508496204,1,0.296958928087895
near_threshold_noise,183,4494.78265329865,4541.8966703113,1.88171343593087,1,1,0,0,1.1435894168921,0.013060245264783,0.158658236244022,0.0121603214476522,0.158658236244022,1,0.185068219748957
near_threshold_noise,184,4518.66379236954,4565.24992942766,1.89171289737685,1,1,0,0,1.9915684491322,0.588754603300703,0.276304356118724,0.548186123979385,0.548186123979385,1,0.31552125395342
near_threshold_noise,185,4542.6605538686,4589.77508922542,1.90176077200822,1,1,0,0,2.61529003587615,0.991719881847035,0.36283765679324,0.92338484498499,0.92338484498499,1,0.409823467713218
near_threshold_noise,186,4566.05118167226,4613.24182470676,1.91155484758501,1,1,0,0,1.80778268679192,0.711965033948073,0.250806459348293,0.662906668042657,0.662906668042657,1,0.347218776089353
near_threshold_noise,187,4590.5483497127,4637.50495931355,1.92181225141441,1,1,0,0,3.76996297398883,0.113785556640149,0.523033588211995,0.105945096496413,0.523033588211995,1,0.308199448787543
near_threshold_noise,188,4614.0230145708,4661.26132023236,1.93164151481384,1,1,0,0,5.6571785408698,0.30196111831952,0.784860331998528,0.281154311348142,0.784860331998528,1,0.37805431392165
near_threshold_noise,189,4638.30802389863,4685.05166916945,1.94181008398335,1,1,0,0,3.44494404298751,0.266749121626413,0.477941416513931,0.248368617823959,0.477941416513931,1,0.294722490477806
near_threshold_noise,190,4662.04554043247,4709.33447932554,1.95174940809594,1,1,0,0,1.18643527427832,0.00373600055800394,0.164602544632023,0.00347856926059733,0.164602544632023,1,0.187358794973411
near_threshold_noise,191,4685.8801344313,4732.7818416935,1.96172938028507,1,1,0,0,1.45931599525105,0.452150029511848,0.202461214234084,0.420994368019693,0.420994368019693,1,0.277038005485755
near_threshold_noise,192,4710.12345090113,4757.47867401284,1.97188049190681,1,1,0,0,2.31185515029847,0.206496202301146,0.320739992151067,0.192267461046266,0.320739992151067,1,0.244008983151288
near_threshold_noise,193,4733.58031805296,4781.1113850027,1.98170230308726,1,1,0,0,0.995455820210809,0.230552035663629,0.138106616203843,0.214665713180761,0.214665713180761,1,0.206250245670405
near_threshold_noise,194,4758.30763497083,4805.23870963601,1.99205607438138,1,1,0,0,2.13781864978158,0.0292404588299816,0.296594679326178,0.0272256279603126,0.296594679326178,1,0.23567622768648
near_threshold_noise,195,4781.89862572617,4829.45314563905,2.0019340455213,1,1,0,0,0.510016363200569,0.14264018392385,0.0707581719852764,0.132811478858171,0.132811478858171,1,0.17498885318393
near_threshold_noise,196,4806.05787574864,4853.67115999202,2.01204995701306,1,1,0,0,41.1730498556658,0.77199957735384,5.71222798532027,0.718804496220946,5,1,0.686359707403515
near_threshold_noise,197,4830.24070455858,4878.38951283649,2.02217574136623,1,1,0,0,179.335963586638,0.105184751291251,24.8805447632635,0.0979369346563507,5,1,0.686359707403515
near_threshold_noise,198,4854.39819293041,4902.97995598808,2.03229091522326,1,1,0,0,237.0184529165,0.751941229027528,32.8832438824212,0.700128280084741,5,1,0.686359707403515
near_threshold_noise,199,4879.13796054988,4927.50873534549,2.04264989984955,1,1,0,0,198.863381428704,1.29500817981738,27.5897213501211,1.20577488589606,5,1,0.686359707403515
near_threshold_noise,200,4903.76621486385,4951.58741682108,2.05296219185386,1,1,0,0,49.5151376216965,0.00624230402371157,6.8695847359172,0.00581217442424246,5,1,0.686359707403515
near_threshold_noise,201,4928.36087707144,4975.88672232733,2.06326041824045,1,1,0,0,0.526782743609749,0.218918472196821,0.0730842903496333,0.203833767189707,0.203833767189707,1,0.202222705028913
near_threshold_noise,202,4952.37758337764,5000.63028402539,2.07331664412045,1,1,0,0,2.18448810255751,0.059817766146582,0.303069462106196,0.0556959880825799,0.303069462106196,1,0.23792555846717
near_threshold_noise,203,4976.72715914311,5024.31967174391,2.08351224841597,1,1,0,0,0.596052467222795,0.294504129538047,0.0826945683141012,0.274211150727816,0.274211150727816,1,0.227815527643537
near_threshold_noise,204,5001.41973103931,5049.19948740169,2.09385147134605,1,1,0,0,0.481908236224929,0.0560479303177348,0.0668585330202729,0.0521859149902106,0.0668585330202729,1,0.148366319458347
near_threshold_noise,205,5025.14407992966,5073.17352610779,2.10378528193005,1,1,0,0,0.911056684388934,0.0867915308793663,0.12639732803431,0.0808111098244725,0.12639732803431,1,0.172457143017347
near_threshold_noise,206,5050.02889862616,5097.92920656382,2.11420500204504,1,1,0,0,1.13354992278113,0.116429089776148,0.1572653863235,0.108406475439881,0.1572653863235,1,0.18453002167007
near_threshold_noise,207,5073.96176226117,5122.85596391923,2.12422612149416,1,1,0,0,1.42868015260703,0.164051935316967,0.198210887422772,0.152747841033513,0.198210887422772,1,0.200119066045429
near_threshold_noise,208,5098.76016125256,5146.97959669446,2.13460965612794,1,1,0,0,2.77751048256204,0.130602931379076,0.385343645020944,0.121603660220512,0.385343645020944,1,0.265576280610707
near_threshold_noise,209,5123.65250386732,5172.19627927369,2.14503252664252,1,1,0,0,2.20164056929427,0.00509985936040633,0.305449144953457,0.00474845057677325,0.305449144953457,1,0.238749515931416
near_threshold_noise,210,5147.7966254614,5196.15928625904,2.15514210358986,1,1,0,0,3.36735166218115,0.0525451814544996,0.467176477539446,0.048924525080314,0.467176477539446,1,0.291437155167821
near_threshold_noise,211,5173.03751365121,5221.39112808886,2.16571091639092,1,1,0,0,5.36838315419034,0.0335703203871346,0.744793708427896,0.0312571378815535,0.744793708427896,1,0.36823303088288
near_threshold_noise,212,5196.97033108027,5245.90118743266,2.17573201649278,1,1,0,0,2.34272324353739,0.117028951626191,0.325022540727647,0.108965003459288,0.325022540727647,1,0.245471236340429
near_threshold_noise,213,5222.22564523204,5270.34309902744,2.18630686970297,1,1,0,0,5.61617115594991,0.00163439338264231,0.779171087879733,0.00152177455337983,0.779171087879733,1,0.376677658260733
near_threshold_noise,214,5246.69424107309,5295.54055681802,2.1965523098398,1,1,0,0,0.519627255614402,0.654702252639154,0.0720915589654164,0.60958961207735,0.60958961207735,1,0.332825983718328
near_threshold_noise,215,5271.17567594996,5319.72329865949,2.2068031259113,1,1,0,0,0.99468077044047,0.0854356230302154,0.137999088075525,0.079548631596477,0.137999088075525,1,0.177027549126313
near_threshold_noise,216,5296.36537600079,5345.31566008999,2.21735050532007,1,1,0,0,5.17154689422177,0.012453840969117,0.717485223954198,0.0115957017936538,0.717485223954198,1,0.361367927685606
near_threshold_noise,217,5320.5598119835,5369.54685672743,2.22748114980476,1,1,0,0,5.80661979523341,0.485997984030825,0.805593372624124,0.452510009491308,0.805593372624124,1,0.383021777090106
near_threshold_noise,218,5346.1300598448,5394.53301552423,2.23818787141023,1,1,0,0,0.841524494348205,0.059142366866126,0.116750636248697,0.0550671275834586,0.116750636248697,1,0.16862651990303
near_threshold_noise,219,5370.35956697698,5419.61544178743,2.2483332008145,1,1,0,0,1.05903996954498,0.0403447318343278,0.146928094295038,0.0375647545569202,0.146928094295038,1,0.180518066711428
near_threshold_noise,220,5395.40691656052,5443.99545051299,2.25882097552832,1,1,0,0,0.429166272614076,0.000748558597160264,0.0595412679258777,0.000696978730439152,0.0595412679258777,1,0.145330659898446
near_threshold_noise,221,5420.41119412149,5469.51694777434,2.26929071521341,1,1,0,0,1.19728302037143,0.212276737582404,0.166107529058194,0.197649685172573,0.197649685172573,1,0.19990862103148
near_threshold_noise,222,5444.86658672194,5493.84571703197,2.27953062691648,1,1,0,0,0.583173469052726,0.610997234532007,0.0809077739418637,0.568896113733068,0.568896113733068,1,0.321447026973465
near_threshold_noise,223,5470.35259404052,5519.44408719862,2.29020207549511,1,1,0,0,2.87504222497344,0.0660187735687457,0.39887491244982,0.0614697114716897,0.39887491244982,1,0.269962712861768
near_threshold_noise,224,5494.70443963675,5544.11438276095,2.3003986302095,1,1,0,0,4.65899252363294,0.7235097563608,0.64637493627963,0.673655894624276,0.673655894624276,1,0.350051436388976
near_threshold_noise,225,5520.31135105426,5569.108691385,2.31112070350383,1,1,0,0,4.52990867520762,0.0247477075081686,0.628466222351156,0.0230424522886482,0.628466222351156,1,0.337987610355603
near_threshold_noise,226,5544.93842085471,5594.54096109964,2.32143249953108,1,1,0,0,1.93361533934445,0.133766812570158,0.268264111912225,0.124549532332845,0.268264111912225,1,0.225704749273617
near_threshold_noise,227,5569.98268470033,5619.06772351827,2.33191898219105,1,1,0,0,1.69542519592297,0.00011704776677411,0.235218311131149,0.000108982522138466,0.235218311131149,1,0.213802767291764
near_threshold_noise,228,5595.38389553296,5644.80689470883,2.34255492495946,1,1,0,0,1.56088702521878,0.000466520252412816,0.216552880552546,0.000434374402330486,0.216552880552546,1,0.206948592661849
near_threshold_noise,229,5619.89508753077,5669.50137735542,2.35281820087145,1,1,0,0,0.676364854320614,0.213736595236992,0.0938368729710613,0.199008950484035,0.199008950484035,1,0.200418178901217
near_threshold_noise,230,5645.64224287233,5694.79673165158,2.36359899681328,1,1,0,0,1.4501935895518,0.00390951915509107,0.201195598465727,0.00364013145755046,0.201195598465727,1,0.201236814627774
near_threshold_noise,231,5670.28965014032,5720.14744931972,2.37391930850312,1,1,0,0,3.60548958662391,0.0118556020378418,0.500215033612815,0.0110386848648506,0.500215033612815,1,0.301436501896472
near_threshold_noise,232,5695.63761069238,5744.9992334556,2.38453295442353,1,1,0,0,2.98707867085912,0.185563151471006,0.4144185198291,0.172776814292415,0.4144185198291,1,0.274946852660877
near_threshold_noise,233,5720.96942693502,5771.01192308578,2.39513984043191,1,1,0,0,2.06514924853358,0.0672308339313879,0.286512740073671,0.0625982541081309,0.286512740073671,1,0.232151957123201
near_threshold_noise,234,5745.87230586678,5795.54404976498,2.40556712269148,1,1,0,0,8.53689172827399,0.103681767418333,1.18438328005438,0.0965375147637847,1.18438328005438,1,0.46141142059343
near_threshold_noise,235,5771.83392187458,5821.45764000578,2.4164377171625,1,1,0,0,5.70552099547322,0.405745757922739,0.791567222137412,0.377787609828915,0.791567222137412,1,0.379669688473597
near_threshold_noise,236,5796.35462010256,5846.58846814888,2.42670497350364,1,1,0,0,3.75655100274138,0.212917515521341,0.521172850720686,0.198246309933905,0.521172850720686,1,0.307652288599725
near_threshold_noise,237,5822.37553115265,5871.84274019547,2.43760039587283,1,1,0,0,1.55817901349905,0.0162874307141765,0.216177178961718,0.0151651358014554,0.216177178961718,1,0.206809642937834
near_threshold_noise,238,5847.42420355693,5897.55723753959,2.44808872447543,1,1,0,0,7.42737338431392,0.105223296273502,1.03045196438035,0.0979728236741183,1.03045196438035,1,0.432213738591482
near_threshold_noise,239,5872.6944220518,5922.26015341644,2.45866981840152,1,1,0,0,0.742289300703359,0.0034787550173683,0.102983036999822,0.00323904937397317,0.102983036999822,1,0.163111291767659
near_threshold_noise,240,5898.37883570415,5948.37194867296,2.46942434327226,1,1,0,0,5.28785733899243,0.11345879092813,0.733621793383305,0.10564084676636,0.733621793383305,1,0.365441497881097
near_threshold_noise,241,5923.11407357733,5973.30945823785,2.4797814312125,1,1,0,0,2.43988270599691,0.181962237909618,0.338502159129623,0.169424023780145,0.338502159129623,1,0.250043242279209
near_threshold_noise,242,5949.19913422459,5998.90548563512,2.49070371416911,1,1,0,0,1.02752070660676,0.0577069773042352,0.142555204347281,0.053730644376496,0.142555204347281,1,0.178811541830924
near_threshold_noise,243,5974.13702546385,6024.70227476888,2.50114565671008,1,1,0,0,2.04116132912412,0.102684624718543,0.283184726602706,0.09560908076329,0.283184726602706,1,0.230982745105926
near_threshold_noise,244,5999.81817913691,6049.81780148795,2.511898816569,1,1,0,0,1.47667170821563,0.0525032483211513,0.204869094865929,0.0488854813739758,0.204869094865929,1,0.202609076958977
near_threshold_noise,245,6025.52519892209,6075.8571338835,2.52266280703319,1,1,0,0,1.7282654699723,0.0077243857979973,0.239774474279805,0.00719213248947261,0.239774474279805,1,0.215461327362515
near_threshold_noise,246,6050.67856425668,6100.74396371267,2.53319497244429,1,1,0,0,4.91146408442281,0.00710641904123327,0.681402098952714,0.00661674709250177,0.681402098952714,1,0.352078621873435
near_threshold_noise,247,6076.69293409275,6126.57723926272,2.5440876558898,1,1,0,0,5.82150884555451,0.22575885496394,0.807659035726982,0.210202809392724,0.807659035726982,1,0.383512474550701
near_threshold_noise,248,6101.57053146031,6151.96644322693,2.5545043523048,1,1,0,0,4.18481255631529,0.0273397589048295,0.58058860058467,0.0254558968720533,0.58058860058467,1,0.324752182977357
near_threshold_noise,249,6127.441832002,6177.46480298034,2.56533713006955,1,1,0,0,3.30965685632229,0.310477410938545,0.459172069661236,0.289083783857274,0.459172069661236,1,0.288977050435188
near_threshold_noise,250,6152.78702735564,6203.53620611347,2.57594961815177,1,1,0,0,5.01388720389974,0.294396837208275,0.695611981666549,0.274111251438603,0.695611981666549,1,0.355766874830936
near_threshold_noise,251,6178.34530936918,6228.5094167266,2.58665132944207,1,1,0,0,4.50542641157611,0.151519644960371,0.62506962501503,0.141079095453179,0.62506962501503,1,0.337064226980661
near_threshold_noise,252,6204.33501507018,6254.71444460545,2.59753368557166,1,1,0,0,3.86745283493526,0.646606941269324,0.536559045129453,0.602052112858908,0.602052112858908,1,0.330744425211657
near_threshold_noise,253,6229.35923554653,6279.9492344663,2.60801177571327,1,1,0,0,4.31002943823244,0.962566669893957,0.597960822939563,0.896240452104643,0.896240452104643,1,0.403855424903305
near_threshold_noise,254,6255.59016913207,6305.65629809226,2.61899513828665,1,1,0,0,1.45091720259578,1.29785722332106,0.201295990413732,1.20842761439547,1.20842761439547,1,0.465675386141199
near_threshold_noise,255,6280.77246543675,6331.47096139284,2.62953941761406,1,1,0,0,27.7996347420364,0.116550367091481,3.8568396587529,0.108519396071068,3.8568396587529,1,0.66785045302914
near_threshold_noise,256,6306.53968499165,6356.1888492784,2.64032861480204,1,1,0,0,188.72043287044,1.93848734809272,26.1825184634929,1.80491474678336,5,1,0.686359707403515
near_threshold_noise,257,6332.20656960204,6380.63731685647,2.65107579994837,1,1,0,0,337.357102545404,7.14816407634826,46.8039333729667,6.6556156616251,5,1,0.686359707403515
near_threshold_noise,258,6356.93659099723,6405.33118809615,2.66143070365567,1,1,0,0,218.277832903553,2.0151509830617,30.2832253150458,1.87629582927206,5,1,0.686359707403515
near_threshold_noise,259,6381.37383552773,6431.39107408975,2.67166301643621,1,1,0,0,63.2075285437335,0.549559964228462,8.76922682910651,0.511692214372008,5,1,0.686359707403515
near_threshold_noise,260,6406.17636015848,6456.99131927381,2.68204827854921,1,1,0,0,13.8877427845138,0.187776269251371,1.92674463671563,0.174837435901362,1.92674463671563,1,0.563275271156729
near_threshold_noise,261,6432.30922513612,6482.46157400896,2.69299057803675,1,1,0,0,1.55355114531196,0.639137324957482,0.215535122124459,0.595097194815557,0.595097194815557,1,0.328813286303199
near_threshold_noise,262,6457.80975421135,6508.58979674814,2.70366810713547,1,1,0,0,3.78285337900122,0.17776016344314,0.524821965136028,0.165511495705566,0.524821965136028,1,0.308724611811232
near_threshold_noise,263,6483.31158163829,6533.72870012722,2.71434617987735,1,1,0,0,3.77451982828706,0.0188740488059579,0.523665792790929,0.0175735214650226,0.523665792790929,1,0.308385178328793
near_threshold_noise,264,6509.43766390854,6559.89307822749,2.72528563932359,1,1,0,0,1.86810579324452,0.0498724316941885,0.259175509929873,0.046435942701072,0.259175509929873,1,0.222460694797632
near_threshold_noise,265,6534.57928031989,6585.06179864563,2.73581288524971,1,1,0,0,2.35874115534387,0.0726480018570484,0.327244818756798,0.0676421489184048,0.327244818756798,1,0.246228172333192
near_threshold_noise,266,6560.75450320381,6610.86166812712,2.74677292075266,1,1,0,0,2.66900870175255,0.00130324374870076,0.370290426690756,0.00121344297810228,0.370290426690756,1,0.260643883511012
near_threshold_noise,267,6585.88442767035,6636.59401987585,2.75729527105169,1,1,0,0,5.92619377057005,0.0088675679170117,0.822182714696871,0.00825654297783524,0.822182714696871,1,0.386941188981548
near_threshold_noise,268,6611.7699948465,6661.70137649251,2.76813402251229,1,1,0,0,1.67885692058115,0.157584380883196,0.232919677281876,0.146725937210089,0.232919677281876,1,0.21296385230275
near_threshold_noise,269,6637.4113770511,6688.0569996435,2.77887052934371,1,1,0,0,8.55403376888581,0.461609877569,1.18676151641169,0.429802379729175,1.18676151641169,1,0.461836606309143
near_threshold_noise,270,6662.56426969796,6713.19166808733,2.78940249683198,1,1,0,0,4.27464471061756,0.489440009498074,0.593051649777914,0.455714860186235,0.593051649777914,1,0.328243389904014
near_threshold_noise,271,6688.8974709999,6739.3736871958,2.80042868073328,1,1,0,0,2.55678200946296,0.450274768042744,0.354720425084273,0.41924832253583,0.41924832253583,1,0.276483759502675
near_threshold_noise,272,6714.05306149433,6764.8600954434,2.81096177785873,1,1,0,0,2.74302036371397,0.0153120331290347,0.380558587251562,0.0142569485558015,0.380558587251562,1,0.264014422749242
near_threshold_noise,273,6740.22704459682,6790.43589208593,2.82192129424295,1,1,0,0,2.65633342791352,0.00490264245615899,0.368531896433738,0.0045648230183364,0.368531896433738,1,0.260064035446589
near_threshold_noise,274,6765.7258996573,6816.45557545566,2.83259812240166,1,1,0,0,7.97954517931081,0.10729537552741,1.10705865713551,0.0999021250985317,1.10705865713551,1,0.447165756321328
near_threshold_noise,275,6791.33266132486,6841.46311093597,2.843320132993,1,1,0,0,2.02291798396826,1.04958821850699,0.280653698488188,0.977265730156693,0.977265730156693,1,0.421315921276269
near_threshold_noise,276,6817.30876979347,6867.60367192655,2.8541967957174,1,1,0,0,3.26246977509973,1.13480286720233,0.452625472631141,1.05660861378372,1.05660861378372,1,0.437415839203992
near_threshold_noise,277,6842.33248325642,6892.54572134241,2.86467467356341,1,1,0,0,2.82211806091547,0.00635891795111292,0.391532369400631,0.00592075300096318,0.391532369400631,1,0.267588004744159
near_threshold_noise,278,6868.5010317657,6918.29964545897,2.87563191438593,1,1,0,0,1.78560739598694,0.00272319662745172,0.247729924645062,0.00253555317558009,0.247729924645062,1,0.218343762181243
near_threshold_noise,279,6893.37492365039,6943.98574408986,2.88604705924876,1,1,0,0,5.25471346489653,0.00121551936671958,0.729023509656055,0.00113176329582523,0.729023509656055,1,0.364285709849071
near_threshold_noise,280,6919.19750043389,6968.94512016924,2.89685943550167,1,1,0,0,2.83156290841712,0.736317281583199,0.392842719797436,0.685580909851459,0.685580909851459,1,0.353167338140105
near_threshold_noise,281,6944.79742073255,6995.01949566728,2.9075785814891,1,1,0,0,4.11421653244358,0.0707776721695837,0.57079431561851,0.0659006953888921,0.57079431561851,1,0.321985571008372
near_threshold_noise,282,6969.81170566802,7019.98575826638,2.91805251144146,1,1,0,0,1.40708545781136,0.0736446362166462,0.195214902904289,0.0685701096061849,0.195214902904289,1,0.198994576506675
near_threshold_noise,283,6995.87927316022,7045.90783040016,2.92896746970016,1,1,0,0,1.93633291196293,0.083686480274621,0.268641139954058,0.0779200145426139,0.268641139954058,1,0.225838847270433
near_threshold_noise,284,7020.82315332595,7071.25044351271,2.93941191991211,1,1,0,0,5.55540884214466,0.0472461959741201,0.770741102960279,0.0439906692850012,0.770741102960279,1,0.374626980549799
near_threshold_noise,285,7046.76759974861,7096.4224033142,2.95027532516974,1,1,0,0,12.4344927944499,0.00460187229469335,1.72512500222147,0.00428477760026552,1.72512500222147,1,0.540955449964946
near_threshold_noise,286,7072.0955758691,7122.35105824936,2.96088060325006,1,1,0,0,4.94700298494567,0.00575710539574998,0.686332661610711,0.00536040869072423,0.686332661610711,1,0.353362832071625
near_threshold_noise,287,7097.27060191982,7147.20030962028,2.97142183839168,1,1,0,0,2.59293639760705,0.335235948074929,0.359736378686758,0.31213631955229,0.359736378686758,1,0.257152343879364
near_threshold_noise,288,7123.22218940257,7173.16003258599,2.9822882337393,1,1,0,0,2.0145626741673,0.298525488373215,0.279494507351307,0.277955415487059,0.279494507351307,1,0.229682864741914
near_threshold_noise,289,7148.03323498124,7197.88695586315,2.9926770637261,1,1,0,0,5.00194136861108,0.222956194724831,0.693954651571181,0.207593268091994,0.693954651571181,1,0.355338727854611
near_threshold_noise,290,7173.99825437976,7223.37681962242,3.00354908325788,1,1,0,0,0.675297471311099,0.0305662527878895,0.0936887873879096,0.0284600673123046,0.0936887873879096,1,0.159355734315432
near_threshold_noise,291,7198.72623466013,7248.82719019198,3.01390313231378,1,1,0,0,1.57154772713278,0.313013802007196,0.218031915018775,0.291445403420034,0.291445403420034,1,0.233879562187086
near_threshold_noise,292,7224.25857744249,7273.47346691226,3.02459398238253,1,1,0,0,2.0369418086776,0.0674681622043409,0.282599322731394,0.0628192291380185,0.282599322731394,1,0.230776776506133
near_threshold_noise,293,7249.64641223203,7299.30809106372,3.03522432436168,1,1,0,0,3.09605215719834,0.828184030926416,0.429537181198782,0.771117527251498,0.771117527251498,1,0.374718826315494
near_threshold_noise,294,7274.34664531977,7323.89278248007,3.04556675517013,1,1,0,0,2.7525349121282,0.466547230636697,0.381878607748222,0.434399521604116,0.434399521604116,1,0.281269103275038
near_threshold_noise,295,7300.13586284811,7349.52251095655,3.05636516330432,1,1,0,0,4.06341597908684,0.00257662137690623,0.563746396079603,0.0023990777781609,0.563746396079603,1,0.319982119150397
near_threshold_noise,296,7324.69668671206,7374.5662588287,3.06664922096925,1,1,0,0,4.60487189678799,0.00970901790561909,0.638866399498154,0.00904001236421656,0.638866399498154,1,0.34080037087783
near_threshold_noise,297,7350.38750023613,7399.39981050644,3.07740642558112,1,1,0,0,2.83163618811117,0.00165679584398978,0.392852886406918,0.0015426333600623,0.392852886406918,1,0.268016048289721
near_threshold_noise,298,7375.35511132462,7424.99770724803,3.08786081235625,1,1,0,0,2.17548870882621,0.468261964849228,0.301820912656907,0.435996101055645,0.435996101055645,1,0.281770206055335
near_threshold_noise,299,7400.30032493466,7449.36783620934,3.09830582090525,1,1,0,0,3.475885542049,0.340794355870098,0.482234149198695,0.317311722016487,0.482234149198695,1,0.296025203286983
near_threshold_noise,300,7425.83616279812,7475.15970626277,3.10899813442718,1,1,0,0,6.29571168430014,0.00108165606801682,0.873448544536672,0.00100712392579303,0.873448544536672,1,0.398749635386934
near_threshold_noise,301,7450.22267385376,7499.75739212158,3.11920920419145,1,1,0,0,5.33117499346068,0.00720486122323959,0.739631557512496,0.00670840605854226,0.739631557512496,1,0.366946067806341
near_threshold_noise,302,7476.02299235631,7525.04121049066,3.13001226050273,1,1,0,0,2.18172328170473,0.000945880946341217,0.302685878983133,0.000880704468064963,0.302685878983133,1,0.237792606375742
near_threshold_noise,303,7500.61001667253,7550.16230032632,3.14030728876716,1,1,0,0,2.34988910699201,0.548209576180403,0.326016711572603,0.510434875599991,0.510434875599991,1,0.304479765847661
near_threshold_noise,304,7525.89086067199,7574.73719513035,3.15089283178269,1,1,0,0,4.51855693616779,0.157030958144893,0.626891315424108,0.146210648388343,0.626891315424108,1,0.33755975585362
near_threshold_noise,305,7550.93549013348,7600.26092785264,3.16137946753259,1,1,0,0,8.5713926318251,2.6121526094029,1.18916983406178,2.43216071035941,2.43216071035941,1,0.606411494564049
near_threshold_noise,306,7575.55271245846,7624.54673960684,3.17168714024515,1,1,0,0,2.98845875336673,0.135902995989942,0.414609988422018,0.126538520788196,0.414609988422018,1,0.275007886524523
near_threshold_noise,307,7601.07862495212,7649.69268799278,3.18237529783664,1,1,0,0,2.42080135495754,1.03346895058843,0.335854868540587,0.962257169795338,0.962257169795338,1,0.418161214118734
near_threshold_noise,308,7625.37325938348,7674.37592435747,3.19254789720971,1,1,0,0,7.48035330107787,0.140468865657401,1.03780224239619,0.130789776543254,1.03780224239619,1,0.433685904654666
near_threshold_noise,309,7650.55466100671,7698.98407326589,3.20309180191794,1,1,0,0,1.87087711387193,1.24068238947482,0.259559994812575,1.15519244582163,1.15519244582163,1,0.456130372450746
near_threshold_noise,310,7675.17925055745,7724.21316972727,3.21340255942012,1,1,0,0,3.05842265992032,0.199988350384148,0.424316575288397,0.186208036461201,0.424316575288397,1,0.278090569187577
near_threshold_noise,311,7699.82844870923,7748.3248005965,3.22372362098514,1,1,0,0,1.72811528372235,0.40131571027653,0.239753637880681,0.373662817199517,0.373662817199517,1,0.261753739641641
near_threshold_noise,312,7725.03451636538,7773.65985106189,3.23427785380395,1,1,0,0,3.28652703449623,0.107131863322223,0.45596310612821,0.099749879797209,0.45596310612821,1,0.287986640850369
near_threshold_noise,313,7749.15040237146,7797.75502954791,3.24437560800394,1,1,0,0,3.67349713837821,0.011675558995039,0.509650201561408,0.0108710477929191,0.509650201561408,1,0.304246931497624
near_threshold_noise,314,7774.49829406376,7822.37192545423,3.25498922509154,1,1,0,0,27.2224445284723,0.0068509300597259,3.77676198410087,0.00637886272827467,3.77676198410087,1,0.665860447295986
near_threshold_noise,315,7798.54378486485,7847.14150773852,3.26505750355605,1,1,0,0,227.365408685028,1.7470295743475,31.544008882929,1.62664948260247,5,1,0.686359707403515
near_threshold_noise,316,7823.10244474594,7871.67338488007,3.27534065512253,1,1,0,0,379.700194531948,7.42662534402585,52.6784895663609,6.91488939324567,5,1,0.686359707403515
near_threshold_noise,317,7847.89260010925,7896.3010623389,3.2857207380013,1,1,0,0,252.203584232941,1.40767171831318,34.9899843927942,1.31067527756276,5,1,0.686359707403515
near_threshold_noise,318,7872.43546275369,7920.2416976515,3.29599727498133,1,1,0,0,56.4970054950724,1.25543541693007,7.83822857444544,1.16892890731563,5,1,0.686359707403515
near_threshold_noise,319,7897.11318597164,7945.09226294724,3.30633028050339,1,1,0,0,2.66368805086102,0.001447482556877,0.369552255216229,0.00134774292707636,0.369552255216229,1,0.260400576051978
near_threshold_noise,320,7921.02695863933,7969.32927428779,3.31634340622193,1,1,0,0,2.20744056686316,0.0935237208693562,0.306253819577853,0.0870794143367694,0.306253819577853,1,0.239027799370126
near_threshold_noise,321,7945.89725777618,7993.5881058985,3.32675704673677,1,1,0,0,2.4834827908208,0.166732931875555,0.344551106816677,0.155244101960586,0.344551106816677,1,0.252079942492748
near_threshold_noise,322,7970.10393161291,8018.4178158355,3.33689281543053,1,1,0,0,4.13538563879447,0.355524578002586,0.57373125524639,0.33102694960179,0.57373125524639,1,0.322817308803007
near_threshold_noise,323,7994.43221366686,8042.09373017197,3.34707950366694,1,1,0,0,0.272612419244283,0.00115744729146348,0.0378214462084297,0.00107769271078418,0.0378214462084297,1,0.136221175815229
near_threshold_noise,324,8019.22621363476,8067.10569477733,3.35746119635064,1,1,0,0,1.24865440904131,0.0223603318807516,0.173234644611536,0.0208195801712337,0.173234644611536,1,0.190666952390639
near_threshold_noise,325,8042.91558335233,8090.97741854933,3.36738036052734,1,1,0,0,0.22941545191354,0.00798632518914489,0.0318284258581609,0.00743602279410158,0.0318284258581609,1,0.133681418810529
near_threshold_noise,326,8067.92739391677,8115.50756391536,3.37785325441615,1,1,0,0,2.84587788303465,0.116281434952106,0.39482873732361,0.108268994857607,0.39482873732361,1,0.268655726122386
near_threshold_noise,327,8091.77089403104,8139.96981195647,3.38783695575562,1,1,0,0,1.65829978843819,0.773471168512637,0.230067641157843,0.720174686532666,0.720174686532666,1,0.362050292970552
near_threshold_noise,328,8116.34501784921,8163.86465708629,3.39812658235003,1,1,0,0,7.38999901590195,0.108402417804555,1.02526675429937,0.100932885981908,1.02526675429937,1,0.43117031500091
near_threshold_noise,329,8140.7423165026,8188.56658220304,3.40834216907505,1,1,0,0,0.933362410013628,0.129058332458531,0.129491958881257,0.120165492789448,0.129491958881257,1,0.173680136000134
near_threshold_noise,330,8164.70107931743,8212.27837781384,3.41837413297548,1,1,0,0,1.63412587592444,0.0154890904954627,0.226713823549971,0.0144218056811302,0.226713823549971,1,0.210691712370497
near_threshold_noise,331,8189.3833102337,8236.95162062333,3.42870902595171,1,1,0,0,1.57997207274354,0.0454297854910245,0.219200683981107,0.0422994196256331,0.219200683981107,1,0.207926748508847
near_threshold_noise,332,8213.05309893736,8260.93397376727,3.43861999120653,1,1,0,0,1.56548119225149,0.01709068002938,0.21719026179065,0.0159130367541137,0.21719026179065,1,0.207184232622522
near_threshold_noise,333,8237.79314952601,8284.79869853318,3.44897909431709,1,1,0,0,2.89528483018227,0.929749291514093,0.401683312030979,0.865684374322209,0.865684374322209,1,0.396990298605995
near_threshold_noise,334,8261.70276384638,8309.38668690138,3.45899047886099,1,1,0,0,1.06024627776272,0.564748241697144,0.147095453953467,0.525833934723412,0.525833934723412,1,0.309021468238208
near_threshold_noise,335,8285.63674655526,8332.68375850909,3.46901206688641,1,1,0,0,1.68207997544773,0.085473631517797,0.233366834445885,0.079584021087054,0.233366834445885,1,0.213127161193873
near_threshold_noise,336,8310.13520746542,8357.39337422003,3.47927001206356,1,1,0,0,5.58489538290886,0.696946913692831,0.774831979005022,0.648923380122659,0.774831979005022,1,0.375623746169304
near_threshold_noise,337,8333.49068077219,8380.77423389029,3.4890493678217,1,1,0,0,7.01207219515328,0.0210089062426932,0.97283429740216,0.0195612753049612,0.97283429740216,1,0.420388153060902
near_threshold_noise,338,8358.19382962179,8404.97344965574,3.49939301951197,1,1,0,0,3.24680887330931,0.261465541335852,0.450452725122851,0.243449105714875,0.450452725122851,1,0.286280354479809
near_threshold_noise,339,8381.53516618952,8429.04951434953,3.50916645596381,1,1,0,0,0.681379789817569,0.00533720061900894,0.0945326303898267,0.00496943769752668,0.0945326303898267,1,0.159697790223551
near_threshold_noise,340,8405.79542871563,8452.68417516446,3.51932466320339,1,1,0,0,1.28688543637729,0.181323669205838,0.178538705035082,0.168829456025333,0.178538705035082,1,0.192689077616267
near_threshold_noise,341,8429.83199854211,8477.11637286542,3.52938920629575,1,1,0,0,0.968314781620361,0.0355215526852394,0.134341148240442,0.0330739193801351,0.134341148240442,1,0.175590827917012
near_threshold_noise,342,8453.48957022415,8500.44596321148,3.53929505606439,1,1,0,0,1.76467953717084,0.200526560392683,0.244826454991459,0.186709160795196,0.244826454991459,1,0.217293763654109
near_threshold_noise,343,8477.90595396574,8524.57707877814,3.54951863405829,1,1,0,0,3.77960017006259,1.74012500475243,0.524370624484643,1.62022067640232,1.62022067640232,1,0.527936671803398
near_threshold_noise,344,8501.23321902706,8548.42807987308,3.5592861785179,1,1,0,0,7.76342953870373,1.84617685615083,1.07707540802793,1.71896496312721,1.71896496312721,1,0.540218959486697
near_threshold_noise,345,8525.38407410675,8572.16773448971,3.56939857489649,1,1,0,0,7.87719053523879,0.0633305457565628,1.09285827449819,0.0589667175647674,1.09285827449819,1,0.444458608707752
near_threshold_noise,346,8549.19888152809,8596.33900610774,3.57937026209057,1,1,0,0,6.05586559439142,0.107522174737716,0.840173002604533,0.100113296576975,0.840173002604533,1,0.391136833615227
near_threshold_noise,347,8573.00110134566,8619.65577277683,3.58933667862908,1,1,0,0,2.2894706585653,0.00787727588966919,0.317634433525615,0.00733448760020736,0.317634433525615,1,0.242945665181762
near_threshold_noise,348,8597.15028941659,8643.9508102176,3.59944837700119,1,1,0,0,1.33927992219914,0.00237144257595984,0.185807762081797,0.00220803694216068,0.185807762081797,1,0.195447306165757
near_threshold_noise,349,8620.47455860281,8667.32081661962,3.60921466703414,1,1,0,0,2.76660561768585,0.00251528453267003,0.383830736102603,0.00234196738495044,0.383830736102603,1,0.26508306820453
near_threshold_noise,350,8644.73932250649,8691.3556135976,3.61937475908128,1,1,0,0,2.19637190928441,0.00168158960379783,0.304718186541123,0.00156571869139025,0.304718186541123,1,0.238496580414604
near_threshold_noise,351,8668.05256565957,8715.18957202054,3.6291364323163,1,1,0,0,1.04213234500332,0.00811165993279861,0.144582380134666,0.00755272127414453,0.144582380134666,1,0.179603345223948
near_threshold_noise,352,8692.16270989357,8738.36353478652,3.63923178233329,1,1,0,0,4.16193120450983,0.216766332959873,0.577414109052387,0.201829922362079,0.577414109052387,1,0.323857702816769
near_threshold_noise,353,8715.97055410529,8762.54299532526,3.64920055390656,1,1,0,0,2.53699893638433,0.0148452238739893,0.351975779640917,0.0138223050647334,0.351975779640917,1,0.25456725566684
near_threshold_noise,354,8739.14576693158,8785.47412914613,3.65890443136698,1,1,0,0,5.02854883462065,0.0903674064401024,0.697646093242155,0.0841405875941288,0.697646093242155,1,0.356291630887981
near_threshold_noise,355,8763.35489047568,8809.40651576832,3.66904122579716,1,1,0,0,3.92351371200756,0.0773897826353928,0.544336766527713,0.0720571945266561,0.544336766527713,1,0.314409653024936
near_threshold_noise,356,8786.26229590982,8832.82621091128,3.67863296749702,1,1,0,0,2.04959311500097,0.0402131879687053,0.284354527805698,0.0374422747980791,0.284354527805698,1,0.231394057358703
near_threshold_noise,357,8810.23540525706,8856.36282513483,3.688670938548,1,1,0,0,2.87927765067035,0.017545196158409,0.399462522968847,0.0163362341841833,0.399462522968847,1,0.270152191931363
near_threshold_noise,358,8833.59364446282,8880.50605581492,3.69845145243768,1,1,0,0,1.6960821845171,0.0277682066517699,0.235309459798702,0.0258548221771061,0.235309459798702,1,0.213836003328165
near_threshold_noise,359,8857.16759701418,8903.52319291103,3.70832228937586,1,1,0,0,3.61891261191168,0.159812293709337,0.502077304709204,0.148800334403555,0.502077304709204,1,0.301992788284462
near_threshold_noise,360,8881.28516444677,8927.70050836823,3.71842074761931,1,1,0,0,2.50980407873858,0.0525243954349408,0.348202844979886,0.048905171333556,0.348202844979886,1,0.253305029167101
near_threshold_noise,361,8904.31262425912,8950.77956172444,3.72806275824155,1,1,0,0,2.31479766946831,0.000553311055505548,0.321148228616624,0.000515184834516887,0.321148228616624,1,0.244148575900912
near_threshold_noise,362,8928.50981775025,8974.53182598061,3.73819455734448,1,1,0,0,4.5861554415932,0.563776816195782,0.636269733486662,0.524929445862788,0.636269733486662,1,0.34010014815623
near_threshold_noise,363,8951.54542102514,8998.22039132586,3.74783997778061,1,1,0,0,2.67078003258019,0.500994185930154,0.370536175926248,0.466472889352491,0.466472889352491,1,0.29122150328059
near_threshold_noise,364,8975.35025908137,9021.55355170201,3.75780749062263,1,1,0,0,8.95639889697053,0.535417478933282,1.24258447227772,0.498524225274451,1.24258447227772,1,0.471601993569206
near_threshold_noise,365,8999.00909707037,9045.73568440933,3.76771387061672,1,1,0,0,2.34048811192917,0.184582688601507,0.324712445134337,0.171863910788777,0.324712445134337,1,0.245365513521855
near_threshold_noise,366,9022.3284216168,9068.72244209465,3.77747809024026,1,1,0,0,5.78053234271729,0.117183519353736,0.801974076097616,0.109108920607417,0.801974076097616,1,0.382160179591974
near_threshold_noise,367,9046.49871665661,9092.62009929712,3.78759862647897,1,1,0,0,4.66141223049797,0.29494373164326,0.646710639301853,0.274620461793579,0.646710639301853,1,0.34290740279779
near_threshold_noise,368,9069.51351778755,9116.04150944269,3.79723533668416,1,1,0,0,6.8035382729607,0.520170119209254,0.94390291363504,0.484327493764965,0.94390291363504,1,0.414254681792726
near_threshold_noise,369,9093.4248731782,9139.34513440388,3.80724745024542,1,1,0,0,7.58704206032436,0.0453301156693504,1.05260392744073,0.0422066176111521,1.05260392744073,1,0.436625978216242
near_threshold_noise,370,9116.81004483665,9163.34652757514,3.81703924123631,1,1,0,0,12.772014437115,0.364756913142364,1.77195176340729,0.339623125304163,1.77195176340729,1,0.546444159753163
near_threshold_noise,371,9140.17813098728,9186.20067658444,3.8268238782185,1,1,0,0,4.87780999717078,2.14139977499714,0.676733029751006,1.99384537456678,1.99384537456678,1,0.569985748338092
near_threshold_noise,372,9164.09600676996,9210.27545875679,3.83683872198491,1,1,0,0,3.20571929206412,0.978762289968648,0.444752077327347,0.911320103532273,0.911320103532273,1,0.407185873873412
near_threshold_noise,373,9186.97632684781,9234.27740562101,3.84641912256007,1,1,0,0,36.7664691103327,2.3879956918893,5.10087191766668,2.22344945598271,5,1,0.686359707403515
near_threshold_noise,374,9211.07470182872,9258.84886996995,3.85650954457961,1,1,0,0,222.046692494292,0.320347567234365,30.806105823107,0.298273831276934,5,1,0.686359707403515
near_threshold_noise,375,9234.98584368004,9283.31679597173,3.86652156872812,1,1,0,0,323.313605233063,7.59559451157779,44.8555798106113,7.07221564175912,5,1,0.686359707403515
near_threshold_noise,376,9259.57369803405,9307.34339668438,3.87681694454427,1,1,0,0,234.538856100061,6.33449723699513,32.5392319042747,5.89801501039463,5,1,0.686359707403515
near_threshold_noise,377,9284.1187287155,9331.46674974015,3.8870943893203,1,1,0,0,50.7115920561753,0.0311950737454715,7.03557730940274,0.0290455589950555,5,1,0.686359707403515
near_threshold_noise,378,9308.15863461233,9354.66603373596,3.89716032928518,1,1,0,0,1.89993037322617,0.00110019009191073,0.263590758667324,0.00102438085196088,0.263590758667324,1,0.224039420540708
near_threshold_noise,379,9332.23588926717,9378.52705316274,3.90724190784521,1,1,0,0,4.25001149662228,0.0233251495226546,0.589634110031758,0.0217179164908082,0.589634110031758,1,0.327289297940483
near_threshold_noise,380,9355.42657028875,9402.08488775786,3.91695226211655,1,1,0,0,4.53705401120168,0.00322726670959366,0.629457545276537,0.00300489001472192,0.629457545276537,1,0.33825666370952
near_threshold_noise,381,9379.34261732901,9425.48216930151,3.92696634015569,1,1,0,0,8.46304999064282,0.206772744415068,1.17413869429597,0.192524947864541,1.17413869429597,1,0.459571179082659
near_threshold_noise,382,9402.84645506415,9449.46177014674,3.9368078187622,1,1,0,0,2.83672074058312,0.0506138782740328,0.393558302280285,0.0471262994718963,0.393558302280285,1,0.268244534095256
near_threshold_noise,383,9426.28590749196,9472.6314102305,3.94662233808522,1,1,0,0,2.4717179423939,0.10830150119115,0.342918886306834,0.100838923086606,0.342918886306834,1,0.251531278505061
near_threshold_noise,384,9450.25889265161,9496.92325024053,3.95666025713664,1,1,0,0,2.45760176175957,0.117979225573429,0.340960448873903,0.109849798225961,0.340960448873903,1,0.25087207104361
near_threshold_noise,385,9473.4371413804,9520.09375127322,3.9663654057839,1,1,0,0,2.59922158305429,0.0804632579083279,0.360608366852087,0.0749188901933587,0.360608366852087,1,0.257441867632448
near_threshold_noise,386,9497.71721527279,9543.86186356396,3.97653190839804,1,1,0,0,3.50952753661756,0.0235467554258859,0.486901540697021,0.0219242525100296,0.486901540697021,1,0.297436862457001
near_threshold_noise,387,9520.86871988236,9567.75990349735,3.9862258588027,1,1,0,0,3.38655920540893,0.0206887098174738,0.469841275661994,0.0192631422011705,0.469841275661994,1,0.29225289285658
near_threshold_noise,388,9544.72279730298,9591.2857262218,3.99621398905013,1,1,0,0,2.9282222985175,0.500030627746091,0.406252959629339,0.465575725707079,0.465575725707079,1,0.29094635481631
near_threshold_noise,389,9568.52183455642,9615.58632981592,4.00617907299194,1,1,0,0,3.38165796176556,0.356491717853759,0.469161291517008,0.331927448117451,0.469161291517008,1,0.29204489364651
near_threshold_noise,390,9592.09384663023,9638.68202115137,4.01604909741735,1,1,0,0,2.08883547260044,0.0265991251372523,0.289798897219074,0.0247662969061928,0.289798897219074,1,0.233303603997314
near_threshold_noise,391,9616.36227858741,9662.9949632312,4.02621072534431,1,1,0,0,2.11472233662049,0.00241688025819324,0.293390364686894,0.00225034371439906,0.293390364686894,1,0.234559006154959
near_threshold_noise,392,9639.4728054595,9686.58689150883,4.03588751763499,1,1,0,0,7.18744985574391,0.361809077883634,0.997165678835832,0.33687841235321,0.997165678835832,1,0.425444385206002
near_threshold_noise,393,9663.81746689658,9710.27060912288,4.04608106421303,1,1,0,0,5.81059947068087,0.654192586108207,0.806145501104845,0.609115064415972,0.806145501104845,1,0.383153009445289
near_threshold_noise,394,9687.37092966254,9734.51436166281,4.05594332171041,1,1,0,0,3.97858498816574,0.315240311652977,0.551977193602239,0.293518494120099,0.551977193602239,1,0.316612890562669
near_threshold_noise,395,9711.06262092219,9757.65465406063,4.06586345795842,1,1,0,0,2.76495483861973,0.229041711084684,0.383601711864367,0.213259458397799,0.383601711864367,1,0.265008356898951
near_threshold_noise,396,9735.28820675208,9782.11781364469,4.07600714544307,1,1,0,0,3.73413135494398,0.052161550363547,0.51806241464616,0.0485673283134297,0.51806241464616,1,0.306735940818374
near_threshold_noise,397,9758.44669114167,9805.63854807195,4.08570401840687,1,1,0,0,1.34817536257123,0.0333862187471495,0.187041889347407,0.0310857218724457,0.187041889347407,1,0.195914101777782
near_threshold_noise,398,9782.93934920232,9829.92568102828,4.09595953382681,1,1,0,0,4.46064748436335,0.45764400119604,0.618857128197962,0.426109774380722,0.618857128197962,1,0.335369228230771
near_threshold_noise,399,9806.42644136009,9854.01876627034,4.10579400075959,1,1,0,0,8.27562758959465,0.133161626892246,1.14813626095435,0.123986047327033,1.14813626095435,1,0.454836359541341
near_threshold_noise,400,9830.74516856526,9877.52606308522,4.11597668820937,1,1,0,0,2.27402808149852,0.160201162153082,0.315491975748124,0.149162407640382,0.315491975748124,1,0.242210660110132
near_threshold_noise,401,9854.79349868495,9902.13486469069,4.12604615554752,1,1,0,0,3.00738786152368,0.0358973379992525,0.417236157280782,0.0334238109879159,0.417236157280782,1,0.275844138492319
near_threshold_noise,402,9878.35972655555,9925.64570282059,4.13591375802326,1,1,0,0,1.27581620383418,0.00607822539103165,0.177002992229487,0.00565940172544335,0.177002992229487,1,0.192104428075789
near_threshold_noise,403,9902.94251074371,9950.15193819957,4.14620701086999,1,1,0,0,0.808052134720732,0.0514154817906528,0.11210677940377,0.0478726680306823,0.11210677940377,1,0.16677257645458
near_threshold_noise,404,9926.43310230337,9974.14758963648,4.15604294306514,1,1,0,0,0.508399354198735,0.0308154154454124,0.0705338329065545,0.0286920612715911,0.0705338329065545,1,0.149884790086309
near_threshold_noise,405,9950.9957764865,9998.09823870471,4.16632777549192,1,1,0,0,3.80519781432967,2.17234947776127,0.527921966453558,2.02266247001107,2.02266247001107,1,0.572765575006462
near_threshold_noise,406,9974.91811254652,10022.5936963849,4.17634448685648,1,1,0,0,3.74606523741943,1.69559765681363,0.519718086443336,1.57876151134304,1.57876151134304,1,0.522502420885097
near_threshold_noise,407,9998.93785000741,10045.9600299011,4.18640198193533,1,1,0,0,0.911514412926245,0.0137250770741559,0.126460831946934,0.0127793426334487,0.126460831946934,1,0.172482268195633
near_threshold_noise,408,10023.3668895816,10070.7460367893,4.19663085915344,1,1,0,0,3.4685868586582,0.158298071666923,0.48122155130597,0.147390450714117,0.48122155130597,1,0.29571828873795
near_threshold_noise,409,10046.7534990045,10094.5492538008,4.20642325216212,1,1,0,0,1.62222713862141,0.0549372769660445,0.225063027690772,0.0511517918554878,0.225063027690772,1,0.210085526117955
near_threshold_noise,410,10071.5513156242,10118.8896439715,4.21680654294642,1,1,0,0,1.4913742057354,0.0976727991880683,0.206908876181156,0.0909425979940529,0.206908876181156,1,0.203369421742665
near_threshold_noise,411,10095.3337995069,10143.0494466955,4.22676469569483,1,1,0,0,0.413052412554507,0.937378237987545,0.0573056783179551,0.872787643789457,0.872787643789457,1,0.398600275929772
near_threshold_noise,412,10119.6975963719,10167.0308747599,4.23696625461992,1,1,0,0,2.33871379242808,1.59311830626469,0.32446628125907,1.48334356021298,1.48334356021298,1,0.509334528682022
near_threshold_noise,413,10143.8373632996,10192.0507552708,4.2470740081903,1,1,0,0,2.40979292379023,1.40719912597448,0.334327591139258,1.31023524947479,1.31023524947479,1,0.482901391704207
near_threshold_noise,414,10167.8590171938,10215.816436407,4.25713230571417,1,1,0,0,0.654558606305297,0.615876844332543,0.0908115381803525,0.57343949117435,0.57343949117435,1,0.322734763503515
near_threshold_noise,415,10192.865437873,10240.7315357002,4.26760294276132,1,1,0,0,1.77364118386256,0.655605215177248,0.246069767527365,0.610430355455119,0.610430355455119,1,0.333057435080967
near_threshold_noise,416,10216.631032384,10264.8500866804,4.27755402362678,1,1,0,0,0.28437903404848,1.24338703102767,0.0394539117802695,1.15771072247084,1.15771072247084,1,0.456590536148025
near_threshold_noise,417,10241.5570288074,10289.3721517736,4.28799098559492,1,1,0,0,3.27865556265768,0.273602730125929,0.454871041248891,0.254749974432567,0.454871041248891,1,0.287649043625461
near_threshold_noise,418,10265.6265178659,10314.2291418642,4.29806931256041,1,1,0,0,1.52609514409165,0.0934487819857354,0.211725957171038,0.0870096391606314,0.211725957171038,1,0.205160416819611
near_threshold_noise,419,10290.1816898208,10338.1125881437,4.30835100366959,1,1,0,0,0.345018308021432,0.159588529620709,0.0478668265148366,0.14859198890996,0.14859198890996,1,0.181165934776792
near_threshold_noise,420,10315.0241260863,10363.1571741832,4.31875297750025,1,1,0,0,0.559714053124227,0.251763077824293,0.0776530834912945,0.234415196110373,0.234415196110373,1,0.213509824850207
near_threshold_noise,421,10338.9074074598,10387.2395840966,4.32875333596678,1,1,0,0,0.365214380324842,0.000363839216557766,0.0506687702573942,0.000338768663137958,0.0506687702573942,1,0.141627375224406
near_threshold_noise,422,10363.9586611083,10411.9667447752,4.33924274538265,1,1,0,0,0.644338585140088,0.0233081291057971,0.0893936424666486,0.0217020688757012,0.0893936424666486,1,0.157611317023063
near_threshold_noise,423,10388.0459688538,10436.7858453457,4.34932853335212,1,1,0,0,3.33243942081761,0.00429545832867592,0.462332855732313,0.00399947726728713,0.462332855732313,1,0.28995026314589
near_threshold_noise,424,10412.8129535663,10461.0338539717,4.35969891426364,1,1,0,0,0.5892776021493,0.312599811714455,0.0817546434359283,0.291059939369866,0.291059939369866,1,0.233744788202709
near_threshold_noise,425,10437.5619779328,10486.3994425218,4.370061774856,1,1,0,0,2.58307220972793,0.762441256036993,0.358367850237855,0.70990479660916,0.70990479660916,1,0.35943721265358
near_threshold_noise,426,10461.8543259826,10510.5093897489,4.38023341688012,1,1,0,0,0.366091054753305,0.00259747589481445,0.050790397492244,0.00241849530334962,0.050790397492244,1,0.141678307890097
near_threshold_noise,427,10487.2531022661,10535.6956360598,4.39086834025909,1,1,0,0,2.02645658968694,0.00796325436137706,0.281144634250443,0.00741454167517676,0.281144634250443,1,0.230264566928768
near_threshold_noise,428,10511.309512782,10560.2267258466,4.40094119100416,1,1,0,0,0.190848684206096,0.00657640466759437,0.0264777858017626,0.00612325366840013,0.0264777858017626,1,0.131404227541066
near_threshold_noise,429,10536.5333730661,10585.0883005499,4.41150287391555,1,1,0,0,0.480368083031841,0.238207117982735,0.0666448566906816,0.221793317587976,0.221793317587976,1,0.208882643087651
near_threshold_noise,430,10561.0292066239,10610.288998834,4.42175971897314,1,1,0,0,1.35398488995822,0.0654225785759145,0.18784788611077,0.0609145976425599,0.18784788611077,1,0.196218728397297
near_threshold_noise,431,10585.9223157818,10634.4306097424,4.43218291045306,1,1,0,0,0.697832775428928,0.199157076628636,0.0968152692805755,0.185434042108638,0.185434042108638,1,0.195305865280054
near_threshold_noise,432,10611.076246712,10659.8332700649,4.44271531268919,1,1,0,0,47.3945308416425,0.502369594222526,6.57537798083472,0.467753524334293,5,1,0.686359707403515
near_threshold_noise,433,10635.2787566148,10684.6076095693,4.45284933786908,1,1,0,0,189.482857572234,2.55713377592276,26.2882950268894,2.380932981689,5,1,0.686359707403515
near_threshold_noise,434,10660.550380129,10708.8393840941,4.46343102010201,1,1,0,0,357.200381866821,8.94987872189572,49.5569316535817,8.33318210870238,5,1,0.686359707403515
near_threshold_noise,435,10685.3578397937,10733.4526864727,4.47381834860228,1,1,0,0,308.873177241831,3.22850912525625,42.8521572519064,3.00604682100867,5,1,0.686359707403515
near_threshold_noise,436,10709.6199176227,10758.0837931156,4.48397731594174,1,1,0,0,74.3420008902504,0.93193222579677,10.3139908133756,0.867716892244979,5,1,0.686359707403515
near_threshold_noise,437,10734.2671514436,10783.7207029121,4.49429755500616,1,1,0,0,7.58824776310819,0.0413847233577561,1.05277120310304,0.0385330848578697,1.05277120310304,1,0.436659018191601
near_threshold_noise,438,10758.9759586456,10808.2201799329,4.50464357595011,1,1,0,0,3.94889640367442,0.251065256448117,0.547858286604328,0.233765458523115,0.547858286604328,1,0.315426707453291
near_threshold_noise,439,10784.5739818118,10833.8439864742,4.51536192757411,1,1,0,0,1.2563479335171,0.0111769070616192,0.174302021596492,0.0104067557618016,0.174302021596492,1,0.191074527009981
near_threshold_noise,440,10809.0388884655,10858.6993204359,4.52560582298202,1,1,0,0,1.14853295402213,0.0450022261653698,0.159344088063104,0.0419013215246792,0.159344088063104,1,0.185333026809857
near_threshold_noise,441,10834.6762562506,10883.7287182194,4.53634064890398,1,1,0,0,0.63431285032665,0.0735583925603684,0.0880027014706455,0.068489808619343,0.0880027014706455,1,0.157045198794318
near_threshold_noise,442,10859.4840494006,10909.5848221572,4.5467281170405,1,1,0,0,4.69762079845211,0.0055079421225218,0.651734109652024,0.00512841415815798,0.651734109652024,1,0.344250254598983
near_threshold_noise,443,10884.5639216031,10934.28449916,4.55722950955848,1,1,0,0,4.46711403926206,0.0248970118027332,0.619754279028188,0.0231814686837167,0.619754279028188,1,0.335614492306656
near_threshold_noise,444,10910.3863330711,10960.1146692367,4.56804181659082,1,1,0,0,0.959928372327465,0.00578806866620615,0.133177642451409,0.00538923841897083,0.133177642451409,1,0.175133013364202
near_threshold_noise,445,10935.1185446985,10984.9722149227,4.57839763738763,1,1,0,0,1.58193022819223,0.020414073413542,0.219472352715699,0.0190074297788286,0.219472352715699,1,0.208026998983575
near_threshold_noise,446,10960.952569673,11010.4880584953,4.58921480720353,1,1,0,0,1.69916802720798,0.103630898466499,0.235737580548535,0.0964901509667457,0.235737580548535,1,0.213992080940398
near_threshold_noise,447,10985.7907835693,11035.8840892031,4.59961501305245,1,1,0,0,1.46962479892667,0.06365896097762,0.203891427372472,0.0592725031434752,0.203891427372472,1,0.202244231010816
near_threshold_noise,448,11011.3681306857,11060.9675809994,4.61032470724342,1,1,0,0,4.00615237801239,0.215844289816931,0.555801812286458,0.200971413139667,0.555801812286458,1,0.317711046925221
near_threshold_noise,449,11036.7362055216,11086.9135320966,4.62094677537539,1,1,0,0,6.15085880291043,0.03908181778293,0.853352081298481,0.0363888623348067,0.853352081298481,1,0.394174694286894
near_threshold_noise,450,11061.8153191218,11111.6999671006,4.63144785025293,1,1,0,0,7.12808112619072,0.299020717008032,0.988929035701658,0.27841652010396,0.988929035701658,1,0.423743073239373
near_threshold_noise,451,11087.7802005006,11137.5095159948,4.64231981199337,1,1,0,0,3.69188621836361,0.0861930916460367,0.51220144849806,0.0802539063955448,0.51220144849806,1,0.305003455339897
near_threshold_noise,452,11112.5280572725,11162.7049235055,4.65268218369296,1,1,0,0,1.89635400738053,0.0356725242140708,0.263094584175981,0.0332144881277209,0.263094584175981,1,0.223862267956971
near_threshold_noise,453,11138.3568521271,11188.0388638045,4.6634971635638,1,1,0,0,2.78426912574119,0.649602203810008,0.38628131932115,0.604840985087291,0.604840985087291,1,0.331515972988077
near_threshold_noise,454,11163.5032250849,11214.0930490076,4.67402640114127,1,1,0,0,3.72576030768991,0.502886390559536,0.516901040141264,0.468234710518289,0.516901040141264,1,0.306393246452334
near_threshold_noise,455,11188.91305986,11239.0746432355,4.68466595490912,1,1,0,0,4.04494584499307,0.183330865188289,0.561183903934065,0.170698344997951,0.561183903934065,1,0.319251072261064
near_threshold_noise,456,11214.9391177894,11265.2165601612,4.69556353236907,1,1,0,0,2.19894086713793,0.166521037952767,0.305074596207044,0.155046808712132,0.305074596207044,1,0.23861992713783
near_threshold_noise,457,11239.9364457702,11290.4141180493,4.70603036214021,1,1,0,0,4.29861928233506,0.457668106897164,0.596377811429306,0.42613221906445,0.596377811429306,1,0.329169626054601
near_threshold_noise,458,11266.0399353408,11316.2289729438,4.71696036161772,1,1,0,0,3.33359200560733,0.200603677577128,0.462492761960158,0.18678096417507,0.462492761960158,1,0.289999437327097
near_threshold_noise,459,11291.2602094525,11342.0924361169,4.72752054293438,1,1,0,0,4.68216215687914,0.0146385472803938,0.649589423132135,0.0136298696423601,0.649589423132135,1,0.343677565370323
near_threshold_noise,460,11317.1264713405,11367.1648987243,4.73835121092445,1,1,0,0,2.0594053094484,0.0496646884685577,0.285715842838626,0.0462425141435658,0.285715842838626,1,0.231872253437025
near_threshold_noise,461,11342.908873009,11393.1819811526,4.74914676513582,1,1,0,0,4.0930582489521,0.247789959182379,0.567858877522351,0.230715847525733,0.567858877522351,1,0.321152425760707
near_threshold_noise,462,11368.0183373862,11418.1458389002,4.75966054842832,1,1,0,0,5.88613236909512,0.160291478364868,0.81662471354227,0.14924650056092,0.81662471354227,1,0.385633479355977
near_threshold_noise,463,11394.0454767298,11444.0117735652,4.77055857869577,1,1,0,0,6.32196659224148,0.286710825322433,0.877091073336949,0.266954848684488,0.877091073336949,1,0.399571497102072
near_threshold_noise,464,11418.9713805921,11469.4604160722,4.78099550190691,1,1,0,0,3.53676606013574,0.0720496191246167,0.490680533432921,0.0670849980971476,0.490680533432921,1,0.29857620947965
near_threshold_noise,465,11444.9018550711,11494.9228076978,4.79185305686099,1,1,0,0,6.72930300380692,0.253563717943378,0.933603730469243,0.23609176207186,0.933603730469243,1,0.412038927609787
near_threshold_noise,466,11470.3204358683,11520.8826034863,4.80249627274527,1,1,0,0,13.6166906203554,0.131444330379659,1.88913965571435,0.122387082132229,1.88913965571435,1,0.559364229288107
near_threshold_noise,467,11495.7808936432,11545.9289756764,4.81315702327149,1,1,0,0,2.73992671484426,0.328706655631018,0.38012938349541,0.306056931812323,0.38012938349541,1,0.263874055172557
near_threshold_noise,468,11521.7082234026,11572.1567430887,4.8240132614751,1,1,0,0,1.98169765118507,0.964937761128728,0.274934910608403,0.898448161914985,0.898448161914985,1,0.404345370132825
near_threshold_noise,469,11546.7698705591,11597.3833016381,4.83450702283923,1,1,0,0,3.14406797689514,0.269413620634167,0.436198754970257,0.250849517973561,0.436198754970257,1,0.28183376815351
near_threshold_noise,470,11573.0178229094,11623.2371318532,4.84549751147482,1,1,0,0,2.44190562343295,0.143046326618895,0.338782812752093,0.133189636053938,0.338782812752093,1,0.250137943807494
near_threshold_noise,471,11598.2332954067,11649.2389745078,4.85605568226936,1,1,0,0,3.43608008013964,1.04989161138784,0.476711656347563,0.977548217574137,0.977548217574137,1,0.421374958581324
near_threshold_noise,472,11624.1272099635,11674.4791348725,4.86689792892802,1,1,0,0,2.36876478859876,0.25379605419159,0.328635468188742,0.236308089055383,0.328635468188742,1,0.246701203758262
near_threshold_noise,473,11650.0820007094,11700.7914853744,4.87776566553943,1,1,0,0,5.3261901531797,0.0114972691092047,0.738939975415586,0.0107050430756526,0.738939975415586,1,0.366773272394277
near_threshold_noise,474,11675.3339643377,11725.8484362443,4.88833911582532,1,1,0,0,6.30564354866348,0.305159025321553,0.874826462222186,0.284131864703077,0.874826462222186,1,0.399060798229323
near_threshold_noise,475,11701.6434849855,11751.9641776251,4.89935538421181,1,1,0,0,6.14594629151499,0.148800045015858,0.852670533898675,0.138546891129002,0.852670533898675,1,0.394018328494859
near_threshold_noise,476,11726.6608489143,11777.5685504267,4.90983060339393,1,1,0,0,2.54567958997467,0.624007841622944,0.353180108019394,0.581010217354194,0.581010217354194,1,0.324870822298033
near_threshold_noise,477,11752.8769495558,11803.021148721,4.92080775514747,1,1,0,0,4.56828787292838,0.21218933994527,0.633790839498615,0.197568309720599,0.633790839498615,1,0.339430410586704
near_threshold_noise,478,11778.407591603,11829.081983944,4.93149789308792,1,1,0,0,4.92985157395518,0.249654648511382,0.683953125234585,0.232452049348974,0.683953125234585,1,0.352743652913414
near_threshold_noise,479,11803.9061996294,11854.1654811797,4.94217461780902,1,1,0,0,3.54092933546907,0.0221735902739334,0.491258134022457,0.0206457061037471,0.491258134022457,1,0.298750068782511
near_threshold_noise,480,11829.9166627324,11880.4908552733,4.95306566543527,1,1,0,0,2.37587135392581,0.00376600912751874,0.329621412185675,0.00350651007212773,0.329621412185675,1,0.247036275277566
near_threshold_noise,481,11855.0297370569,11905.659669377,4.9635809602775,1,1,0,0,2.53859280936594,0.0822216805571135,0.352196908896158,0.0765561477039603,0.352196908896158,1,0.254641123199579
near_threshold_noise,482,11881.3428472548,11931.5075674921,4.97459873167304,1,1,0,0,1.46289392758781,0.583908512204821,0.202957606055804,0.543673955616863,0.543673955616863,1,0.314217925257343
near_threshold_noise,483,11906.4822453556,11957.2881840417,4.9851250487527,1,1,0,0,2.8798643639393,0.00409147438294127,0.399543921844229,0.00380954895430342,0.399543921844229,1,0.27017843297648
near_threshold_noise,484,11932.4254298677,11982.4175361793,4.99598792562575,1,1,0,0,1.66449186024087,0.452061406310071,0.230926711009661,0.420911851451322,0.420911851451322,1,0.277011828646501
near_threshold_noise,485,11958.1278459842,12008.6668938691,5.00674998845125,1,1,0,0,3.21137316647657,0.180784099816243,0.445536479254274,0.168327065979222,0.445536479254274,1,0.284752078069261
near_threshold_noise,486,11983.3256056156,12033.6850273307,5.01730074255104,1,1,0,0,5.3913974749916,0.0452824479595658,0.747986647688043,0.0421622344727117,0.747986647688043,1,0.369026564200467
near_threshold_noise,487,12009.5118359358,12059.6591295862,5.02826538706507,1,1,0,0,8.28411232536029,0.498292770391224,1.14931340826936,0.463957616426824,1.14931340826936,1,0.455052709314784
near_threshold_noise,488,12034.5256302215,12085.0807663727,5.03873911157354,1,1,0,0,3.99047884589844,0.707210117639749,0.553627312484186,0.658479392015779,0.658479392015779,1,0.346045434260333
near_threshold_noise,489,12060.5309032407,12110.5481195697,5.0496279860186,1,1,0,0,4.67385302799639,1.63953276838593,0.648436639000183,1.52655980675132,1.52655980675132,1,0.515415334748077
near_threshold_noise,490,12085.9027552377,12136.6478424769,5.06025163571573,1,1,0,0,3.10308783905226,0.834810848814654,0.430513291030883,0.77728772038817,0.77728772038817,1,0.376220634467018
near_threshold_noise,491,12111.4480180646,12161.3444951426,5.07094789563896,1,1,0,0,47.3001158680539,0.101461392949227,6.56227912475637,0.0944701364924675,5,1,0.686359707403515
near_threshold_noise,492,12137.458469665,12186.2765457758,5.0818389384489,1,1,0,0,213.122360493844,0.409683929954235,29.5679702178517,0.381454419819711,5,1,0.686359707403515
near_threshold_noise,493,12162.0809275482,12210.9580218417,5.09214880338361,1,1,0,0,382.392540897458,1.40723237348881,53.0520177919637,1.31026620604976,5,1,0.686359707403515
near_threshold_noise,494,12187.0075173771,12236.0211595169,5.10258601382131,1,1,0,0,321.342967958512,2.8381137723569,44.5821793841656,2.64255188759214,5,1,0.686359707403515
near_threshold_noise,495,12211.7605865529,12261.6702369516,5.1129505680479,1,1,0,0,95.0183160345504,13.7341693477009,13.1825620368969,12.7878083985821,5,1,0.686359707403515
near_threshold_noise,496,12236.874353986,12286.6126126519,5.12346615310711,1,1,0,0,1.62513854163425,0.0750589874204372,0.225466947192116,0.0698870041153829,0.225466947192116,1,0.210233918147401
near_threshold_noise,497,12262.4950310277,12312.5519702419,5.1341939903153,1,1,0,0,1.97930880661653,0.0503160181964317,0.274603489330533,0.046848963616664,0.274603489330533,1,0.227954449350486
near_threshold_noise,498,12287.4922255698,12337.4376260337,5.14466076421328,1,1,0,0,1.36942355151302,0.277515697335396,0.189989800661632,0.258393316354297,0.258393316354297,1,0.222180466475911
near_threshold_noise,499,12313.4191943362,12363.2533007243,5.15551685126263,1,1,0,0,1.5235860401788,0.00396460783732677,0.211377851465017,0.00369142422200719,0.211377851465017,1,0.205031207591566
near_threshold_noise,500,12338.2452063913,12388.3789882666,5.16591194798168,1,1,0,0,2.63688263683113,0.53399281615609,0.365833350818416,0.497197729716831,0.497197729716831,1,0.300533540193899
near_threshold_noise,501,12364.1218726776,12413.6143717381,5.17674697247997,1,1,0,0,0.637081426101548,0.0485145971512863,0.0883868055405722,0.0451716705392819,0.0883868055405722,1,0.15720158962855
near_threshold_noise,502,12389.1751833808,12439.3387649619,5.18723724322156,1,1,0,0,2.80043254382058,0.143516481376426,0.388523784463158,0.133627394523691,0.388523784463158,1,0.26661119193772
near_threshold_noise,503,12414.494072151,12463.883888339,5.19783871626526,1,1,0,0,2.97466869283682,0.199097633782311,0.412696795934352,0.185378695206309,0.412696795934352,1,0.274397630013301
near_threshold_noise,504,12440.1711240509,12489.7380554555,5.20859015863813,1,1,0,0,7.34693094217364,0.222501873419438,1.01929161626885,0.207170252061123,1.01929161626885,1,0.429962890718129
near_threshold_noise,505,12464.7624110033,12514.3702465624,5.21888697174483,1,1,0,0,3.05841288541376,0.239747079253412,0.424315219202071,0.223227166929141,0.424315219202071,1,0.278090140078151
near_threshold_noise,506,12490.594436068,12539.798232226,5.22970330416263,1,1,0,0,0.370665867866736,0.285486852401556,0.0514250936244412,0.265815214331585,0.265815214331585,1,0.224832823428308
near_threshold_noise,507,12515.1851013381,12565.1066056105,5.23999985695976,1,1,0,0,1.74472695898023,0.0674051806636946,0.242058292906814,0.0627605873771633,0.242058292906814,1,0.216290565808001
near_threshold_noise,508,12540.6679656787,12590.0703806374,5.25066998951712,1,1,0,0,1.72631770983129,0.00174476610071988,0.239504247759662,0.00162454197494529,0.239504247759662,1,0.215363116011073
near_threshold_noise,509,12565.9363039207,12615.8582505762,5.2612502961476,1,1,0,0,1.08864197428305,0.135930335471547,0.151034989472324,0.126563976426876,0.151034989472324,1,0.182115698343573
near_threshold_noise,510,12590.9258323472,12640.1847041875,5.27171386010544,1,1,0,0,9.93915146137873,0.265026144737763,1.37892867608912,0.246764363662717,1.37892867608912,1,0.493803087844403
near_threshold_noise,511,12616.6588096523,12665.6355773059,5.28248871944898,1,1,0,0,3.6401874325929,0.1588203479139,0.505028910832724,0.147876739211687,0.505028910832724,1,0.302872884181367
near_threshold_noise,512,12641.0011086888,12690.445000128,5.29268127684754,1,1,0,0,0.423192120636544,0.682027010415564,0.0587124316304309,0.635031541482487,0.635031541482487,1,0.339765774083878
near_threshold_noise,513,12666.4621476728,12715.3523826253,5.30334227073647,1,1,0,0,1.84654599247636,0.542592761135176,0.256184366506262,0.505205090471365,0.505205090471365,1,0.302925354998502
near_threshold_noise,514,12691.276434538,12740.6028338728,5.31373245790808,1,1,0,0,4.61554477044935,1.13731640977354,0.640347122636857,1.05894895923808,1.05894895923808,1,0.43787633817359
near_threshold_noise,515,12716.1878094841,12765.0565630518,5.32416329760129,1,1,0,0,1.62077295571567,1.75468877360527,0.224861278626298,1.63378092026829,1.63378092026829,1,0.529677718930859
near_threshold_noise,516,12741.3879157233,12790.7424811406,5.33471503426785,1,1,0,0,2.25775211022181,0.803857603641725,0.31323389530616,0.748467326626824,0.748467326626824,1,0.369145861665171
near_threshold_noise,517,12765.9062644868,12815.1078143972,5.34498130684608,1,1,0,0,4.17181727403503,0.127373315900892,0.578785673296586,0.118596583280469,0.578785673296586,1,0.324244431368182
near_threshold_noise,518,12791.5896355855,12840.1806055716,5.35573539518089,1,1,0,0,1.2564330734515,0.815054540216761,0.174313833660879,0.758892731756739,0.758892731756739,1,0.371722740482673
near_threshold_noise,519,12815.9496175993,12865.2179104187,5.3659353567593,1,1,0,0,8.20230718512734,2.00597814489464,1.13796400342761,1.86775505086881,1.86775505086881,1,0.55709046390009
near_threshold_noise,520,12840.9971697453,12889.5310154558,5.37642321628965,1,1,0,0,3.31099932653109,3.52050419271606,0.459358320034309,3.27792179804412,3.27792179804412,1,0.650370433495906
near_threshold_noise,521,12866.020666092,12914.9609358664,5.38690100322519,1,1,0,0,0.940976174663889,1.09735797329607,0.130548270222324,1.02174388213115,1.02174388213115,1,0.430459086365374
near_threshold_noise,522,12890.3734037757,12939.0721082602,5.39709793147262,1,1,0,0,5.87874264633474,0.891862774301312,0.815599485114851,0.830408449674627,0.830408449674627,1,0.388866597770262
near_threshold_noise,523,12915.7908097285,12964.1588527642,5.40774065542842,1,1,0,0,4.84728990709142,0.996695631025737,0.672498762110475,0.928017737264515,0.928017737264515,1,0.410829985504459
near_threshold_noise,524,12939.8928362919,12988.6814313075,5.41783260643107,1,1,0,0,0.880990049269467,0.147256413200838,0.122225971402826,0.137109624164492,0.137109624164492,1,0.176678558892786
near_threshold_noise,525,12965.0427295805,13013.2263810031,5.42836331803422,1,1,0,0,0.811943415808274,0.158407310677153,0.112646644310667,0.147492162546634,0.147492162546634,1,0.180737787680927
near_threshold_noise,526,12989.4927986117,13038.1888694415,5.43860100066331,1,1,0,0,0.350584623555919,0.418743575470215,0.0486390807802525,0.389889805177532,0.389889805177532,1,0.26705497813287
near_threshold_noise,527,13014.09916632,13062.1898374751,5.44890412835309,1,1,0,0,1.24776983939625,0.160420278459936,0.173111922017529,0.149366425610317,0.173111922017529,1,0.190620070228497
near_threshold_noise,528,13038.9704495262,13087.3496457301,5.45931818091546,1,1,0,0,0.349739682507505,0.63587868984826,0.0485218561413293,0.592063097859078,0.592063097859078,1,0.327967662169764
near_threshold_noise,529,13063.0166407082,13111.5105746806,5.46938675264201,1,1,0,0,0.611063578609721,0.00308545360391103,0.0847771658106613,0.00287284862379639,0.0847771658106613,1,0.155730118691723
near_threshold_noise,530,13088.1553273087,13136.2748182335,5.47991277180373,1,1,0,0,0.907665627616333,0.415049761824074,0.125926862779388,0.386450515915031,0.386450515915031,1,0.265936769187657
near_threshold_noise,531,13112.2842779974,13160.7932461055,5.49001599642078,1,1,0,0,1.00707832619031,0.000299903864604785,0.139719088540684,0.000279238813900479,0.139719088540684,1,0.177701748817976
near_threshold_noise,532,13137.1202771137,13184.8373434586,5.50041527490154,1,1,0,0,4.8215694927144,0.0550706712976646,0.668930387377161,0.0512759945728877,0.668930387377161,1,0.348808972607563
near_threshold_noise,533,13161.5938434227,13209.7788547598,5.51066279626249,1,1,0,0,1.46074797426301,0.224965879044887,0.202659882795562,0.209464473941862,0.209464473941862,1,0.204320401076552
near_threshold_noise,534,13185.6682535475,13233.4851178776,5.52074318376675,1,1,0,0,0.42448484176273,0.149565444806399,0.0588917799619269,0.13925955060057,0.13925955060057,1,0.177521705896695
near_threshold_noise,535,13210.5554588557,13258.3220726345,5.53116390319891,1,1,0,0,2.34044997200218,0.0549420743856458,0.324707153712909,0.0511562587060935,0.324707153712909,1,0.245363709271277
near_threshold_noise,536,13234.2769563818,13282.3112520464,5.54109651986552,1,1,0,0,1.60531061192257,0.000631206899213246,0.222716078471264,0.000587713219682511,0.222716078471264,1,0.209222413416099
near_threshold_noise,537,13259.1435672825,13306.4127017892,5.55150861604968,1,1,0,0,1.0800042233995,0.138367613516642,0.149836613289354,0.128833312406773,0.149836613289354,1,0.181650023945526
near_threshold_noise,538,13283.0954491422,13331.324203031,5.56153769877076,1,1,0,0,1.63726469207088,0.730325443344078,0.227149293681412,0.68000194272084,0.68000194272084,1,0.351713071757461
near_threshold_noise,539,13307.2396171432,13355.0067504839,5.5716472951495,1,1,0,0,3.17617725244284,0.0402594471275785,0.440653501534209,0.0374853464426303,0.440653501534209,1,0.283228555260753
near_threshold_noise,540,13332.1279487778,13379.6540374682,5.58206848619473,1,1,0,0,2.28571638272729,0.000436848111382035,0.317113576324567,0.000406746837483192,0.317113576324567,1,0.242767085272376
near_threshold_noise,541,13355.8132633659,13403.2011504796,5.59198595241594,1,1,0,0,0.950586097039977,0.0340057592897085,0.131881522622277,0.0316625726125834,0.131881522622277,1,0.174622547413232
near_threshold_noise,542,13380.4658138951,13427.6591339599,5.60230841768154,1,1,0,0,2.20410636786489,0.10873454997987,0.305791242603513,0.101242132395972,0.305791242603513,1,0.238867845280709
near_threshold_noise,543,13403.9855245358,13451.8530709787,5.61215654255842,1,1,0,0,0.726355362238397,0.121170832598978,0.10077240918539,0.112821485707965,0.112821485707965,1,0.167058325613599
near_threshold_noise,544,13428.489351159,13475.4785114596,5.62241673445589,1,1,0,0,3.01618524088441,0.00183135940452002,0.418456679849744,0.00170516851664304,0.418456679849744,1,0.276232229688741
near_threshold_noise,545,13452.6343209495,13500.1625500522,5.63252666655829,1,1,0,0,5.44171768388625,0.100227816329694,0.754967925647358,0.0933215601893658,0.754967925647358,1,0.370754998411156
near_threshold_noise,546,13476.3151751756,13523.6899795469,5.64244226514591,1,1,0,0,2.6211123026463,0.0659094105931381,0.363645420981198,0.0613678842157004,0.363645420981198,1,0.25844877518728
near_threshold_noise,547,13500.9782350557,13548.1412775082,5.65276913086529,1,1,0,0,3.8024918150853,0.14402500338371,0.527546544067649,0.134100876525477,0.527546544067649,1,0.309523340967404
near_threshold_noise,548,13524.4910386078,13571.9900111835,5.66261436362025,1,1,0,0,2.33004738811913,0.0317355032732233,0.323263929784034,0.0295487499110015,0.323263929784034,1,0.244871336362428
near_threshold_noise,549,13548.9842294083,13595.7882777436,5.67287010210793,1,1,0,0,1.33599010373381,0.124067648965305,0.185351342332224,0.115518695253052,0.185351342332224,1,0.19527456074016
near_threshold_noise,550,13572.7763978607,13620.3131909837,5.68283230995949,1,1,0,0,0.945212810600026,0.0112856819959314,0.131136048646387,0.010508035495824,0.131136048646387,1,0.174328723867891
near_threshold_noise,551,13596.6331697278,13643.5581757236,5.69282156841999,1,1,0,0,4.92844598667858,0.0714738337919889,0.68375811818494,0.0665488875886813,0.68375811818494,1,0.352692861122433
near_threshold_noise,552,13621.0772136543,13668.0957179251,5.70305672822964,1,1,0,0,3.69212974091909,0.0961988900120049,0.512235234102025,0.089570249389398,0.512235234102025,1,0.305013464110708
near_threshold_noise,553,13644.3362662735,13691.4955126246,5.71279571091575,1,1,0,0,3.71176165197477,0.184031548501581,0.514958907770376,0.171350747318879,0.514958907770376,1,0.30581950138235
near_threshold_noise,554,13668.8834237113,13715.4779844656,5.72307404620283,1,1,0,0,1.73350474684556,0.698513765271084,0.240501356162085,0.650382266879074,0.650382266879074,1,0.34388938339775
near_threshold_noise,555,13692.2866188428,13739.3789602457,5.73287338394531,1,1,0,0,4.67517950889386,0.0934094573154549,0.648620671063173,0.0869730241796919,0.648620671063173,1,0.343418580225244
near_threshold_noise,556,13716.2779616357,13762.7483402993,5.74291898966714,1,1,0,0,6.99475922370129,0.462335657367197,0.970432346602212,0.430478149247079,0.970432346602212,1,0.419883988655889
near_threshold_noise,557,13740.147947558,13787.1405441326,5.75291378108972,1,1,0,0,3.35931544470913,1.43792600480622,0.466061556334902,1.33884487479971,1.33884487479971,1,0.487510102206169
near_threshold_noise,558,13763.5596024953,13810.0668300262,5.76271666110463,1,1,0,0,8.79128788065883,0.924667560869021,1.21967745491159,0.860952803291067,1.21967745491159,1,0.467644154738004
near_threshold_noise,559,13787.9668488874,13834.2637168294,5.77293641312638,1,1,0,0,9.86202097836533,0.0343524020539846,1.36822781945754,0.0319853297550137,1.36822781945754,1,0.492141566679182
near_threshold_noise,560,13810.8551491655,13857.8344725001,5.78252015515459,1,1,0,0,1.15446481714164,0.0661326826874856,0.160167057326618,0.0615757716161673,0.160167057326618,1,0.185650595118827
near_threshold_noise,561,13835.0756598854,13881.3741306445,5.79266171759959,1,1,0,0,3.07442509906057,1.09448039130471,0.426536706685287,1.01906458160521,1.01906458160521,1,0.429916905964982
near_threshold_noise,562,13858.5791025281,13905.4161366876,5.80250303077382,1,1,0,0,1.87949383906116,0.148783020210214,0.260755453952479,0.13853103942752,0.260755453952479,1,0.223026223695569
near_threshold_noise,563,13882.1740864967,13928.6156962156,5.81238267394377,1,1,0,0,2.68569907816066,0.29147436923989,0.372606000483277,0.271390157830058,0.372606000483277,1,0.261406242464191
near_threshold_noise,564,13906.1935384969,13952.8108571267,5.82244004949512,1,1,0,0,1.96547198226766,0.0122158244429686,0.272683808967999,0.0113740859350587,0.272683808967999,1,0.22727432743136
near_threshold_noise,565,13929.4138356246,13975.8998702768,5.83216280456151,1,1,0,0,3.64560611283977,0.554772436545582,0.505780682612035,0.516545518244033,0.516545518244033,1,0.306288280593995
near_threshold_noise,566,13953.6001875907,13999.7347432638,5.84229006412338,1,1,0,0,3.04352955384694,0.373146265963586,0.422250349502381,0.347434404876295,0.422250349502381,1,0.277436242214317
near_threshold_noise,567,13976.6629808795,14023.4595689572,5.85194686950623,1,1,0,0,1.59309089625541,0.777545744373328,0.221020751016745,0.72396850136725,0.72396850136725,1,0.363010515192129
near_threshold_noise,568,14000.5603931548,14046.7689012912,5.86195314483491,1,1,0,0,3.12497231729035,0.108107483883231,0.433549479252888,0.100658274654447,0.433549479252888,1,0.281002063914058
near_threshold_noise,569,14024.2246503791,14070.8842133516,5.87186179396004,1,1,0,0,1.86270192363962,0.00242856605299541,0.25842579293552,0.00226122429269484,0.25842579293552,1,0.222192104792838
near_threshold_noise,570,14047.5853989057,14093.8330184724,5.8816433585474,1,1,0,0,2.60570768867242,0.0034441348296706,0.361508230091693,0.0032068147105004,0.361508230091693,1,0.257740448211512
near_threshold_noise,571,14071.6791983517,14117.8224334636,5.89173186470834,1,1,0,0,3.86579946976546,0.353917106221777,0.536329662102789,0.329530241601568,0.536329662102789,1,0.312087089496635
near_threshold_noise,572,14094.6027137741,14141.3494875634,5.90133035194938,1,1,0,0,4.48026887140686,0.344918593344463,0.621579341795779,0.321151776502292,0.621579341795779,1,0.336112920922374
near_threshold_noise,573,14118.6247710806,14164.7212354588,5.91138881838919,1,1,0,0,7.85568035776138,0.12921697457638,1.08987401566417,0.120313203579641,1.08987401566417,1,0.44388601692018
near_threshold_noise,574,14142.0917095397,14188.6518835003,5.92121484660671,1,1,0,0,4.86936419024306,0.27652839487518,0.675561283308606,0.257474044545928,0.675561283308606,1,0.35055117025861
near_threshold_noise,575,14165.5209885624,14211.5185289776,5.93102510614249,1,1,0,0,4.87710496140912,0.20920449966794,0.676635215160576,0.194789141603434,0.676635215160576,1,0.350832520108607
near_threshold_noise,576,14189.4219713478,14235.6494173294,5.94103287650781,1,1,0,0,3.51021340349859,0.0670222950796997,0.486996695853264,0.0624040847476449,0.486996695853264,1,0.297465590900554
near_threshold_noise,577,14212.3106858087,14258.7766738116,5.95061679196176,1,1,0,0,2.34760580528497,0.00593387185285051,0.325699933001291,0.00552499495200229,0.325699933001291,1,0.245702098395887
near_threshold_noise,578,14236.4531228254,14282.5561210688,5.96072566354635,1,1,0,0,2.5805986002068,0.0132657994975302,0.358024668919471,0.012351711846106,0.358024668919471,1,0.25658345880139
near_threshold_noise,579,14259.51156839,14306.4111329506,5.97038064845904,1,1,0,0,1.45876704884768,0.0355460110827357,0.202385055022688,0.033096692457487,0.202385055022688,1,0.201681559077612
near_threshold_noise,580,14283.3714504194,14329.4302924446,5.9803712092003,1,1,0,0,2.69221291616249,0.224264174324214,0.373509711232331,0.208811120594225,0.373509711232331,1,0.261703413164046
near_threshold_noise,581,14307.1960136198,14353.6710787135,5.99034698131413,1,1,0,0,6.10329380011483,0.0395875510066517,0.84675305253954,0.0368597477157877,0.84675305253954,1,0.392657329969502
near_threshold_noise,582,14330.2497633578,14376.5700778823,6,1,1,0,0,5.03976638386032,0.23658382006058,0.699202383070531,0.220281873955907,0.699202383070531,1,0.35669257922461
